#FORMAT=WebAnno TSV 3.3
#T_SP=webanno.custom.Negation|
#T_SP=webanno.custom.NegationEvent|
#T_SP=webanno.custom.NegationFocus|
#T_SP=webanno.custom.NegationMarker|ROLE_webanno.custom.NegationMarker:coordinationparticle_webanno.custom.NegationMarkerCoordinationparticleLink|webanno.custom.CoordinationParticle|ROLE_webanno.custom.NegationMarker:event_webanno.custom.NegationMarkerEventLink|webanno.custom.NegationEvent|ROLE_webanno.custom.NegationMarker:focus_webanno.custom.NegationMarkerFocusLink|webanno.custom.NegationFocus|markerType|ROLE_webanno.custom.NegationMarker:scope_webanno.custom.NegationMarkerScopeLink|webanno.custom.Negation|value


#Text=ÖZET
1-1	0-4	ÖZET	_	_	_	_	_	_	_	_	_	_	_	_	_	

#Text=Boyunda yabancı cisim olguları iyatrojenik veya travmatik olabilirler.
2-1	6-13	Boyunda	_	_	_	_	_	_	_	_	_	_	_	_	_	
2-2	14-21	yabancı	_	_	_	_	_	_	_	_	_	_	_	_	_	
2-3	22-27	cisim	_	_	_	_	_	_	_	_	_	_	_	_	_	
2-4	28-36	olguları	_	_	_	_	_	_	_	_	_	_	_	_	_	
2-5	37-48	iyatrojenik	_	_	_	_	_	_	_	_	_	_	_	_	_	
2-6	49-53	veya	_	_	_	_	_	_	_	_	_	_	_	_	_	
2-7	54-63	travmatik	_	_	_	_	_	_	_	_	_	_	_	_	_	
2-8	64-75	olabilirler	_	_	_	_	_	_	_	_	_	_	_	_	_	
2-9	75-76	.	_	_	_	_	_	_	_	_	_	_	_	_	_	

#Text=Ateşli silah yaralanmaları, kesici-delici alet yaralanmaları ile oluşan olgular bunlara örnek gösterilebilir.
3-1	78-84	Ateşli	_	_	_	_	_	_	_	_	_	_	_	_	_	
3-2	85-90	silah	_	_	_	_	_	_	_	_	_	_	_	_	_	
3-3	91-104	yaralanmaları	_	_	_	_	_	_	_	_	_	_	_	_	_	
3-4	104-105	,	_	_	_	_	_	_	_	_	_	_	_	_	_	
3-5	106-119	kesici-delici	_	_	_	_	_	_	_	_	_	_	_	_	_	
3-6	120-124	alet	_	_	_	_	_	_	_	_	_	_	_	_	_	
3-7	125-138	yaralanmaları	_	_	_	_	_	_	_	_	_	_	_	_	_	
3-8	139-142	ile	_	_	_	_	_	_	_	_	_	_	_	_	_	
3-9	143-149	oluşan	_	_	_	_	_	_	_	_	_	_	_	_	_	
3-10	150-157	olgular	_	_	_	_	_	_	_	_	_	_	_	_	_	
3-11	158-165	bunlara	_	_	_	_	_	_	_	_	_	_	_	_	_	
3-12	166-171	örnek	_	_	_	_	_	_	_	_	_	_	_	_	_	
3-13	172-186	gösterilebilir	_	_	_	_	_	_	_	_	_	_	_	_	_	
3-14	186-187	.	_	_	_	_	_	_	_	_	_	_	_	_	_	

#Text=Büyük arter ve venler, trakea ve nöral yapılar hasara uğrayabilir.
4-1	189-194	Büyük	_	_	_	_	_	_	_	_	_	_	_	_	_	
4-2	195-200	arter	_	_	_	_	_	_	_	_	_	_	_	_	_	
4-3	201-203	ve	_	_	_	_	_	_	_	_	_	_	_	_	_	
4-4	204-210	venler	_	_	_	_	_	_	_	_	_	_	_	_	_	
4-5	210-211	,	_	_	_	_	_	_	_	_	_	_	_	_	_	
4-6	212-218	trakea	_	_	_	_	_	_	_	_	_	_	_	_	_	
4-7	219-221	ve	_	_	_	_	_	_	_	_	_	_	_	_	_	
4-8	222-227	nöral	_	_	_	_	_	_	_	_	_	_	_	_	_	
4-9	228-235	yapılar	_	_	_	_	_	_	_	_	_	_	_	_	_	
4-10	236-242	hasara	_	_	_	_	_	_	_	_	_	_	_	_	_	
4-11	243-254	uğrayabilir	_	_	_	_	_	_	_	_	_	_	_	_	_	
4-12	254-255	.	_	_	_	_	_	_	_	_	_	_	_	_	_	

#Text=Yabancı cismin boyun yapıları ve fasiyaları içerisinde migrate olması nadir ancak beklenen bir durumdur.
5-1	257-264	Yabancı	_	_	_	_	_	_	_	_	_	_	_	_	_	
5-2	265-271	cismin	_	_	_	_	_	_	_	_	_	_	_	_	_	
5-3	272-277	boyun	_	_	_	_	_	_	_	_	_	_	_	_	_	
5-4	278-286	yapıları	_	_	_	_	_	_	_	_	_	_	_	_	_	
5-5	287-289	ve	_	_	_	_	_	_	_	_	_	_	_	_	_	
5-6	290-300	fasiyaları	_	_	_	_	_	_	_	_	_	_	_	_	_	
5-7	301-311	içerisinde	_	_	_	_	_	_	_	_	_	_	_	_	_	
5-8	312-319	migrate	_	_	_	_	_	_	_	_	_	_	_	_	_	
5-9	320-326	olması	_	_	_	_	_	_	_	_	_	_	_	_	_	
5-10	327-332	nadir	_	_	_	_	_	_	_	_	_	_	_	_	_	
5-11	333-338	ancak	_	_	_	_	_	_	_	_	_	_	_	_	_	
5-12	339-347	beklenen	_	_	_	_	_	_	_	_	_	_	_	_	_	
5-13	348-351	bir	_	_	_	_	_	_	_	_	_	_	_	_	_	
5-14	352-360	durumdur	_	_	_	_	_	_	_	_	_	_	_	_	_	
5-15	360-361	.	_	_	_	_	_	_	_	_	_	_	_	_	_	

#Text=Bu yüzden yabancı cisimler beklenmedik yerlerde bulunabilir.
6-1	363-365	Bu	_	_	_	_	_	_	_	_	_	_	_	_	_	
6-2	366-372	yüzden	_	_	_	_	_	_	_	_	_	_	_	_	_	
6-3	373-380	yabancı	_	_	_	_	_	_	_	_	_	_	_	_	_	
6-4	381-389	cisimler	_	_	_	_	_	_	_	_	_	_	_	_	_	
6-5	390-401	beklenmedik	_	_	_	_	_	_	_	_	_	_	_	_	_	
6-6	402-410	yerlerde	_	_	_	_	_	_	_	_	_	_	_	_	_	
6-7	411-422	bulunabilir	_	_	_	_	_	_	_	_	_	_	_	_	_	
6-8	422-423	.	_	_	_	_	_	_	_	_	_	_	_	_	_	

#Text=Bizim olgumuzda 37 yaşında erkek hasta boyunda birçok kesi ve yabancı cisim nedeniyle tarafımıza danışıldı.
7-1	425-430	Bizim	_	_	_	_	_	_	_	_	_	_	_	_	_	
7-2	431-440	olgumuzda	_	_	_	_	_	_	_	_	_	_	_	_	_	
7-3	441-443	37	_	_	_	_	_	_	_	_	_	_	_	_	_	
7-4	444-451	yaşında	_	_	_	_	_	_	_	_	_	_	_	_	_	
7-5	452-457	erkek	_	_	_	_	_	_	_	_	_	_	_	_	_	
7-6	458-463	hasta	_	_	_	_	_	_	_	_	_	_	_	_	_	
7-7	464-471	boyunda	_	_	_	_	_	_	_	_	_	_	_	_	_	
7-8	472-478	birçok	_	_	_	_	_	_	_	_	_	_	_	_	_	
7-9	479-483	kesi	_	_	_	_	_	_	_	_	_	_	_	_	_	
7-10	484-486	ve	_	_	_	_	_	_	_	_	_	_	_	_	_	
7-11	487-494	yabancı	_	_	_	_	_	_	_	_	_	_	_	_	_	
7-12	495-500	cisim	_	_	_	_	_	_	_	_	_	_	_	_	_	
7-13	501-510	nedeniyle	_	_	_	_	_	_	_	_	_	_	_	_	_	
7-14	511-521	tarafımıza	_	_	_	_	_	_	_	_	_	_	_	_	_	
7-15	522-531	danışıldı	_	_	_	_	_	_	_	_	_	_	_	_	_	
7-16	531-532	.	_	_	_	_	_	_	_	_	_	_	_	_	_	

#Text=Hastanın radyolojik görüntülemesinde servikal vertebra anteriorunda yabancı cisim izlendi ve acil ameliyata alındı.
8-1	534-542	Hastanın	_	_	_	_	_	_	_	_	_	_	_	_	_	
8-2	543-553	radyolojik	_	_	_	_	_	_	_	_	_	_	_	_	_	
8-3	554-570	görüntülemesinde	_	_	_	_	_	_	_	_	_	_	_	_	_	
8-4	571-579	servikal	_	_	_	_	_	_	_	_	_	_	_	_	_	
8-5	580-588	vertebra	_	_	_	_	_	_	_	_	_	_	_	_	_	
8-6	589-601	anteriorunda	_	_	_	_	_	_	_	_	_	_	_	_	_	
8-7	602-609	yabancı	_	_	_	_	_	_	_	_	_	_	_	_	_	
8-8	610-615	cisim	_	_	_	_	_	_	_	_	_	_	_	_	_	
8-9	616-623	izlendi	_	_	_	_	_	_	_	_	_	_	_	_	_	
8-10	624-626	ve	_	_	_	_	_	_	_	_	_	_	_	_	_	
8-11	627-631	acil	_	_	_	_	_	_	_	_	_	_	_	_	_	
8-12	632-641	ameliyata	_	_	_	_	_	_	_	_	_	_	_	_	_	
8-13	642-648	alındı	_	_	_	_	_	_	_	_	_	_	_	_	_	
8-14	648-649	.	_	_	_	_	_	_	_	_	_	_	_	_	_	

#Text=Migrate olan yabancı cisim operasyon sonrasında hastanın nazofarenksinde bulundu ve çıkarıldı.
9-1	651-658	Migrate	_	_	_	_	_	_	_	_	_	_	_	_	_	
9-2	659-663	olan	_	_	_	_	_	_	_	_	_	_	_	_	_	
9-3	664-671	yabancı	_	_	_	_	_	_	_	_	_	_	_	_	_	
9-4	672-677	cisim	_	_	_	_	_	_	_	_	_	_	_	_	_	
9-5	678-687	operasyon	_	_	_	_	_	_	_	_	_	_	_	_	_	
9-6	688-698	sonrasında	_	_	_	_	_	_	_	_	_	_	_	_	_	
9-7	699-707	hastanın	_	_	_	_	_	_	_	_	_	_	_	_	_	
9-8	708-723	nazofarenksinde	_	_	_	_	_	_	_	_	_	_	_	_	_	
9-9	724-731	bulundu	_	_	_	_	_	_	_	_	_	_	_	_	_	
9-10	732-734	ve	_	_	_	_	_	_	_	_	_	_	_	_	_	
9-11	735-744	çıkarıldı	_	_	_	_	_	_	_	_	_	_	_	_	_	
9-12	744-745	.	_	_	_	_	_	_	_	_	_	_	_	_	_	

#Text=Kulak-Burun-Boğaz hekimliği pratiğinde karşımıza çıkabilecek olan boyunda yabancı cisimlere vital yapılara yakınlığı nedeniyle dikkat edilmelidir.
10-1	747-764	Kulak-Burun-Boğaz	_	_	_	_	_	_	_	_	_	_	_	_	_	
10-2	765-774	hekimliği	_	_	_	_	_	_	_	_	_	_	_	_	_	
10-3	775-785	pratiğinde	_	_	_	_	_	_	_	_	_	_	_	_	_	
10-4	786-795	karşımıza	_	_	_	_	_	_	_	_	_	_	_	_	_	
10-5	796-807	çıkabilecek	_	_	_	_	_	_	_	_	_	_	_	_	_	
10-6	808-812	olan	_	_	_	_	_	_	_	_	_	_	_	_	_	
10-7	813-820	boyunda	_	_	_	_	_	_	_	_	_	_	_	_	_	
10-8	821-828	yabancı	_	_	_	_	_	_	_	_	_	_	_	_	_	
10-9	829-838	cisimlere	_	_	_	_	_	_	_	_	_	_	_	_	_	
10-10	839-844	vital	_	_	_	_	_	_	_	_	_	_	_	_	_	
10-11	845-853	yapılara	_	_	_	_	_	_	_	_	_	_	_	_	_	
10-12	854-863	yakınlığı	_	_	_	_	_	_	_	_	_	_	_	_	_	
10-13	864-873	nedeniyle	_	_	_	_	_	_	_	_	_	_	_	_	_	
10-14	874-880	dikkat	_	_	_	_	_	_	_	_	_	_	_	_	_	
10-15	881-892	edilmelidir	_	_	_	_	_	_	_	_	_	_	_	_	_	
10-16	892-893	.	_	_	_	_	_	_	_	_	_	_	_	_	_	

#Text=GİRİŞ
11-1	895-900	GİRİŞ	_	_	_	_	_	_	_	_	_	_	_	_	_	

#Text=Boyunda yabancı cisimler travmaya bağlı veya iatrojenik olarak ortaya çıkabilmektedir.
12-1	902-909	Boyunda	_	_	_	_	_	_	_	_	_	_	_	_	_	
12-2	910-917	yabancı	_	_	_	_	_	_	_	_	_	_	_	_	_	
12-3	918-926	cisimler	_	_	_	_	_	_	_	_	_	_	_	_	_	
12-4	927-935	travmaya	_	_	_	_	_	_	_	_	_	_	_	_	_	
12-5	936-941	bağlı	_	_	_	_	_	_	_	_	_	_	_	_	_	
12-6	942-946	veya	_	_	_	_	_	_	_	_	_	_	_	_	_	
12-7	947-957	iatrojenik	_	_	_	_	_	_	_	_	_	_	_	_	_	
12-8	958-964	olarak	_	_	_	_	_	_	_	_	_	_	_	_	_	
12-9	965-971	ortaya	_	_	_	_	_	_	_	_	_	_	_	_	_	
12-10	972-987	çıkabilmektedir	_	_	_	_	_	_	_	_	_	_	_	_	_	
12-11	987-988	.	_	_	_	_	_	_	_	_	_	_	_	_	_	

#Text=Yabancı cisimler, boyundaki önemli vital yapılara yakın olmaları sebebiyle önem arz etmektedirler.
13-1	990-997	Yabancı	_	_	_	_	_	_	_	_	_	_	_	_	_	
13-2	998-1006	cisimler	_	_	_	_	_	_	_	_	_	_	_	_	_	
13-3	1006-1007	,	_	_	_	_	_	_	_	_	_	_	_	_	_	
13-4	1008-1017	boyundaki	_	_	_	_	_	_	_	_	_	_	_	_	_	
13-5	1018-1024	önemli	_	_	_	_	_	_	_	_	_	_	_	_	_	
13-6	1025-1030	vital	_	_	_	_	_	_	_	_	_	_	_	_	_	
13-7	1031-1039	yapılara	_	_	_	_	_	_	_	_	_	_	_	_	_	
13-8	1040-1045	yakın	_	_	_	_	_	_	_	_	_	_	_	_	_	
13-9	1046-1054	olmaları	_	_	_	_	_	_	_	_	_	_	_	_	_	
13-10	1055-1064	sebebiyle	_	_	_	_	_	_	_	_	_	_	_	_	_	
13-11	1065-1069	önem	_	_	_	_	_	_	_	_	_	_	_	_	_	
13-12	1070-1073	arz	_	_	_	_	_	_	_	_	_	_	_	_	_	
13-13	1074-1087	etmektedirler	_	_	_	_	_	_	_	_	_	_	_	_	_	
13-14	1087-1088	.	_	_	_	_	_	_	_	_	_	_	_	_	_	

#Text=Boyundaki yabancı cisimlerin fasiyalar arasında migrate olabilmeleri lokalizasyonlarını güçleştirmektedir.
14-1	1090-1099	Boyundaki	_	_	_	_	_	_	_	_	_	_	_	_	_	
14-2	1100-1107	yabancı	_	_	_	_	_	_	_	_	_	_	_	_	_	
14-3	1108-1118	cisimlerin	_	_	_	_	_	_	_	_	_	_	_	_	_	
14-4	1119-1128	fasiyalar	_	_	_	_	_	_	_	_	_	_	_	_	_	
14-5	1129-1137	arasında	_	_	_	_	_	_	_	_	_	_	_	_	_	
14-6	1138-1145	migrate	_	_	_	_	_	_	_	_	_	_	_	_	_	
14-7	1146-1158	olabilmeleri	_	_	_	_	_	_	_	_	_	_	_	_	_	
14-8	1159-1177	lokalizasyonlarını	_	_	_	_	_	_	_	_	_	_	_	_	_	
14-9	1178-1195	güçleştirmektedir	_	_	_	_	_	_	_	_	_	_	_	_	_	
14-10	1195-1196	.	_	_	_	_	_	_	_	_	_	_	_	_	_	

#Text=Hem yabancı cismin neden olduğu vital yapı yaralanmaları tamir edilmeli, hem de migrate yabancı cisim en kısa sürede çıkarılmalıdır.
15-1	1198-1201	Hem	_	_	_	_	_	_	_	_	_	_	_	_	_	
15-2	1202-1209	yabancı	_	_	_	_	_	_	_	_	_	_	_	_	_	
15-3	1210-1216	cismin	_	_	_	_	_	_	_	_	_	_	_	_	_	
15-4	1217-1222	neden	_	_	_	_	_	_	_	_	_	_	_	_	_	
15-5	1223-1229	olduğu	_	_	_	_	_	_	_	_	_	_	_	_	_	
15-6	1230-1235	vital	_	_	_	_	_	_	_	_	_	_	_	_	_	
15-7	1236-1240	yapı	_	_	_	_	_	_	_	_	_	_	_	_	_	
15-8	1241-1254	yaralanmaları	_	_	_	_	_	_	_	_	_	_	_	_	_	
15-9	1255-1260	tamir	_	_	_	_	_	_	_	_	_	_	_	_	_	
15-10	1261-1269	edilmeli	_	_	_	_	_	_	_	_	_	_	_	_	_	
15-11	1269-1270	,	_	_	_	_	_	_	_	_	_	_	_	_	_	
15-12	1271-1274	hem	_	_	_	_	_	_	_	_	_	_	_	_	_	
15-13	1275-1277	de	_	_	_	_	_	_	_	_	_	_	_	_	_	
15-14	1278-1285	migrate	_	_	_	_	_	_	_	_	_	_	_	_	_	
15-15	1286-1293	yabancı	_	_	_	_	_	_	_	_	_	_	_	_	_	
15-16	1294-1299	cisim	_	_	_	_	_	_	_	_	_	_	_	_	_	
15-17	1300-1302	en	_	_	_	_	_	_	_	_	_	_	_	_	_	
15-18	1303-1307	kısa	_	_	_	_	_	_	_	_	_	_	_	_	_	
15-19	1308-1314	sürede	_	_	_	_	_	_	_	_	_	_	_	_	_	
15-20	1315-1329	çıkarılmalıdır	_	_	_	_	_	_	_	_	_	_	_	_	_	
15-21	1329-1330	.	_	_	_	_	_	_	_	_	_	_	_	_	_	

#Text=Bu yazıda boyunda migrasyona uğrayan yabancı cisim olgusu sunulmuştur.
16-1	1332-1334	Bu	_	_	_	_	_	_	_	_	_	_	_	_	_	
16-2	1335-1341	yazıda	_	_	_	_	_	_	_	_	_	_	_	_	_	
16-3	1342-1349	boyunda	_	_	_	_	_	_	_	_	_	_	_	_	_	
16-4	1350-1360	migrasyona	_	_	_	_	_	_	_	_	_	_	_	_	_	
16-5	1361-1368	uğrayan	_	_	_	_	_	_	_	_	_	_	_	_	_	
16-6	1369-1376	yabancı	_	_	_	_	_	_	_	_	_	_	_	_	_	
16-7	1377-1382	cisim	_	_	_	_	_	_	_	_	_	_	_	_	_	
16-8	1383-1389	olgusu	_	_	_	_	_	_	_	_	_	_	_	_	_	
16-9	1390-1401	sunulmuştur	_	_	_	_	_	_	_	_	_	_	_	_	_	
16-10	1401-1402	.	_	_	_	_	_	_	_	_	_	_	_	_	_	

#Text=Otuz yedi yaşında erkek hasta Acil servisten tarafımıza boyunda birçok kesi ve yabancı cisim nedeniyle danışıldı.
17-1	1404-1408	Otuz	_	_	_	_	_	_	_	_	_	_	_	_	_	
17-2	1409-1413	yedi	_	_	_	_	_	_	_	_	_	_	_	_	_	
17-3	1414-1421	yaşında	_	_	_	_	_	_	_	_	_	_	_	_	_	
17-4	1422-1427	erkek	_	_	_	_	_	_	_	_	_	_	_	_	_	
17-5	1428-1433	hasta	_	_	_	_	_	_	_	_	_	_	_	_	_	
17-6	1434-1438	Acil	_	_	_	_	_	_	_	_	_	_	_	_	_	
17-7	1439-1448	servisten	_	_	_	_	_	_	_	_	_	_	_	_	_	
17-8	1449-1459	tarafımıza	_	_	_	_	_	_	_	_	_	_	_	_	_	
17-9	1460-1467	boyunda	_	_	_	_	_	_	_	_	_	_	_	_	_	
17-10	1468-1474	birçok	_	_	_	_	_	_	_	_	_	_	_	_	_	
17-11	1475-1479	kesi	_	_	_	_	_	_	_	_	_	_	_	_	_	
17-12	1480-1482	ve	_	_	_	_	_	_	_	_	_	_	_	_	_	
17-13	1483-1490	yabancı	_	_	_	_	_	_	_	_	_	_	_	_	_	
17-14	1491-1496	cisim	_	_	_	_	_	_	_	_	_	_	_	_	_	
17-15	1497-1506	nedeniyle	_	_	_	_	_	_	_	_	_	_	_	_	_	
17-16	1507-1516	danışıldı	_	_	_	_	_	_	_	_	_	_	_	_	_	
17-17	1516-1517	.	_	_	_	_	_	_	_	_	_	_	_	_	_	

#Text=Hastanın yapılan muayenesinde sol submandibuler alanda iki adet derin kesi ve deplase nazal fraktür izlendi.
18-1	1519-1527	Hastanın	_	_	_	_	_	_	_	_	_	_	_	_	_	
18-2	1528-1535	yapılan	_	_	_	_	_	_	_	_	_	_	_	_	_	
18-3	1536-1548	muayenesinde	_	_	_	_	_	_	_	_	_	_	_	_	_	
18-4	1549-1552	sol	_	_	_	_	_	_	_	_	_	_	_	_	_	
18-5	1553-1566	submandibuler	_	_	_	_	_	_	_	_	_	_	_	_	_	
18-6	1567-1573	alanda	_	_	_	_	_	_	_	_	_	_	_	_	_	
18-7	1574-1577	iki	_	_	_	_	_	_	_	_	_	_	_	_	_	
18-8	1578-1582	adet	_	_	_	_	_	_	_	_	_	_	_	_	_	
18-9	1583-1588	derin	_	_	_	_	_	_	_	_	_	_	_	_	_	
18-10	1589-1593	kesi	_	_	_	_	_	_	_	_	_	_	_	_	_	
18-11	1594-1596	ve	_	_	_	_	_	_	_	_	_	_	_	_	_	
18-12	1597-1604	deplase	_	_	_	_	_	_	_	_	_	_	_	_	_	
18-13	1605-1610	nazal	_	_	_	_	_	_	_	_	_	_	_	_	_	
18-14	1611-1618	fraktür	_	_	_	_	_	_	_	_	_	_	_	_	_	
18-15	1619-1626	izlendi	_	_	_	_	_	_	_	_	_	_	_	_	_	
18-16	1626-1627	.	_	_	_	_	_	_	_	_	_	_	_	_	_	

#Text=Hastanın çekilen boyun bilgisayarlı tomografi (BT) tetkikinde, C4 vertebra korpus anterior komşuluğunda, posterior farengeal duvarda yabancı cisim izlendi (Resim 1).
19-1	1629-1637	Hastanın	_	_	_	_	_	_	_	_	_	_	_	_	_	
19-2	1638-1645	çekilen	_	_	_	_	_	_	_	_	_	_	_	_	_	
19-3	1646-1651	boyun	_	_	_	_	_	_	_	_	_	_	_	_	_	
19-4	1652-1664	bilgisayarlı	_	_	_	_	_	_	_	_	_	_	_	_	_	
19-5	1665-1674	tomografi	_	_	_	_	_	_	_	_	_	_	_	_	_	
19-6	1675-1676	(	_	_	_	_	_	_	_	_	_	_	_	_	_	
19-7	1676-1678	BT	_	_	_	_	_	_	_	_	_	_	_	_	_	
19-8	1678-1679	)	_	_	_	_	_	_	_	_	_	_	_	_	_	
19-9	1680-1690	tetkikinde	_	_	_	_	_	_	_	_	_	_	_	_	_	
19-10	1690-1691	,	_	_	_	_	_	_	_	_	_	_	_	_	_	
19-11	1692-1694	C4	_	_	_	_	_	_	_	_	_	_	_	_	_	
19-12	1695-1703	vertebra	_	_	_	_	_	_	_	_	_	_	_	_	_	
19-13	1704-1710	korpus	_	_	_	_	_	_	_	_	_	_	_	_	_	
19-14	1711-1719	anterior	_	_	_	_	_	_	_	_	_	_	_	_	_	
19-15	1720-1732	komşuluğunda	_	_	_	_	_	_	_	_	_	_	_	_	_	
19-16	1732-1733	,	_	_	_	_	_	_	_	_	_	_	_	_	_	
19-17	1734-1743	posterior	_	_	_	_	_	_	_	_	_	_	_	_	_	
19-18	1744-1753	farengeal	_	_	_	_	_	_	_	_	_	_	_	_	_	
19-19	1754-1761	duvarda	_	_	_	_	_	_	_	_	_	_	_	_	_	
19-20	1762-1769	yabancı	_	_	_	_	_	_	_	_	_	_	_	_	_	
19-21	1770-1775	cisim	_	_	_	_	_	_	_	_	_	_	_	_	_	
19-22	1776-1783	izlendi	_	_	_	_	_	_	_	_	_	_	_	_	_	
19-23	1784-1785	(	_	_	_	_	_	_	_	_	_	_	_	_	_	
19-24	1785-1790	Resim	_	_	_	_	_	_	_	_	_	_	_	_	_	
19-25	1791-1792	1	_	_	_	_	_	_	_	_	_	_	_	_	_	
19-26	1792-1793	)	_	_	_	_	_	_	_	_	_	_	_	_	_	
19-27	1793-1794	.	_	_	_	_	_	_	_	_	_	_	_	_	_	

#Text=Boyunda aktif kanama ve yabancı cisim nedeniyle acil ameliyata alınan hastaya boyun eksplorasyonu yapıldı.
20-1	1796-1803	Boyunda	_	_	_	_	_	_	_	_	_	_	_	_	_	
20-2	1804-1809	aktif	_	_	_	_	_	_	_	_	_	_	_	_	_	
20-3	1810-1816	kanama	_	_	_	_	_	_	_	_	_	_	_	_	_	
20-4	1817-1819	ve	_	_	_	_	_	_	_	_	_	_	_	_	_	
20-5	1820-1827	yabancı	_	_	_	_	_	_	_	_	_	_	_	_	_	
20-6	1828-1833	cisim	_	_	_	_	_	_	_	_	_	_	_	_	_	
20-7	1834-1843	nedeniyle	_	_	_	_	_	_	_	_	_	_	_	_	_	
20-8	1844-1848	acil	_	_	_	_	_	_	_	_	_	_	_	_	_	
20-9	1849-1858	ameliyata	_	_	_	_	_	_	_	_	_	_	_	_	_	
20-10	1859-1865	alınan	_	_	_	_	_	_	_	_	_	_	_	_	_	
20-11	1866-1873	hastaya	_	_	_	_	_	_	_	_	_	_	_	_	_	
20-12	1874-1879	boyun	_	_	_	_	_	_	_	_	_	_	_	_	_	
20-13	1880-1893	eksplorasyonu	_	_	_	_	_	_	_	_	_	_	_	_	_	
20-14	1894-1901	yapıldı	_	_	_	_	_	_	_	_	_	_	_	_	_	
20-15	1901-1902	.	_	_	_	_	_	_	_	_	_	_	_	_	_	

#Text=Sol fasiyal venin rüptüre olduğu izlendi.
21-1	1904-1907	Sol	_	_	_	_	_	_	_	_	_	_	_	_	_	
21-2	1908-1915	fasiyal	_	_	_	_	_	_	_	_	_	_	_	_	_	
21-3	1916-1921	venin	_	_	_	_	_	_	_	_	_	_	_	_	_	
21-4	1922-1929	rüptüre	_	_	_	_	_	_	_	_	_	_	_	_	_	
21-5	1930-1936	olduğu	_	_	_	_	_	_	_	_	_	_	_	_	_	
21-6	1937-1944	izlendi	_	_	_	_	_	_	_	_	_	_	_	_	_	
21-7	1944-1945	.	_	_	_	_	_	_	_	_	_	_	_	_	_	

#Text=İntraoperatif olarak, Nöroşirürji ekibinin yardımıyla boyun BT’de belirtilen lokalizasyonda yabancı cisim bulunamadı.
22-1	1947-1960	İntraoperatif	*[1]	_	*[9]	_	_	_	_	_	_	_	_	_	_	
22-2	1961-1967	olarak	*[1]	_	*[9]	_	_	_	_	_	_	_	_	_	_	
22-3	1967-1968	,	_	_	_	_	_	_	_	_	_	_	_	_	_	
22-4	1969-1980	Nöroşirürji	_	_	_	_	_	_	_	_	_	_	_	_	_	
22-5	1981-1989	ekibinin	_	_	_	_	_	_	_	_	_	_	_	_	_	
22-6	1990-2000	yardımıyla	_	_	_	_	_	_	_	_	_	_	_	_	_	
22-7	2001-2006	boyun	*[2]	_	_	_	_	_	_	_	_	_	_	_	_	
22-8	2007-2009	BT	*[2]	_	_	_	_	_	_	_	_	_	_	_	_	
22-9	2009-2010	’	*[2]	_	_	_	_	_	_	_	_	_	_	_	_	
22-10	2010-2012	de	*[2]	_	_	_	_	_	_	_	_	_	_	_	_	
22-11	2013-2023	belirtilen	*[2]	_	_	_	_	_	_	_	_	_	_	_	_	
22-12	2024-2038	lokalizasyonda	*[2]	_	_	_	_	_	_	_	_	_	_	_	_	
22-13	2039-2046	yabancı	*[2]	_	_	_	_	_	_	_	_	_	_	_	_	
22-14	2047-2052	cisim	*[2]	_	_	_	_	_	_	_	_	_	_	_	_	
22-15	2053-2063	bulunamadı	*[2]	*	_	_	*	partOfEvent	22-15	isAnotherFocus	22-1[9]	NegMorMarker	partOfScope;partOfScope	22-1[1];22-7[2]	*	
22-16	2063-2064	.	_	_	_	_	_	_	_	_	_	_	_	_	_	

#Text=İntraoperatif çekilen direkt grafilerde de yabancı cisim saptanmadı.
23-1	2066-2079	İntraoperatif	*[3]	_	*[10]	_	_	_	_	_	_	_	_	_	_	
23-2	2080-2087	çekilen	*[3]	_	*[10]	_	_	_	_	_	_	_	_	_	_	
23-3	2088-2094	direkt	*[3]	_	*[10]	_	_	_	_	_	_	_	_	_	_	
23-4	2095-2105	grafilerde	*[3]	_	*[10]	_	_	_	_	_	_	_	_	_	_	
23-5	2106-2108	de	*[3]	_	_	_	_	_	_	_	_	_	_	_	_	
23-6	2109-2116	yabancı	*[3]	_	_	_	_	_	_	_	_	_	_	_	_	
23-7	2117-2122	cisim	*[3]	_	_	_	_	_	_	_	_	_	_	_	_	
23-8	2123-2133	saptanmadı	*[3]	*	_	_	*	partOfEvent	23-8	isAnotherFocus	23-1[10]	NegMorMarker	partOfScope	23-1[3]	*	
23-9	2133-2134	.	_	_	_	_	_	_	_	_	_	_	_	_	_	

#Text=Yabancı cismin penetre etmesi sonucu oluşan özefagus perforasyonu Genel Cerrahi kliniği tarafından sütüre edildi.
24-1	2136-2143	Yabancı	_	_	_	_	_	_	_	_	_	_	_	_	_	
24-2	2144-2150	cismin	_	_	_	_	_	_	_	_	_	_	_	_	_	
24-3	2151-2158	penetre	_	_	_	_	_	_	_	_	_	_	_	_	_	
24-4	2159-2165	etmesi	_	_	_	_	_	_	_	_	_	_	_	_	_	
24-5	2166-2172	sonucu	_	_	_	_	_	_	_	_	_	_	_	_	_	
24-6	2173-2179	oluşan	_	_	_	_	_	_	_	_	_	_	_	_	_	
24-7	2180-2188	özefagus	_	_	_	_	_	_	_	_	_	_	_	_	_	
24-8	2189-2201	perforasyonu	_	_	_	_	_	_	_	_	_	_	_	_	_	
24-9	2202-2207	Genel	_	_	_	_	_	_	_	_	_	_	_	_	_	
24-10	2208-2215	Cerrahi	_	_	_	_	_	_	_	_	_	_	_	_	_	
24-11	2216-2223	kliniği	_	_	_	_	_	_	_	_	_	_	_	_	_	
24-12	2224-2234	tarafından	_	_	_	_	_	_	_	_	_	_	_	_	_	
24-13	2235-2241	sütüre	_	_	_	_	_	_	_	_	_	_	_	_	_	
24-14	2242-2248	edildi	_	_	_	_	_	_	_	_	_	_	_	_	_	
24-15	2248-2249	.	_	_	_	_	_	_	_	_	_	_	_	_	_	

#Text=Aynı seansta yapılan gastroözefagoskopi işleminde yabancı cisim mideye kadar arandı.
25-1	2251-2255	Aynı	_	_	_	_	_	_	_	_	_	_	_	_	_	
25-2	2256-2263	seansta	_	_	_	_	_	_	_	_	_	_	_	_	_	
25-3	2264-2271	yapılan	_	_	_	_	_	_	_	_	_	_	_	_	_	
25-4	2272-2290	gastroözefagoskopi	_	_	_	_	_	_	_	_	_	_	_	_	_	
25-5	2291-2300	işleminde	_	_	_	_	_	_	_	_	_	_	_	_	_	
25-6	2301-2308	yabancı	_	_	_	_	_	_	_	_	_	_	_	_	_	
25-7	2309-2314	cisim	_	_	_	_	_	_	_	_	_	_	_	_	_	
25-8	2315-2321	mideye	_	_	_	_	_	_	_	_	_	_	_	_	_	
25-9	2322-2327	kadar	_	_	_	_	_	_	_	_	_	_	_	_	_	
25-10	2328-2334	arandı	_	_	_	_	_	_	_	_	_	_	_	_	_	
25-11	2334-2335	.	_	_	_	_	_	_	_	_	_	_	_	_	_	

#Text=Hastanın postoperatif direkt grafilerinde yabancı cisme rastlanmadı ancak yenilenen BT tetkikinde yabancı cismin operasyon öncesi hastaya takılmış olan nazogastrik sondanın lateralinde sağ inferior nazal konka posteriorunda bulunduğu izlendi.
26-1	2337-2345	Hastanın	*[4]	_	*[11]	_	_	_	_	_	_	_	_	_	_	
26-2	2346-2358	postoperatif	*[4]	_	*[11]	_	_	_	_	_	_	_	_	_	_	
26-3	2359-2365	direkt	*[4]	_	*[11]	_	_	_	_	_	_	_	_	_	_	
26-4	2366-2378	grafilerinde	*[4]	_	*[11]	_	_	_	_	_	_	_	_	_	_	
26-5	2379-2386	yabancı	*[4]	_	_	_	_	_	_	_	_	_	_	_	_	
26-6	2387-2392	cisme	*[4]	_	_	_	_	_	_	_	_	_	_	_	_	
26-7	2393-2404	rastlanmadı	*[4]	*	_	_	*	partOfEvent	26-7	isAnotherFocus	26-1[11]	NegMorMarker	partOfScope	26-1[4]	*	
26-8	2405-2410	ancak	_	_	_	_	_	_	_	_	_	_	_	_	_	
26-9	2411-2420	yenilenen	_	_	_	_	_	_	_	_	_	_	_	_	_	
26-10	2421-2423	BT	_	_	_	_	_	_	_	_	_	_	_	_	_	
26-11	2424-2434	tetkikinde	_	_	_	_	_	_	_	_	_	_	_	_	_	
26-12	2435-2442	yabancı	_	_	_	_	_	_	_	_	_	_	_	_	_	
26-13	2443-2449	cismin	_	_	_	_	_	_	_	_	_	_	_	_	_	
26-14	2450-2459	operasyon	_	_	_	_	_	_	_	_	_	_	_	_	_	
26-15	2460-2466	öncesi	_	_	_	_	_	_	_	_	_	_	_	_	_	
26-16	2467-2474	hastaya	_	_	_	_	_	_	_	_	_	_	_	_	_	
26-17	2475-2483	takılmış	_	_	_	_	_	_	_	_	_	_	_	_	_	
26-18	2484-2488	olan	_	_	_	_	_	_	_	_	_	_	_	_	_	
26-19	2489-2500	nazogastrik	_	_	_	_	_	_	_	_	_	_	_	_	_	
26-20	2501-2509	sondanın	_	_	_	_	_	_	_	_	_	_	_	_	_	
26-21	2510-2521	lateralinde	_	_	_	_	_	_	_	_	_	_	_	_	_	
26-22	2522-2525	sağ	_	_	_	_	_	_	_	_	_	_	_	_	_	
26-23	2526-2534	inferior	_	_	_	_	_	_	_	_	_	_	_	_	_	
26-24	2535-2540	nazal	_	_	_	_	_	_	_	_	_	_	_	_	_	
26-25	2541-2546	konka	_	_	_	_	_	_	_	_	_	_	_	_	_	
26-26	2547-2560	posteriorunda	_	_	_	_	_	_	_	_	_	_	_	_	_	
26-27	2561-2570	bulunduğu	_	_	_	_	_	_	_	_	_	_	_	_	_	
26-28	2571-2578	izlendi	_	_	_	_	_	_	_	_	_	_	_	_	_	
26-29	2578-2579	.	_	_	_	_	_	_	_	_	_	_	_	_	_	

#Text=Yabancı cisim, nazal endoskopi ile çıkarıldı.
27-1	2581-2588	Yabancı	_	_	_	_	_	_	_	_	_	_	_	_	_	
27-2	2589-2594	cisim	_	_	_	_	_	_	_	_	_	_	_	_	_	
27-3	2594-2595	,	_	_	_	_	_	_	_	_	_	_	_	_	_	
27-4	2596-2601	nazal	*[5]	_	*[12]	_	_	_	_	_	_	_	_	_	_	
27-5	2602-2611	endoskopi	*[5]	_	*[12]	_	_	_	_	_	_	_	_	_	_	
27-6	2612-2615	ile	*[5]	_	_	_	_	_	_	_	_	_	_	_	_	
27-7	2616-2625	çıkarıldı	*[5]	*	_	_	*	partOfEvent	27-7	isAnotherFocus	27-4[12]	NegLexMarker	partOfScope	27-4[5]	*	
27-8	2625-2626	.	_	_	_	_	_	_	_	_	_	_	_	_	_	

#Text=Boyunda penetran travmaya bağlı yabancı cisimler, büyük damar, trakea, servikal vertebra ve sinir yaralanmasına sebep olabilir.
28-1	2628-2635	Boyunda	_	_	_	_	_	_	_	_	_	_	_	_	_	
28-2	2636-2644	penetran	_	_	_	_	_	_	_	_	_	_	_	_	_	
28-3	2645-2653	travmaya	_	_	_	_	_	_	_	_	_	_	_	_	_	
28-4	2654-2659	bağlı	_	_	_	_	_	_	_	_	_	_	_	_	_	
28-5	2660-2667	yabancı	_	_	_	_	_	_	_	_	_	_	_	_	_	
28-6	2668-2676	cisimler	_	_	_	_	_	_	_	_	_	_	_	_	_	
28-7	2676-2677	,	_	_	_	_	_	_	_	_	_	_	_	_	_	
28-8	2678-2683	büyük	_	_	_	_	_	_	_	_	_	_	_	_	_	
28-9	2684-2689	damar	_	_	_	_	_	_	_	_	_	_	_	_	_	
28-10	2689-2690	,	_	_	_	_	_	_	_	_	_	_	_	_	_	
28-11	2691-2697	trakea	_	_	_	_	_	_	_	_	_	_	_	_	_	
28-12	2697-2698	,	_	_	_	_	_	_	_	_	_	_	_	_	_	
28-13	2699-2707	servikal	_	_	_	_	_	_	_	_	_	_	_	_	_	
28-14	2708-2716	vertebra	_	_	_	_	_	_	_	_	_	_	_	_	_	
28-15	2717-2719	ve	_	_	_	_	_	_	_	_	_	_	_	_	_	
28-16	2720-2725	sinir	_	_	_	_	_	_	_	_	_	_	_	_	_	
28-17	2726-2739	yaralanmasına	_	_	_	_	_	_	_	_	_	_	_	_	_	
28-18	2740-2745	sebep	_	_	_	_	_	_	_	_	_	_	_	_	_	
28-19	2746-2754	olabilir	_	_	_	_	_	_	_	_	_	_	_	_	_	
28-20	2754-2755	.	_	_	_	_	_	_	_	_	_	_	_	_	_	

#Text=Travmaya neden olan yabancı cismin kırılıp boyun içerisinde migrate olması ise nadir gelişen bir durumdur.
29-1	2757-2765	Travmaya	_	_	_	_	_	_	_	_	_	_	_	_	_	
29-2	2766-2771	neden	_	_	_	_	_	_	_	_	_	_	_	_	_	
29-3	2772-2776	olan	_	_	_	_	_	_	_	_	_	_	_	_	_	
29-4	2777-2784	yabancı	_	_	_	_	_	_	_	_	_	_	_	_	_	
29-5	2785-2791	cismin	_	_	_	_	_	_	_	_	_	_	_	_	_	
29-6	2792-2799	kırılıp	_	_	_	_	_	_	_	_	_	_	_	_	_	
29-7	2800-2805	boyun	_	_	_	_	_	_	_	_	_	_	_	_	_	
29-8	2806-2816	içerisinde	_	_	_	_	_	_	_	_	_	_	_	_	_	
29-9	2817-2824	migrate	_	_	_	_	_	_	_	_	_	_	_	_	_	
29-10	2825-2831	olması	_	_	_	_	_	_	_	_	_	_	_	_	_	
29-11	2832-2835	ise	_	_	_	_	_	_	_	_	_	_	_	_	_	
29-12	2836-2841	nadir	_	_	_	_	_	_	_	_	_	_	_	_	_	
29-13	2842-2849	gelişen	_	_	_	_	_	_	_	_	_	_	_	_	_	
29-14	2850-2853	bir	_	_	_	_	_	_	_	_	_	_	_	_	_	
29-15	2854-2862	durumdur	_	_	_	_	_	_	_	_	_	_	_	_	_	
29-16	2862-2863	.	_	_	_	_	_	_	_	_	_	_	_	_	_	

#Text=Migrate yabancı cisme bağlı olarak tekrarlayan enfeksiyon, granülom oluşumu, boyun apsesi, büyük damar ve sinir yaralanmaları beklenebilir.
30-1	2865-2872	Migrate	_	_	_	_	_	_	_	_	_	_	_	_	_	
30-2	2873-2880	yabancı	_	_	_	_	_	_	_	_	_	_	_	_	_	
30-3	2881-2886	cisme	_	_	_	_	_	_	_	_	_	_	_	_	_	
30-4	2887-2892	bağlı	_	_	_	_	_	_	_	_	_	_	_	_	_	
30-5	2893-2899	olarak	_	_	_	_	_	_	_	_	_	_	_	_	_	
30-6	2900-2911	tekrarlayan	_	_	_	_	_	_	_	_	_	_	_	_	_	
30-7	2912-2922	enfeksiyon	_	_	_	_	_	_	_	_	_	_	_	_	_	
30-8	2922-2923	,	_	_	_	_	_	_	_	_	_	_	_	_	_	
30-9	2924-2932	granülom	_	_	_	_	_	_	_	_	_	_	_	_	_	
30-10	2933-2940	oluşumu	_	_	_	_	_	_	_	_	_	_	_	_	_	
30-11	2940-2941	,	_	_	_	_	_	_	_	_	_	_	_	_	_	
30-12	2942-2947	boyun	_	_	_	_	_	_	_	_	_	_	_	_	_	
30-13	2948-2954	apsesi	_	_	_	_	_	_	_	_	_	_	_	_	_	
30-14	2954-2955	,	_	_	_	_	_	_	_	_	_	_	_	_	_	
30-15	2956-2961	büyük	_	_	_	_	_	_	_	_	_	_	_	_	_	
30-16	2962-2967	damar	_	_	_	_	_	_	_	_	_	_	_	_	_	
30-17	2968-2970	ve	_	_	_	_	_	_	_	_	_	_	_	_	_	
30-18	2971-2976	sinir	_	_	_	_	_	_	_	_	_	_	_	_	_	
30-19	2977-2990	yaralanmaları	_	_	_	_	_	_	_	_	_	_	_	_	_	
30-20	2991-3003	beklenebilir	_	_	_	_	_	_	_	_	_	_	_	_	_	
30-21	3003-3004	.	_	_	_	_	_	_	_	_	_	_	_	_	_	

#Text=Aksiyel ve koronal planda bilgisayarlı tomografi kesitlerinde posterior farengeal duvarda izlenen yabancı cisim, brankiyal pleksus hasarlanması ve tromboembolizm görülebilir.
31-1	3006-3013	Aksiyel	_	_	_	_	_	_	_	_	_	_	_	_	_	
31-2	3014-3016	ve	_	_	_	_	_	_	_	_	_	_	_	_	_	
31-3	3017-3024	koronal	_	_	_	_	_	_	_	_	_	_	_	_	_	
31-4	3025-3031	planda	_	_	_	_	_	_	_	_	_	_	_	_	_	
31-5	3032-3044	bilgisayarlı	_	_	_	_	_	_	_	_	_	_	_	_	_	
31-6	3045-3054	tomografi	_	_	_	_	_	_	_	_	_	_	_	_	_	
31-7	3055-3067	kesitlerinde	_	_	_	_	_	_	_	_	_	_	_	_	_	
31-8	3068-3077	posterior	_	_	_	_	_	_	_	_	_	_	_	_	_	
31-9	3078-3087	farengeal	_	_	_	_	_	_	_	_	_	_	_	_	_	
31-10	3088-3095	duvarda	_	_	_	_	_	_	_	_	_	_	_	_	_	
31-11	3096-3103	izlenen	_	_	_	_	_	_	_	_	_	_	_	_	_	
31-12	3104-3111	yabancı	_	_	_	_	_	_	_	_	_	_	_	_	_	
31-13	3112-3117	cisim	_	_	_	_	_	_	_	_	_	_	_	_	_	
31-14	3117-3118	,	_	_	_	_	_	_	_	_	_	_	_	_	_	
31-15	3119-3128	brankiyal	_	_	_	_	_	_	_	_	_	_	_	_	_	
31-16	3129-3136	pleksus	_	_	_	_	_	_	_	_	_	_	_	_	_	
31-17	3137-3149	hasarlanması	_	_	_	_	_	_	_	_	_	_	_	_	_	
31-18	3150-3152	ve	_	_	_	_	_	_	_	_	_	_	_	_	_	
31-19	3153-3167	tromboembolizm	_	_	_	_	_	_	_	_	_	_	_	_	_	
31-20	3168-3179	görülebilir	_	_	_	_	_	_	_	_	_	_	_	_	_	
31-21	3179-3180	.	_	_	_	_	_	_	_	_	_	_	_	_	_	

#Text=Yabancı cisim yüzeyel değil ise palpasyonu komplikasyona neden olabilir.
32-1	3182-3189	Yabancı	_	_	_	_	_	_	_	_	_	_	_	_	_	
32-2	3190-3195	cisim	_	_	_	_	_	_	_	_	_	_	_	_	_	
32-3	3196-3203	yüzeyel	_	_	_	_	_	_	_	_	_	_	_	_	_	
32-4	3204-3209	değil	_	_	_	_	_	_	_	_	_	_	_	_	_	
32-5	3210-3213	ise	_	_	_	_	_	_	_	_	_	_	_	_	_	
32-6	3214-3224	palpasyonu	_	_	_	_	_	_	_	_	_	_	_	_	_	
32-7	3225-3238	komplikasyona	_	_	_	_	_	_	_	_	_	_	_	_	_	
32-8	3239-3244	neden	_	_	_	_	_	_	_	_	_	_	_	_	_	
32-9	3245-3253	olabilir	_	_	_	_	_	_	_	_	_	_	_	_	_	
32-10	3253-3254	.	_	_	_	_	_	_	_	_	_	_	_	_	_	

#Text=Bu nedenle, görüntüleme yöntemlerinden BT ile yabancı cismin lokalizasyonu belirlenmelidir.
33-1	3256-3258	Bu	_	_	_	_	_	_	_	_	_	_	_	_	_	
33-2	3259-3266	nedenle	_	_	_	_	_	_	_	_	_	_	_	_	_	
33-3	3266-3267	,	_	_	_	_	_	_	_	_	_	_	_	_	_	
33-4	3268-3279	görüntüleme	_	_	_	_	_	_	_	_	_	_	_	_	_	
33-5	3280-3294	yöntemlerinden	_	_	_	_	_	_	_	_	_	_	_	_	_	
33-6	3295-3297	BT	_	_	_	_	_	_	_	_	_	_	_	_	_	
33-7	3298-3301	ile	_	_	_	_	_	_	_	_	_	_	_	_	_	
33-8	3302-3309	yabancı	_	_	_	_	_	_	_	_	_	_	_	_	_	
33-9	3310-3316	cismin	_	_	_	_	_	_	_	_	_	_	_	_	_	
33-10	3317-3330	lokalizasyonu	_	_	_	_	_	_	_	_	_	_	_	_	_	
33-11	3331-3346	belirlenmelidir	_	_	_	_	_	_	_	_	_	_	_	_	_	
33-12	3346-3347	.	_	_	_	_	_	_	_	_	_	_	_	_	_	

#Text=Boyun fasyaları arasında bulunan ve yumuşak dokuları penetre ederek ilerleyebilen yabancı cisim beklenmedik lokalizasyonda saptanabilir.
34-1	3349-3354	Boyun	_	_	_	_	_	_	_	_	_	_	_	_	_	
34-2	3355-3364	fasyaları	_	_	_	_	_	_	_	_	_	_	_	_	_	
34-3	3365-3373	arasında	_	_	_	_	_	_	_	_	_	_	_	_	_	
34-4	3374-3381	bulunan	_	_	_	_	_	_	_	_	_	_	_	_	_	
34-5	3382-3384	ve	_	_	_	_	_	_	_	_	_	_	_	_	_	
34-6	3385-3392	yumuşak	_	_	_	_	_	_	_	_	_	_	_	_	_	
34-7	3393-3401	dokuları	_	_	_	_	_	_	_	_	_	_	_	_	_	
34-8	3402-3409	penetre	_	_	_	_	_	_	_	_	_	_	_	_	_	
34-9	3410-3416	ederek	_	_	_	_	_	_	_	_	_	_	_	_	_	
34-10	3417-3430	ilerleyebilen	_	_	_	_	_	_	_	_	_	_	_	_	_	
34-11	3431-3438	yabancı	_	_	_	_	_	_	_	_	_	_	_	_	_	
34-12	3439-3444	cisim	_	_	_	_	_	_	_	_	_	_	_	_	_	
34-13	3445-3456	beklenmedik	*[6]	_	_	_	*	partOfEvent	34-14	isAnotherFocus	34-14	NegMorMarker	partOfScope	34-13[6]	*	
34-14	3457-3471	lokalizasyonda	*[6]	*	*	_	_	_	_	_	_	_	_	_	_	
34-15	3472-3484	saptanabilir	_	_	_	_	_	_	_	_	_	_	_	_	_	
34-16	3484-3485	.	_	_	_	_	_	_	_	_	_	_	_	_	_	

#Text=BT tanı için çok önemlidir.
35-1	3487-3489	BT	_	_	_	_	_	_	_	_	_	_	_	_	_	
35-2	3490-3494	tanı	_	_	_	_	_	_	_	_	_	_	_	_	_	
35-3	3495-3499	için	_	_	_	_	_	_	_	_	_	_	_	_	_	
35-4	3500-3503	çok	_	_	_	_	_	_	_	_	_	_	_	_	_	
35-5	3504-3513	önemlidir	_	_	_	_	_	_	_	_	_	_	_	_	_	
35-6	3513-3514	.	_	_	_	_	_	_	_	_	_	_	_	_	_	

#Text=Boyun eksplorasyonu yapılacaksa cerrah için yol göstericidir.
36-1	3516-3521	Boyun	_	_	_	_	_	_	_	_	_	_	_	_	_	
36-2	3522-3535	eksplorasyonu	_	_	_	_	_	_	_	_	_	_	_	_	_	
36-3	3536-3547	yapılacaksa	_	_	_	_	_	_	_	_	_	_	_	_	_	
36-4	3548-3554	cerrah	_	_	_	_	_	_	_	_	_	_	_	_	_	
36-5	3555-3559	için	_	_	_	_	_	_	_	_	_	_	_	_	_	
36-6	3560-3563	yol	_	_	_	_	_	_	_	_	_	_	_	_	_	
36-7	3564-3576	göstericidir	_	_	_	_	_	_	_	_	_	_	_	_	_	
36-8	3576-3577	.	_	_	_	_	_	_	_	_	_	_	_	_	_	

#Text=Direkt grafi ve ultrasonografi tetkikleri de tanıda yardımcıdır.
37-1	3579-3585	Direkt	_	_	_	_	_	_	_	_	_	_	_	_	_	
37-2	3586-3591	grafi	_	_	_	_	_	_	_	_	_	_	_	_	_	
37-3	3592-3594	ve	_	_	_	_	_	_	_	_	_	_	_	_	_	
37-4	3595-3609	ultrasonografi	_	_	_	_	_	_	_	_	_	_	_	_	_	
37-5	3610-3620	tetkikleri	_	_	_	_	_	_	_	_	_	_	_	_	_	
37-6	3621-3623	de	_	_	_	_	_	_	_	_	_	_	_	_	_	
37-7	3624-3630	tanıda	_	_	_	_	_	_	_	_	_	_	_	_	_	
37-8	3631-3642	yardımcıdır	_	_	_	_	_	_	_	_	_	_	_	_	_	
37-9	3642-3643	.	_	_	_	_	_	_	_	_	_	_	_	_	_	

#Text=Şüphe olması halinde gastroözefagoskopi yapılabilir.
38-1	3645-3650	Şüphe	_	_	_	_	_	_	_	_	_	_	_	_	_	
38-2	3651-3657	olması	_	_	_	_	_	_	_	_	_	_	_	_	_	
38-3	3658-3665	halinde	_	_	_	_	_	_	_	_	_	_	_	_	_	
38-4	3666-3684	gastroözefagoskopi	_	_	_	_	_	_	_	_	_	_	_	_	_	
38-5	3685-3696	yapılabilir	_	_	_	_	_	_	_	_	_	_	_	_	_	
38-6	3696-3697	.	_	_	_	_	_	_	_	_	_	_	_	_	_	

#Text=Boyunda önemli vital yapıların bulunması nedeniyle migrate yabancı cisimlerin tedavisinde multidisipliner yaklaşım uygulanmalıdır.
39-1	3699-3706	Boyunda	_	_	_	_	_	_	_	_	_	_	_	_	_	
39-2	3707-3713	önemli	_	_	_	_	_	_	_	_	_	_	_	_	_	
39-3	3714-3719	vital	_	_	_	_	_	_	_	_	_	_	_	_	_	
39-4	3720-3729	yapıların	_	_	_	_	_	_	_	_	_	_	_	_	_	
39-5	3730-3739	bulunması	_	_	_	_	_	_	_	_	_	_	_	_	_	
39-6	3740-3749	nedeniyle	_	_	_	_	_	_	_	_	_	_	_	_	_	
39-7	3750-3757	migrate	_	_	_	_	_	_	_	_	_	_	_	_	_	
39-8	3758-3765	yabancı	_	_	_	_	_	_	_	_	_	_	_	_	_	
39-9	3766-3776	cisimlerin	_	_	_	_	_	_	_	_	_	_	_	_	_	
39-10	3777-3788	tedavisinde	_	_	_	_	_	_	_	_	_	_	_	_	_	
39-11	3789-3804	multidisipliner	_	_	_	_	_	_	_	_	_	_	_	_	_	
39-12	3805-3813	yaklaşım	_	_	_	_	_	_	_	_	_	_	_	_	_	
39-13	3814-3828	uygulanmalıdır	_	_	_	_	_	_	_	_	_	_	_	_	_	
39-14	3828-3829	.	_	_	_	_	_	_	_	_	_	_	_	_	_	

#Text=Migrate yabancı cismin trasesi izlenerek boyun eksplore edilmelidir.
40-1	3831-3838	Migrate	_	_	_	_	_	_	_	_	_	_	_	_	_	
40-2	3839-3846	yabancı	_	_	_	_	_	_	_	_	_	_	_	_	_	
40-3	3847-3853	cismin	_	_	_	_	_	_	_	_	_	_	_	_	_	
40-4	3854-3861	trasesi	_	_	_	_	_	_	_	_	_	_	_	_	_	
40-5	3862-3871	izlenerek	_	_	_	_	_	_	_	_	_	_	_	_	_	
40-6	3872-3877	boyun	_	_	_	_	_	_	_	_	_	_	_	_	_	
40-7	3878-3886	eksplore	_	_	_	_	_	_	_	_	_	_	_	_	_	
40-8	3887-3898	edilmelidir	_	_	_	_	_	_	_	_	_	_	_	_	_	
40-9	3898-3899	.	_	_	_	_	_	_	_	_	_	_	_	_	_	

#Text=Boyun eksplorasyonu ile yabancı cismin neden olduğu hasarlanmalar da saptanabilir ve onarılabilir.
41-1	3901-3906	Boyun	_	_	_	_	_	_	_	_	_	_	_	_	_	
41-2	3907-3920	eksplorasyonu	_	_	_	_	_	_	_	_	_	_	_	_	_	
41-3	3921-3924	ile	_	_	_	_	_	_	_	_	_	_	_	_	_	
41-4	3925-3932	yabancı	_	_	_	_	_	_	_	_	_	_	_	_	_	
41-5	3933-3939	cismin	_	_	_	_	_	_	_	_	_	_	_	_	_	
41-6	3940-3945	neden	_	_	_	_	_	_	_	_	_	_	_	_	_	
41-7	3946-3952	olduğu	_	_	_	_	_	_	_	_	_	_	_	_	_	
41-8	3953-3966	hasarlanmalar	_	_	_	_	_	_	_	_	_	_	_	_	_	
41-9	3967-3969	da	_	_	_	_	_	_	_	_	_	_	_	_	_	
41-10	3970-3982	saptanabilir	_	_	_	_	_	_	_	_	_	_	_	_	_	
41-11	3983-3985	ve	_	_	_	_	_	_	_	_	_	_	_	_	_	
41-12	3986-3998	onarılabilir	_	_	_	_	_	_	_	_	_	_	_	_	_	
41-13	3998-3999	.	_	_	_	_	_	_	_	_	_	_	_	_	_	

#Text=Yabancı cisim palpe edilirken dikkatli olunmalı, tampon etkisi yaptığı büyük damar yaralanmalarında körlemesine çekilmemelidir.
42-1	4001-4008	Yabancı	*[7]	_	*[13]	_	_	_	_	_	_	_	_	_	_	
42-2	4009-4014	cisim	*[7]	_	*[13]	_	_	_	_	_	_	_	_	_	_	
42-3	4015-4020	palpe	*[7]	_	*[13]	_	_	_	_	_	_	_	_	_	_	
42-4	4021-4030	edilirken	*[7]	_	*[13]	_	_	_	_	_	_	_	_	_	_	
42-5	4031-4039	dikkatli	_	_	_	_	_	_	_	_	_	_	_	_	_	
42-6	4040-4048	olunmalı	_	_	_	_	_	_	_	_	_	_	_	_	_	
42-7	4048-4049	,	_	_	_	_	_	_	_	_	_	_	_	_	_	
42-8	4050-4056	tampon	*[8]	_	_	_	_	_	_	_	_	_	_	_	_	
42-9	4057-4063	etkisi	*[8]	_	_	_	_	_	_	_	_	_	_	_	_	
42-10	4064-4071	yaptığı	*[8]	_	_	_	_	_	_	_	_	_	_	_	_	
42-11	4072-4077	büyük	*[8]	_	_	_	_	_	_	_	_	_	_	_	_	
42-12	4078-4083	damar	*[8]	_	_	_	_	_	_	_	_	_	_	_	_	
42-13	4084-4100	yaralanmalarında	*[8]	_	_	_	_	_	_	_	_	_	_	_	_	
42-14	4101-4112	körlemesine	*[8]	_	_	_	_	_	_	_	_	_	_	_	_	
42-15	4113-4127	çekilmemelidir	*[8]	*	_	_	*	partOfEvent	42-15	isAnotherFocus	42-1[13]	NegMorMarker	partOfScope;partOfScope	42-1[7];42-8[8]	*	
42-16	4127-4128	.	_	_	_	_	_	_	_	_	_	_	_	_	_	

#Text=Boyunda yabancı cisimler kulak-burun-boğaz hekimlerinin sıkça karşılaştığı acillerdendir.
43-1	4130-4137	Boyunda	_	_	_	_	_	_	_	_	_	_	_	_	_	
43-2	4138-4145	yabancı	_	_	_	_	_	_	_	_	_	_	_	_	_	
43-3	4146-4154	cisimler	_	_	_	_	_	_	_	_	_	_	_	_	_	
43-4	4155-4172	kulak-burun-boğaz	_	_	_	_	_	_	_	_	_	_	_	_	_	
43-5	4173-4185	hekimlerinin	_	_	_	_	_	_	_	_	_	_	_	_	_	
43-6	4186-4191	sıkça	_	_	_	_	_	_	_	_	_	_	_	_	_	
43-7	4192-4204	karşılaştığı	_	_	_	_	_	_	_	_	_	_	_	_	_	
43-8	4205-4218	acillerdendir	_	_	_	_	_	_	_	_	_	_	_	_	_	
43-9	4218-4219	.	_	_	_	_	_	_	_	_	_	_	_	_	_	

#Text=Boyun penetran travmalarında mutlaka boyunda yabancı cisim olabileceği akılda tutulmalıdır.
44-1	4221-4226	Boyun	_	_	_	_	_	_	_	_	_	_	_	_	_	
44-2	4227-4235	penetran	_	_	_	_	_	_	_	_	_	_	_	_	_	
44-3	4236-4249	travmalarında	_	_	_	_	_	_	_	_	_	_	_	_	_	
44-4	4250-4257	mutlaka	_	_	_	_	_	_	_	_	_	_	_	_	_	
44-5	4258-4265	boyunda	_	_	_	_	_	_	_	_	_	_	_	_	_	
44-6	4266-4273	yabancı	_	_	_	_	_	_	_	_	_	_	_	_	_	
44-7	4274-4279	cisim	_	_	_	_	_	_	_	_	_	_	_	_	_	
44-8	4280-4291	olabileceği	_	_	_	_	_	_	_	_	_	_	_	_	_	
44-9	4292-4298	akılda	_	_	_	_	_	_	_	_	_	_	_	_	_	
44-10	4299-4311	tutulmalıdır	_	_	_	_	_	_	_	_	_	_	_	_	_	
44-11	4311-4312	.	_	_	_	_	_	_	_	_	_	_	_	_	_	

#Text=Acil müdahale gerektirebilen durumlarda ön değerlendirmenin iyi yapılması ve multidisipliner yaklaşım önemlidir.
45-1	4314-4318	Acil	_	_	_	_	_	_	_	_	_	_	_	_	_	
45-2	4319-4327	müdahale	_	_	_	_	_	_	_	_	_	_	_	_	_	
45-3	4328-4342	gerektirebilen	_	_	_	_	_	_	_	_	_	_	_	_	_	
45-4	4343-4353	durumlarda	_	_	_	_	_	_	_	_	_	_	_	_	_	
45-5	4354-4356	ön	_	_	_	_	_	_	_	_	_	_	_	_	_	
45-6	4357-4373	değerlendirmenin	_	_	_	_	_	_	_	_	_	_	_	_	_	
45-7	4374-4377	iyi	_	_	_	_	_	_	_	_	_	_	_	_	_	
45-8	4378-4387	yapılması	_	_	_	_	_	_	_	_	_	_	_	_	_	
45-9	4388-4390	ve	_	_	_	_	_	_	_	_	_	_	_	_	_	
45-10	4391-4406	multidisipliner	_	_	_	_	_	_	_	_	_	_	_	_	_	
45-11	4407-4415	yaklaşım	_	_	_	_	_	_	_	_	_	_	_	_	_	
45-12	4416-4425	önemlidir	_	_	_	_	_	_	_	_	_	_	_	_	_	
45-13	4425-4426	.	_	_	_	_	_	_	_	_	_	_	_	_	_	
