#FORMAT=WebAnno TSV 3.3


#Text=ÖZET
1-1	0-4	ÖZET	

#Text=Tifo, Salmonella typhi’nin neden olduğu sistemik bir hastalıktır.
2-1	5-9	Tifo	
2-2	9-10	,	
2-3	11-21	Salmonella	
2-4	22-27	typhi	
2-5	27-28	’	
2-6	28-31	nin	
2-7	32-37	neden	
2-8	38-44	olduğu	
2-9	45-53	sistemik	
2-10	54-57	bir	
2-11	58-69	hastalıktır	
2-12	69-70	.	

#Text=Yiyecek ve su kaynaklı oluşan bir hastalık olup gelişmekte olan ülkelerde önemli bir halk sağlığı sorunudur.
3-1	71-78	Yiyecek	
3-2	79-81	ve	
3-3	82-84	su	
3-4	85-93	kaynaklı	
3-5	94-100	oluşan	
3-6	101-104	bir	
3-7	105-113	hastalık	
3-8	114-118	olup	
3-9	119-129	gelişmekte	
3-10	130-134	olan	
3-11	135-144	ülkelerde	
3-12	145-151	önemli	
3-13	152-155	bir	
3-14	156-160	halk	
3-15	161-168	sağlığı	
3-16	169-178	sorunudur	
3-17	178-179	.	

#Text=Ateş, grip benzeri semptomlar, baş ağrısı, öksürük, kırgınlık, bulantı ve miyalji en sık görülen semptomlardır.
4-1	180-184	Ateş	
4-2	184-185	,	
4-3	186-190	grip	
4-4	191-198	benzeri	
4-5	199-209	semptomlar	
4-6	209-210	,	
4-7	211-214	baş	
4-8	215-221	ağrısı	
4-9	221-222	,	
4-10	223-230	öksürük	
4-11	230-231	,	
4-12	232-241	kırgınlık	
4-13	241-242	,	
4-14	243-250	bulantı	
4-15	251-253	ve	
4-16	254-261	miyalji	
4-17	262-264	en	
4-18	265-268	sık	
4-19	269-276	görülen	
4-20	277-290	semptomlardır	
4-21	290-291	.	

#Text=Venöz tromboz sıklıkla hastalığın dördüncü haftasında ortaya çıkmaktadır ve antibiyotik döneminden önce yaygın bir komplikasyondu.
5-1	292-297	Venöz	
5-2	298-305	tromboz	
5-3	306-314	sıklıkla	
5-4	315-325	hastalığın	
5-5	326-334	dördüncü	
5-6	335-345	haftasında	
5-7	346-352	ortaya	
5-8	353-364	çıkmaktadır	
5-9	365-367	ve	
5-10	368-379	antibiyotik	
5-11	380-390	döneminden	
5-12	391-395	önce	
5-13	396-402	yaygın	
5-14	403-406	bir	
5-15	407-421	komplikasyondu	
5-16	421-422	.	

#Text=Bu yazıda yüksek ateş, baş ağrısı, halsizlik, ishal şikayetleriyle başvuran, tetkikler sonucunda derin ven trombozu saptanan, kan kültüründe Salmonella typhi üreyen ve seftriakson tedavisiyle kür sağlanan bir olgu sunuldu.
6-1	423-425	Bu	
6-2	426-432	yazıda	
6-3	433-439	yüksek	
6-4	440-444	ateş	
6-5	444-445	,	
6-6	446-449	baş	
6-7	450-456	ağrısı	
6-8	456-457	,	
6-9	458-467	halsizlik	
6-10	467-468	,	
6-11	469-474	ishal	
6-12	475-489	şikayetleriyle	
6-13	490-498	başvuran	
6-14	498-499	,	
6-15	500-509	tetkikler	
6-16	510-519	sonucunda	
6-17	520-525	derin	
6-18	526-529	ven	
6-19	530-538	trombozu	
6-20	539-547	saptanan	
6-21	547-548	,	
6-22	549-552	kan	
6-23	553-563	kültüründe	
6-24	564-574	Salmonella	
6-25	575-580	typhi	
6-26	581-587	üreyen	
6-27	588-590	ve	
6-28	591-602	seftriakson	
6-29	603-614	tedavisiyle	
6-30	615-618	kür	
6-31	619-627	sağlanan	
6-32	628-631	bir	
6-33	632-636	olgu	
6-34	637-644	sunuldu	
6-35	644-645	.	

#Text=GİRİŞ
7-1	646-651	GİRİŞ	

#Text=Tifo, Salmonella typhi bakterisinin neden olduğu sistemik bir enfeksiyon hastalığı olup sadece insanlara özgü bir hastalıktır.
8-1	652-656	Tifo	
8-2	656-657	,	
8-3	658-668	Salmonella	
8-4	669-674	typhi	
8-5	675-687	bakterisinin	
8-6	688-693	neden	
8-7	694-700	olduğu	
8-8	701-709	sistemik	
8-9	710-713	bir	
8-10	714-724	enfeksiyon	
8-11	725-734	hastalığı	
8-12	735-739	olup	
8-13	740-746	sadece	
8-14	747-756	insanlara	
8-15	757-761	özgü	
8-16	762-765	bir	
8-17	766-777	hastalıktır	
8-18	777-778	.	

#Text=Salmonella serotipleri çoğunlukla gastroenterit, enterik ateş, bakteriyemi, vasküler enfeksiyon, lokalize enfeksiyonlar ve kronik taşıyıcılık olmak üzere karakteristik klinik sendromlara neden olmaktadır.
9-1	779-789	Salmonella	
9-2	790-801	serotipleri	
9-3	802-812	çoğunlukla	
9-4	813-826	gastroenterit	
9-5	826-827	,	
9-6	828-835	enterik	
9-7	836-840	ateş	
9-8	840-841	,	
9-9	842-853	bakteriyemi	
9-10	853-854	,	
9-11	855-863	vasküler	
9-12	864-874	enfeksiyon	
9-13	874-875	,	
9-14	876-884	lokalize	
9-15	885-898	enfeksiyonlar	
9-16	899-901	ve	
9-17	902-908	kronik	
9-18	909-920	taşıyıcılık	
9-19	921-926	olmak	
9-20	927-932	üzere	
9-21	933-946	karakteristik	
9-22	947-953	klinik	
9-23	954-965	sendromlara	
9-24	966-971	neden	
9-25	972-982	olmaktadır	
9-26	982-983	.	

#Text=Antibiyotik döneminden önce yaygın bir komplikasyon olan venöz tromboz sıklıkla hastalığın dördüncü haftasında ortaya çıkmaktadır.
10-1	984-995	Antibiyotik	
10-2	996-1006	döneminden	
10-3	1007-1011	önce	
10-4	1012-1018	yaygın	
10-5	1019-1022	bir	
10-6	1023-1035	komplikasyon	
10-7	1036-1040	olan	
10-8	1041-1046	venöz	
10-9	1047-1054	tromboz	
10-10	1055-1063	sıklıkla	
10-11	1064-1074	hastalığın	
10-12	1075-1083	dördüncü	
10-13	1084-1094	haftasında	
10-14	1095-1101	ortaya	
10-15	1102-1113	çıkmaktadır	
10-16	1113-1114	.	

#Text=Etkili antimikrobiyal tedavi seçeneklerinin kullanıma girmesinden sonra tromboz ve flebit olguları nadiren bildirilmiştir.
11-1	1115-1121	Etkili	
11-2	1122-1136	antimikrobiyal	
11-3	1137-1143	tedavi	
11-4	1144-1158	seçeneklerinin	
11-5	1159-1168	kullanıma	
11-6	1169-1180	girmesinden	
11-7	1181-1186	sonra	
11-8	1187-1194	tromboz	
11-9	1195-1197	ve	
11-10	1198-1204	flebit	
11-11	1205-1213	olguları	
11-12	1214-1221	nadiren	
11-13	1222-1236	bildirilmiştir	
11-14	1236-1237	.	

#Text=Bu yazıda düşmeyen ateş şikayeti olan, alt ekstremitede yaygın tromboz saptanan ve kan kültürlerinde Salmonella typhi üreyen tifo olgusu sunulması amaçlandı.
12-1	1238-1240	Bu	
12-2	1241-1247	yazıda	
12-3	1248-1256	düşmeyen	
12-4	1257-1261	ateş	
12-5	1262-1270	şikayeti	
12-6	1271-1275	olan	
12-7	1275-1276	,	
12-8	1277-1280	alt	
12-9	1281-1293	ekstremitede	
12-10	1294-1300	yaygın	
12-11	1301-1308	tromboz	
12-12	1309-1317	saptanan	
12-13	1318-1320	ve	
12-14	1321-1324	kan	
12-15	1325-1338	kültürlerinde	
12-16	1339-1349	Salmonella	
12-17	1350-1355	typhi	
12-18	1356-1362	üreyen	
12-19	1363-1367	tifo	
12-20	1368-1374	olgusu	
12-21	1375-1384	sunulması	
12-22	1385-1394	amaçlandı	
12-23	1394-1395	.	

#Text=İÇERİK
13-1	1396-1402	İÇERİK	

#Text=On yedi yaşında erkek olgu, yaklaşık bir ay önce ateş, baş ağrısı, halsizlik ve ishal şikayetleri nedeniyle özel bir hastanede yatırılarak takip edilmiş.
14-1	1403-1405	On	
14-2	1406-1410	yedi	
14-3	1411-1418	yaşında	
14-4	1419-1424	erkek	
14-5	1425-1429	olgu	
14-6	1429-1430	,	
14-7	1431-1439	yaklaşık	
14-8	1440-1443	bir	
14-9	1444-1446	ay	
14-10	1447-1451	önce	
14-11	1452-1456	ateş	
14-12	1456-1457	,	
14-13	1458-1461	baş	
14-14	1462-1468	ağrısı	
14-15	1468-1469	,	
14-16	1470-1479	halsizlik	
14-17	1480-1482	ve	
14-18	1483-1488	ishal	
14-19	1489-1500	şikayetleri	
14-20	1501-1510	nedeniyle	
14-21	1511-1515	özel	
14-22	1516-1519	bir	
14-23	1520-1529	hastanede	
14-24	1530-1541	yatırılarak	
14-25	1542-1547	takip	
14-26	1548-1555	edilmiş	
14-27	1555-1556	.	

#Text=Altta yatan hastalığı olmayan olgu yapılan tetkikler sonucunda derin ven trombozu saptanarak hastanemiz Kalp Damar Cerrahisi bölümüne sevk edilmiş.
15-1	1557-1562	Altta	
15-2	1563-1568	yatan	
15-3	1569-1578	hastalığı	
15-4	1579-1586	olmayan	
15-5	1587-1591	olgu	
15-6	1592-1599	yapılan	
15-7	1600-1609	tetkikler	
15-8	1610-1619	sonucunda	
15-9	1620-1625	derin	
15-10	1626-1629	ven	
15-11	1630-1638	trombozu	
15-12	1639-1649	saptanarak	
15-13	1650-1660	hastanemiz	
15-14	1661-1665	Kalp	
15-15	1666-1671	Damar	
15-16	1672-1681	Cerrahisi	
15-17	1682-1690	bölümüne	
15-18	1691-1695	sevk	
15-19	1696-1703	edilmiş	
15-20	1703-1704	.	

#Text=Hastanın bu klinikteki takibinde ishal şikayeti düzelirken; ateş, baş ağrısı, sol bacak ağrısı ve şişliği, devam etmekteydi.
16-1	1705-1713	Hastanın	
16-2	1714-1716	bu	
16-3	1717-1727	klinikteki	
16-4	1728-1737	takibinde	
16-5	1738-1743	ishal	
16-6	1744-1752	şikayeti	
16-7	1753-1763	düzelirken	
16-8	1763-1764	;	
16-9	1765-1769	ateş	
16-10	1769-1770	,	
16-11	1771-1774	baş	
16-12	1775-1781	ağrısı	
16-13	1781-1782	,	
16-14	1783-1786	sol	
16-15	1787-1792	bacak	
16-16	1793-1799	ağrısı	
16-17	1800-1802	ve	
16-18	1803-1810	şişliği	
16-19	1810-1811	,	
16-20	1812-1817	devam	
16-21	1818-1828	etmekteydi	
16-22	1828-1829	.	

#Text=Fizik muayenesinde genel durumu iyi, şuuru açık, vücut ısısı 39,3 C, kan basıncı 90/60 mmHg, kalp tepe atımı 108 atım/dk idi.
17-1	1830-1835	Fizik	
17-2	1836-1848	muayenesinde	
17-3	1849-1854	genel	
17-4	1855-1861	durumu	
17-5	1862-1865	iyi	
17-6	1865-1866	,	
17-7	1867-1872	şuuru	
17-8	1873-1877	açık	
17-9	1877-1878	,	
17-10	1879-1884	vücut	
17-11	1885-1890	ısısı	
17-12	1891-1895	39,3	
17-13	1896-1897	C	
17-14	1897-1898	,	
17-15	1899-1902	kan	
17-16	1903-1910	basıncı	
17-17	1911-1913	90	
17-18	1913-1914	/	
17-19	1914-1916	60	
17-20	1917-1921	mmHg	
17-21	1921-1922	,	
17-22	1923-1927	kalp	
17-23	1928-1932	tepe	
17-24	1933-1938	atımı	
17-25	1939-1942	108	
17-26	1943-1947	atım	
17-27	1947-1948	/	
17-28	1948-1950	dk	
17-29	1951-1954	idi	
17-30	1954-1955	.	

#Text=Batın muayenesine hepatomegali ve splenomegali saptandı.
18-1	1956-1961	Batın	
18-2	1962-1973	muayenesine	
18-3	1974-1986	hepatomegali	
18-4	1987-1989	ve	
18-5	1990-2002	splenomegali	
18-6	2003-2011	saptandı	
18-7	2011-2012	.	

#Text=Ayrıca sol alt ekstremitede ısı artışının olmadığı, ağrılı şişlik mevcuttu.
19-1	2013-2019	Ayrıca	
19-2	2020-2023	sol	
19-3	2024-2027	alt	
19-4	2028-2040	ekstremitede	
19-5	2041-2044	ısı	
19-6	2045-2054	artışının	
19-7	2055-2063	olmadığı	
19-8	2063-2064	,	
19-9	2065-2071	ağrılı	
19-10	2072-2078	şişlik	
19-11	2079-2087	mevcuttu	
19-12	2087-2088	.	

#Text=Başvuru sırasında beyaz küre 7400/ml, C-reaktif protein (Crp): 238 mg/l, alanin aminotransferaz (Alt) 85 U/L, aspartat aminotransferaz (Ast) 134 U/L, kreatinin 0,7 mg/dl, D-dimer 6,6 ug/ml, fibrinojen 691 mg/dl idi.
20-1	2089-2096	Başvuru	
20-2	2097-2106	sırasında	
20-3	2107-2112	beyaz	
20-4	2113-2117	küre	
20-5	2118-2122	7400	
20-6	2122-2123	/	
20-7	2123-2125	ml	
20-8	2125-2126	,	
20-9	2127-2136	C-reaktif	
20-10	2137-2144	protein	
20-11	2145-2146	(	
20-12	2146-2149	Crp	
20-13	2149-2150	)	
20-14	2150-2151	:	
20-15	2152-2155	238	
20-16	2156-2158	mg	
20-17	2158-2159	/	
20-18	2159-2160	l	
20-19	2160-2161	,	
20-20	2162-2168	alanin	
20-21	2169-2184	aminotransferaz	
20-22	2185-2186	(	
20-23	2186-2189	Alt	
20-24	2189-2190	)	
20-25	2191-2193	85	
20-26	2194-2195	U	
20-27	2195-2196	/	
20-28	2196-2197	L	
20-29	2197-2198	,	
20-30	2199-2207	aspartat	
20-31	2208-2223	aminotransferaz	
20-32	2224-2225	(	
20-33	2225-2228	Ast	
20-34	2228-2229	)	
20-35	2230-2233	134	
20-36	2234-2235	U	
20-37	2235-2236	/	
20-38	2236-2237	L	
20-39	2237-2238	,	
20-40	2239-2248	kreatinin	
20-41	2249-2252	0,7	
20-42	2253-2255	mg	
20-43	2255-2256	/	
20-44	2256-2258	dl	
20-45	2258-2259	,	
20-46	2260-2267	D-dimer	
20-47	2268-2271	6,6	
20-48	2272-2274	ug	
20-49	2274-2275	/	
20-50	2275-2277	ml	
20-51	2277-2278	,	
20-52	2279-2289	fibrinojen	
20-53	2290-2293	691	
20-54	2294-2296	mg	
20-55	2296-2297	/	
20-56	2297-2299	dl	
20-57	2300-2303	idi	
20-58	2303-2304	.	

#Text=Sol alt ekstremite venöz renkli doppler ultrasonografi (USG) incelemesinde; common femoral, superfisiyal femoral, derin femoral ve popliteal ven total tromboze izlendi.
21-1	2305-2308	Sol	
21-2	2309-2312	alt	
21-3	2313-2323	ekstremite	
21-4	2324-2329	venöz	
21-5	2330-2336	renkli	
21-6	2337-2344	doppler	
21-7	2345-2359	ultrasonografi	
21-8	2360-2361	(	
21-9	2361-2364	USG	
21-10	2364-2365	)	
21-11	2366-2379	incelemesinde	
21-12	2379-2380	;	
21-13	2381-2387	common	
21-14	2388-2395	femoral	
21-15	2395-2396	,	
21-16	2397-2409	superfisiyal	
21-17	2410-2417	femoral	
21-18	2417-2418	,	
21-19	2419-2424	derin	
21-20	2425-2432	femoral	
21-21	2433-2435	ve	
21-22	2436-2445	popliteal	
21-23	2446-2449	ven	
21-24	2450-2455	total	
21-25	2456-2464	tromboze	
21-26	2465-2472	izlendi	
21-27	2472-2473	.	

#Text=Batın USG’de hepatosplenomegali mevcuttu.
22-1	2474-2479	Batın	
22-2	2480-2483	USG	
22-3	2483-2484	’	
22-4	2484-2486	de	
22-5	2487-2505	hepatosplenomegali	
22-6	2506-2514	mevcuttu	
22-7	2514-2515	.	

#Text=Gruber widal ve brusella wright aglütinasyon serolojik testleri negatifti.
23-1	2516-2522	Gruber	
23-2	2523-2528	widal	
23-3	2529-2531	ve	
23-4	2532-2540	brusella	
23-5	2541-2547	wright	
23-6	2548-2560	aglütinasyon	
23-7	2561-2570	serolojik	
23-8	2571-2579	testleri	
23-9	2580-2589	negatifti	
23-10	2589-2590	.	

#Text=Ateş yüksekliğinin devam etmesi üzerine kan kültürleri alındı ve olguya ampirik olarak ampisilin-sulbaktam 4x2 gr/intravenöz (iv)/gün tedavisi başlandı.
24-1	2591-2595	Ateş	
24-2	2596-2609	yüksekliğinin	
24-3	2610-2615	devam	
24-4	2616-2622	etmesi	
24-5	2623-2630	üzerine	
24-6	2631-2634	kan	
24-7	2635-2645	kültürleri	
24-8	2646-2652	alındı	
24-9	2653-2655	ve	
24-10	2656-2662	olguya	
24-11	2663-2670	ampirik	
24-12	2671-2677	olarak	
24-13	2678-2697	ampisilin-sulbaktam	
24-14	2698-2701	4x2	
24-15	2702-2704	gr	
24-16	2704-2705	/	
24-17	2705-2715	intravenöz	
24-18	2716-2717	(	
24-19	2717-2719	iv	
24-20	2719-2720	)	
24-21	2720-2721	/	
24-22	2721-2724	gün	
24-23	2725-2733	tedavisi	
24-24	2734-2742	başlandı	
24-25	2742-2743	.	

#Text=İki kan kültüründe de Salmonella typhi üredi.
25-1	2744-2747	İki	
25-2	2748-2751	kan	
25-3	2752-2762	kültüründe	
25-4	2763-2765	de	
25-5	2766-2776	Salmonella	
25-6	2777-2782	typhi	
25-7	2783-2788	üredi	
25-8	2788-2789	.	

#Text=Kültür antibiyogramında ampisilin, ampisilin/sulbaktam, trimetoprim/sulfametoksazole karşı dirençli iken, amikasin, siprofloksasin, sefoksitin, sefuroksim, seftriakson, sefepim, imipenem ve meropeneme duyarlıydı.
26-1	2790-2796	Kültür	
26-2	2797-2813	antibiyogramında	
26-3	2814-2823	ampisilin	
26-4	2823-2824	,	
26-5	2825-2834	ampisilin	
26-6	2834-2835	/	
26-7	2835-2844	sulbaktam	
26-8	2844-2845	,	
26-9	2846-2857	trimetoprim	
26-10	2857-2858	/	
26-11	2858-2874	sulfametoksazole	
26-12	2875-2880	karşı	
26-13	2881-2889	dirençli	
26-14	2890-2894	iken	
26-15	2894-2895	,	
26-16	2896-2904	amikasin	
26-17	2904-2905	,	
26-18	2906-2920	siprofloksasin	
26-19	2920-2921	,	
26-20	2922-2932	sefoksitin	
26-21	2932-2933	,	
26-22	2934-2944	sefuroksim	
26-23	2944-2945	,	
26-24	2946-2957	seftriakson	
26-25	2957-2958	,	
26-26	2959-2966	sefepim	
26-27	2966-2967	,	
26-28	2968-2976	imipenem	
26-29	2977-2979	ve	
26-30	2980-2990	meropeneme	
26-31	2991-3001	duyarlıydı	
26-32	3001-3002	.	

#Text=Olgu devralınarak tedavisi siprofloksasin 2x400 mg/intravenöz/gün olarak değiştirildi ve anti-trombotik tedaviye devam edildi.
27-1	3003-3007	Olgu	
27-2	3008-3020	devralınarak	
27-3	3021-3029	tedavisi	
27-4	3030-3044	siprofloksasin	
27-5	3045-3050	2x400	
27-6	3051-3053	mg	
27-7	3053-3054	/	
27-8	3054-3064	intravenöz	
27-9	3064-3065	/	
27-10	3065-3068	gün	
27-11	3069-3075	olarak	
27-12	3076-3088	değiştirildi	
27-13	3089-3091	ve	
27-14	3092-3106	anti-trombotik	
27-15	3107-3115	tedaviye	
27-16	3116-3121	devam	
27-17	3122-3128	edildi	
27-18	3128-3129	.	

#Text=Siprofloksasin tedavisinin 5. gününde ateş yanıtı olmaması üzerine seftriakson 2x1 gr/iv/gün tedavisine geçildi ve bu tedavinin 4. gününde düzelme görüldü.
28-1	3130-3144	Siprofloksasin	
28-2	3145-3156	tedavisinin	
28-3	3157-3158	5	
28-4	3158-3159	.	
28-5	3160-3167	gününde	
28-6	3168-3172	ateş	
28-7	3173-3179	yanıtı	
28-8	3180-3188	olmaması	
28-9	3189-3196	üzerine	
28-10	3197-3208	seftriakson	
28-11	3209-3212	2x1	
28-12	3213-3215	gr	
28-13	3215-3216	/	
28-14	3216-3218	iv	
28-15	3218-3219	/	
28-16	3219-3222	gün	
28-17	3223-3233	tedavisine	
28-18	3234-3241	geçildi	
28-19	3242-3244	ve	
28-20	3245-3247	bu	
28-21	3248-3257	tedavinin	
28-22	3258-3259	4	
28-23	3259-3260	.	
28-24	3261-3268	gününde	
28-25	3269-3276	düzelme	
28-26	3277-3284	görüldü	
28-27	3284-3285	.	

#Text=Kontrol doppler USG’de trombotik lezyonlarda belirgin regresyon izlendi.
29-1	3286-3293	Kontrol	
29-2	3294-3301	doppler	
29-3	3302-3305	USG	
29-4	3305-3306	’	
29-5	3306-3308	de	
29-6	3309-3318	trombotik	
29-7	3319-3330	lezyonlarda	
29-8	3331-3339	belirgin	
29-9	3340-3349	regresyon	
29-10	3350-3357	izlendi	
29-11	3357-3358	.	

#Text=Seftriakson tedavisinin 9. gününde (yatışının 22. gününde) klinik ve laboratuvar değerlerinde belirgin düzelme görülen olgu seftriakson (intravenöz olarak iki haftaya tamamlanacak şekilde) ve anti-trombotik ile taburcu edildi.
30-1	3359-3370	Seftriakson	
30-2	3371-3382	tedavisinin	
30-3	3383-3384	9	
30-4	3384-3385	.	
30-5	3386-3393	gününde	
30-6	3394-3395	(	
30-7	3395-3404	yatışının	
30-8	3405-3407	22	
30-9	3407-3408	.	
30-10	3409-3416	gününde	
30-11	3416-3417	)	
30-12	3418-3424	klinik	
30-13	3425-3427	ve	
30-14	3428-3439	laboratuvar	
30-15	3440-3452	değerlerinde	
30-16	3453-3461	belirgin	
30-17	3462-3469	düzelme	
30-18	3470-3477	görülen	
30-19	3478-3482	olgu	
30-20	3483-3494	seftriakson	
30-21	3495-3496	(	
30-22	3496-3506	intravenöz	
30-23	3507-3513	olarak	
30-24	3514-3517	iki	
30-25	3518-3525	haftaya	
30-26	3526-3538	tamamlanacak	
30-27	3539-3546	şekilde	
30-28	3546-3547	)	
30-29	3548-3550	ve	
30-30	3551-3565	anti-trombotik	
30-31	3566-3569	ile	
30-32	3570-3577	taburcu	
30-33	3578-3584	edildi	
30-34	3584-3585	.	

#Text=Tifo, Gram negatif enterik bakterilerden Salmonella enterica serovar typhi’ye bağlı gelişen sistemik bir hastalıktır.
31-1	3586-3590	Tifo	
31-2	3590-3591	,	
31-3	3592-3596	Gram	
31-4	3597-3604	negatif	
31-5	3605-3612	enterik	
31-6	3613-3626	bakterilerden	
31-7	3627-3637	Salmonella	
31-8	3638-3646	enterica	
31-9	3647-3654	serovar	
31-10	3655-3660	typhi	
31-11	3660-3661	’	
31-12	3661-3663	ye	
31-13	3664-3669	bağlı	
31-14	3670-3677	gelişen	
31-15	3678-3686	sistemik	
31-16	3687-3690	bir	
31-17	3691-3702	hastalıktır	
31-18	3702-3703	.	

#Text=Yiyecek ve su kaynaklı olan bu hastalık tablosu, zayıf hijyen yanısıra nüfusun yoğun olduğu bölgelerde kötü hijyen ile kuvvetle ilişkilidir.
32-1	3704-3711	Yiyecek	
32-2	3712-3714	ve	
32-3	3715-3717	su	
32-4	3718-3726	kaynaklı	
32-5	3727-3731	olan	
32-6	3732-3734	bu	
32-7	3735-3743	hastalık	
32-8	3744-3751	tablosu	
32-9	3751-3752	,	
32-10	3753-3758	zayıf	
32-11	3759-3765	hijyen	
32-12	3766-3774	yanısıra	
32-13	3775-3782	nüfusun	
32-14	3783-3788	yoğun	
32-15	3789-3795	olduğu	
32-16	3796-3806	bölgelerde	
32-17	3807-3811	kötü	
32-18	3812-3818	hijyen	
32-19	3819-3822	ile	
32-20	3823-3831	kuvvetle	
32-21	3832-3843	ilişkilidir	
32-22	3843-3844	.	

#Text=Gelişmekte olan ülkelerde tifo hastalığı önemli bir halk sağlığı sorunu olmaya devam etmekte ve başlıca mortalite ve morbidite nedenlerinden biridir.
33-1	3845-3855	Gelişmekte	
33-2	3856-3860	olan	
33-3	3861-3870	ülkelerde	
33-4	3871-3875	tifo	
33-5	3876-3885	hastalığı	
33-6	3886-3892	önemli	
33-7	3893-3896	bir	
33-8	3897-3901	halk	
33-9	3902-3909	sağlığı	
33-10	3910-3916	sorunu	
33-11	3917-3923	olmaya	
33-12	3924-3929	devam	
33-13	3930-3937	etmekte	
33-14	3938-3940	ve	
33-15	3941-3948	başlıca	
33-16	3949-3958	mortalite	
33-17	3959-3961	ve	
33-18	3962-3971	morbidite	
33-19	3972-3985	nedenlerinden	
33-20	3986-3993	biridir	
33-21	3993-3994	.	

#Text=Tifonun dünyada her yıl, özellikle gelişmekte olan bölgelerde 20 milyondan fazla kişiyi etkilediği tahmin edilmektedir.
34-1	3995-4002	Tifonun	
34-2	4003-4010	dünyada	
34-3	4011-4014	her	
34-4	4015-4018	yıl	
34-5	4018-4019	,	
34-6	4020-4029	özellikle	
34-7	4030-4040	gelişmekte	
34-8	4041-4045	olan	
34-9	4046-4056	bölgelerde	
34-10	4057-4059	20	
34-11	4060-4069	milyondan	
34-12	4070-4075	fazla	
34-13	4076-4082	kişiyi	
34-14	4083-4093	etkilediği	
34-15	4094-4100	tahmin	
34-16	4101-4113	edilmektedir	
34-17	4113-4114	.	

#Text=Ülkemizde ise Sağlık Bakanlığı verilerine göre tifo vakalarında son yıllarda önemli bir düşüş olduğu gözlenmiştir (2008 yılında 2214 tifo vakası bildirilirken 2011 yılında yeni tifo vaka sayısı 123’e gerilemiştir).
35-1	4115-4124	Ülkemizde	
35-2	4125-4128	ise	
35-3	4129-4135	Sağlık	
35-4	4136-4145	Bakanlığı	
35-5	4146-4156	verilerine	
35-6	4157-4161	göre	
35-7	4162-4166	tifo	
35-8	4167-4178	vakalarında	
35-9	4179-4182	son	
35-10	4183-4191	yıllarda	
35-11	4192-4198	önemli	
35-12	4199-4202	bir	
35-13	4203-4208	düşüş	
35-14	4209-4215	olduğu	
35-15	4216-4228	gözlenmiştir	
35-16	4229-4230	(	
35-17	4230-4234	2008	
35-18	4235-4242	yılında	
35-19	4243-4247	2214	
35-20	4248-4252	tifo	
35-21	4253-4259	vakası	
35-22	4260-4273	bildirilirken	
35-23	4274-4278	2011	
35-24	4279-4286	yılında	
35-25	4287-4291	yeni	
35-26	4292-4296	tifo	
35-27	4297-4301	vaka	
35-28	4302-4308	sayısı	
35-29	4309-4312	123	
35-30	4312-4313	’	
35-31	4313-4314	e	
35-32	4315-4327	gerilemiştir	
35-33	4327-4328	)	
35-34	4328-4329	.	

#Text=Tifo 11-30 yaş arası büyük çocuk ve genç erişkinlerde daha sık görülmektedir.
36-1	4330-4334	Tifo	
36-2	4335-4337	11	
36-3	4337-4338	-	
36-4	4338-4340	30	
36-5	4341-4344	yaş	
36-6	4345-4350	arası	
36-7	4351-4356	büyük	
36-8	4357-4362	çocuk	
36-9	4363-4365	ve	
36-10	4366-4370	genç	
36-11	4371-4383	erişkinlerde	
36-12	4384-4388	daha	
36-13	4389-4392	sık	
36-14	4393-4406	görülmektedir	
36-15	4406-4407	.	

#Text=İnkübasyon süresi genel olarak 7-14 gün arasında olup, 60 güne uzayabilen hastalığın klinik görünümü ve ciddiyeti çok değişkenlik göstermektedir.
37-1	4408-4418	İnkübasyon	
37-2	4419-4425	süresi	
37-3	4426-4431	genel	
37-4	4432-4438	olarak	
37-5	4439-4440	7	
37-6	4440-4441	-	
37-7	4441-4443	14	
37-8	4444-4447	gün	
37-9	4448-4456	arasında	
37-10	4457-4461	olup	
37-11	4461-4462	,	
37-12	4463-4465	60	
37-13	4466-4470	güne	
37-14	4471-4481	uzayabilen	
37-15	4482-4492	hastalığın	
37-16	4493-4499	klinik	
37-17	4500-4508	görünümü	
37-18	4509-4511	ve	
37-19	4512-4521	ciddiyeti	
37-20	4522-4525	çok	
37-21	4526-4537	değişkenlik	
37-22	4538-4552	göstermektedir	
37-23	4552-4553	.	

#Text=Ateş, grip benzeri semptomlar, baş ağrısı, kuru öksürük, kırgınlık, iştahsızlık, bulantı ve miyalji en sık görülen semptomlardır.
38-1	4554-4558	Ateş	
38-2	4558-4559	,	
38-3	4560-4564	grip	
38-4	4565-4572	benzeri	
38-5	4573-4583	semptomlar	
38-6	4583-4584	,	
38-7	4585-4588	baş	
38-8	4589-4595	ağrısı	
38-9	4595-4596	,	
38-10	4597-4601	kuru	
38-11	4602-4609	öksürük	
38-12	4609-4610	,	
38-13	4611-4620	kırgınlık	
38-14	4620-4621	,	
38-15	4622-4633	iştahsızlık	
38-16	4633-4634	,	
38-17	4635-4642	bulantı	
38-18	4643-4645	ve	
38-19	4646-4653	miyalji	
38-20	4654-4656	en	
38-21	4657-4660	sık	
38-22	4661-4668	görülen	
38-23	4669-4682	semptomlardır	
38-24	4682-4683	.	

#Text=Klasik hastalık periyodu dört hafta olup, hastalığın ilk haftasında yüksek ateş, kabızlık, toksemi, ikinci haftasında diyare, üçüncü haftasında splenomegali, nötropeni, lökopeni, ensefalopati, intestinal hemoraji ve intestinal perforasyon gibi bulgu ve komplikasyonların görülmesi tipiktir.
39-1	4684-4690	Klasik	
39-2	4691-4699	hastalık	
39-3	4700-4708	periyodu	
39-4	4709-4713	dört	
39-5	4714-4719	hafta	
39-6	4720-4724	olup	
39-7	4724-4725	,	
39-8	4726-4736	hastalığın	
39-9	4737-4740	ilk	
39-10	4741-4751	haftasında	
39-11	4752-4758	yüksek	
39-12	4759-4763	ateş	
39-13	4763-4764	,	
39-14	4765-4773	kabızlık	
39-15	4773-4774	,	
39-16	4775-4782	toksemi	
39-17	4782-4783	,	
39-18	4784-4790	ikinci	
39-19	4791-4801	haftasında	
39-20	4802-4808	diyare	
39-21	4808-4809	,	
39-22	4810-4816	üçüncü	
39-23	4817-4827	haftasında	
39-24	4828-4840	splenomegali	
39-25	4840-4841	,	
39-26	4842-4851	nötropeni	
39-27	4851-4852	,	
39-28	4853-4861	lökopeni	
39-29	4861-4862	,	
39-30	4863-4875	ensefalopati	
39-31	4875-4876	,	
39-32	4877-4887	intestinal	
39-33	4888-4896	hemoraji	
39-34	4897-4899	ve	
39-35	4900-4910	intestinal	
39-36	4911-4922	perforasyon	
39-37	4923-4927	gibi	
39-38	4928-4933	bulgu	
39-39	4934-4936	ve	
39-40	4937-4954	komplikasyonların	
39-41	4955-4964	görülmesi	
39-42	4965-4973	tipiktir	
39-43	4973-4974	.	

#Text=Venöz tromboz, antibiyotik döneminden önce genellikle hastalığın dördüncü haftasında gelişen ve görülen sık bir komplikasyondu.
40-1	4975-4980	Venöz	
40-2	4981-4988	tromboz	
40-3	4988-4989	,	
40-4	4990-5001	antibiyotik	
40-5	5002-5012	döneminden	
40-6	5013-5017	önce	
40-7	5018-5028	genellikle	
40-8	5029-5039	hastalığın	
40-9	5040-5048	dördüncü	
40-10	5049-5059	haftasında	
40-11	5060-5067	gelişen	
40-12	5068-5070	ve	
40-13	5071-5078	görülen	
40-14	5079-5082	sık	
40-15	5083-5086	bir	
40-16	5087-5101	komplikasyondu	
40-17	5101-5102	.	

#Text=Dehidratasyon ve uzun süre yatakta yatmanın tromboz gelişimine yol açtığı düşünülmekteydi; fakat bazı olgularda Salmonella typhi pıhtıdan da izole edilmiştir.
41-1	5103-5116	Dehidratasyon	
41-2	5117-5119	ve	
41-3	5120-5124	uzun	
41-4	5125-5129	süre	
41-5	5130-5137	yatakta	
41-6	5138-5146	yatmanın	
41-7	5147-5154	tromboz	
41-8	5155-5165	gelişimine	
41-9	5166-5169	yol	
41-10	5170-5176	açtığı	
41-11	5177-5192	düşünülmekteydi	
41-12	5192-5193	;	
41-13	5194-5199	fakat	
41-14	5200-5204	bazı	
41-15	5205-5214	olgularda	
41-16	5215-5225	Salmonella	
41-17	5226-5231	typhi	
41-18	5232-5240	pıhtıdan	
41-19	5241-5243	da	
41-20	5244-5249	izole	
41-21	5250-5260	edilmiştir	
41-22	5260-5261	.	

#Text=Endotoksinin tifo hastalarında görülen hematolojik değişikliklerde ara bulucu olduğu ve aslında koagülasyonun esas indükleyicisi olduğu düşünülmektedir.
42-1	5262-5274	Endotoksinin	
42-2	5275-5279	tifo	
42-3	5280-5292	hastalarında	
42-4	5293-5300	görülen	
42-5	5301-5312	hematolojik	
42-6	5313-5328	değişikliklerde	
42-7	5329-5332	ara	
42-8	5333-5339	bulucu	
42-9	5340-5346	olduğu	
42-10	5347-5349	ve	
42-11	5350-5357	aslında	
42-12	5358-5371	koagülasyonun	
42-13	5372-5376	esas	
42-14	5377-5390	indükleyicisi	
42-15	5391-5397	olduğu	
42-16	5398-5413	düşünülmektedir	
42-17	5413-5414	.	

#Text=Akut enfeksiyon, koagülasyonun sistemik aktivasyonu ile sonuçlanabilir.
43-1	5415-5419	Akut	
43-2	5420-5430	enfeksiyon	
43-3	5430-5431	,	
43-4	5432-5445	koagülasyonun	
43-5	5446-5454	sistemik	
43-6	5455-5466	aktivasyonu	
43-7	5467-5470	ile	
43-8	5471-5485	sonuçlanabilir	
43-9	5485-5486	.	

#Text=Tifo ateşinde, enflamasyonun sonucu olarak koagülasyon kaskadının aktivasyonu ve fibrin ürünlerinin birikimi ortaya çıkmaktadır.
44-1	5487-5491	Tifo	
44-2	5492-5500	ateşinde	
44-3	5500-5501	,	
44-4	5502-5515	enflamasyonun	
44-5	5516-5522	sonucu	
44-6	5523-5529	olarak	
44-7	5530-5541	koagülasyon	
44-8	5542-5552	kaskadının	
44-9	5553-5564	aktivasyonu	
44-10	5565-5567	ve	
44-11	5568-5574	fibrin	
44-12	5575-5586	ürünlerinin	
44-13	5587-5595	birikimi	
44-14	5596-5602	ortaya	
44-15	5603-5614	çıkmaktadır	
44-16	5614-5615	.	

#Text=Trombüsün immünolojik fonksiyonları trombositlere bağlıdır.
45-1	5616-5625	Trombüsün	
45-2	5626-5637	immünolojik	
45-3	5638-5651	fonksiyonları	
45-4	5652-5665	trombositlere	
45-5	5666-5674	bağlıdır	
45-6	5674-5675	.	

#Text=Olgumuzda tromboz gelişmeden 3-4 hafta önce semptomları başlandığı öğrenildi ve ilk olarak yüksek ateş, baş ağrısı, halsizlik ve ishal şikayetleri olup ilerleyen günlerde sol bacak ağrısı ve şişliği gelişmesi üzerine yapılan doppler USG görüntülemesinde sol alt ekstemitesinde tromboz saptanmıştı.
46-1	5676-5685	Olgumuzda	
46-2	5686-5693	tromboz	
46-3	5694-5704	gelişmeden	
46-4	5705-5706	3	
46-5	5706-5707	-	
46-6	5707-5708	4	
46-7	5709-5714	hafta	
46-8	5715-5719	önce	
46-9	5720-5731	semptomları	
46-10	5732-5742	başlandığı	
46-11	5743-5752	öğrenildi	
46-12	5753-5755	ve	
46-13	5756-5759	ilk	
46-14	5760-5766	olarak	
46-15	5767-5773	yüksek	
46-16	5774-5778	ateş	
46-17	5778-5779	,	
46-18	5780-5783	baş	
46-19	5784-5790	ağrısı	
46-20	5790-5791	,	
46-21	5792-5801	halsizlik	
46-22	5802-5804	ve	
46-23	5805-5810	ishal	
46-24	5811-5822	şikayetleri	
46-25	5823-5827	olup	
46-26	5828-5837	ilerleyen	
46-27	5838-5846	günlerde	
46-28	5847-5850	sol	
46-29	5851-5856	bacak	
46-30	5857-5863	ağrısı	
46-31	5864-5866	ve	
46-32	5867-5874	şişliği	
46-33	5875-5884	gelişmesi	
46-34	5885-5892	üzerine	
46-35	5893-5900	yapılan	
46-36	5901-5908	doppler	
46-37	5909-5912	USG	
46-38	5913-5929	görüntülemesinde	
46-39	5930-5933	sol	
46-40	5934-5937	alt	
46-41	5938-5952	ekstemitesinde	
46-42	5953-5960	tromboz	
46-43	5961-5972	saptanmıştı	
46-44	5972-5973	.	

#Text=Hastalığın kesin tanısı kan, kemik iliği, idrar ve dışkıdan Salmonella typhi’nin üretilmesi ile konmaktadır.
47-1	5974-5984	Hastalığın	
47-2	5985-5990	kesin	
47-3	5991-5997	tanısı	
47-4	5998-6001	kan	
47-5	6001-6002	,	
47-6	6003-6008	kemik	
47-7	6009-6014	iliği	
47-8	6014-6015	,	
47-9	6016-6021	idrar	
47-10	6022-6024	ve	
47-11	6025-6033	dışkıdan	
47-12	6034-6044	Salmonella	
47-13	6045-6050	typhi	
47-14	6050-6051	’	
47-15	6051-6054	nin	
47-16	6055-6065	üretilmesi	
47-17	6066-6069	ile	
47-18	6070-6081	konmaktadır	
47-19	6081-6082	.	

#Text=Birden fazla alınan kan kültüründen etkenin izole edilme oranı %73-93’e kadar çıkabilmektedir.
48-1	6083-6089	Birden	
48-2	6090-6095	fazla	
48-3	6096-6102	alınan	
48-4	6103-6106	kan	
48-5	6107-6118	kültüründen	
48-6	6119-6126	etkenin	
48-7	6127-6132	izole	
48-8	6133-6139	edilme	
48-9	6140-6145	oranı	
48-10	6146-6147	%	
48-11	6147-6149	73	
48-12	6149-6150	-	
48-13	6150-6152	93	
48-14	6152-6153	’	
48-15	6153-6154	e	
48-16	6155-6160	kadar	
48-17	6161-6176	çıkabilmektedir	
48-18	6176-6177	.	

#Text=Bu oran, hastalığın üçüncü haftasında %50, antibiyotik alan hastalarda ise %40’a kadar düşebilir.
49-1	6178-6180	Bu	
49-2	6181-6185	oran	
49-3	6185-6186	,	
49-4	6187-6197	hastalığın	
49-5	6198-6204	üçüncü	
49-6	6205-6215	haftasında	
49-7	6216-6217	%	
49-8	6217-6219	50	
49-9	6219-6220	,	
49-10	6221-6232	antibiyotik	
49-11	6233-6237	alan	
49-12	6238-6248	hastalarda	
49-13	6249-6252	ise	
49-14	6253-6254	%	
49-15	6254-6256	40	
49-16	6256-6257	’	
49-17	6257-6258	a	
49-18	6259-6264	kadar	
49-19	6265-6274	düşebilir	
49-20	6274-6275	.	

#Text=Baran ve ark yaptığı çalışmada daha önceden antibiyotik tedavisi almış (sevk edildiği merkezde tedavi uygulanmış) olguların %17’sinde, antibiyotik tedavisi verilmeden kan kültürü alınmış olguların %78’inde kan kültürü pozitifliği saptamışlardır.
50-1	6276-6281	Baran	
50-2	6282-6284	ve	
50-3	6285-6288	ark	
50-4	6289-6296	yaptığı	
50-5	6297-6306	çalışmada	
50-6	6307-6311	daha	
50-7	6312-6319	önceden	
50-8	6320-6331	antibiyotik	
50-9	6332-6340	tedavisi	
50-10	6341-6346	almış	
50-11	6347-6348	(	
50-12	6348-6352	sevk	
50-13	6353-6361	edildiği	
50-14	6362-6370	merkezde	
50-15	6371-6377	tedavi	
50-16	6378-6388	uygulanmış	
50-17	6388-6389	)	
50-18	6390-6399	olguların	
50-19	6400-6401	%	
50-20	6401-6403	17	
50-21	6403-6404	’	
50-22	6404-6409	sinde	
50-23	6409-6410	,	
50-24	6411-6422	antibiyotik	
50-25	6423-6431	tedavisi	
50-26	6432-6442	verilmeden	
50-27	6443-6446	kan	
50-28	6447-6454	kültürü	
50-29	6455-6462	alınmış	
50-30	6463-6472	olguların	
50-31	6473-6474	%	
50-32	6474-6476	78	
50-33	6476-6477	’	
50-34	6477-6481	inde	
50-35	6482-6485	kan	
50-36	6486-6493	kültürü	
50-37	6494-6505	pozitifliği	
50-38	6506-6520	saptamışlardır	
50-39	6520-6521	.	

#Text=Olgumuzun ateş yüksekliğinin devam etmesi üzerine tekrarlanan kan kültürlerinde Salmonella typhi üremesi görüldü.
51-1	6522-6531	Olgumuzun	
51-2	6532-6536	ateş	
51-3	6537-6550	yüksekliğinin	
51-4	6551-6556	devam	
51-5	6557-6563	etmesi	
51-6	6564-6571	üzerine	
51-7	6572-6583	tekrarlanan	
51-8	6584-6587	kan	
51-9	6588-6601	kültürlerinde	
51-10	6602-6612	Salmonella	
51-11	6613-6618	typhi	
51-12	6619-6626	üremesi	
51-13	6627-6634	görüldü	
51-14	6634-6635	.	

#Text=Gruber widal, tanısal değeri sınırlı olsa da gelişmekte olan ülkelerde yaygın olarak kullanılan, kullanımı basit ve ucuz bir testtir.
52-1	6636-6642	Gruber	
52-2	6643-6648	widal	
52-3	6648-6649	,	
52-4	6650-6657	tanısal	
52-5	6658-6664	değeri	
52-6	6665-6672	sınırlı	
52-7	6673-6677	olsa	
52-8	6678-6680	da	
52-9	6681-6691	gelişmekte	
52-10	6692-6696	olan	
52-11	6697-6706	ülkelerde	
52-12	6707-6713	yaygın	
52-13	6714-6720	olarak	
52-14	6721-6731	kullanılan	
52-15	6731-6732	,	
52-16	6733-6742	kullanımı	
52-17	6743-6748	basit	
52-18	6749-6751	ve	
52-19	6752-6756	ucuz	
52-20	6757-6760	bir	
52-21	6761-6768	testtir	
52-22	6768-6769	.	

#Text=Bununla birlikte testin standardizasyon eksikliği, özgüllüğünün düşük olması ve uygun olmayan sonuçların yorumlanması gibi sorunları da mevcuttur.
53-1	6770-6777	Bununla	
53-2	6778-6786	birlikte	
53-3	6787-6793	testin	
53-4	6794-6809	standardizasyon	
53-5	6810-6819	eksikliği	
53-6	6819-6820	,	
53-7	6821-6833	özgüllüğünün	
53-8	6834-6839	düşük	
53-9	6840-6846	olması	
53-10	6847-6849	ve	
53-11	6850-6855	uygun	
53-12	6856-6863	olmayan	
53-13	6864-6874	sonuçların	
53-14	6875-6887	yorumlanması	
53-15	6888-6892	gibi	
53-16	6893-6902	sorunları	
53-17	6903-6905	da	
53-18	6906-6915	mevcuttur	
53-19	6915-6916	.	

#Text=Ayrıca endemik bölgelerde normal popülasyonda da düşük titrede antikor pozitifliği olması, pozitif sonuçlar için uygun cut-off noktasının belirlenmesini zorlaştırmaktadır.
54-1	6917-6923	Ayrıca	
54-2	6924-6931	endemik	
54-3	6932-6942	bölgelerde	
54-4	6943-6949	normal	
54-5	6950-6962	popülasyonda	
54-6	6963-6965	da	
54-7	6966-6971	düşük	
54-8	6972-6979	titrede	
54-9	6980-6987	antikor	
54-10	6988-6999	pozitifliği	
54-11	7000-7006	olması	
54-12	7006-7007	,	
54-13	7008-7015	pozitif	
54-14	7016-7024	sonuçlar	
54-15	7025-7029	için	
54-16	7030-7035	uygun	
54-17	7036-7043	cut-off	
54-18	7044-7054	noktasının	
54-19	7055-7069	belirlenmesini	
54-20	7070-7087	zorlaştırmaktadır	
54-21	7087-7088	.	

#Text=Enterik ateş tanısını koymak amacıyla widal test sonuçlarının doğru bir şekilde yorumlanması, her ülkenin uygun titreyi belirlemesini gerektirir.
55-1	7089-7096	Enterik	
55-2	7097-7101	ateş	
55-3	7102-7110	tanısını	
55-4	7111-7117	koymak	
55-5	7118-7126	amacıyla	
55-6	7127-7132	widal	
55-7	7133-7137	test	
55-8	7138-7150	sonuçlarının	
55-9	7151-7156	doğru	
55-10	7157-7160	bir	
55-11	7161-7168	şekilde	
55-12	7169-7181	yorumlanması	
55-13	7181-7182	,	
55-14	7183-7186	her	
55-15	7187-7194	ülkenin	
55-16	7195-7200	uygun	
55-17	7201-7208	titreyi	
55-18	7209-7222	belirlemesini	
55-19	7223-7233	gerektirir	
55-20	7233-7234	.	

#Text=Olgumuzun bakılan Widal testi negatif olarak sonuçlanmıştı.
56-1	7235-7244	Olgumuzun	
56-2	7245-7252	bakılan	
56-3	7253-7258	Widal	
56-4	7259-7264	testi	
56-5	7265-7272	negatif	
56-6	7273-7279	olarak	
56-7	7280-7293	sonuçlanmıştı	
56-8	7293-7294	.	

#Text=Olgumuzda da görüldüğü üzere Widal test negatifliği tifo tanısını ekarte ettirmemektedir.
57-1	7295-7304	Olgumuzda	
57-2	7305-7307	da	
57-3	7308-7317	görüldüğü	
57-4	7318-7323	üzere	
57-5	7324-7329	Widal	
57-6	7330-7334	test	
57-7	7335-7346	negatifliği	
57-8	7347-7351	tifo	
57-9	7352-7360	tanısını	
57-10	7361-7367	ekarte	
57-11	7368-7383	ettirmemektedir	
57-12	7383-7384	.	

#Text=Testin duyarlılığı ve özgüllüğü düşüktür.
58-1	7385-7391	Testin	
58-2	7392-7403	duyarlılığı	
58-3	7404-7406	ve	
58-4	7407-7416	özgüllüğü	
58-5	7417-7425	düşüktür	
58-6	7425-7426	.	

#Text=Tanı alan hastaların bir bölümünde antikor seviyesinde artış görülmemektedir.
59-1	7427-7431	Tanı	
59-2	7432-7436	alan	
59-3	7437-7447	hastaların	
59-4	7448-7451	bir	
59-5	7452-7461	bölümünde	
59-6	7462-7469	antikor	
59-7	7470-7481	seviyesinde	
59-8	7482-7487	artış	
59-9	7488-7503	görülmemektedir	
59-10	7503-7504	.	

#Text=Hastaların çoğunda laboratuvar bulgusu olarak lökopeni, eritrosit sedimantasyon hızında artış saptanırken, fiziki muayene bulgularında yüksek ateş, splenomegali, hepatomegali ve rölatif bradikardi saptanabilir.
60-1	7505-7515	Hastaların	
60-2	7516-7523	çoğunda	
60-3	7524-7535	laboratuvar	
60-4	7536-7543	bulgusu	
60-5	7544-7550	olarak	
60-6	7551-7559	lökopeni	
60-7	7559-7560	,	
60-8	7561-7570	eritrosit	
60-9	7571-7584	sedimantasyon	
60-10	7585-7592	hızında	
60-11	7593-7598	artış	
60-12	7599-7610	saptanırken	
60-13	7610-7611	,	
60-14	7612-7618	fiziki	
60-15	7619-7626	muayene	
60-16	7627-7639	bulgularında	
60-17	7640-7646	yüksek	
60-18	7647-7651	ateş	
60-19	7651-7652	,	
60-20	7653-7665	splenomegali	
60-21	7665-7666	,	
60-22	7667-7679	hepatomegali	
60-23	7680-7682	ve	
60-24	7683-7690	rölatif	
60-25	7691-7701	bradikardi	
60-26	7702-7714	saptanabilir	
60-27	7714-7715	.	

#Text=Baran ve ark yaptığı çalışmada olguların %66,7’sinde hepatomegali, %57,1’sinde splenomegali, %33,3’ünde lökopeni, %9,5’inde anemi, %42,9’ünde trombositopeni, %52,4’ünde ALT yüksekliği, %76,2’sinde AST yüksekliği, %100’ünde CRP yüksekliği, %90,5’inde sedimentasyon yüksekliği saptamışlardır.
61-1	7716-7721	Baran	
61-2	7722-7724	ve	
61-3	7725-7728	ark	
61-4	7729-7736	yaptığı	
61-5	7737-7746	çalışmada	
61-6	7747-7756	olguların	
61-7	7757-7758	%	
61-8	7758-7762	66,7	
61-9	7762-7763	’	
61-10	7763-7768	sinde	
61-11	7769-7781	hepatomegali	
61-12	7781-7782	,	
61-13	7783-7784	%	
61-14	7784-7788	57,1	
61-15	7788-7789	’	
61-16	7789-7794	sinde	
61-17	7795-7807	splenomegali	
61-18	7807-7808	,	
61-19	7809-7810	%	
61-20	7810-7814	33,3	
61-21	7814-7815	’	
61-22	7815-7819	ünde	
61-23	7820-7828	lökopeni	
61-24	7828-7829	,	
61-25	7830-7831	%	
61-26	7831-7834	9,5	
61-27	7834-7835	’	
61-28	7835-7839	inde	
61-29	7840-7845	anemi	
61-30	7845-7846	,	
61-31	7847-7848	%	
61-32	7848-7852	42,9	
61-33	7852-7853	’	
61-34	7853-7857	ünde	
61-35	7858-7872	trombositopeni	
61-36	7872-7873	,	
61-37	7874-7875	%	
61-38	7875-7879	52,4	
61-39	7879-7880	’	
61-40	7880-7884	ünde	
61-41	7885-7888	ALT	
61-42	7889-7899	yüksekliği	
61-43	7899-7900	,	
61-44	7901-7902	%	
61-45	7902-7906	76,2	
61-46	7906-7907	’	
61-47	7907-7912	sinde	
61-48	7913-7916	AST	
61-49	7917-7927	yüksekliği	
61-50	7927-7928	,	
61-51	7929-7930	%	
61-52	7930-7933	100	
61-53	7933-7934	’	
61-54	7934-7938	ünde	
61-55	7939-7942	CRP	
61-56	7943-7953	yüksekliği	
61-57	7953-7954	,	
61-58	7955-7956	%	
61-59	7956-7960	90,5	
61-60	7960-7961	’	
61-61	7961-7965	inde	
61-62	7966-7979	sedimentasyon	
61-63	7980-7990	yüksekliği	
61-64	7991-8005	saptamışlardır	
61-65	8005-8006	.	

#Text=Olgumuzun fizik muayenesinde yüksek ateş, hipotansiyon, taşikardi, hepatomegali ve splenomegali vardı.
62-1	8007-8016	Olgumuzun	
62-2	8017-8022	fizik	
62-3	8023-8035	muayenesinde	
62-4	8036-8042	yüksek	
62-5	8043-8047	ateş	
62-6	8047-8048	,	
62-7	8049-8061	hipotansiyon	
62-8	8061-8062	,	
62-9	8063-8072	taşikardi	
62-10	8072-8073	,	
62-11	8074-8086	hepatomegali	
62-12	8087-8089	ve	
62-13	8090-8102	splenomegali	
62-14	8103-8108	vardı	
62-15	8108-8109	.	

#Text=Laboratuvar tetkiklerinde ise ALT, AST, d-dimer ve CRP yüksekliği mevcuttu.
63-1	8110-8121	Laboratuvar	
63-2	8122-8135	tetkiklerinde	
63-3	8136-8139	ise	
63-4	8140-8143	ALT	
63-5	8143-8144	,	
63-6	8145-8148	AST	
63-7	8148-8149	,	
63-8	8150-8157	d-dimer	
63-9	8158-8160	ve	
63-10	8161-8164	CRP	
63-11	8165-8175	yüksekliği	
63-12	8176-8184	mevcuttu	
63-13	8184-8185	.	

#Text=Kloramfenikol, trimethoprim-sulfametoksazol ve ampisillin yıllarca tifo hastalığının tedavisinde kullanılmıştır; fakat direnç gelişiminden dolayı artık kullanılmamaktadır.
64-1	8186-8199	Kloramfenikol	
64-2	8199-8200	,	
64-3	8201-8229	trimethoprim-sulfametoksazol	
64-4	8230-8232	ve	
64-5	8233-8243	ampisillin	
64-6	8244-8252	yıllarca	
64-7	8253-8257	tifo	
64-8	8258-8270	hastalığının	
64-9	8271-8282	tedavisinde	
64-10	8283-8297	kullanılmıştır	
64-11	8297-8298	;	
64-12	8299-8304	fakat	
64-13	8305-8311	direnç	
64-14	8312-8324	gelişiminden	
64-15	8325-8331	dolayı	
64-16	8332-8337	artık	
64-17	8338-8356	kullanılmamaktadır	
64-18	8356-8357	.	

#Text=Siprofloksasin ve ofloksasin gibi florokinolonlar seftriaksona tercih edilen ilaçlardır.
65-1	8358-8372	Siprofloksasin	
65-2	8373-8375	ve	
65-3	8376-8386	ofloksasin	
65-4	8387-8391	gibi	
65-5	8392-8407	florokinolonlar	
65-6	8408-8420	seftriaksona	
65-7	8421-8427	tercih	
65-8	8428-8434	edilen	
65-9	8435-8445	ilaçlardır	
65-10	8445-8446	.	

#Text=Ne yazık ki, florokinolonlara dirençli Salmonella typhi suşlarının ortaya çıkması artan tedavi başarısızlığına, hastalık şiddetine ve hatta ölümlere neden olmaktadır.
66-1	8447-8449	Ne	
66-2	8450-8455	yazık	
66-3	8456-8458	ki	
66-4	8458-8459	,	
66-5	8460-8476	florokinolonlara	
66-6	8477-8485	dirençli	
66-7	8486-8496	Salmonella	
66-8	8497-8502	typhi	
66-9	8503-8513	suşlarının	
66-10	8514-8520	ortaya	
66-11	8521-8528	çıkması	
66-12	8529-8534	artan	
66-13	8535-8541	tedavi	
66-14	8542-8557	başarısızlığına	
66-15	8557-8558	,	
66-16	8559-8567	hastalık	
66-17	8568-8577	şiddetine	
66-18	8578-8580	ve	
66-19	8581-8586	hatta	
66-20	8587-8595	ölümlere	
66-21	8596-8601	neden	
66-22	8602-8612	olmaktadır	
66-23	8612-8613	.	

#Text=Beş Asya ülkesini kapsayan prospektif bir çalışmada multidrug rezistan (MDR) (kloramfenikol, ampisilin, trimetoprim-sulfametoksazol) oranı 23% bulunmuştur.
67-1	8614-8617	Beş	
67-2	8618-8622	Asya	
67-3	8623-8631	ülkesini	
67-4	8632-8640	kapsayan	
67-5	8641-8651	prospektif	
67-6	8652-8655	bir	
67-7	8656-8665	çalışmada	
67-8	8666-8675	multidrug	
67-9	8676-8684	rezistan	
67-10	8685-8686	(	
67-11	8686-8689	MDR	
67-12	8689-8690	)	
67-13	8691-8692	(	
67-14	8692-8705	kloramfenikol	
67-15	8705-8706	,	
67-16	8707-8716	ampisilin	
67-17	8716-8717	,	
67-18	8718-8745	trimetoprim-sulfametoksazol	
67-19	8745-8746	)	
67-20	8747-8752	oranı	
67-21	8753-8756	23%	
67-22	8757-8768	bulunmuştur	
67-23	8768-8769	.	

#Text=Olgumuza da tifo teşhisi konduktan sonra ilk olarak siprofloksasin başlanmış klinik ve laboratuvar tetkiklerinde düzelme görülmemesi üzerine tedavisi seftriakson olarak revize edilmiş ve fayda sağlanmıştır.
68-1	8770-8778	Olgumuza	
68-2	8779-8781	da	
68-3	8782-8786	tifo	
68-4	8787-8794	teşhisi	
68-5	8795-8804	konduktan	
68-6	8805-8810	sonra	
68-7	8811-8814	ilk	
68-8	8815-8821	olarak	
68-9	8822-8836	siprofloksasin	
68-10	8837-8846	başlanmış	
68-11	8847-8853	klinik	
68-12	8854-8856	ve	
68-13	8857-8868	laboratuvar	
68-14	8869-8882	tetkiklerinde	
68-15	8883-8890	düzelme	
68-16	8891-8902	görülmemesi	
68-17	8903-8910	üzerine	
68-18	8911-8919	tedavisi	
68-19	8920-8931	seftriakson	
68-20	8932-8938	olarak	
68-21	8939-8945	revize	
68-22	8946-8953	edilmiş	
68-23	8954-8956	ve	
68-24	8957-8962	fayda	
68-25	8963-8975	sağlanmıştır	
68-26	8975-8976	.	

#Text=Olgumuzun kültür antibiyogramında siprofloksasine karşı direnç olmamasına rağmen klinik belirti ve bulgularında düzelme olmaması siprofloksasine karşı azalmış duyarlılıkla veya tromboz ile komplike olmasından ötürü klinik iyileşmenin uzun sürebileceğiyle ilişkili olabileceği düşünüldü.
69-1	8977-8986	Olgumuzun	
69-2	8987-8993	kültür	
69-3	8994-9010	antibiyogramında	
69-4	9011-9026	siprofloksasine	
69-5	9027-9032	karşı	
69-6	9033-9039	direnç	
69-7	9040-9050	olmamasına	
69-8	9051-9057	rağmen	
69-9	9058-9064	klinik	
69-10	9065-9072	belirti	
69-11	9073-9075	ve	
69-12	9076-9088	bulgularında	
69-13	9089-9096	düzelme	
69-14	9097-9105	olmaması	
69-15	9106-9121	siprofloksasine	
69-16	9122-9127	karşı	
69-17	9128-9135	azalmış	
69-18	9136-9148	duyarlılıkla	
69-19	9149-9153	veya	
69-20	9154-9161	tromboz	
69-21	9162-9165	ile	
69-22	9166-9174	komplike	
69-23	9175-9185	olmasından	
69-24	9186-9191	ötürü	
69-25	9192-9198	klinik	
69-26	9199-9210	iyileşmenin	
69-27	9211-9215	uzun	
69-28	9216-9231	sürebileceğiyle	
69-29	9232-9240	ilişkili	
69-30	9241-9252	olabileceği	
69-31	9253-9262	düşünüldü	
69-32	9262-9263	.	

#Text=Tifo, ülkemizde endemik olarak görülen multisistem tutulumu gösterebilen bir hastalıktır.
70-1	9264-9268	Tifo	
70-2	9268-9269	,	
70-3	9270-9279	ülkemizde	
70-4	9280-9287	endemik	
70-5	9288-9294	olarak	
70-6	9295-9302	görülen	
70-7	9303-9314	multisistem	
70-8	9315-9323	tutulumu	
70-9	9324-9336	gösterebilen	
70-10	9337-9340	bir	
70-11	9341-9352	hastalıktır	
70-12	9352-9353	.	

#Text=Tifo hastalığında erken ve uygun antibiyoterapi ile komplikasyonların görülme sıklığı ve mortalite belirgin bir şekilde azalmıştır.
71-1	9354-9358	Tifo	
71-2	9359-9371	hastalığında	
71-3	9372-9377	erken	
71-4	9378-9380	ve	
71-5	9381-9386	uygun	
71-6	9387-9401	antibiyoterapi	
71-7	9402-9405	ile	
71-8	9406-9423	komplikasyonların	
71-9	9424-9431	görülme	
71-10	9432-9439	sıklığı	
71-11	9440-9442	ve	
71-12	9443-9452	mortalite	
71-13	9453-9461	belirgin	
71-14	9462-9465	bir	
71-15	9466-9473	şekilde	
71-16	9474-9484	azalmıştır	
71-17	9484-9485	.	

#Text=Derin ven trombozu eski dönemlere nazaran nadir görülen bir komplikasyondur.
72-1	9486-9491	Derin	
72-2	9492-9495	ven	
72-3	9496-9504	trombozu	
72-4	9505-9509	eski	
72-5	9510-9519	dönemlere	
72-6	9520-9527	nazaran	
72-7	9528-9533	nadir	
72-8	9534-9541	görülen	
72-9	9542-9545	bir	
72-10	9546-9561	komplikasyondur	
72-11	9561-9562	.	

#Text=Derin ven trombozu nedeniyle takip edilen olgularda tifo hastalığının da etiyolojik nedenlerden birinin olabileceğinin akılda tutulması, erken medikal tedavi uygulanması ve gerekli vakalarda cerrahi tedavi uygulanması uygun bir yaklaşımdır.
73-1	9563-9568	Derin	
73-2	9569-9572	ven	
73-3	9573-9581	trombozu	
73-4	9582-9591	nedeniyle	
73-5	9592-9597	takip	
73-6	9598-9604	edilen	
73-7	9605-9614	olgularda	
73-8	9615-9619	tifo	
73-9	9620-9632	hastalığının	
73-10	9633-9635	da	
73-11	9636-9646	etiyolojik	
73-12	9647-9658	nedenlerden	
73-13	9659-9666	birinin	
73-14	9667-9681	olabileceğinin	
73-15	9682-9688	akılda	
73-16	9689-9698	tutulması	
73-17	9698-9699	,	
73-18	9700-9705	erken	
73-19	9706-9713	medikal	
73-20	9714-9720	tedavi	
73-21	9721-9732	uygulanması	
73-22	9733-9735	ve	
73-23	9736-9743	gerekli	
73-24	9744-9753	vakalarda	
73-25	9754-9761	cerrahi	
73-26	9762-9768	tedavi	
73-27	9769-9780	uygulanması	
73-28	9781-9786	uygun	
73-29	9787-9790	bir	
73-30	9791-9802	yaklaşımdır	
73-31	9802-9803	.	
