#FORMAT=WebAnno TSV 3.3


#Text=ÖZET
1-1	0-4	ÖZET	

#Text=İntramüsküler (IM) enjeksiyon riskli olduğundan, enjeksiyon sağlık eğitimi almış ve insan anatomisini bilen sağlık personeli tarafından yapılmalıdır.
2-1	5-18	İntramüsküler	
2-2	19-20	(	
2-3	20-22	IM	
2-4	22-23	)	
2-5	24-34	enjeksiyon	
2-6	35-41	riskli	
2-7	42-52	olduğundan	
2-8	52-53	,	
2-9	54-64	enjeksiyon	
2-10	65-71	sağlık	
2-11	72-79	eğitimi	
2-12	80-85	almış	
2-13	86-88	ve	
2-14	89-94	insan	
2-15	95-106	anatomisini	
2-16	107-112	bilen	
2-17	113-119	sağlık	
2-18	120-129	personeli	
2-19	130-140	tarafından	
2-20	141-153	yapılmalıdır	
2-21	153-154	.	

#Text=Sıklıkla görülen IM enjeksiyon komplikasyonlarının birçoğu; sağlık personeli olmayan, eğitimsiz ve enjeksiyon tekniğini bilmeyen insanlar tarafından yapılmasından kaynaklanmaktadır.
3-1	155-163	Sıklıkla	
3-2	164-171	görülen	
3-3	172-174	IM	
3-4	175-185	enjeksiyon	
3-5	186-205	komplikasyonlarının	
3-6	206-213	birçoğu	
3-7	213-214	;	
3-8	215-221	sağlık	
3-9	222-231	personeli	
3-10	232-239	olmayan	
3-11	239-240	,	
3-12	241-250	eğitimsiz	
3-13	251-253	ve	
3-14	254-264	enjeksiyon	
3-15	265-274	tekniğini	
3-16	275-283	bilmeyen	
3-17	284-292	insanlar	
3-18	293-303	tarafından	
3-19	304-317	yapılmasından	
3-20	318-335	kaynaklanmaktadır	
3-21	335-336	.	

#Text=A.Ö. 48 yaşında erkek hastaya, 5 ay önce gut hastalığı nedeni ile ağrısı olduğundan evde annesi tarafından diklofenak sodyum ampul enjeksiyonu yapılmış ve sonrasında bu bölgede yara oluşmuştur.
4-1	337-340	A.Ö	
4-2	340-341	.	
4-3	342-344	48	
4-4	345-352	yaşında	
4-5	353-358	erkek	
4-6	359-366	hastaya	
4-7	366-367	,	
4-8	368-369	5	
4-9	370-372	ay	
4-10	373-377	önce	
4-11	378-381	gut	
4-12	382-391	hastalığı	
4-13	392-398	nedeni	
4-14	399-402	ile	
4-15	403-409	ağrısı	
4-16	410-420	olduğundan	
4-17	421-425	evde	
4-18	426-432	annesi	
4-19	433-443	tarafından	
4-20	444-454	diklofenak	
4-21	455-461	sodyum	
4-22	462-467	ampul	
4-23	468-479	enjeksiyonu	
4-24	480-488	yapılmış	
4-25	489-491	ve	
4-26	492-502	sonrasında	
4-27	503-505	bu	
4-28	506-513	bölgede	
4-29	514-518	yara	
4-30	519-529	oluşmuştur	
4-31	529-530	.	

#Text=Hastaya trimetoprim + sulfametoksazol ampul intravenöz (İV) 2*1 ve klasik yara tedavileri uygulanmasına rağmen yara gittikçe büyümüş ve derinleşmiştir.
5-1	532-539	Hastaya	
5-2	540-551	trimetoprim	
5-3	552-553	+	
5-4	554-569	sulfametoksazol	
5-5	570-575	ampul	
5-6	576-586	intravenöz	
5-7	587-588	(	
5-8	588-590	İV	
5-9	590-591	)	
5-10	592-593	2	
5-11	593-594	*	
5-12	594-595	1	
5-13	596-598	ve	
5-14	599-605	klasik	
5-15	606-610	yara	
5-16	611-621	tedavileri	
5-17	622-635	uygulanmasına	
5-18	636-642	rağmen	
5-19	643-647	yara	
5-20	648-656	gittikçe	
5-21	657-664	büyümüş	
5-22	665-667	ve	
5-23	668-682	derinleşmiştir	
5-24	682-683	.	

#Text=Hasta 24.03.2017 tarihinde polikliniğimize başvurduğunda sağ kalça ¼ alt dış kadranında 8x5x2 cm ölçülerinde, enfekte ve pürülan bir yarası vardı.
6-1	684-689	Hasta	
6-2	690-700	24.03.2017	
6-3	701-710	tarihinde	
6-4	711-726	polikliniğimize	
6-5	727-740	başvurduğunda	
6-6	741-744	sağ	
6-7	745-750	kalça	
6-8	751-752	¼	
6-9	753-756	alt	
6-10	757-760	dış	
6-11	761-771	kadranında	
6-12	772-777	8x5x2	
6-13	778-780	cm	
6-14	781-792	ölçülerinde	
6-15	792-793	,	
6-16	794-801	enfekte	
6-17	802-804	ve	
6-18	805-812	pürülan	
6-19	813-816	bir	
6-20	817-823	yarası	
6-21	824-829	vardı	
6-22	829-830	.	

#Text=Yaradan materyal alınarak Tıbbi Mikrobiyoloji laboratuvarına gönderilmiştir.
7-1	831-838	Yaradan	
7-2	839-847	materyal	
7-3	848-856	alınarak	
7-4	857-862	Tıbbi	
7-5	863-876	Mikrobiyoloji	
7-6	877-891	laboratuvarına	
7-7	892-906	gönderilmiştir	
7-8	906-907	.	

#Text=Yaranın büyüklüğüne ve derinliğine göre 500-600 adet Lucilia sericata sinek türüne ait I. evre larvalar yaranın üzerine konulmuştur.
8-1	908-915	Yaranın	
8-2	916-927	büyüklüğüne	
8-3	928-930	ve	
8-4	931-942	derinliğine	
8-5	943-947	göre	
8-6	948-951	500	
8-7	951-952	-	
8-8	952-955	600	
8-9	956-960	adet	
8-10	961-968	Lucilia	
8-11	969-977	sericata	
8-12	978-983	sinek	
8-13	984-990	türüne	
8-14	991-994	ait	
8-15	995-996	I	
8-16	996-997	.	
8-17	998-1002	evre	
8-18	1003-1011	larvalar	
8-19	1012-1019	yaranın	
8-20	1020-1027	üzerine	
8-21	1028-1039	konulmuştur	
8-22	1039-1040	.	

#Text=İlk yara kültüründe Pseudomonas aeruginosa (P. aeruginosa) üremiştir.
9-1	1041-1044	İlk	
9-2	1045-1049	yara	
9-3	1050-1060	kültüründe	
9-4	1061-1072	Pseudomonas	
9-5	1073-1083	aeruginosa	
9-6	1084-1085	(	
9-7	1085-1086	P	
9-8	1086-1087	.	
9-9	1088-1098	aeruginosa	
9-10	1098-1099	)	
9-11	1100-1109	üremiştir	
9-12	1109-1110	.	

#Text=4. seanstan önce alınan materyalde ise Gram pozitif difteroid çomaklar üremiş, P.aeruginosa ürememiştir.
10-1	1111-1112	4	
10-2	1112-1113	.	
10-3	1114-1122	seanstan	
10-4	1123-1127	önce	
10-5	1128-1134	alınan	
10-6	1135-1145	materyalde	
10-7	1146-1149	ise	
10-8	1150-1154	Gram	
10-9	1155-1162	pozitif	
10-10	1163-1172	difteroid	
10-11	1173-1181	çomaklar	
10-12	1182-1188	üremiş	
10-13	1188-1189	,	
10-14	1190-1202	P.aeruginosa	
10-15	1203-1214	ürememiştir	
10-16	1214-1215	.	

#Text=Hastanın yarası 2 ayda 12 seans larva tedavisi ile iyileşmiştir.
11-1	1216-1224	Hastanın	
11-2	1225-1231	yarası	
11-3	1232-1233	2	
11-4	1234-1238	ayda	
11-5	1239-1241	12	
11-6	1242-1247	seans	
11-7	1248-1253	larva	
11-8	1254-1262	tedavisi	
11-9	1263-1266	ile	
11-10	1267-1279	iyileşmiştir	
11-11	1279-1280	.	

#Text=Sonuç olarak; L.sericata larvaları ile yapılan Larva Debridman Tedavisi (LDT) antibiyotiklere dirençli bakteriler ile enfekte olan her türlü iyileşmeyen yaranın tedavisi için seçenek olabilir.
12-1	1281-1286	Sonuç	
12-2	1287-1293	olarak	
12-3	1293-1294	;	
12-4	1295-1305	L.sericata	
12-5	1306-1315	larvaları	
12-6	1316-1319	ile	
12-7	1320-1327	yapılan	
12-8	1328-1333	Larva	
12-9	1334-1343	Debridman	
12-10	1344-1352	Tedavisi	
12-11	1353-1354	(	
12-12	1354-1357	LDT	
12-13	1357-1358	)	
12-14	1359-1374	antibiyotiklere	
12-15	1375-1383	dirençli	
12-16	1384-1394	bakteriler	
12-17	1395-1398	ile	
12-18	1399-1406	enfekte	
12-19	1407-1411	olan	
12-20	1412-1415	her	
12-21	1416-1421	türlü	
12-22	1422-1433	iyileşmeyen	
12-23	1434-1441	yaranın	
12-24	1442-1450	tedavisi	
12-25	1451-1455	için	
12-26	1456-1463	seçenek	
12-27	1464-1472	olabilir	
12-28	1472-1473	.	

#Text=GİRİŞ
13-1	1474-1479	GİRİŞ	

#Text=İlaç uygulama yöntemlerinden bir olan İntramüsküler (İM) enjeksiyon, ilacın kas içerisine verilmesi işlemidir.
14-1	1480-1484	İlaç	
14-2	1485-1493	uygulama	
14-3	1494-1508	yöntemlerinden	
14-4	1509-1512	bir	
14-5	1513-1517	olan	
14-6	1518-1531	İntramüsküler	
14-7	1532-1533	(	
14-8	1533-1535	İM	
14-9	1535-1536	)	
14-10	1537-1547	enjeksiyon	
14-11	1547-1548	,	
14-12	1549-1555	ilacın	
14-13	1556-1559	kas	
14-14	1560-1569	içerisine	
14-15	1570-1579	verilmesi	
14-16	1580-1589	işlemidir	
14-17	1589-1590	.	

#Text=Ancak İM enjeksiyon uygulaması; uygun araç ile, hijyenik koşularda, yeterli bilgi ve beceriye sahip sağlık personeli tarafından yapılmalıdır.
15-1	1591-1596	Ancak	
15-2	1597-1599	İM	
15-3	1600-1610	enjeksiyon	
15-4	1611-1621	uygulaması	
15-5	1621-1622	;	
15-6	1623-1628	uygun	
15-7	1629-1633	araç	
15-8	1634-1637	ile	
15-9	1637-1638	,	
15-10	1639-1647	hijyenik	
15-11	1648-1657	koşularda	
15-12	1657-1658	,	
15-13	1659-1666	yeterli	
15-14	1667-1672	bilgi	
15-15	1673-1675	ve	
15-16	1676-1684	beceriye	
15-17	1685-1690	sahip	
15-18	1691-1697	sağlık	
15-19	1698-1707	personeli	
15-20	1708-1718	tarafından	
15-21	1719-1731	yapılmalıdır	
15-22	1731-1732	.	

#Text=İM enjeksiyon teknik kurallara uyulmadığında veya eğitimli sağlık personeli tarafından yapılmadığında beklenmedik birçok komplikasyona yol açabilir.
16-1	1733-1735	İM	
16-2	1736-1746	enjeksiyon	
16-3	1747-1753	teknik	
16-4	1754-1763	kurallara	
16-5	1764-1777	uyulmadığında	
16-6	1778-1782	veya	
16-7	1783-1791	eğitimli	
16-8	1792-1798	sağlık	
16-9	1799-1808	personeli	
16-10	1809-1819	tarafından	
16-11	1820-1834	yapılmadığında	
16-12	1835-1846	beklenmedik	
16-13	1847-1853	birçok	
16-14	1854-1867	komplikasyona	
16-15	1868-1871	yol	
16-16	1872-1880	açabilir	
16-17	1880-1881	.	

#Text=Eğer İM enjeksiyon, doğru ve sağlık personeli tarafından yapılmamış ise enjeksiyonun yapıldığı yerde; apse, nekroz, doku tahrişi, kontraktür, hematom, kronik ağrı, periostit, enfeksiyon, kemik ve damar yaralanmaları olabilir.
17-1	1882-1886	Eğer	
17-2	1887-1889	İM	
17-3	1890-1900	enjeksiyon	
17-4	1900-1901	,	
17-5	1902-1907	doğru	
17-6	1908-1910	ve	
17-7	1911-1917	sağlık	
17-8	1918-1927	personeli	
17-9	1928-1938	tarafından	
17-10	1939-1949	yapılmamış	
17-11	1950-1953	ise	
17-12	1954-1966	enjeksiyonun	
17-13	1967-1976	yapıldığı	
17-14	1977-1982	yerde	
17-15	1982-1983	;	
17-16	1984-1988	apse	
17-17	1988-1989	,	
17-18	1990-1996	nekroz	
17-19	1996-1997	,	
17-20	1998-2002	doku	
17-21	2003-2010	tahrişi	
17-22	2010-2011	,	
17-23	2012-2022	kontraktür	
17-24	2022-2023	,	
17-25	2024-2031	hematom	
17-26	2031-2032	,	
17-27	2033-2039	kronik	
17-28	2040-2044	ağrı	
17-29	2044-2045	,	
17-30	2046-2055	periostit	
17-31	2055-2056	,	
17-32	2057-2067	enfeksiyon	
17-33	2067-2068	,	
17-34	2069-2074	kemik	
17-35	2075-2077	ve	
17-36	2078-2083	damar	
17-37	2084-2097	yaralanmaları	
17-38	2098-2106	olabilir	
17-39	2106-2107	.	

#Text=Yanlış periferik sinire yakın yapılan ilaç enjeksiyonlarında sinirin devamlılığını bozabilen yaralanmalar olabilmektedir.
18-1	2108-2114	Yanlış	
18-2	2115-2124	periferik	
18-3	2125-2131	sinire	
18-4	2132-2137	yakın	
18-5	2138-2145	yapılan	
18-6	2146-2150	ilaç	
18-7	2151-2168	enjeksiyonlarında	
18-8	2169-2176	sinirin	
18-9	2177-2190	devamlılığını	
18-10	2191-2200	bozabilen	
18-11	2201-2213	yaralanmalar	
18-12	2214-2228	olabilmektedir	
18-13	2228-2229	.	

#Text=Bu tür yaralanmalara en fazla siyatik sinirin bulunduğu kalçanın alt ve iç bölgelerinde rastlanmaktadır.
19-1	2230-2232	Bu	
19-2	2233-2236	tür	
19-3	2237-2250	yaralanmalara	
19-4	2251-2253	en	
19-5	2254-2259	fazla	
19-6	2260-2267	siyatik	
19-7	2268-2275	sinirin	
19-8	2276-2285	bulunduğu	
19-9	2286-2294	kalçanın	
19-10	2295-2298	alt	
19-11	2299-2301	ve	
19-12	2302-2304	iç	
19-13	2305-2317	bölgelerinde	
19-14	2318-2333	rastlanmaktadır	
19-15	2333-2334	.	

#Text=Yanlışlıkla yapılan İM enjeksiyon sonucu oluşan kitlesel lezyon ve skarlar da sinir zedelenmesi ve sakatlık gibi komplikasyonlara yol açabilir.
20-1	2335-2346	Yanlışlıkla	
20-2	2347-2354	yapılan	
20-3	2355-2357	İM	
20-4	2358-2368	enjeksiyon	
20-5	2369-2375	sonucu	
20-6	2376-2382	oluşan	
20-7	2383-2391	kitlesel	
20-8	2392-2398	lezyon	
20-9	2399-2401	ve	
20-10	2402-2409	skarlar	
20-11	2410-2412	da	
20-12	2413-2418	sinir	
20-13	2419-2430	zedelenmesi	
20-14	2431-2433	ve	
20-15	2434-2442	sakatlık	
20-16	2443-2447	gibi	
20-17	2448-2464	komplikasyonlara	
20-18	2465-2468	yol	
20-19	2469-2477	açabilir	
20-20	2477-2478	.	

#Text=İntramüsküler (İM) enjeksiyon sonucu oluşan lezyonların iyileşmesi de oldukça zor olup zaman almaktadır.
21-1	2480-2493	İntramüsküler	
21-2	2494-2495	(	
21-3	2495-2497	İM	
21-4	2497-2498	)	
21-5	2499-2509	enjeksiyon	
21-6	2510-2516	sonucu	
21-7	2517-2523	oluşan	
21-8	2524-2535	lezyonların	
21-9	2536-2546	iyileşmesi	
21-10	2547-2549	de	
21-11	2550-2557	oldukça	
21-12	2558-2561	zor	
21-13	2562-2566	olup	
21-14	2567-2572	zaman	
21-15	2573-2583	almaktadır	
21-16	2583-2584	.	

#Text=Hastaya İM enjeksiyon yapıldıktan sonra, enjeksiyon bölgesinde açılan yaraya altı aydır bilinen klasik tedavilerin uygulanmasına rağmen yara iyileşmemiş, gittikçe büyümüş ve derinleşmiştir.
22-1	2585-2592	Hastaya	
22-2	2593-2595	İM	
22-3	2596-2606	enjeksiyon	
22-4	2607-2618	yapıldıktan	
22-5	2619-2624	sonra	
22-6	2624-2625	,	
22-7	2626-2636	enjeksiyon	
22-8	2637-2647	bölgesinde	
22-9	2648-2654	açılan	
22-10	2655-2661	yaraya	
22-11	2662-2666	altı	
22-12	2667-2672	aydır	
22-13	2673-2680	bilinen	
22-14	2681-2687	klasik	
22-15	2688-2699	tedavilerin	
22-16	2700-2713	uygulanmasına	
22-17	2714-2720	rağmen	
22-18	2721-2725	yara	
22-19	2726-2737	iyileşmemiş	
22-20	2737-2738	,	
22-21	2739-2747	gittikçe	
22-22	2748-2755	büyümüş	
22-23	2756-2758	ve	
22-24	2759-2773	derinleşmiştir	
22-25	2773-2774	.	

#Text=Bunun üzerine polikliniğimize müracaat eden hastanın yarasını Lucilia sericata (L.sericata)'nın larvaları ile tedavi etmeyi planladık.
23-1	2775-2780	Bunun	
23-2	2781-2788	üzerine	
23-3	2789-2804	polikliniğimize	
23-4	2805-2813	müracaat	
23-5	2814-2818	eden	
23-6	2819-2827	hastanın	
23-7	2828-2836	yarasını	
23-8	2837-2844	Lucilia	
23-9	2845-2853	sericata	
23-10	2854-2855	(	
23-11	2855-2865	L.sericata	
23-12	2865-2866	)	
23-13	2866-2867	'	
23-14	2867-2870	nın	
23-15	2871-2880	larvaları	
23-16	2881-2884	ile	
23-17	2885-2891	tedavi	
23-18	2892-2898	etmeyi	
23-19	2899-2908	planladık	
23-20	2908-2909	.	

#Text=Calliphoridae ailesinde yer alan L.sericata türü sinek larvaları sadece ölü dokular ile beslenirler.
24-1	2910-2923	Calliphoridae	
24-2	2924-2933	ailesinde	
24-3	2934-2937	yer	
24-4	2938-2942	alan	
24-5	2943-2953	L.sericata	
24-6	2954-2958	türü	
24-7	2959-2964	sinek	
24-8	2965-2974	larvaları	
24-9	2975-2981	sadece	
24-10	2982-2985	ölü	
24-11	2986-2993	dokular	
24-12	2994-2997	ile	
24-13	2998-3009	beslenirler	
24-14	3009-3010	.	

#Text=Bu özeliklerinden dolayı L.sericata sinek türüne ait larvalar 2007 yılından beri; antibiyotik, hiperbarik oksijen, vakum, klasik tedavi ve cerrahi debridman ile iyileşmeyen yaraların tedavisinde kullanılmaktadır.
25-1	3011-3013	Bu	
25-2	3014-3028	özeliklerinden	
25-3	3029-3035	dolayı	
25-4	3036-3046	L.sericata	
25-5	3047-3052	sinek	
25-6	3053-3059	türüne	
25-7	3060-3063	ait	
25-8	3064-3072	larvalar	
25-9	3073-3077	2007	
25-10	3078-3086	yılından	
25-11	3087-3091	beri	
25-12	3091-3092	;	
25-13	3093-3104	antibiyotik	
25-14	3104-3105	,	
25-15	3106-3116	hiperbarik	
25-16	3117-3124	oksijen	
25-17	3124-3125	,	
25-18	3126-3131	vakum	
25-19	3131-3132	,	
25-20	3133-3139	klasik	
25-21	3140-3146	tedavi	
25-22	3147-3149	ve	
25-23	3150-3157	cerrahi	
25-24	3158-3167	debridman	
25-25	3168-3171	ile	
25-26	3172-3183	iyileşmeyen	
25-27	3184-3193	yaraların	
25-28	3194-3205	tedavisinde	
25-29	3206-3222	kullanılmaktadır	
25-30	3222-3223	.	

#Text=Larvalar salgılarındaki birtakım proteolitik enzimler ile; nekrotik dokuları, yarada kolonize olmuş veya enfeksiyon oluşturan mikroorganizmaları erittiğinden ve yediğinden dolayı yaraları kolayca iyileştirirler.
26-1	3224-3232	Larvalar	
26-2	3233-3247	salgılarındaki	
26-3	3248-3256	birtakım	
26-4	3257-3268	proteolitik	
26-5	3269-3277	enzimler	
26-6	3278-3281	ile	
26-7	3281-3282	;	
26-8	3283-3291	nekrotik	
26-9	3292-3300	dokuları	
26-10	3300-3301	,	
26-11	3302-3308	yarada	
26-12	3309-3317	kolonize	
26-13	3318-3323	olmuş	
26-14	3324-3328	veya	
26-15	3329-3339	enfeksiyon	
26-16	3340-3349	oluşturan	
26-17	3350-3368	mikroorganizmaları	
26-18	3369-3381	erittiğinden	
26-19	3382-3384	ve	
26-20	3385-3395	yediğinden	
26-21	3396-3402	dolayı	
26-22	3403-3411	yaraları	
26-23	3412-3419	kolayca	
26-24	3420-3434	iyileştirirler	
26-25	3434-3435	.	

#Text=Tamamen doğal olan tedavi yönteminin çalışanlara ya da çevreye herhangi bir yan etkisi yoktur.
27-1	3436-3443	Tamamen	
27-2	3444-3449	doğal	
27-3	3450-3454	olan	
27-4	3455-3461	tedavi	
27-5	3462-3472	yönteminin	
27-6	3473-3484	çalışanlara	
27-7	3485-3487	ya	
27-8	3488-3490	da	
27-9	3491-3498	çevreye	
27-10	3499-3507	herhangi	
27-11	3508-3511	bir	
27-12	3512-3515	yan	
27-13	3516-3522	etkisi	
27-14	3523-3529	yoktur	
27-15	3529-3530	.	

#Text=A.Ö. 48 yaşında erkek hastaya 5 ay önce gut hastalığı nedeniyle ağrısı olduğundan evde annesi tarafından diklofenak sodyum ampul enjeksiyonu yapılmıştır.
28-1	3531-3534	A.Ö	
28-2	3534-3535	.	
28-3	3536-3538	48	
28-4	3539-3546	yaşında	
28-5	3547-3552	erkek	
28-6	3553-3560	hastaya	
28-7	3561-3562	5	
28-8	3563-3565	ay	
28-9	3566-3570	önce	
28-10	3571-3574	gut	
28-11	3575-3584	hastalığı	
28-12	3585-3594	nedeniyle	
28-13	3595-3601	ağrısı	
28-14	3602-3612	olduğundan	
28-15	3613-3617	evde	
28-16	3618-3624	annesi	
28-17	3625-3635	tarafından	
28-18	3636-3646	diklofenak	
28-19	3647-3653	sodyum	
28-20	3654-3659	ampul	
28-21	3660-3671	enjeksiyonu	
28-22	3672-3683	yapılmıştır	
28-23	3683-3684	.	

#Text=Enjeksiyon sonrasında hastanın sağ kalça ¼ alt dış kadranında yara oluşmuştur.
29-1	3685-3695	Enjeksiyon	
29-2	3696-3706	sonrasında	
29-3	3707-3715	hastanın	
29-4	3716-3719	sağ	
29-5	3720-3725	kalça	
29-6	3726-3727	¼	
29-7	3728-3731	alt	
29-8	3732-3735	dış	
29-9	3736-3746	kadranında	
29-10	3747-3751	yara	
29-11	3752-3762	oluşmuştur	
29-12	3762-3763	.	

#Text=Polikliniğimize başvurmadan önce hastaya trimetoprim+sulfametoksazol ampul IV 2*1 enjeksiyonu, cerrahi debridman ve ıslak pansuman gibi yöntemler uygulanarak yara tedavi edilmeye çalışılmış ancak yara gittikçe büyümüş ve derinleşmiştir.
30-1	3764-3779	Polikliniğimize	
30-2	3780-3791	başvurmadan	
30-3	3792-3796	önce	
30-4	3797-3804	hastaya	
30-5	3805-3816	trimetoprim	
30-6	3816-3817	+	
30-7	3817-3832	sulfametoksazol	
30-8	3833-3838	ampul	
30-9	3839-3841	IV	
30-10	3842-3843	2	
30-11	3843-3844	*	
30-12	3844-3845	1	
30-13	3846-3857	enjeksiyonu	
30-14	3857-3858	,	
30-15	3859-3866	cerrahi	
30-16	3867-3876	debridman	
30-17	3877-3879	ve	
30-18	3880-3885	ıslak	
30-19	3886-3894	pansuman	
30-20	3895-3899	gibi	
30-21	3900-3909	yöntemler	
30-22	3910-3921	uygulanarak	
30-23	3922-3926	yara	
30-24	3927-3933	tedavi	
30-25	3934-3942	edilmeye	
30-26	3943-3953	çalışılmış	
30-27	3954-3959	ancak	
30-28	3960-3964	yara	
30-29	3965-3973	gittikçe	
30-30	3974-3981	büyümüş	
30-31	3982-3984	ve	
30-32	3985-3999	derinleşmiştir	
30-33	3999-4000	.	

#Text=Hasta 24.03.2017 tarihinde polikliniğimize başvurduğunda sağ kalça ¼ alt dış alanında 8x5x2 cm ölçülerinde, enfekte ve pürülan bir yarası vardı (Resim 1).
31-1	4001-4006	Hasta	
31-2	4007-4017	24.03.2017	
31-3	4018-4027	tarihinde	
31-4	4028-4043	polikliniğimize	
31-5	4044-4057	başvurduğunda	
31-6	4058-4061	sağ	
31-7	4062-4067	kalça	
31-8	4068-4069	¼	
31-9	4070-4073	alt	
31-10	4074-4077	dış	
31-11	4078-4086	alanında	
31-12	4087-4092	8x5x2	
31-13	4093-4095	cm	
31-14	4096-4107	ölçülerinde	
31-15	4107-4108	,	
31-16	4109-4116	enfekte	
31-17	4117-4119	ve	
31-18	4120-4127	pürülan	
31-19	4128-4131	bir	
31-20	4132-4138	yarası	
31-21	4139-4144	vardı	
31-22	4145-4146	(	
31-23	4146-4151	Resim	
31-24	4152-4153	1	
31-25	4153-4154	)	
31-26	4154-4155	.	

#Text=Hastaya larva tedavisi hakkında bilgi verilmiş, tedaviyi kabul eden hastaya onam formu doldurulmuş ve imzalatılmıştır.
32-1	4156-4163	Hastaya	
32-2	4164-4169	larva	
32-3	4170-4178	tedavisi	
32-4	4179-4187	hakkında	
32-5	4188-4193	bilgi	
32-6	4194-4202	verilmiş	
32-7	4202-4203	,	
32-8	4204-4212	tedaviyi	
32-9	4213-4218	kabul	
32-10	4219-4223	eden	
32-11	4224-4231	hastaya	
32-12	4232-4236	onam	
32-13	4237-4242	formu	
32-14	4243-4254	doldurulmuş	
32-15	4255-4257	ve	
32-16	4258-4273	imzalatılmıştır	
32-17	4273-4274	.	

#Text=Klinik Araştırmalar Etik Kurulu tarafından 2006 yılında onayı alınmış olan larva tedavisinin uygulanması planlanmıştır.
33-1	4275-4281	Klinik	
33-2	4282-4294	Araştırmalar	
33-3	4295-4299	Etik	
33-4	4300-4306	Kurulu	
33-5	4307-4317	tarafından	
33-6	4318-4322	2006	
33-7	4323-4330	yılında	
33-8	4331-4336	onayı	
33-9	4337-4344	alınmış	
33-10	4345-4349	olan	
33-11	4350-4355	larva	
33-12	4356-4367	tedavisinin	
33-13	4368-4379	uygulanması	
33-14	4380-4393	planlanmıştır	
33-15	4393-4394	.	

#Text=Hastanın yarası steril serum fizyolojik ile temizlenmiş; bakteriyolojik kültürü ve antibiyotik duyarlılığını belirlenmek için materyal alınarak Tıbbi Mikrobiyoloji laboratuvarına gönderilmiştir.
34-1	4395-4403	Hastanın	
34-2	4404-4410	yarası	
34-3	4411-4417	steril	
34-4	4418-4423	serum	
34-5	4424-4434	fizyolojik	
34-6	4435-4438	ile	
34-7	4439-4450	temizlenmiş	
34-8	4450-4451	;	
34-9	4452-4466	bakteriyolojik	
34-10	4467-4474	kültürü	
34-11	4475-4477	ve	
34-12	4478-4489	antibiyotik	
34-13	4490-4503	duyarlılığını	
34-14	4504-4515	belirlenmek	
34-15	4516-4520	için	
34-16	4521-4529	materyal	
34-17	4530-4538	alınarak	
34-18	4539-4544	Tıbbi	
34-19	4545-4558	Mikrobiyoloji	
34-20	4559-4573	laboratuvarına	
34-21	4574-4588	gönderilmiştir	
34-22	4588-4589	.	

#Text=Yaranın büyüklüğüne ve derinliğine göre 500-600 adet L.sericata sinek türüne ait I. evre larvalar yaranın üzerine konmuştur.
35-1	4590-4597	Yaranın	
35-2	4598-4609	büyüklüğüne	
35-3	4610-4612	ve	
35-4	4613-4624	derinliğine	
35-5	4625-4629	göre	
35-6	4630-4633	500	
35-7	4633-4634	-	
35-8	4634-4637	600	
35-9	4638-4642	adet	
35-10	4643-4653	L.sericata	
35-11	4654-4659	sinek	
35-12	4660-4666	türüne	
35-13	4667-4670	ait	
35-14	4671-4672	I	
35-15	4672-4673	.	
35-16	4674-4678	evre	
35-17	4679-4687	larvalar	
35-18	4688-4695	yaranın	
35-19	4696-4703	üzerine	
35-20	4704-4713	konmuştur	
35-21	4713-4714	.	

#Text=Yara üzerine serbest olarak konan hareketli larvalar, nekrotik alanlara tutunur ve nekrotik dokunun derinliklerine girerek yaranın oksijenlenmesini sağlar.
36-1	4715-4719	Yara	
36-2	4720-4727	üzerine	
36-3	4728-4735	serbest	
36-4	4736-4742	olarak	
36-5	4743-4748	konan	
36-6	4749-4758	hareketli	
36-7	4759-4767	larvalar	
36-8	4767-4768	,	
36-9	4769-4777	nekrotik	
36-10	4778-4786	alanlara	
36-11	4787-4794	tutunur	
36-12	4795-4797	ve	
36-13	4798-4806	nekrotik	
36-14	4807-4814	dokunun	
36-15	4815-4829	derinliklerine	
36-16	4830-4837	girerek	
36-17	4838-4845	yaranın	
36-18	4846-4862	oksijenlenmesini	
36-19	4863-4869	sağlar	
36-20	4869-4870	.	

#Text=Yaranın durumunu görmemize yardımcı olurlar (Resim 2, 3).
37-1	4871-4878	Yaranın	
37-2	4879-4887	durumunu	
37-3	4888-4897	görmemize	
37-4	4898-4906	yardımcı	
37-5	4907-4914	olurlar	
37-6	4915-4916	(	
37-7	4916-4921	Resim	
37-8	4922-4923	2	
37-9	4923-4924	,	
37-10	4925-4926	3	
37-11	4926-4927	)	
37-12	4927-4928	.	

#Text=Larva Debridman Tedavisi (LDT) yaradaki nekrotik doku ve Pseudomonas aeruginosa (P.aeruginosa)'dan dolayı başlangıçta haftada 2 kez uygulanmış ve larvalar yara üzerinde 72 saat tutulduktan sonra uzaklaştırılmıştır.
38-1	4929-4934	Larva	
38-2	4935-4944	Debridman	
38-3	4945-4953	Tedavisi	
38-4	4954-4955	(	
38-5	4955-4958	LDT	
38-6	4958-4959	)	
38-7	4960-4968	yaradaki	
38-8	4969-4977	nekrotik	
38-9	4978-4982	doku	
38-10	4983-4985	ve	
38-11	4986-4997	Pseudomonas	
38-12	4998-5008	aeruginosa	
38-13	5009-5010	(	
38-14	5010-5022	P.aeruginosa	
38-15	5022-5023	)	
38-16	5023-5024	'	
38-17	5024-5027	dan	
38-18	5028-5034	dolayı	
38-19	5035-5046	başlangıçta	
38-20	5047-5054	haftada	
38-21	5055-5056	2	
38-22	5057-5060	kez	
38-23	5061-5071	uygulanmış	
38-24	5072-5074	ve	
38-25	5075-5083	larvalar	
38-26	5084-5088	yara	
38-27	5089-5097	üzerinde	
38-28	5098-5100	72	
38-29	5101-5105	saat	
38-30	5106-5117	tutulduktan	
38-31	5118-5123	sonra	
38-32	5124-5142	uzaklaştırılmıştır	
38-33	5142-5143	.	

#Text=Bu işleme yaradaki nekrotik doku ve P.aeruginosa tamamen temizlenene kadar devam edilmiştir.
39-1	5144-5146	Bu	
39-2	5147-5153	işleme	
39-3	5154-5162	yaradaki	
39-4	5163-5171	nekrotik	
39-5	5172-5176	doku	
39-6	5177-5179	ve	
39-7	5180-5192	P.aeruginosa	
39-8	5193-5200	tamamen	
39-9	5201-5212	temizlenene	
39-10	5213-5218	kadar	
39-11	5219-5224	devam	
39-12	5225-5235	edilmiştir	
39-13	5235-5236	.	

#Text=Nekrotik doku görsel olarak tamamen temizlendikten sonra hastanın takipleri yaranın durumuna ve iyileşme hızına göre iki haftada bir yapılmıştır.
40-1	5237-5245	Nekrotik	
40-2	5246-5250	doku	
40-3	5251-5257	görsel	
40-4	5258-5264	olarak	
40-5	5265-5272	tamamen	
40-6	5273-5287	temizlendikten	
40-7	5288-5293	sonra	
40-8	5294-5302	hastanın	
40-9	5303-5312	takipleri	
40-10	5313-5320	yaranın	
40-11	5321-5329	durumuna	
40-12	5330-5332	ve	
40-13	5333-5341	iyileşme	
40-14	5342-5348	hızına	
40-15	5349-5353	göre	
40-16	5354-5357	iki	
40-17	5358-5365	haftada	
40-18	5366-5369	bir	
40-19	5370-5381	yapılmıştır	
40-20	5381-5382	.	

#Text=Kontrollerde yara kapanmamışsa larva tedavisine devam edilmiştir.
41-1	5383-5395	Kontrollerde	
41-2	5396-5400	yara	
41-3	5401-5413	kapanmamışsa	
41-4	5414-5419	larva	
41-5	5420-5430	tedavisine	
41-6	5431-5436	devam	
41-7	5437-5447	edilmiştir	
41-8	5447-5448	.	

#Text=İlk yara kültüründe P.aeruginosa üremiş 3 seans larva tedavisi uygulandıktan sonra 4. seans uygulanmadan önce alınan materyalde ise Gram pozitif difteroid çomakların üremiş, ancak P.aeruginosa ürememiştir.
42-1	5449-5452	İlk	
42-2	5453-5457	yara	
42-3	5458-5468	kültüründe	
42-4	5469-5481	P.aeruginosa	
42-5	5482-5488	üremiş	
42-6	5489-5490	3	
42-7	5491-5496	seans	
42-8	5497-5502	larva	
42-9	5503-5511	tedavisi	
42-10	5512-5525	uygulandıktan	
42-11	5526-5531	sonra	
42-12	5532-5533	4	
42-13	5533-5534	.	
42-14	5535-5540	seans	
42-15	5541-5553	uygulanmadan	
42-16	5554-5558	önce	
42-17	5559-5565	alınan	
42-18	5566-5576	materyalde	
42-19	5577-5580	ise	
42-20	5581-5585	Gram	
42-21	5586-5593	pozitif	
42-22	5594-5603	difteroid	
42-23	5604-5614	çomakların	
42-24	5615-5621	üremiş	
42-25	5621-5622	,	
42-26	5623-5628	ancak	
42-27	5629-5641	P.aeruginosa	
42-28	5642-5653	ürememiştir	
42-29	5653-5654	.	

#Text=Hastanın yarası, 2 ayda toplamda 12 seans larva tedavisi ile tamamen iyileşmiştir (Resim 4).
43-1	5655-5663	Hastanın	
43-2	5664-5670	yarası	
43-3	5670-5671	,	
43-4	5672-5673	2	
43-5	5674-5678	ayda	
43-6	5679-5687	toplamda	
43-7	5688-5690	12	
43-8	5691-5696	seans	
43-9	5697-5702	larva	
43-10	5703-5711	tedavisi	
43-11	5712-5715	ile	
43-12	5716-5723	tamamen	
43-13	5724-5736	iyileşmiştir	
43-14	5737-5738	(	
43-15	5738-5743	Resim	
43-16	5744-5745	4	
43-17	5745-5746	)	
43-18	5746-5747	.	

#Text=İntramüsküler enjeksiyonlarda görülen komplikasyonların nedenlerine bakıldığında; bilgi eksikliği, hijyen kurallarına uyulmaması, enjeksiyonun sağlık eğitimi almamış personeller tarafından yapılması ve buna bağlı olarak da kullanılan yanlış teknikten kaynaklandığı görülmektedir.
44-1	5748-5761	İntramüsküler	
44-2	5762-5777	enjeksiyonlarda	
44-3	5778-5785	görülen	
44-4	5786-5803	komplikasyonların	
44-5	5804-5815	nedenlerine	
44-6	5816-5828	bakıldığında	
44-7	5828-5829	;	
44-8	5830-5835	bilgi	
44-9	5836-5845	eksikliği	
44-10	5845-5846	,	
44-11	5847-5853	hijyen	
44-12	5854-5865	kurallarına	
44-13	5866-5876	uyulmaması	
44-14	5876-5877	,	
44-15	5878-5890	enjeksiyonun	
44-16	5891-5897	sağlık	
44-17	5898-5905	eğitimi	
44-18	5906-5913	almamış	
44-19	5914-5925	personeller	
44-20	5926-5936	tarafından	
44-21	5937-5946	yapılması	
44-22	5947-5949	ve	
44-23	5950-5954	buna	
44-24	5955-5960	bağlı	
44-25	5961-5967	olarak	
44-26	5968-5970	da	
44-27	5971-5981	kullanılan	
44-28	5982-5988	yanlış	
44-29	5989-5998	teknikten	
44-30	5999-6012	kaynaklandığı	
44-31	6013-6026	görülmektedir	
44-32	6026-6027	.	

#Text=Yanlış yapılan İM enjeksiyonlar dolayısı ile oluşan komplikasyonlar enjeksiyon ve teknikleri konusunda verilebilecek eğitim ile önlenebilir.
45-1	6028-6034	Yanlış	
45-2	6035-6042	yapılan	
45-3	6043-6045	İM	
45-4	6046-6059	enjeksiyonlar	
45-5	6060-6068	dolayısı	
45-6	6069-6072	ile	
45-7	6073-6079	oluşan	
45-8	6080-6095	komplikasyonlar	
45-9	6096-6106	enjeksiyon	
45-10	6107-6109	ve	
45-11	6110-6120	teknikleri	
45-12	6121-6130	konusunda	
45-13	6131-6144	verilebilecek	
45-14	6145-6151	eğitim	
45-15	6152-6155	ile	
45-16	6156-6167	önlenebilir	
45-17	6167-6168	.	

#Text=Enjeksiyonun yanlış yapılmasından kaynaklanan milyonlarca vaka olup, bu vakalar maddi ve manevi kayıplara uğramaktadırlar.
46-1	6169-6181	Enjeksiyonun	
46-2	6182-6188	yanlış	
46-3	6189-6202	yapılmasından	
46-4	6203-6214	kaynaklanan	
46-5	6215-6226	milyonlarca	
46-6	6227-6231	vaka	
46-7	6232-6236	olup	
46-8	6236-6237	,	
46-9	6238-6240	bu	
46-10	6241-6248	vakalar	
46-11	6249-6254	maddi	
46-12	6255-6257	ve	
46-13	6258-6264	manevi	
46-14	6265-6274	kayıplara	
46-15	6275-6290	uğramaktadırlar	
46-16	6290-6291	.	

#Text=Hastanın ev hanımı olan annesi, ilkokul mezunu olup enjeksiyon yapmayı ebe olan komşusundan öğrenmiştir.
47-1	6293-6301	Hastanın	
47-2	6302-6304	ev	
47-3	6305-6311	hanımı	
47-4	6312-6316	olan	
47-5	6317-6323	annesi	
47-6	6323-6324	,	
47-7	6325-6332	ilkokul	
47-8	6333-6339	mezunu	
47-9	6340-6344	olup	
47-10	6345-6355	enjeksiyon	
47-11	6356-6363	yapmayı	
47-12	6364-6367	ebe	
47-13	6368-6372	olan	
47-14	6373-6384	komşusundan	
47-15	6385-6396	öğrenmiştir	
47-16	6396-6397	.	

#Text=Hasta enjeksiyonun yapıldığı bölgede açılan yarayı beş aydır tedavi ettirmek için değişik hastanelere gitmiştir.
48-1	6398-6403	Hasta	
48-2	6404-6416	enjeksiyonun	
48-3	6417-6426	yapıldığı	
48-4	6427-6434	bölgede	
48-5	6435-6441	açılan	
48-6	6442-6448	yarayı	
48-7	6449-6452	beş	
48-8	6453-6458	aydır	
48-9	6459-6465	tedavi	
48-10	6466-6474	ettirmek	
48-11	6475-6479	için	
48-12	6480-6487	değişik	
48-13	6488-6499	hastanelere	
48-14	6500-6509	gitmiştir	
48-15	6509-6510	.	

#Text=Verilen antibiyotik tedavisine ve uygulanan klasik yara tedavi yöntemlerine rağmen yara iyileşmemiş gittikçe büyümüş ve derinleşmiştir.
49-1	6511-6518	Verilen	
49-2	6519-6530	antibiyotik	
49-3	6531-6541	tedavisine	
49-4	6542-6544	ve	
49-5	6545-6554	uygulanan	
49-6	6555-6561	klasik	
49-7	6562-6566	yara	
49-8	6567-6573	tedavi	
49-9	6574-6586	yöntemlerine	
49-10	6587-6593	rağmen	
49-11	6594-6598	yara	
49-12	6599-6610	iyileşmemiş	
49-13	6611-6619	gittikçe	
49-14	6620-6627	büyümüş	
49-15	6628-6630	ve	
49-16	6631-6645	derinleşmiştir	
49-17	6645-6646	.	

#Text=Hasta bu süre zarfında işini yapamadığı gibi, tedavi için gittiği hastanelerde harcadığı para dolayısı ile maddi ve manevi kayıplara uğramıştır.
50-1	6647-6652	Hasta	
50-2	6653-6655	bu	
50-3	6656-6660	süre	
50-4	6661-6669	zarfında	
50-5	6670-6675	işini	
50-6	6676-6686	yapamadığı	
50-7	6687-6691	gibi	
50-8	6691-6692	,	
50-9	6693-6699	tedavi	
50-10	6700-6704	için	
50-11	6705-6712	gittiği	
50-12	6713-6725	hastanelerde	
50-13	6726-6735	harcadığı	
50-14	6736-6740	para	
50-15	6741-6749	dolayısı	
50-16	6750-6753	ile	
50-17	6754-6759	maddi	
50-18	6760-6762	ve	
50-19	6763-6769	manevi	
50-20	6770-6779	kayıplara	
50-21	6780-6790	uğramıştır	
50-22	6790-6791	.	

#Text=Sherman in vitro olarak yaptığı çalışmada; L.sericata larvaların Staphylococcus aureus (S.aureus), A ve B grubu streptokok gibi patojen bakteriler üzerine bakteriyostatik ve bakterisid etkisinin olduğunu belirlemiştir.
51-1	6793-6800	Sherman	
51-2	6801-6803	in	
51-3	6804-6809	vitro	
51-4	6810-6816	olarak	
51-5	6817-6824	yaptığı	
51-6	6825-6834	çalışmada	
51-7	6834-6835	;	
51-8	6836-6846	L.sericata	
51-9	6847-6857	larvaların	
51-10	6858-6872	Staphylococcus	
51-11	6873-6879	aureus	
51-12	6880-6881	(	
51-13	6881-6889	S.aureus	
51-14	6889-6890	)	
51-15	6890-6891	,	
51-16	6892-6893	A	
51-17	6894-6896	ve	
51-18	6897-6898	B	
51-19	6899-6904	grubu	
51-20	6905-6915	streptokok	
51-21	6916-6920	gibi	
51-22	6921-6928	patojen	
51-23	6929-6939	bakteriler	
51-24	6940-6947	üzerine	
51-25	6948-6963	bakteriyostatik	
51-26	6964-6966	ve	
51-27	6967-6977	bakterisid	
51-28	6978-6987	etkisinin	
51-29	6988-6996	olduğunu	
51-30	6997-7010	belirlemiştir	
51-31	7010-7011	.	

#Text=Çalışmalarımızda larvaların ve salgısının P.aeruginosa, Metisiline dirençli S.aureus, Metisiline duyarlı S.aureus, Metisiline dirençli plazma koagülaz negatif stafilokoklar, Streptococcus agalactiae, ß hemolitik streptokoklar ve Gram pozitif çomak gibi bakterileriler üzerine 48 saat sonra bakteriostatik ve bakterisid etki gösterdiği görülmüştür.
52-1	7012-7028	Çalışmalarımızda	
52-2	7029-7039	larvaların	
52-3	7040-7042	ve	
52-4	7043-7053	salgısının	
52-5	7054-7066	P.aeruginosa	
52-6	7066-7067	,	
52-7	7068-7078	Metisiline	
52-8	7079-7087	dirençli	
52-9	7088-7096	S.aureus	
52-10	7096-7097	,	
52-11	7098-7108	Metisiline	
52-12	7109-7116	duyarlı	
52-13	7117-7125	S.aureus	
52-14	7125-7126	,	
52-15	7127-7137	Metisiline	
52-16	7138-7146	dirençli	
52-17	7147-7153	plazma	
52-18	7154-7162	koagülaz	
52-19	7163-7170	negatif	
52-20	7171-7184	stafilokoklar	
52-21	7184-7185	,	
52-22	7186-7199	Streptococcus	
52-23	7200-7210	agalactiae	
52-24	7210-7211	,	
52-25	7212-7213	ß	
52-26	7214-7223	hemolitik	
52-27	7224-7237	streptokoklar	
52-28	7238-7240	ve	
52-29	7241-7245	Gram	
52-30	7246-7253	pozitif	
52-31	7254-7259	çomak	
52-32	7260-7264	gibi	
52-33	7265-7279	bakterileriler	
52-34	7280-7287	üzerine	
52-35	7288-7290	48	
52-36	7291-7295	saat	
52-37	7296-7301	sonra	
52-38	7302-7316	bakteriostatik	
52-39	7317-7319	ve	
52-40	7320-7330	bakterisid	
52-41	7331-7335	etki	
52-42	7336-7346	gösterdiği	
52-43	7347-7358	görülmüştür	
52-44	7358-7359	.	

#Text=Larvaların salgıladığı; proteolitik enzimler ve antibakteriyel aktiviteye sahip maddeler yaradaki bakterileri eriterek, öldürerek veya üremesini durdurarak yarayı dezenfekte ederler.
53-1	7361-7371	Larvaların	
53-2	7372-7383	salgıladığı	
53-3	7383-7384	;	
53-4	7385-7396	proteolitik	
53-5	7397-7405	enzimler	
53-6	7406-7408	ve	
53-7	7409-7423	antibakteriyel	
53-8	7424-7434	aktiviteye	
53-9	7435-7440	sahip	
53-10	7441-7449	maddeler	
53-11	7450-7458	yaradaki	
53-12	7459-7470	bakterileri	
53-13	7471-7479	eriterek	
53-14	7479-7480	,	
53-15	7481-7490	öldürerek	
53-16	7491-7495	veya	
53-17	7496-7505	üremesini	
53-18	7506-7516	durdurarak	
53-19	7517-7523	yarayı	
53-20	7524-7534	dezenfekte	
53-21	7535-7542	ederler	
53-22	7542-7543	.	

#Text=Hastanın yarasından alınan ilk materyalde trimetoprim + ulfametoksazole dirençli P.aeruginosa üremiştir.
54-1	7544-7552	Hastanın	
54-2	7553-7563	yarasından	
54-3	7564-7570	alınan	
54-4	7571-7574	ilk	
54-5	7575-7585	materyalde	
54-6	7586-7597	trimetoprim	
54-7	7598-7599	+	
54-8	7600-7615	ulfametoksazole	
54-9	7616-7624	dirençli	
54-10	7625-7637	P.aeruginosa	
54-11	7638-7647	üremiştir	
54-12	7647-7648	.	

#Text=Ancak bu antibiyotiğe devam edilmiş ve bittikten sonrada hastaya tekrar antibiyotik verilmemiştir.
55-1	7649-7654	Ancak	
55-2	7655-7657	bu	
55-3	7658-7670	antibiyotiğe	
55-4	7671-7676	devam	
55-5	7677-7684	edilmiş	
55-6	7685-7687	ve	
55-7	7688-7697	bittikten	
55-8	7698-7705	sonrada	
55-9	7706-7713	hastaya	
55-10	7714-7720	tekrar	
55-11	7721-7732	antibiyotik	
55-12	7733-7746	verilmemiştir	
55-13	7746-7747	.	

#Text=Hastanın yarasını tedavi etmek için sadece L.sericata sinek türüne ait I. evre larvalar kullanılmıştır.
56-1	7748-7756	Hastanın	
56-2	7757-7765	yarasını	
56-3	7766-7772	tedavi	
56-4	7773-7778	etmek	
56-5	7779-7783	için	
56-6	7784-7790	sadece	
56-7	7791-7801	L.sericata	
56-8	7802-7807	sinek	
56-9	7808-7814	türüne	
56-10	7815-7818	ait	
56-11	7819-7820	I	
56-12	7820-7821	.	
56-13	7822-7826	evre	
56-14	7827-7835	larvalar	
56-15	7836-7850	kullanılmıştır	
56-16	7850-7851	.	

#Text=Yara üzerine serbest olarak konan hareketli larvalar, nekrotik alanlara tutunur ve nekrotik dokunun derinliklerine girerek yaranın oksijenlenmesini sağlar.
57-1	7852-7856	Yara	
57-2	7857-7864	üzerine	
57-3	7865-7872	serbest	
57-4	7873-7879	olarak	
57-5	7880-7885	konan	
57-6	7886-7895	hareketli	
57-7	7896-7904	larvalar	
57-8	7904-7905	,	
57-9	7906-7914	nekrotik	
57-10	7915-7923	alanlara	
57-11	7924-7931	tutunur	
57-12	7932-7934	ve	
57-13	7935-7943	nekrotik	
57-14	7944-7951	dokunun	
57-15	7952-7966	derinliklerine	
57-16	7967-7974	girerek	
57-17	7975-7982	yaranın	
57-18	7983-7999	oksijenlenmesini	
57-19	8000-8006	sağlar	
57-20	8006-8007	.	

#Text=Larvalar salgılarındaki birtakım proteolitik enzimler ile; nekrotik dokuları, yarada kolonize olmuş veya enfeksiyon oluşturan mikroorganizmaları erittiğinden ve yediğinden dolayı yarayı dezenfekte ederler.
58-1	8008-8016	Larvalar	
58-2	8017-8031	salgılarındaki	
58-3	8032-8040	birtakım	
58-4	8041-8052	proteolitik	
58-5	8053-8061	enzimler	
58-6	8062-8065	ile	
58-7	8065-8066	;	
58-8	8067-8075	nekrotik	
58-9	8076-8084	dokuları	
58-10	8084-8085	,	
58-11	8086-8092	yarada	
58-12	8093-8101	kolonize	
58-13	8102-8107	olmuş	
58-14	8108-8112	veya	
58-15	8113-8123	enfeksiyon	
58-16	8124-8133	oluşturan	
58-17	8134-8152	mikroorganizmaları	
58-18	8153-8165	erittiğinden	
58-19	8166-8168	ve	
58-20	8169-8179	yediğinden	
58-21	8180-8186	dolayı	
58-22	8187-8193	yarayı	
58-23	8194-8204	dezenfekte	
58-24	8205-8212	ederler	
58-25	8212-8213	.	

#Text=Üç seans larva tedavisi uygulandıktan sonra dördüncü seans uygulanmadan önce alınan materyalde ise normal deri florasında bulunabilen Gram pozitif difteroid çomakların üremiş, ancak P.aeruginosa ürememiştir.
59-1	8214-8216	Üç	
59-2	8217-8222	seans	
59-3	8223-8228	larva	
59-4	8229-8237	tedavisi	
59-5	8238-8251	uygulandıktan	
59-6	8252-8257	sonra	
59-7	8258-8266	dördüncü	
59-8	8267-8272	seans	
59-9	8273-8285	uygulanmadan	
59-10	8286-8290	önce	
59-11	8291-8297	alınan	
59-12	8298-8308	materyalde	
59-13	8309-8312	ise	
59-14	8313-8319	normal	
59-15	8320-8324	deri	
59-16	8325-8335	florasında	
59-17	8336-8347	bulunabilen	
59-18	8348-8352	Gram	
59-19	8353-8360	pozitif	
59-20	8361-8370	difteroid	
59-21	8371-8381	çomakların	
59-22	8382-8388	üremiş	
59-23	8388-8389	,	
59-24	8390-8395	ancak	
59-25	8396-8408	P.aeruginosa	
59-26	8409-8420	ürememiştir	
59-27	8420-8421	.	

#Text=Hatalı enjeksiyon uygulaması birtakım hastalıkların ve sakatlıkların ortaya çıkmasına neden olabilmektedir.
60-1	8422-8428	Hatalı	
60-2	8429-8439	enjeksiyon	
60-3	8440-8450	uygulaması	
60-4	8451-8459	birtakım	
60-5	8460-8473	hastalıkların	
60-6	8474-8476	ve	
60-7	8477-8490	sakatlıkların	
60-8	8491-8497	ortaya	
60-9	8498-8507	çıkmasına	
60-10	8508-8513	neden	
60-11	8514-8528	olabilmektedir	
60-12	8528-8529	.	

#Text=Enjeksiyon doğru bir şekilde hemşire ve doktorlar gibi insan anatomisini bilen sağlık personeli tarafından uygun teknikle yapılmalıdır.
61-1	8530-8540	Enjeksiyon	
61-2	8541-8546	doğru	
61-3	8547-8550	bir	
61-4	8551-8558	şekilde	
61-5	8559-8566	hemşire	
61-6	8567-8569	ve	
61-7	8570-8579	doktorlar	
61-8	8580-8584	gibi	
61-9	8585-8590	insan	
61-10	8591-8602	anatomisini	
61-11	8603-8608	bilen	
61-12	8609-8615	sağlık	
61-13	8616-8625	personeli	
61-14	8626-8636	tarafından	
61-15	8637-8642	uygun	
61-16	8643-8651	teknikle	
61-17	8652-8664	yapılmalıdır	
61-18	8664-8665	.	

#Text=Uzun süre uygulanan vakum tedavisi, cerrahi debridman ve klasik tedavi yöntemleri ile iyileşmeyen enjeksiyon yarası 12 seans uygulanan LDT’si ile iki ayda tamamen iyileşmiştir.
62-1	8666-8670	Uzun	
62-2	8671-8675	süre	
62-3	8676-8685	uygulanan	
62-4	8686-8691	vakum	
62-5	8692-8700	tedavisi	
62-6	8700-8701	,	
62-7	8702-8709	cerrahi	
62-8	8710-8719	debridman	
62-9	8720-8722	ve	
62-10	8723-8729	klasik	
62-11	8730-8736	tedavi	
62-12	8737-8747	yöntemleri	
62-13	8748-8751	ile	
62-14	8752-8763	iyileşmeyen	
62-15	8764-8774	enjeksiyon	
62-16	8775-8781	yarası	
62-17	8782-8784	12	
62-18	8785-8790	seans	
62-19	8791-8800	uygulanan	
62-20	8801-8804	LDT	
62-21	8804-8805	’	
62-22	8805-8807	si	
62-23	8808-8811	ile	
62-24	8812-8815	iki	
62-25	8816-8820	ayda	
62-26	8821-8828	tamamen	
62-27	8829-8841	iyileşmiştir	
62-28	8841-8842	.	

#Text=LDT, klasik tedavilere ve cerrahi debridman ile iyileşmeyen yaraların tedavisinde kullanılabilecek etkili ve ucuz bir yöntemdir.
63-1	8843-8846	LDT	
63-2	8846-8847	,	
63-3	8848-8854	klasik	
63-4	8855-8865	tedavilere	
63-5	8866-8868	ve	
63-6	8869-8876	cerrahi	
63-7	8877-8886	debridman	
63-8	8887-8890	ile	
63-9	8891-8902	iyileşmeyen	
63-10	8903-8912	yaraların	
63-11	8913-8924	tedavisinde	
63-12	8925-8941	kullanılabilecek	
63-13	8942-8948	etkili	
63-14	8949-8951	ve	
63-15	8952-8956	ucuz	
63-16	8957-8960	bir	
63-17	8961-8970	yöntemdir	
63-18	8970-8971	.	
