#FORMAT=WebAnno TSV 3.3


#Text=ÖZET
1-1	0-4	ÖZET	

#Text=Boyunda yabancı cisim olguları iyatrojenik veya travmatik olabilirler.
2-1	6-13	Boyunda	
2-2	14-21	yabancı	
2-3	22-27	cisim	
2-4	28-36	olguları	
2-5	37-48	iyatrojenik	
2-6	49-53	veya	
2-7	54-63	travmatik	
2-8	64-75	olabilirler	
2-9	75-76	.	

#Text=Ateşli silah yaralanmaları, kesici-delici alet yaralanmaları ile oluşan olgular bunlara örnek gösterilebilir.
3-1	78-84	Ateşli	
3-2	85-90	silah	
3-3	91-104	yaralanmaları	
3-4	104-105	,	
3-5	106-119	kesici-delici	
3-6	120-124	alet	
3-7	125-138	yaralanmaları	
3-8	139-142	ile	
3-9	143-149	oluşan	
3-10	150-157	olgular	
3-11	158-165	bunlara	
3-12	166-171	örnek	
3-13	172-186	gösterilebilir	
3-14	186-187	.	

#Text=Büyük arter ve venler, trakea ve nöral yapılar hasara uğrayabilir.
4-1	189-194	Büyük	
4-2	195-200	arter	
4-3	201-203	ve	
4-4	204-210	venler	
4-5	210-211	,	
4-6	212-218	trakea	
4-7	219-221	ve	
4-8	222-227	nöral	
4-9	228-235	yapılar	
4-10	236-242	hasara	
4-11	243-254	uğrayabilir	
4-12	254-255	.	

#Text=Yabancı cismin boyun yapıları ve fasiyaları içerisinde migrate olması nadir ancak beklenen bir durumdur.
5-1	257-264	Yabancı	
5-2	265-271	cismin	
5-3	272-277	boyun	
5-4	278-286	yapıları	
5-5	287-289	ve	
5-6	290-300	fasiyaları	
5-7	301-311	içerisinde	
5-8	312-319	migrate	
5-9	320-326	olması	
5-10	327-332	nadir	
5-11	333-338	ancak	
5-12	339-347	beklenen	
5-13	348-351	bir	
5-14	352-360	durumdur	
5-15	360-361	.	

#Text=Bu yüzden yabancı cisimler beklenmedik yerlerde bulunabilir.
6-1	363-365	Bu	
6-2	366-372	yüzden	
6-3	373-380	yabancı	
6-4	381-389	cisimler	
6-5	390-401	beklenmedik	
6-6	402-410	yerlerde	
6-7	411-422	bulunabilir	
6-8	422-423	.	

#Text=Bizim olgumuzda 37 yaşında erkek hasta boyunda birçok kesi ve yabancı cisim nedeniyle tarafımıza danışıldı.
7-1	425-430	Bizim	
7-2	431-440	olgumuzda	
7-3	441-443	37	
7-4	444-451	yaşında	
7-5	452-457	erkek	
7-6	458-463	hasta	
7-7	464-471	boyunda	
7-8	472-478	birçok	
7-9	479-483	kesi	
7-10	484-486	ve	
7-11	487-494	yabancı	
7-12	495-500	cisim	
7-13	501-510	nedeniyle	
7-14	511-521	tarafımıza	
7-15	522-531	danışıldı	
7-16	531-532	.	

#Text=Hastanın radyolojik görüntülemesinde servikal vertebra anteriorunda yabancı cisim izlendi ve acil ameliyata alındı.
8-1	534-542	Hastanın	
8-2	543-553	radyolojik	
8-3	554-570	görüntülemesinde	
8-4	571-579	servikal	
8-5	580-588	vertebra	
8-6	589-601	anteriorunda	
8-7	602-609	yabancı	
8-8	610-615	cisim	
8-9	616-623	izlendi	
8-10	624-626	ve	
8-11	627-631	acil	
8-12	632-641	ameliyata	
8-13	642-648	alındı	
8-14	648-649	.	

#Text=Migrate olan yabancı cisim operasyon sonrasında hastanın nazofarenksinde bulundu ve çıkarıldı.
9-1	651-658	Migrate	
9-2	659-663	olan	
9-3	664-671	yabancı	
9-4	672-677	cisim	
9-5	678-687	operasyon	
9-6	688-698	sonrasında	
9-7	699-707	hastanın	
9-8	708-723	nazofarenksinde	
9-9	724-731	bulundu	
9-10	732-734	ve	
9-11	735-744	çıkarıldı	
9-12	744-745	.	

#Text=Kulak-Burun-Boğaz hekimliği pratiğinde karşımıza çıkabilecek olan boyunda yabancı cisimlere vital yapılara yakınlığı nedeniyle dikkat edilmelidir.
10-1	747-764	Kulak-Burun-Boğaz	
10-2	765-774	hekimliği	
10-3	775-785	pratiğinde	
10-4	786-795	karşımıza	
10-5	796-807	çıkabilecek	
10-6	808-812	olan	
10-7	813-820	boyunda	
10-8	821-828	yabancı	
10-9	829-838	cisimlere	
10-10	839-844	vital	
10-11	845-853	yapılara	
10-12	854-863	yakınlığı	
10-13	864-873	nedeniyle	
10-14	874-880	dikkat	
10-15	881-892	edilmelidir	
10-16	892-893	.	

#Text=GİRİŞ
11-1	895-900	GİRİŞ	

#Text=Boyunda yabancı cisimler travmaya bağlı veya iatrojenik olarak ortaya çıkabilmektedir.
12-1	902-909	Boyunda	
12-2	910-917	yabancı	
12-3	918-926	cisimler	
12-4	927-935	travmaya	
12-5	936-941	bağlı	
12-6	942-946	veya	
12-7	947-957	iatrojenik	
12-8	958-964	olarak	
12-9	965-971	ortaya	
12-10	972-987	çıkabilmektedir	
12-11	987-988	.	

#Text=Yabancı cisimler, boyundaki önemli vital yapılara yakın olmaları sebebiyle önem arz etmektedirler.
13-1	990-997	Yabancı	
13-2	998-1006	cisimler	
13-3	1006-1007	,	
13-4	1008-1017	boyundaki	
13-5	1018-1024	önemli	
13-6	1025-1030	vital	
13-7	1031-1039	yapılara	
13-8	1040-1045	yakın	
13-9	1046-1054	olmaları	
13-10	1055-1064	sebebiyle	
13-11	1065-1069	önem	
13-12	1070-1073	arz	
13-13	1074-1087	etmektedirler	
13-14	1087-1088	.	

#Text=Boyundaki yabancı cisimlerin fasiyalar arasında migrate olabilmeleri lokalizasyonlarını güçleştirmektedir.
14-1	1090-1099	Boyundaki	
14-2	1100-1107	yabancı	
14-3	1108-1118	cisimlerin	
14-4	1119-1128	fasiyalar	
14-5	1129-1137	arasında	
14-6	1138-1145	migrate	
14-7	1146-1158	olabilmeleri	
14-8	1159-1177	lokalizasyonlarını	
14-9	1178-1195	güçleştirmektedir	
14-10	1195-1196	.	

#Text=Hem yabancı cismin neden olduğu vital yapı yaralanmaları tamir edilmeli, hem de migrate yabancı cisim en kısa sürede çıkarılmalıdır.
15-1	1198-1201	Hem	
15-2	1202-1209	yabancı	
15-3	1210-1216	cismin	
15-4	1217-1222	neden	
15-5	1223-1229	olduğu	
15-6	1230-1235	vital	
15-7	1236-1240	yapı	
15-8	1241-1254	yaralanmaları	
15-9	1255-1260	tamir	
15-10	1261-1269	edilmeli	
15-11	1269-1270	,	
15-12	1271-1274	hem	
15-13	1275-1277	de	
15-14	1278-1285	migrate	
15-15	1286-1293	yabancı	
15-16	1294-1299	cisim	
15-17	1300-1302	en	
15-18	1303-1307	kısa	
15-19	1308-1314	sürede	
15-20	1315-1329	çıkarılmalıdır	
15-21	1329-1330	.	

#Text=Bu yazıda boyunda migrasyona uğrayan yabancı cisim olgusu sunulmuştur.
16-1	1332-1334	Bu	
16-2	1335-1341	yazıda	
16-3	1342-1349	boyunda	
16-4	1350-1360	migrasyona	
16-5	1361-1368	uğrayan	
16-6	1369-1376	yabancı	
16-7	1377-1382	cisim	
16-8	1383-1389	olgusu	
16-9	1390-1401	sunulmuştur	
16-10	1401-1402	.	

#Text=Otuz yedi yaşında erkek hasta Acil servisten tarafımıza boyunda birçok kesi ve yabancı cisim nedeniyle danışıldı.
17-1	1404-1408	Otuz	
17-2	1409-1413	yedi	
17-3	1414-1421	yaşında	
17-4	1422-1427	erkek	
17-5	1428-1433	hasta	
17-6	1434-1438	Acil	
17-7	1439-1448	servisten	
17-8	1449-1459	tarafımıza	
17-9	1460-1467	boyunda	
17-10	1468-1474	birçok	
17-11	1475-1479	kesi	
17-12	1480-1482	ve	
17-13	1483-1490	yabancı	
17-14	1491-1496	cisim	
17-15	1497-1506	nedeniyle	
17-16	1507-1516	danışıldı	
17-17	1516-1517	.	

#Text=Hastanın yapılan muayenesinde sol submandibuler alanda iki adet derin kesi ve deplase nazal fraktür izlendi.
18-1	1519-1527	Hastanın	
18-2	1528-1535	yapılan	
18-3	1536-1548	muayenesinde	
18-4	1549-1552	sol	
18-5	1553-1566	submandibuler	
18-6	1567-1573	alanda	
18-7	1574-1577	iki	
18-8	1578-1582	adet	
18-9	1583-1588	derin	
18-10	1589-1593	kesi	
18-11	1594-1596	ve	
18-12	1597-1604	deplase	
18-13	1605-1610	nazal	
18-14	1611-1618	fraktür	
18-15	1619-1626	izlendi	
18-16	1626-1627	.	

#Text=Hastanın çekilen boyun bilgisayarlı tomografi (BT) tetkikinde, C4 vertebra korpus anterior komşuluğunda, posterior farengeal duvarda yabancı cisim izlendi (Resim 1).
19-1	1629-1637	Hastanın	
19-2	1638-1645	çekilen	
19-3	1646-1651	boyun	
19-4	1652-1664	bilgisayarlı	
19-5	1665-1674	tomografi	
19-6	1675-1676	(	
19-7	1676-1678	BT	
19-8	1678-1679	)	
19-9	1680-1690	tetkikinde	
19-10	1690-1691	,	
19-11	1692-1694	C4	
19-12	1695-1703	vertebra	
19-13	1704-1710	korpus	
19-14	1711-1719	anterior	
19-15	1720-1732	komşuluğunda	
19-16	1732-1733	,	
19-17	1734-1743	posterior	
19-18	1744-1753	farengeal	
19-19	1754-1761	duvarda	
19-20	1762-1769	yabancı	
19-21	1770-1775	cisim	
19-22	1776-1783	izlendi	
19-23	1784-1785	(	
19-24	1785-1790	Resim	
19-25	1791-1792	1	
19-26	1792-1793	)	
19-27	1793-1794	.	

#Text=Boyunda aktif kanama ve yabancı cisim nedeniyle acil ameliyata alınan hastaya boyun eksplorasyonu yapıldı.
20-1	1796-1803	Boyunda	
20-2	1804-1809	aktif	
20-3	1810-1816	kanama	
20-4	1817-1819	ve	
20-5	1820-1827	yabancı	
20-6	1828-1833	cisim	
20-7	1834-1843	nedeniyle	
20-8	1844-1848	acil	
20-9	1849-1858	ameliyata	
20-10	1859-1865	alınan	
20-11	1866-1873	hastaya	
20-12	1874-1879	boyun	
20-13	1880-1893	eksplorasyonu	
20-14	1894-1901	yapıldı	
20-15	1901-1902	.	

#Text=Sol fasiyal venin rüptüre olduğu izlendi.
21-1	1904-1907	Sol	
21-2	1908-1915	fasiyal	
21-3	1916-1921	venin	
21-4	1922-1929	rüptüre	
21-5	1930-1936	olduğu	
21-6	1937-1944	izlendi	
21-7	1944-1945	.	

#Text=İntraoperatif olarak, Nöroşirürji ekibinin yardımıyla boyun BT’de belirtilen lokalizasyonda yabancı cisim bulunamadı.
22-1	1947-1960	İntraoperatif	
22-2	1961-1967	olarak	
22-3	1967-1968	,	
22-4	1969-1980	Nöroşirürji	
22-5	1981-1989	ekibinin	
22-6	1990-2000	yardımıyla	
22-7	2001-2006	boyun	
22-8	2007-2009	BT	
22-9	2009-2010	’	
22-10	2010-2012	de	
22-11	2013-2023	belirtilen	
22-12	2024-2038	lokalizasyonda	
22-13	2039-2046	yabancı	
22-14	2047-2052	cisim	
22-15	2053-2063	bulunamadı	
22-16	2063-2064	.	

#Text=İntraoperatif çekilen direkt grafilerde de yabancı cisim saptanmadı.
23-1	2066-2079	İntraoperatif	
23-2	2080-2087	çekilen	
23-3	2088-2094	direkt	
23-4	2095-2105	grafilerde	
23-5	2106-2108	de	
23-6	2109-2116	yabancı	
23-7	2117-2122	cisim	
23-8	2123-2133	saptanmadı	
23-9	2133-2134	.	

#Text=Yabancı cismin penetre etmesi sonucu oluşan özefagus perforasyonu Genel Cerrahi kliniği tarafından sütüre edildi.
24-1	2136-2143	Yabancı	
24-2	2144-2150	cismin	
24-3	2151-2158	penetre	
24-4	2159-2165	etmesi	
24-5	2166-2172	sonucu	
24-6	2173-2179	oluşan	
24-7	2180-2188	özefagus	
24-8	2189-2201	perforasyonu	
24-9	2202-2207	Genel	
24-10	2208-2215	Cerrahi	
24-11	2216-2223	kliniği	
24-12	2224-2234	tarafından	
24-13	2235-2241	sütüre	
24-14	2242-2248	edildi	
24-15	2248-2249	.	

#Text=Aynı seansta yapılan gastroözefagoskopi işleminde yabancı cisim mideye kadar arandı.
25-1	2251-2255	Aynı	
25-2	2256-2263	seansta	
25-3	2264-2271	yapılan	
25-4	2272-2290	gastroözefagoskopi	
25-5	2291-2300	işleminde	
25-6	2301-2308	yabancı	
25-7	2309-2314	cisim	
25-8	2315-2321	mideye	
25-9	2322-2327	kadar	
25-10	2328-2334	arandı	
25-11	2334-2335	.	

#Text=Hastanın postoperatif direkt grafilerinde yabancı cisme rastlanmadı ancak yenilenen BT tetkikinde yabancı cismin operasyon öncesi hastaya takılmış olan nazogastrik sondanın lateralinde sağ inferior nazal konka posteriorunda bulunduğu izlendi.
26-1	2337-2345	Hastanın	
26-2	2346-2358	postoperatif	
26-3	2359-2365	direkt	
26-4	2366-2378	grafilerinde	
26-5	2379-2386	yabancı	
26-6	2387-2392	cisme	
26-7	2393-2404	rastlanmadı	
26-8	2405-2410	ancak	
26-9	2411-2420	yenilenen	
26-10	2421-2423	BT	
26-11	2424-2434	tetkikinde	
26-12	2435-2442	yabancı	
26-13	2443-2449	cismin	
26-14	2450-2459	operasyon	
26-15	2460-2466	öncesi	
26-16	2467-2474	hastaya	
26-17	2475-2483	takılmış	
26-18	2484-2488	olan	
26-19	2489-2500	nazogastrik	
26-20	2501-2509	sondanın	
26-21	2510-2521	lateralinde	
26-22	2522-2525	sağ	
26-23	2526-2534	inferior	
26-24	2535-2540	nazal	
26-25	2541-2546	konka	
26-26	2547-2560	posteriorunda	
26-27	2561-2570	bulunduğu	
26-28	2571-2578	izlendi	
26-29	2578-2579	.	

#Text=Yabancı cisim, nazal endoskopi ile çıkarıldı.
27-1	2581-2588	Yabancı	
27-2	2589-2594	cisim	
27-3	2594-2595	,	
27-4	2596-2601	nazal	
27-5	2602-2611	endoskopi	
27-6	2612-2615	ile	
27-7	2616-2625	çıkarıldı	
27-8	2625-2626	.	

#Text=Boyunda penetran travmaya bağlı yabancı cisimler, büyük damar, trakea, servikal vertebra ve sinir yaralanmasına sebep olabilir.
28-1	2628-2635	Boyunda	
28-2	2636-2644	penetran	
28-3	2645-2653	travmaya	
28-4	2654-2659	bağlı	
28-5	2660-2667	yabancı	
28-6	2668-2676	cisimler	
28-7	2676-2677	,	
28-8	2678-2683	büyük	
28-9	2684-2689	damar	
28-10	2689-2690	,	
28-11	2691-2697	trakea	
28-12	2697-2698	,	
28-13	2699-2707	servikal	
28-14	2708-2716	vertebra	
28-15	2717-2719	ve	
28-16	2720-2725	sinir	
28-17	2726-2739	yaralanmasına	
28-18	2740-2745	sebep	
28-19	2746-2754	olabilir	
28-20	2754-2755	.	

#Text=Travmaya neden olan yabancı cismin kırılıp boyun içerisinde migrate olması ise nadir gelişen bir durumdur.
29-1	2757-2765	Travmaya	
29-2	2766-2771	neden	
29-3	2772-2776	olan	
29-4	2777-2784	yabancı	
29-5	2785-2791	cismin	
29-6	2792-2799	kırılıp	
29-7	2800-2805	boyun	
29-8	2806-2816	içerisinde	
29-9	2817-2824	migrate	
29-10	2825-2831	olması	
29-11	2832-2835	ise	
29-12	2836-2841	nadir	
29-13	2842-2849	gelişen	
29-14	2850-2853	bir	
29-15	2854-2862	durumdur	
29-16	2862-2863	.	

#Text=Migrate yabancı cisme bağlı olarak tekrarlayan enfeksiyon, granülom oluşumu, boyun apsesi, büyük damar ve sinir yaralanmaları beklenebilir.
30-1	2865-2872	Migrate	
30-2	2873-2880	yabancı	
30-3	2881-2886	cisme	
30-4	2887-2892	bağlı	
30-5	2893-2899	olarak	
30-6	2900-2911	tekrarlayan	
30-7	2912-2922	enfeksiyon	
30-8	2922-2923	,	
30-9	2924-2932	granülom	
30-10	2933-2940	oluşumu	
30-11	2940-2941	,	
30-12	2942-2947	boyun	
30-13	2948-2954	apsesi	
30-14	2954-2955	,	
30-15	2956-2961	büyük	
30-16	2962-2967	damar	
30-17	2968-2970	ve	
30-18	2971-2976	sinir	
30-19	2977-2990	yaralanmaları	
30-20	2991-3003	beklenebilir	
30-21	3003-3004	.	

#Text=Aksiyel ve koronal planda bilgisayarlı tomografi kesitlerinde posterior farengeal duvarda izlenen yabancı cisim, brankiyal pleksus hasarlanması ve tromboembolizm görülebilir.
31-1	3006-3013	Aksiyel	
31-2	3014-3016	ve	
31-3	3017-3024	koronal	
31-4	3025-3031	planda	
31-5	3032-3044	bilgisayarlı	
31-6	3045-3054	tomografi	
31-7	3055-3067	kesitlerinde	
31-8	3068-3077	posterior	
31-9	3078-3087	farengeal	
31-10	3088-3095	duvarda	
31-11	3096-3103	izlenen	
31-12	3104-3111	yabancı	
31-13	3112-3117	cisim	
31-14	3117-3118	,	
31-15	3119-3128	brankiyal	
31-16	3129-3136	pleksus	
31-17	3137-3149	hasarlanması	
31-18	3150-3152	ve	
31-19	3153-3167	tromboembolizm	
31-20	3168-3179	görülebilir	
31-21	3179-3180	.	

#Text=Yabancı cisim yüzeyel değil ise palpasyonu komplikasyona neden olabilir.
32-1	3182-3189	Yabancı	
32-2	3190-3195	cisim	
32-3	3196-3203	yüzeyel	
32-4	3204-3209	değil	
32-5	3210-3213	ise	
32-6	3214-3224	palpasyonu	
32-7	3225-3238	komplikasyona	
32-8	3239-3244	neden	
32-9	3245-3253	olabilir	
32-10	3253-3254	.	

#Text=Bu nedenle, görüntüleme yöntemlerinden BT ile yabancı cismin lokalizasyonu belirlenmelidir.
33-1	3256-3258	Bu	
33-2	3259-3266	nedenle	
33-3	3266-3267	,	
33-4	3268-3279	görüntüleme	
33-5	3280-3294	yöntemlerinden	
33-6	3295-3297	BT	
33-7	3298-3301	ile	
33-8	3302-3309	yabancı	
33-9	3310-3316	cismin	
33-10	3317-3330	lokalizasyonu	
33-11	3331-3346	belirlenmelidir	
33-12	3346-3347	.	

#Text=Boyun fasyaları arasında bulunan ve yumuşak dokuları penetre ederek ilerleyebilen yabancı cisim beklenmedik lokalizasyonda saptanabilir.
34-1	3349-3354	Boyun	
34-2	3355-3364	fasyaları	
34-3	3365-3373	arasında	
34-4	3374-3381	bulunan	
34-5	3382-3384	ve	
34-6	3385-3392	yumuşak	
34-7	3393-3401	dokuları	
34-8	3402-3409	penetre	
34-9	3410-3416	ederek	
34-10	3417-3430	ilerleyebilen	
34-11	3431-3438	yabancı	
34-12	3439-3444	cisim	
34-13	3445-3456	beklenmedik	
34-14	3457-3471	lokalizasyonda	
34-15	3472-3484	saptanabilir	
34-16	3484-3485	.	

#Text=BT tanı için çok önemlidir.
35-1	3487-3489	BT	
35-2	3490-3494	tanı	
35-3	3495-3499	için	
35-4	3500-3503	çok	
35-5	3504-3513	önemlidir	
35-6	3513-3514	.	

#Text=Boyun eksplorasyonu yapılacaksa cerrah için yol göstericidir.
36-1	3516-3521	Boyun	
36-2	3522-3535	eksplorasyonu	
36-3	3536-3547	yapılacaksa	
36-4	3548-3554	cerrah	
36-5	3555-3559	için	
36-6	3560-3563	yol	
36-7	3564-3576	göstericidir	
36-8	3576-3577	.	

#Text=Direkt grafi ve ultrasonografi tetkikleri de tanıda yardımcıdır.
37-1	3579-3585	Direkt	
37-2	3586-3591	grafi	
37-3	3592-3594	ve	
37-4	3595-3609	ultrasonografi	
37-5	3610-3620	tetkikleri	
37-6	3621-3623	de	
37-7	3624-3630	tanıda	
37-8	3631-3642	yardımcıdır	
37-9	3642-3643	.	

#Text=Şüphe olması halinde gastroözefagoskopi yapılabilir.
38-1	3645-3650	Şüphe	
38-2	3651-3657	olması	
38-3	3658-3665	halinde	
38-4	3666-3684	gastroözefagoskopi	
38-5	3685-3696	yapılabilir	
38-6	3696-3697	.	

#Text=Boyunda önemli vital yapıların bulunması nedeniyle migrate yabancı cisimlerin tedavisinde multidisipliner yaklaşım uygulanmalıdır.
39-1	3699-3706	Boyunda	
39-2	3707-3713	önemli	
39-3	3714-3719	vital	
39-4	3720-3729	yapıların	
39-5	3730-3739	bulunması	
39-6	3740-3749	nedeniyle	
39-7	3750-3757	migrate	
39-8	3758-3765	yabancı	
39-9	3766-3776	cisimlerin	
39-10	3777-3788	tedavisinde	
39-11	3789-3804	multidisipliner	
39-12	3805-3813	yaklaşım	
39-13	3814-3828	uygulanmalıdır	
39-14	3828-3829	.	

#Text=Migrate yabancı cismin trasesi izlenerek boyun eksplore edilmelidir.
40-1	3831-3838	Migrate	
40-2	3839-3846	yabancı	
40-3	3847-3853	cismin	
40-4	3854-3861	trasesi	
40-5	3862-3871	izlenerek	
40-6	3872-3877	boyun	
40-7	3878-3886	eksplore	
40-8	3887-3898	edilmelidir	
40-9	3898-3899	.	

#Text=Boyun eksplorasyonu ile yabancı cismin neden olduğu hasarlanmalar da saptanabilir ve onarılabilir.
41-1	3901-3906	Boyun	
41-2	3907-3920	eksplorasyonu	
41-3	3921-3924	ile	
41-4	3925-3932	yabancı	
41-5	3933-3939	cismin	
41-6	3940-3945	neden	
41-7	3946-3952	olduğu	
41-8	3953-3966	hasarlanmalar	
41-9	3967-3969	da	
41-10	3970-3982	saptanabilir	
41-11	3983-3985	ve	
41-12	3986-3998	onarılabilir	
41-13	3998-3999	.	

#Text=Yabancı cisim palpe edilirken dikkatli olunmalı, tampon etkisi yaptığı büyük damar yaralanmalarında körlemesine çekilmemelidir.
42-1	4001-4008	Yabancı	
42-2	4009-4014	cisim	
42-3	4015-4020	palpe	
42-4	4021-4030	edilirken	
42-5	4031-4039	dikkatli	
42-6	4040-4048	olunmalı	
42-7	4048-4049	,	
42-8	4050-4056	tampon	
42-9	4057-4063	etkisi	
42-10	4064-4071	yaptığı	
42-11	4072-4077	büyük	
42-12	4078-4083	damar	
42-13	4084-4100	yaralanmalarında	
42-14	4101-4112	körlemesine	
42-15	4113-4127	çekilmemelidir	
42-16	4127-4128	.	

#Text=Boyunda yabancı cisimler kulak-burun-boğaz hekimlerinin sıkça karşılaştığı acillerdendir.
43-1	4130-4137	Boyunda	
43-2	4138-4145	yabancı	
43-3	4146-4154	cisimler	
43-4	4155-4172	kulak-burun-boğaz	
43-5	4173-4185	hekimlerinin	
43-6	4186-4191	sıkça	
43-7	4192-4204	karşılaştığı	
43-8	4205-4218	acillerdendir	
43-9	4218-4219	.	

#Text=Boyun penetran travmalarında mutlaka boyunda yabancı cisim olabileceği akılda tutulmalıdır.
44-1	4221-4226	Boyun	
44-2	4227-4235	penetran	
44-3	4236-4249	travmalarında	
44-4	4250-4257	mutlaka	
44-5	4258-4265	boyunda	
44-6	4266-4273	yabancı	
44-7	4274-4279	cisim	
44-8	4280-4291	olabileceği	
44-9	4292-4298	akılda	
44-10	4299-4311	tutulmalıdır	
44-11	4311-4312	.	

#Text=Acil müdahale gerektirebilen durumlarda ön değerlendirmenin iyi yapılması ve multidisipliner yaklaşım önemlidir.
45-1	4314-4318	Acil	
45-2	4319-4327	müdahale	
45-3	4328-4342	gerektirebilen	
45-4	4343-4353	durumlarda	
45-5	4354-4356	ön	
45-6	4357-4373	değerlendirmenin	
45-7	4374-4377	iyi	
45-8	4378-4387	yapılması	
45-9	4388-4390	ve	
45-10	4391-4406	multidisipliner	
45-11	4407-4415	yaklaşım	
45-12	4416-4425	önemlidir	
45-13	4425-4426	.	
