#FORMAT=WebAnno TSV 3.3


#Text=ÖZET
1-1	0-4	ÖZET	

#Text=Nikolau sendromu, enjeksiyon bölgesinde şiddetli ağrı ile ortaya çıkan çeşitli ilaçların neden olduğu kas içi enjeksiyonların nadir görülen bir komplikasyonudur.
2-1	5-12	Nikolau	
2-2	13-21	sendromu	
2-3	21-22	,	
2-4	23-33	enjeksiyon	
2-5	34-44	bölgesinde	
2-6	45-53	şiddetli	
2-7	54-58	ağrı	
2-8	59-62	ile	
2-9	63-69	ortaya	
2-10	70-75	çıkan	
2-11	76-83	çeşitli	
2-12	84-93	ilaçların	
2-13	94-99	neden	
2-14	100-106	olduğu	
2-15	107-110	kas	
2-16	111-114	içi	
2-17	115-130	enjeksiyonların	
2-18	131-136	nadir	
2-19	137-144	görülen	
2-20	145-148	bir	
2-21	149-165	komplikasyonudur	
2-22	165-166	.	

#Text=Lokal aseptik nekroz, cilt nekrozu ve nadiren enjeksiyon bölgesinde kas nekrozu ile karakterizedir.
3-1	167-172	Lokal	
3-2	173-180	aseptik	
3-3	181-187	nekroz	
3-4	187-188	,	
3-5	189-193	cilt	
3-6	194-201	nekrozu	
3-7	202-204	ve	
3-8	205-212	nadiren	
3-9	213-223	enjeksiyon	
3-10	224-234	bölgesinde	
3-11	235-238	kas	
3-12	239-246	nekrozu	
3-13	247-250	ile	
3-14	251-265	karakterizedir	
3-15	265-266	.	

#Text=Antienflamatuar ilaçların, kortikosteroidlerin, lokal anesteziklerin, penisilin ve interferonun intramüsküler enjeksiyonundan sonra nadiren görülebilmesine rağmen, literatür araştırmamızda klindamisin enjeksiyonlarından sonra hiçbir Nikolau sendromu vakasıyla karşılaşılmadı.
4-1	267-282	Antienflamatuar	
4-2	283-292	ilaçların	
4-3	292-293	,	
4-4	294-313	kortikosteroidlerin	
4-5	313-314	,	
4-6	315-320	lokal	
4-7	321-335	anesteziklerin	
4-8	335-336	,	
4-9	337-346	penisilin	
4-10	347-349	ve	
4-11	350-362	interferonun	
4-12	363-376	intramüsküler	
4-13	377-392	enjeksiyonundan	
4-14	393-398	sonra	
4-15	399-406	nadiren	
4-16	407-422	görülebilmesine	
4-17	423-429	rağmen	
4-18	429-430	,	
4-19	431-440	literatür	
4-20	441-455	araştırmamızda	
4-21	456-467	klindamisin	
4-22	468-486	enjeksiyonlarından	
4-23	487-492	sonra	
4-24	493-499	hiçbir	
4-25	500-507	Nikolau	
4-26	508-516	sendromu	
4-27	517-526	vakasıyla	
4-28	527-541	karşılaşılmadı	
4-29	541-542	.	

#Text=Bu yazıda, sağ orta uylukta intramüsküler klindamisin enjeksiyonu sonrası meydana gelen bir Nikolau sendromu olgusu sunuldu.
5-1	543-545	Bu	
5-2	546-552	yazıda	
5-3	552-553	,	
5-4	554-557	sağ	
5-5	558-562	orta	
5-6	563-570	uylukta	
5-7	571-584	intramüsküler	
5-8	585-596	klindamisin	
5-9	597-608	enjeksiyonu	
5-10	609-616	sonrası	
5-11	617-624	meydana	
5-12	625-630	gelen	
5-13	631-634	bir	
5-14	635-642	Nikolau	
5-15	643-651	sendromu	
5-16	652-658	olgusu	
5-17	659-666	sunuldu	
5-18	666-667	.	
