#FORMAT=WebAnno TSV 3.3
#T_SP=webanno.custom.Negation|
#T_SP=webanno.custom.NegationEvent|
#T_SP=webanno.custom.NegationFocus|
#T_SP=webanno.custom.NegationMarker|ROLE_webanno.custom.NegationMarker:coordinationparticle_webanno.custom.NegationMarkerCoordinationparticleLink|webanno.custom.CoordinationParticle|ROLE_webanno.custom.NegationMarker:event_webanno.custom.NegationMarkerEventLink|webanno.custom.NegationEvent|ROLE_webanno.custom.NegationMarker:focus_webanno.custom.NegationMarkerFocusLink|webanno.custom.NegationFocus|markerType|ROLE_webanno.custom.NegationMarker:scope_webanno.custom.NegationMarkerScopeLink|webanno.custom.Negation|value


#Text=ÖZET
1-1	0-4	ÖZET	_	_	_	_	_	_	_	_	_	_	_	_	_	

#Text=Nikolau sendromu, enjeksiyon bölgesinde şiddetli ağrı ile ortaya çıkan çeşitli ilaçların neden olduğu kas içi enjeksiyonların nadir görülen bir komplikasyonudur.
2-1	5-12	Nikolau	_	_	_	_	_	_	_	_	_	_	_	_	_	
2-2	13-21	sendromu	_	_	_	_	_	_	_	_	_	_	_	_	_	
2-3	21-22	,	_	_	_	_	_	_	_	_	_	_	_	_	_	
2-4	23-33	enjeksiyon	_	_	_	_	_	_	_	_	_	_	_	_	_	
2-5	34-44	bölgesinde	_	_	_	_	_	_	_	_	_	_	_	_	_	
2-6	45-53	şiddetli	_	_	_	_	_	_	_	_	_	_	_	_	_	
2-7	54-58	ağrı	_	_	_	_	_	_	_	_	_	_	_	_	_	
2-8	59-62	ile	_	_	_	_	_	_	_	_	_	_	_	_	_	
2-9	63-69	ortaya	_	_	_	_	_	_	_	_	_	_	_	_	_	
2-10	70-75	çıkan	_	_	_	_	_	_	_	_	_	_	_	_	_	
2-11	76-83	çeşitli	_	_	_	_	_	_	_	_	_	_	_	_	_	
2-12	84-93	ilaçların	_	_	_	_	_	_	_	_	_	_	_	_	_	
2-13	94-99	neden	_	_	_	_	_	_	_	_	_	_	_	_	_	
2-14	100-106	olduğu	_	_	_	_	_	_	_	_	_	_	_	_	_	
2-15	107-110	kas	_	_	_	_	_	_	_	_	_	_	_	_	_	
2-16	111-114	içi	_	_	_	_	_	_	_	_	_	_	_	_	_	
2-17	115-130	enjeksiyonların	_	_	_	_	_	_	_	_	_	_	_	_	_	
2-18	131-136	nadir	_	_	_	_	_	_	_	_	_	_	_	_	_	
2-19	137-144	görülen	_	_	_	_	_	_	_	_	_	_	_	_	_	
2-20	145-148	bir	_	_	_	_	_	_	_	_	_	_	_	_	_	
2-21	149-165	komplikasyonudur	_	_	_	_	_	_	_	_	_	_	_	_	_	
2-22	165-166	.	_	_	_	_	_	_	_	_	_	_	_	_	_	

#Text=Lokal aseptik nekroz, cilt nekrozu ve nadiren enjeksiyon bölgesinde kas nekrozu ile karakterizedir.
3-1	167-172	Lokal	_	_	_	_	_	_	_	_	_	_	_	_	_	
3-2	173-180	aseptik	_	_	_	_	_	_	_	_	_	_	_	_	_	
3-3	181-187	nekroz	_	_	_	_	_	_	_	_	_	_	_	_	_	
3-4	187-188	,	_	_	_	_	_	_	_	_	_	_	_	_	_	
3-5	189-193	cilt	_	_	_	_	_	_	_	_	_	_	_	_	_	
3-6	194-201	nekrozu	_	_	_	_	_	_	_	_	_	_	_	_	_	
3-7	202-204	ve	_	_	_	_	_	_	_	_	_	_	_	_	_	
3-8	205-212	nadiren	_	_	_	_	_	_	_	_	_	_	_	_	_	
3-9	213-223	enjeksiyon	_	_	_	_	_	_	_	_	_	_	_	_	_	
3-10	224-234	bölgesinde	_	_	_	_	_	_	_	_	_	_	_	_	_	
3-11	235-238	kas	_	_	_	_	_	_	_	_	_	_	_	_	_	
3-12	239-246	nekrozu	_	_	_	_	_	_	_	_	_	_	_	_	_	
3-13	247-250	ile	_	_	_	_	_	_	_	_	_	_	_	_	_	
3-14	251-265	karakterizedir	_	_	_	_	_	_	_	_	_	_	_	_	_	
3-15	265-266	.	_	_	_	_	_	_	_	_	_	_	_	_	_	

#Text=Antienflamatuar ilaçların, kortikosteroidlerin, lokal anesteziklerin, penisilin ve interferonun intramüsküler enjeksiyonundan sonra nadiren görülebilmesine rağmen, literatür araştırmamızda klindamisin enjeksiyonlarından sonra hiçbir Nikolau sendromu vakasıyla karşılaşılmadı.
4-1	267-282	Antienflamatuar	_	_	_	_	_	_	_	_	_	_	_	_	_	
4-2	283-292	ilaçların	_	_	_	_	_	_	_	_	_	_	_	_	_	
4-3	292-293	,	_	_	_	_	_	_	_	_	_	_	_	_	_	
4-4	294-313	kortikosteroidlerin	_	_	_	_	_	_	_	_	_	_	_	_	_	
4-5	313-314	,	_	_	_	_	_	_	_	_	_	_	_	_	_	
4-6	315-320	lokal	_	_	_	_	_	_	_	_	_	_	_	_	_	
4-7	321-335	anesteziklerin	_	_	_	_	_	_	_	_	_	_	_	_	_	
4-8	335-336	,	_	_	_	_	_	_	_	_	_	_	_	_	_	
4-9	337-346	penisilin	_	_	_	_	_	_	_	_	_	_	_	_	_	
4-10	347-349	ve	_	_	_	_	_	_	_	_	_	_	_	_	_	
4-11	350-362	interferonun	_	_	_	_	_	_	_	_	_	_	_	_	_	
4-12	363-376	intramüsküler	_	_	_	_	_	_	_	_	_	_	_	_	_	
4-13	377-392	enjeksiyonundan	_	_	_	_	_	_	_	_	_	_	_	_	_	
4-14	393-398	sonra	_	_	_	_	_	_	_	_	_	_	_	_	_	
4-15	399-406	nadiren	_	_	_	_	_	_	_	_	_	_	_	_	_	
4-16	407-422	görülebilmesine	_	_	_	_	_	_	_	_	_	_	_	_	_	
4-17	423-429	rağmen	_	_	_	_	_	_	_	_	_	_	_	_	_	
4-18	429-430	,	_	_	_	_	_	_	_	_	_	_	_	_	_	
4-19	431-440	literatür	*[1]	_	*[2]	_	_	_	_	_	_	_	_	_	_	
4-20	441-455	araştırmamızda	*[1]	_	*[2]	_	_	_	_	_	_	_	_	_	_	
4-21	456-467	klindamisin	*[1]	_	*[2]	_	_	_	_	_	_	_	_	_	_	
4-22	468-486	enjeksiyonlarından	*[1]	_	*[2]	_	_	_	_	_	_	_	_	_	_	
4-23	487-492	sonra	*[1]	_	*[2]	_	_	_	_	_	_	_	_	_	_	
4-24	493-499	hiçbir	*[1]	_	_	_	_	_	_	_	_	_	_	_	_	
4-25	500-507	Nikolau	*[1]	_	_	_	_	_	_	_	_	_	_	_	_	
4-26	508-516	sendromu	*[1]	_	_	_	_	_	_	_	_	_	_	_	_	
4-27	517-526	vakasıyla	*[1]	_	_	_	_	_	_	_	_	_	_	_	_	
4-28	527-541	karşılaşılmadı	*[1]	*	_	_	*	partOfEvent	4-28	isAnotherFocus	4-19[2]	NegMorMarker	partOfScope	4-19[1]	*	
4-29	541-542	.	_	_	_	_	_	_	_	_	_	_	_	_	_	

#Text=Bu yazıda, sağ orta uylukta intramüsküler klindamisin enjeksiyonu sonrası meydana gelen bir Nikolau sendromu olgusu sunuldu.
5-1	543-545	Bu	_	_	_	_	_	_	_	_	_	_	_	_	_	
5-2	546-552	yazıda	_	_	_	_	_	_	_	_	_	_	_	_	_	
5-3	552-553	,	_	_	_	_	_	_	_	_	_	_	_	_	_	
5-4	554-557	sağ	_	_	_	_	_	_	_	_	_	_	_	_	_	
5-5	558-562	orta	_	_	_	_	_	_	_	_	_	_	_	_	_	
5-6	563-570	uylukta	_	_	_	_	_	_	_	_	_	_	_	_	_	
5-7	571-584	intramüsküler	_	_	_	_	_	_	_	_	_	_	_	_	_	
5-8	585-596	klindamisin	_	_	_	_	_	_	_	_	_	_	_	_	_	
5-9	597-608	enjeksiyonu	_	_	_	_	_	_	_	_	_	_	_	_	_	
5-10	609-616	sonrası	_	_	_	_	_	_	_	_	_	_	_	_	_	
5-11	617-624	meydana	_	_	_	_	_	_	_	_	_	_	_	_	_	
5-12	625-630	gelen	_	_	_	_	_	_	_	_	_	_	_	_	_	
5-13	631-634	bir	_	_	_	_	_	_	_	_	_	_	_	_	_	
5-14	635-642	Nikolau	_	_	_	_	_	_	_	_	_	_	_	_	_	
5-15	643-651	sendromu	_	_	_	_	_	_	_	_	_	_	_	_	_	
5-16	652-658	olgusu	_	_	_	_	_	_	_	_	_	_	_	_	_	
5-17	659-666	sunuldu	_	_	_	_	_	_	_	_	_	_	_	_	_	
5-18	666-667	.	_	_	_	_	_	_	_	_	_	_	_	_	_	
