#FORMAT=WebAnno TSV 3.3
#T_SP=webanno.custom.CoordinationParticle|
#T_SP=webanno.custom.Negation|
#T_SP=webanno.custom.NegationEvent|
#T_SP=webanno.custom.NegationFocus|
#T_SP=webanno.custom.NegationMarker|ROLE_webanno.custom.NegationMarker:coordinationparticle_webanno.custom.NegationMarkerCoordinationparticleLink|webanno.custom.CoordinationParticle|ROLE_webanno.custom.NegationMarker:event_webanno.custom.NegationMarkerEventLink|webanno.custom.NegationEvent|ROLE_webanno.custom.NegationMarker:focus_webanno.custom.NegationMarkerFocusLink|webanno.custom.NegationFocus|markerType|ROLE_webanno.custom.NegationMarker:scope_webanno.custom.NegationMarkerScopeLink|webanno.custom.Negation|value


#Text=ÖZET
1-1	1-5	ÖZET	_	_	_	_	_	_	_	_	_	_	_	_	_	_	

#Text=Ovaryan ven tromboflebiti (OVT) pelvik hastalıklara ovaryan damarlarda trombozun eşlik ettiği nadir bir hastalıktır.
2-1	7-14	Ovaryan	_	_	_	_	_	_	_	_	_	_	_	_	_	_	
2-2	15-18	ven	_	_	_	_	_	_	_	_	_	_	_	_	_	_	
2-3	19-32	tromboflebiti	_	_	_	_	_	_	_	_	_	_	_	_	_	_	
2-4	33-34	(	_	_	_	_	_	_	_	_	_	_	_	_	_	_	
2-5	34-37	OVT	_	_	_	_	_	_	_	_	_	_	_	_	_	_	
2-6	37-38	)	_	_	_	_	_	_	_	_	_	_	_	_	_	_	
2-7	39-45	pelvik	_	_	_	_	_	_	_	_	_	_	_	_	_	_	
2-8	46-58	hastalıklara	_	_	_	_	_	_	_	_	_	_	_	_	_	_	
2-9	59-66	ovaryan	_	_	_	_	_	_	_	_	_	_	_	_	_	_	
2-10	67-77	damarlarda	_	_	_	_	_	_	_	_	_	_	_	_	_	_	
2-11	78-87	trombozun	_	_	_	_	_	_	_	_	_	_	_	_	_	_	
2-12	88-93	eşlik	_	_	_	_	_	_	_	_	_	_	_	_	_	_	
2-13	94-100	ettiği	_	_	_	_	_	_	_	_	_	_	_	_	_	_	
2-14	101-106	nadir	_	_	_	_	_	_	_	_	_	_	_	_	_	_	
2-15	107-110	bir	_	_	_	_	_	_	_	_	_	_	_	_	_	_	
2-16	111-122	hastalıktır	_	_	_	_	_	_	_	_	_	_	_	_	_	_	
2-17	122-123	.	_	_	_	_	_	_	_	_	_	_	_	_	_	_	

#Text=Hastalık sıklıkla sezaryen, vaginal doğum, pelvik cerrahi ve enfeksiyonlar ile malignite durumlarında görülmektedir.
3-1	125-133	Hastalık	_	_	_	_	_	_	_	_	_	_	_	_	_	_	
3-2	134-142	sıklıkla	_	_	_	_	_	_	_	_	_	_	_	_	_	_	
3-3	143-151	sezaryen	_	_	_	_	_	_	_	_	_	_	_	_	_	_	
3-4	151-152	,	_	_	_	_	_	_	_	_	_	_	_	_	_	_	
3-5	153-160	vaginal	_	_	_	_	_	_	_	_	_	_	_	_	_	_	
3-6	161-166	doğum	_	_	_	_	_	_	_	_	_	_	_	_	_	_	
3-7	166-167	,	_	_	_	_	_	_	_	_	_	_	_	_	_	_	
3-8	168-174	pelvik	_	_	_	_	_	_	_	_	_	_	_	_	_	_	
3-9	175-182	cerrahi	_	_	_	_	_	_	_	_	_	_	_	_	_	_	
3-10	183-185	ve	_	_	_	_	_	_	_	_	_	_	_	_	_	_	
3-11	186-199	enfeksiyonlar	_	_	_	_	_	_	_	_	_	_	_	_	_	_	
3-12	200-203	ile	_	_	_	_	_	_	_	_	_	_	_	_	_	_	
3-13	204-213	malignite	_	_	_	_	_	_	_	_	_	_	_	_	_	_	
3-14	214-226	durumlarında	_	_	_	_	_	_	_	_	_	_	_	_	_	_	
3-15	227-240	görülmektedir	_	_	_	_	_	_	_	_	_	_	_	_	_	_	
3-16	240-241	.	_	_	_	_	_	_	_	_	_	_	_	_	_	_	

#Text=Cerrahi ile tedavisi mümkün olsa da günümüzde antibiyoterapi ve antikoagulan tedavi kabul görmektedir.
4-1	243-250	Cerrahi	_	_	_	_	_	_	_	_	_	_	_	_	_	_	
4-2	251-254	ile	_	_	_	_	_	_	_	_	_	_	_	_	_	_	
4-3	255-263	tedavisi	_	_	_	_	_	_	_	_	_	_	_	_	_	_	
4-4	264-270	mümkün	_	_	_	_	_	_	_	_	_	_	_	_	_	_	
4-5	271-275	olsa	_	_	_	_	_	_	_	_	_	_	_	_	_	_	
4-6	276-278	da	_	_	_	_	_	_	_	_	_	_	_	_	_	_	
4-7	279-288	günümüzde	_	_	_	_	_	_	_	_	_	_	_	_	_	_	
4-8	289-303	antibiyoterapi	_	_	_	_	_	_	_	_	_	_	_	_	_	_	
4-9	304-306	ve	_	_	_	_	_	_	_	_	_	_	_	_	_	_	
4-10	307-319	antikoagulan	_	_	_	_	_	_	_	_	_	_	_	_	_	_	
4-11	320-326	tedavi	_	_	_	_	_	_	_	_	_	_	_	_	_	_	
4-12	327-332	kabul	_	_	_	_	_	_	_	_	_	_	_	_	_	_	
4-13	333-344	görmektedir	_	_	_	_	_	_	_	_	_	_	_	_	_	_	
4-14	344-345	.	_	_	_	_	_	_	_	_	_	_	_	_	_	_	

#Text=Bu olgumuzda pelvik inflamatuar enfeksiyona sekonder gelişmiş ovaryan ven tromboflebiti olgusunu tartışmayı amaçladık.
5-1	347-349	Bu	_	_	_	_	_	_	_	_	_	_	_	_	_	_	
5-2	350-359	olgumuzda	_	_	_	_	_	_	_	_	_	_	_	_	_	_	
5-3	360-366	pelvik	_	_	_	_	_	_	_	_	_	_	_	_	_	_	
5-4	367-378	inflamatuar	_	_	_	_	_	_	_	_	_	_	_	_	_	_	
5-5	379-390	enfeksiyona	_	_	_	_	_	_	_	_	_	_	_	_	_	_	
5-6	391-399	sekonder	_	_	_	_	_	_	_	_	_	_	_	_	_	_	
5-7	400-408	gelişmiş	_	_	_	_	_	_	_	_	_	_	_	_	_	_	
5-8	409-416	ovaryan	_	_	_	_	_	_	_	_	_	_	_	_	_	_	
5-9	417-420	ven	_	_	_	_	_	_	_	_	_	_	_	_	_	_	
5-10	421-434	tromboflebiti	_	_	_	_	_	_	_	_	_	_	_	_	_	_	
5-11	435-443	olgusunu	_	_	_	_	_	_	_	_	_	_	_	_	_	_	
5-12	444-454	tartışmayı	_	_	_	_	_	_	_	_	_	_	_	_	_	_	
5-13	455-464	amaçladık	_	_	_	_	_	_	_	_	_	_	_	_	_	_	
5-14	464-465	.	_	_	_	_	_	_	_	_	_	_	_	_	_	_	

#Text=GİRİŞ
6-1	467-472	GİRİŞ	_	_	_	_	_	_	_	_	_	_	_	_	_	_	

#Text=Ovaryan ven tromboflebiti (OVT) pelvik hastalıklara ovaryan damarlarda trombozun eşlik ettiği nadir bir hastalıktır .
7-1	474-481	Ovaryan	_	_	_	_	_	_	_	_	_	_	_	_	_	_	
7-2	482-485	ven	_	_	_	_	_	_	_	_	_	_	_	_	_	_	
7-3	486-499	tromboflebiti	_	_	_	_	_	_	_	_	_	_	_	_	_	_	
7-4	500-501	(	_	_	_	_	_	_	_	_	_	_	_	_	_	_	
7-5	501-504	OVT	_	_	_	_	_	_	_	_	_	_	_	_	_	_	
7-6	504-505	)	_	_	_	_	_	_	_	_	_	_	_	_	_	_	
7-7	506-512	pelvik	_	_	_	_	_	_	_	_	_	_	_	_	_	_	
7-8	513-525	hastalıklara	_	_	_	_	_	_	_	_	_	_	_	_	_	_	
7-9	526-533	ovaryan	_	_	_	_	_	_	_	_	_	_	_	_	_	_	
7-10	534-544	damarlarda	_	_	_	_	_	_	_	_	_	_	_	_	_	_	
7-11	545-554	trombozun	_	_	_	_	_	_	_	_	_	_	_	_	_	_	
7-12	555-560	eşlik	_	_	_	_	_	_	_	_	_	_	_	_	_	_	
7-13	561-567	ettiği	_	_	_	_	_	_	_	_	_	_	_	_	_	_	
7-14	568-573	nadir	_	_	_	_	_	_	_	_	_	_	_	_	_	_	
7-15	574-577	bir	_	_	_	_	_	_	_	_	_	_	_	_	_	_	
7-16	578-589	hastalıktır	_	_	_	_	_	_	_	_	_	_	_	_	_	_	
7-17	590-591	.	_	_	_	_	_	_	_	_	_	_	_	_	_	_	

#Text=İnsidansı 1/1000 ile 1/3000 arasında görülmektedir.
8-1	593-602	İnsidansı	_	_	_	_	_	_	_	_	_	_	_	_	_	_	
8-2	603-604	1	_	_	_	_	_	_	_	_	_	_	_	_	_	_	
8-3	604-605	/	_	_	_	_	_	_	_	_	_	_	_	_	_	_	
8-4	605-609	1000	_	_	_	_	_	_	_	_	_	_	_	_	_	_	
8-5	610-613	ile	_	_	_	_	_	_	_	_	_	_	_	_	_	_	
8-6	614-615	1	_	_	_	_	_	_	_	_	_	_	_	_	_	_	
8-7	615-616	/	_	_	_	_	_	_	_	_	_	_	_	_	_	_	
8-8	616-620	3000	_	_	_	_	_	_	_	_	_	_	_	_	_	_	
8-9	621-629	arasında	_	_	_	_	_	_	_	_	_	_	_	_	_	_	
8-10	630-643	görülmektedir	_	_	_	_	_	_	_	_	_	_	_	_	_	_	
8-11	643-644	.	_	_	_	_	_	_	_	_	_	_	_	_	_	_	

#Text=Hastalık sıklıkla sezaryen ile doğumlarda görülse de vaginal doğum, pelvik cerrahi ve enfeksiyonlar ile malignite durumlarında da görülmektedir.
9-1	646-654	Hastalık	_	_	_	_	_	_	_	_	_	_	_	_	_	_	
9-2	655-663	sıklıkla	_	_	_	_	_	_	_	_	_	_	_	_	_	_	
9-3	664-672	sezaryen	_	_	_	_	_	_	_	_	_	_	_	_	_	_	
9-4	673-676	ile	_	_	_	_	_	_	_	_	_	_	_	_	_	_	
9-5	677-687	doğumlarda	_	_	_	_	_	_	_	_	_	_	_	_	_	_	
9-6	688-695	görülse	_	_	_	_	_	_	_	_	_	_	_	_	_	_	
9-7	696-698	de	_	_	_	_	_	_	_	_	_	_	_	_	_	_	
9-8	699-706	vaginal	_	_	_	_	_	_	_	_	_	_	_	_	_	_	
9-9	707-712	doğum	_	_	_	_	_	_	_	_	_	_	_	_	_	_	
9-10	712-713	,	_	_	_	_	_	_	_	_	_	_	_	_	_	_	
9-11	714-720	pelvik	_	_	_	_	_	_	_	_	_	_	_	_	_	_	
9-12	721-728	cerrahi	_	_	_	_	_	_	_	_	_	_	_	_	_	_	
9-13	729-731	ve	_	_	_	_	_	_	_	_	_	_	_	_	_	_	
9-14	732-745	enfeksiyonlar	_	_	_	_	_	_	_	_	_	_	_	_	_	_	
9-15	746-749	ile	_	_	_	_	_	_	_	_	_	_	_	_	_	_	
9-16	750-759	malignite	_	_	_	_	_	_	_	_	_	_	_	_	_	_	
9-17	760-772	durumlarında	_	_	_	_	_	_	_	_	_	_	_	_	_	_	
9-18	773-775	da	_	_	_	_	_	_	_	_	_	_	_	_	_	_	
9-19	776-789	görülmektedir	_	_	_	_	_	_	_	_	_	_	_	_	_	_	
9-20	789-790	.	_	_	_	_	_	_	_	_	_	_	_	_	_	_	

#Text=Tanıda görüntüleme yöntemleri öncelikli olmakla birlikte bazı olgularda antikoagulan tedaviye yanıt ile de tanı konulabilmektedir.
10-1	792-798	Tanıda	_	_	_	_	_	_	_	_	_	_	_	_	_	_	
10-2	799-810	görüntüleme	_	_	_	_	_	_	_	_	_	_	_	_	_	_	
10-3	811-821	yöntemleri	_	_	_	_	_	_	_	_	_	_	_	_	_	_	
10-4	822-831	öncelikli	_	_	_	_	_	_	_	_	_	_	_	_	_	_	
10-5	832-839	olmakla	_	_	_	_	_	_	_	_	_	_	_	_	_	_	
10-6	840-848	birlikte	_	_	_	_	_	_	_	_	_	_	_	_	_	_	
10-7	849-853	bazı	_	_	_	_	_	_	_	_	_	_	_	_	_	_	
10-8	854-863	olgularda	_	_	_	_	_	_	_	_	_	_	_	_	_	_	
10-9	864-876	antikoagulan	_	_	_	_	_	_	_	_	_	_	_	_	_	_	
10-10	877-885	tedaviye	_	_	_	_	_	_	_	_	_	_	_	_	_	_	
10-11	886-891	yanıt	_	_	_	_	_	_	_	_	_	_	_	_	_	_	
10-12	892-895	ile	_	_	_	_	_	_	_	_	_	_	_	_	_	_	
10-13	896-898	de	_	_	_	_	_	_	_	_	_	_	_	_	_	_	
10-14	899-903	tanı	_	_	_	_	_	_	_	_	_	_	_	_	_	_	
10-15	904-921	konulabilmektedir	_	_	_	_	_	_	_	_	_	_	_	_	_	_	
10-16	921-922	.	_	_	_	_	_	_	_	_	_	_	_	_	_	_	

#Text=Cerrahi müdahale ile tromboze venin ligasyonu ve eksizyonu yapılsa da günümüzde antibiyoterapi ve antikoagulan tedavi kabul görmektedir.
11-1	924-931	Cerrahi	_	_	_	_	_	_	_	_	_	_	_	_	_	_	
11-2	932-940	müdahale	_	_	_	_	_	_	_	_	_	_	_	_	_	_	
11-3	941-944	ile	_	_	_	_	_	_	_	_	_	_	_	_	_	_	
11-4	945-953	tromboze	_	_	_	_	_	_	_	_	_	_	_	_	_	_	
11-5	954-959	venin	_	_	_	_	_	_	_	_	_	_	_	_	_	_	
11-6	960-969	ligasyonu	_	_	_	_	_	_	_	_	_	_	_	_	_	_	
11-7	970-972	ve	_	_	_	_	_	_	_	_	_	_	_	_	_	_	
11-8	973-982	eksizyonu	_	_	_	_	_	_	_	_	_	_	_	_	_	_	
11-9	983-990	yapılsa	_	_	_	_	_	_	_	_	_	_	_	_	_	_	
11-10	991-993	da	_	_	_	_	_	_	_	_	_	_	_	_	_	_	
11-11	994-1003	günümüzde	_	_	_	_	_	_	_	_	_	_	_	_	_	_	
11-12	1004-1018	antibiyoterapi	_	_	_	_	_	_	_	_	_	_	_	_	_	_	
11-13	1019-1021	ve	_	_	_	_	_	_	_	_	_	_	_	_	_	_	
11-14	1022-1034	antikoagulan	_	_	_	_	_	_	_	_	_	_	_	_	_	_	
11-15	1035-1041	tedavi	_	_	_	_	_	_	_	_	_	_	_	_	_	_	
11-16	1042-1047	kabul	_	_	_	_	_	_	_	_	_	_	_	_	_	_	
11-17	1048-1059	görmektedir	_	_	_	_	_	_	_	_	_	_	_	_	_	_	
11-18	1059-1060	.	_	_	_	_	_	_	_	_	_	_	_	_	_	_	

#Text=Bu olgumuzda pelvik inflamatuar enfeksiyona sekonder gelişmiş OVT olgusunu tartışmayı amaçladık.
12-1	1062-1064	Bu	_	_	_	_	_	_	_	_	_	_	_	_	_	_	
12-2	1065-1074	olgumuzda	_	_	_	_	_	_	_	_	_	_	_	_	_	_	
12-3	1075-1081	pelvik	_	_	_	_	_	_	_	_	_	_	_	_	_	_	
12-4	1082-1093	inflamatuar	_	_	_	_	_	_	_	_	_	_	_	_	_	_	
12-5	1094-1105	enfeksiyona	_	_	_	_	_	_	_	_	_	_	_	_	_	_	
12-6	1106-1114	sekonder	_	_	_	_	_	_	_	_	_	_	_	_	_	_	
12-7	1115-1123	gelişmiş	_	_	_	_	_	_	_	_	_	_	_	_	_	_	
12-8	1124-1127	OVT	_	_	_	_	_	_	_	_	_	_	_	_	_	_	
12-9	1128-1136	olgusunu	_	_	_	_	_	_	_	_	_	_	_	_	_	_	
12-10	1137-1147	tartışmayı	_	_	_	_	_	_	_	_	_	_	_	_	_	_	
12-11	1148-1157	amaçladık	_	_	_	_	_	_	_	_	_	_	_	_	_	_	
12-12	1157-1158	.	_	_	_	_	_	_	_	_	_	_	_	_	_	_	

#Text=Olgu 46 yaşında, evli hasta ateş, pelvik hassasiyet ve dış merkezde çekilen bilgisayarlı tomografide (BT) pelvik damarlarda trombüs saptanması üzerine kliniğimize sevk edilen hasta değerlendirildi.
13-1	1160-1164	Olgu	_	_	_	_	_	_	_	_	_	_	_	_	_	_	
13-2	1165-1167	46	_	_	_	_	_	_	_	_	_	_	_	_	_	_	
13-3	1168-1175	yaşında	_	_	_	_	_	_	_	_	_	_	_	_	_	_	
13-4	1175-1176	,	_	_	_	_	_	_	_	_	_	_	_	_	_	_	
13-5	1177-1181	evli	_	_	_	_	_	_	_	_	_	_	_	_	_	_	
13-6	1182-1187	hasta	_	_	_	_	_	_	_	_	_	_	_	_	_	_	
13-7	1188-1192	ateş	_	_	_	_	_	_	_	_	_	_	_	_	_	_	
13-8	1192-1193	,	_	_	_	_	_	_	_	_	_	_	_	_	_	_	
13-9	1194-1200	pelvik	_	_	_	_	_	_	_	_	_	_	_	_	_	_	
13-10	1201-1211	hassasiyet	_	_	_	_	_	_	_	_	_	_	_	_	_	_	
13-11	1212-1214	ve	_	_	_	_	_	_	_	_	_	_	_	_	_	_	
13-12	1215-1218	dış	_	_	_	_	_	_	_	_	_	_	_	_	_	_	
13-13	1219-1227	merkezde	_	_	_	_	_	_	_	_	_	_	_	_	_	_	
13-14	1228-1235	çekilen	_	_	_	_	_	_	_	_	_	_	_	_	_	_	
13-15	1236-1248	bilgisayarlı	_	_	_	_	_	_	_	_	_	_	_	_	_	_	
13-16	1249-1260	tomografide	_	_	_	_	_	_	_	_	_	_	_	_	_	_	
13-17	1261-1262	(	_	_	_	_	_	_	_	_	_	_	_	_	_	_	
13-18	1262-1264	BT	_	_	_	_	_	_	_	_	_	_	_	_	_	_	
13-19	1264-1265	)	_	_	_	_	_	_	_	_	_	_	_	_	_	_	
13-20	1266-1272	pelvik	_	_	_	_	_	_	_	_	_	_	_	_	_	_	
13-21	1273-1283	damarlarda	_	_	_	_	_	_	_	_	_	_	_	_	_	_	
13-22	1284-1291	trombüs	_	_	_	_	_	_	_	_	_	_	_	_	_	_	
13-23	1292-1302	saptanması	_	_	_	_	_	_	_	_	_	_	_	_	_	_	
13-24	1303-1310	üzerine	_	_	_	_	_	_	_	_	_	_	_	_	_	_	
13-25	1311-1322	kliniğimize	_	_	_	_	_	_	_	_	_	_	_	_	_	_	
13-26	1323-1327	sevk	_	_	_	_	_	_	_	_	_	_	_	_	_	_	
13-27	1328-1334	edilen	_	_	_	_	_	_	_	_	_	_	_	_	_	_	
13-28	1335-1340	hasta	_	_	_	_	_	_	_	_	_	_	_	_	_	_	
13-29	1341-1356	değerlendirildi	_	_	_	_	_	_	_	_	_	_	_	_	_	_	
13-30	1356-1357	.	_	_	_	_	_	_	_	_	_	_	_	_	_	_	

#Text=Hastanın hikayesinde hipotroidi, diyabet ve hipertansiyon olduğu öğrenildi.
14-1	1359-1367	Hastanın	_	_	_	_	_	_	_	_	_	_	_	_	_	_	
14-2	1368-1379	hikayesinde	_	_	_	_	_	_	_	_	_	_	_	_	_	_	
14-3	1380-1390	hipotroidi	_	_	_	_	_	_	_	_	_	_	_	_	_	_	
14-4	1390-1391	,	_	_	_	_	_	_	_	_	_	_	_	_	_	_	
14-5	1392-1399	diyabet	_	_	_	_	_	_	_	_	_	_	_	_	_	_	
14-6	1400-1402	ve	_	_	_	_	_	_	_	_	_	_	_	_	_	_	
14-7	1403-1416	hipertansiyon	_	_	_	_	_	_	_	_	_	_	_	_	_	_	
14-8	1417-1423	olduğu	_	_	_	_	_	_	_	_	_	_	_	_	_	_	
14-9	1424-1433	öğrenildi	_	_	_	_	_	_	_	_	_	_	_	_	_	_	
14-10	1433-1434	.	_	_	_	_	_	_	_	_	_	_	_	_	_	_	

#Text=Diyabeti için oral antidiyabetik , hipertansiyonu ve hipotroidi için de düzenli ilaç kullandığı öğrenildi.
15-1	1436-1444	Diyabeti	_	_	_	_	_	_	_	_	_	_	_	_	_	_	
15-2	1445-1449	için	_	_	_	_	_	_	_	_	_	_	_	_	_	_	
15-3	1450-1454	oral	_	_	_	_	_	_	_	_	_	_	_	_	_	_	
15-4	1455-1468	antidiyabetik	_	_	_	_	_	_	_	_	_	_	_	_	_	_	
15-5	1469-1470	,	_	_	_	_	_	_	_	_	_	_	_	_	_	_	
15-6	1471-1485	hipertansiyonu	_	_	_	_	_	_	_	_	_	_	_	_	_	_	
15-7	1486-1488	ve	_	_	_	_	_	_	_	_	_	_	_	_	_	_	
15-8	1489-1499	hipotroidi	_	_	_	_	_	_	_	_	_	_	_	_	_	_	
15-9	1500-1504	için	_	_	_	_	_	_	_	_	_	_	_	_	_	_	
15-10	1505-1507	de	_	_	_	_	_	_	_	_	_	_	_	_	_	_	
15-11	1508-1515	düzenli	_	_	_	_	_	_	_	_	_	_	_	_	_	_	
15-12	1516-1520	ilaç	_	_	_	_	_	_	_	_	_	_	_	_	_	_	
15-13	1521-1531	kullandığı	_	_	_	_	_	_	_	_	_	_	_	_	_	_	
15-14	1532-1541	öğrenildi	_	_	_	_	_	_	_	_	_	_	_	_	_	_	
15-15	1541-1542	.	_	_	_	_	_	_	_	_	_	_	_	_	_	_	

#Text=Hastanın yapılan abdominopelvik muayenesinde yaygın hassasiyet, servikal pürülan akıntı, servikal hassasiyet izlendi.
16-1	1544-1552	Hastanın	_	_	_	_	_	_	_	_	_	_	_	_	_	_	
16-2	1553-1560	yapılan	_	_	_	_	_	_	_	_	_	_	_	_	_	_	
16-3	1561-1575	abdominopelvik	_	_	_	_	_	_	_	_	_	_	_	_	_	_	
16-4	1576-1588	muayenesinde	_	_	_	_	_	_	_	_	_	_	_	_	_	_	
16-5	1589-1595	yaygın	_	_	_	_	_	_	_	_	_	_	_	_	_	_	
16-6	1596-1606	hassasiyet	_	_	_	_	_	_	_	_	_	_	_	_	_	_	
16-7	1606-1607	,	_	_	_	_	_	_	_	_	_	_	_	_	_	_	
16-8	1608-1616	servikal	_	_	_	_	_	_	_	_	_	_	_	_	_	_	
16-9	1617-1624	pürülan	_	_	_	_	_	_	_	_	_	_	_	_	_	_	
16-10	1625-1631	akıntı	_	_	_	_	_	_	_	_	_	_	_	_	_	_	
16-11	1631-1632	,	_	_	_	_	_	_	_	_	_	_	_	_	_	_	
16-12	1633-1641	servikal	_	_	_	_	_	_	_	_	_	_	_	_	_	_	
16-13	1642-1652	hassasiyet	_	_	_	_	_	_	_	_	_	_	_	_	_	_	
16-14	1653-1660	izlendi	_	_	_	_	_	_	_	_	_	_	_	_	_	_	
16-15	1660-1661	.	_	_	_	_	_	_	_	_	_	_	_	_	_	_	

#Text=Diğer sistemlerde yapılan muayenelerde patoloji saptanmadı.
17-1	1663-1668	Diğer	_	_	_	_	_	_	_	_	_	_	_	_	_	_	
17-2	1669-1680	sistemlerde	_	_	_	_	_	_	_	_	_	_	_	_	_	_	
17-3	1681-1688	yapılan	_	_	_	_	_	_	_	_	_	_	_	_	_	_	
17-4	1689-1701	muayenelerde	_	_	_	_	_	_	_	_	_	_	_	_	_	_	
17-5	1702-1710	patoloji	_	_	_	_	_	_	_	_	_	_	_	_	_	_	
17-6	1711-1721	saptanmadı	_	_	_	_	_	*	_	*	_	*	*	_	*	*	
17-7	1721-1722	.	_	_	_	_	_	_	_	_	_	_	_	_	_	_	

#Text=Başvuru esnasında ateş 38,1 C, tansiyon 140/90 nabız 92 atım/dakika olarak ölçüldü.
18-1	1724-1731	Başvuru	_	_	_	_	_	_	_	_	_	_	_	_	_	_	
18-2	1732-1741	esnasında	_	_	_	_	_	_	_	_	_	_	_	_	_	_	
18-3	1742-1746	ateş	_	_	_	_	_	_	_	_	_	_	_	_	_	_	
18-4	1747-1751	38,1	_	_	_	_	_	_	_	_	_	_	_	_	_	_	
18-5	1752-1753	C	_	_	_	_	_	_	_	_	_	_	_	_	_	_	
18-6	1753-1754	,	_	_	_	_	_	_	_	_	_	_	_	_	_	_	
18-7	1755-1763	tansiyon	_	_	_	_	_	_	_	_	_	_	_	_	_	_	
18-8	1764-1767	140	_	_	_	_	_	_	_	_	_	_	_	_	_	_	
18-9	1767-1768	/	_	_	_	_	_	_	_	_	_	_	_	_	_	_	
18-10	1768-1770	90	_	_	_	_	_	_	_	_	_	_	_	_	_	_	
18-11	1771-1776	nabız	_	_	_	_	_	_	_	_	_	_	_	_	_	_	
18-12	1777-1779	92	_	_	_	_	_	_	_	_	_	_	_	_	_	_	
18-13	1780-1784	atım	_	_	_	_	_	_	_	_	_	_	_	_	_	_	
18-14	1784-1785	/	_	_	_	_	_	_	_	_	_	_	_	_	_	_	
18-15	1785-1791	dakika	_	_	_	_	_	_	_	_	_	_	_	_	_	_	
18-16	1792-1798	olarak	_	_	_	_	_	_	_	_	_	_	_	_	_	_	
18-17	1799-1806	ölçüldü	_	_	_	_	_	_	_	_	_	_	_	_	_	_	
18-18	1806-1807	.	_	_	_	_	_	_	_	_	_	_	_	_	_	_	

#Text=Laboratuvar analizinde WBC: 15,4 K/uL, CRP:13,1 mg/dl, prokalsitonin 0,372 mg/ml olarak ölçüldü.
19-1	1809-1820	Laboratuvar	_	_	_	_	_	_	_	_	_	_	_	_	_	_	
19-2	1821-1831	analizinde	_	_	_	_	_	_	_	_	_	_	_	_	_	_	
19-3	1832-1835	WBC	_	_	_	_	_	_	_	_	_	_	_	_	_	_	
19-4	1835-1836	:	_	_	_	_	_	_	_	_	_	_	_	_	_	_	
19-5	1837-1841	15,4	_	_	_	_	_	_	_	_	_	_	_	_	_	_	
19-6	1842-1843	K	_	_	_	_	_	_	_	_	_	_	_	_	_	_	
19-7	1843-1844	/	_	_	_	_	_	_	_	_	_	_	_	_	_	_	
19-8	1844-1846	uL	_	_	_	_	_	_	_	_	_	_	_	_	_	_	
19-9	1846-1847	,	_	_	_	_	_	_	_	_	_	_	_	_	_	_	
19-10	1848-1851	CRP	_	_	_	_	_	_	_	_	_	_	_	_	_	_	
19-11	1851-1852	:	_	_	_	_	_	_	_	_	_	_	_	_	_	_	
19-12	1852-1856	13,1	_	_	_	_	_	_	_	_	_	_	_	_	_	_	
19-13	1857-1859	mg	_	_	_	_	_	_	_	_	_	_	_	_	_	_	
19-14	1859-1860	/	_	_	_	_	_	_	_	_	_	_	_	_	_	_	
19-15	1860-1862	dl	_	_	_	_	_	_	_	_	_	_	_	_	_	_	
19-16	1862-1863	,	_	_	_	_	_	_	_	_	_	_	_	_	_	_	
19-17	1864-1877	prokalsitonin	_	_	_	_	_	_	_	_	_	_	_	_	_	_	
19-18	1878-1883	0,372	_	_	_	_	_	_	_	_	_	_	_	_	_	_	
19-19	1884-1886	mg	_	_	_	_	_	_	_	_	_	_	_	_	_	_	
19-20	1886-1887	/	_	_	_	_	_	_	_	_	_	_	_	_	_	_	
19-21	1887-1889	ml	_	_	_	_	_	_	_	_	_	_	_	_	_	_	
19-22	1890-1896	olarak	_	_	_	_	_	_	_	_	_	_	_	_	_	_	
19-23	1897-1904	ölçüldü	_	_	_	_	_	_	_	_	_	_	_	_	_	_	
19-24	1904-1905	.	_	_	_	_	_	_	_	_	_	_	_	_	_	_	

#Text=Hastadan vajinal serviks kültürü için örnek alındı.
20-1	1907-1915	Hastadan	_	_	_	_	_	_	_	_	_	_	_	_	_	_	
20-2	1916-1923	vajinal	_	_	_	_	_	_	_	_	_	_	_	_	_	_	
20-3	1924-1931	serviks	_	_	_	_	_	_	_	_	_	_	_	_	_	_	
20-4	1932-1939	kültürü	_	_	_	_	_	_	_	_	_	_	_	_	_	_	
20-5	1940-1944	için	_	_	_	_	_	_	_	_	_	_	_	_	_	_	
20-6	1945-1950	örnek	_	_	_	_	_	_	_	_	_	_	_	_	_	_	
20-7	1951-1957	alındı	_	_	_	_	_	_	_	_	_	_	_	_	_	_	
20-8	1957-1958	.	_	_	_	_	_	_	_	_	_	_	_	_	_	_	

#Text=Hastanın takibi ve tedavisi amacıyla pelvik MR (Manyetik Resonans) çekildi.
21-1	1960-1968	Hastanın	_	_	_	_	_	_	_	_	_	_	_	_	_	_	
21-2	1969-1975	takibi	_	_	_	_	_	_	_	_	_	_	_	_	_	_	
21-3	1976-1978	ve	_	_	_	_	_	_	_	_	_	_	_	_	_	_	
21-4	1979-1987	tedavisi	_	_	_	_	_	_	_	_	_	_	_	_	_	_	
21-5	1988-1996	amacıyla	_	_	_	_	_	_	_	_	_	_	_	_	_	_	
21-6	1997-2003	pelvik	_	_	_	_	_	_	_	_	_	_	_	_	_	_	
21-7	2004-2006	MR	_	_	_	_	_	_	_	_	_	_	_	_	_	_	
21-8	2007-2008	(	_	_	_	_	_	_	_	_	_	_	_	_	_	_	
21-9	2008-2016	Manyetik	_	_	_	_	_	_	_	_	_	_	_	_	_	_	
21-10	2017-2025	Resonans	_	_	_	_	_	_	_	_	_	_	_	_	_	_	
21-11	2025-2026	)	_	_	_	_	_	_	_	_	_	_	_	_	_	_	
21-12	2027-2034	çekildi	_	_	_	_	_	_	_	_	_	_	_	_	_	_	
21-13	2034-2035	.	_	_	_	_	_	_	_	_	_	_	_	_	_	_	

#Text=MR raporunda pelvik bölgede minimal sıvı, uterus sağında 6 cm ebadında myom, 65*50 mm ebadında ödemli görünümde sağ over ve sağ ovaryan vende distalden proksimale kadar uzanan trombüs izlendi (Şekil-1a).
22-1	2037-2039	MR	_	_	_	_	_	_	_	_	_	_	_	_	_	_	
22-2	2040-2049	raporunda	_	_	_	_	_	_	_	_	_	_	_	_	_	_	
22-3	2050-2056	pelvik	_	_	_	_	_	_	_	_	_	_	_	_	_	_	
22-4	2057-2064	bölgede	_	_	_	_	_	_	_	_	_	_	_	_	_	_	
22-5	2065-2072	minimal	_	_	_	_	_	_	_	_	_	_	_	_	_	_	
22-6	2073-2077	sıvı	_	_	_	_	_	_	_	_	_	_	_	_	_	_	
22-7	2077-2078	,	_	_	_	_	_	_	_	_	_	_	_	_	_	_	
22-8	2079-2085	uterus	_	_	_	_	_	_	_	_	_	_	_	_	_	_	
22-9	2086-2093	sağında	_	_	_	_	_	_	_	_	_	_	_	_	_	_	
22-10	2094-2095	6	_	_	_	_	_	_	_	_	_	_	_	_	_	_	
22-11	2096-2098	cm	_	_	_	_	_	_	_	_	_	_	_	_	_	_	
22-12	2099-2107	ebadında	_	_	_	_	_	_	_	_	_	_	_	_	_	_	
22-13	2108-2112	myom	_	_	_	_	_	_	_	_	_	_	_	_	_	_	
22-14	2112-2113	,	_	_	_	_	_	_	_	_	_	_	_	_	_	_	
22-15	2114-2116	65	_	_	_	_	_	_	_	_	_	_	_	_	_	_	
22-16	2116-2117	*	_	_	_	_	_	_	_	_	_	_	_	_	_	_	
22-17	2117-2119	50	_	_	_	_	_	_	_	_	_	_	_	_	_	_	
22-18	2120-2122	mm	_	_	_	_	_	_	_	_	_	_	_	_	_	_	
22-19	2123-2131	ebadında	_	_	_	_	_	_	_	_	_	_	_	_	_	_	
22-20	2132-2138	ödemli	_	_	_	_	_	_	_	_	_	_	_	_	_	_	
22-21	2139-2148	görünümde	_	_	_	_	_	_	_	_	_	_	_	_	_	_	
22-22	2149-2152	sağ	_	_	_	_	_	_	_	_	_	_	_	_	_	_	
22-23	2153-2157	over	_	_	_	_	_	_	_	_	_	_	_	_	_	_	
22-24	2158-2160	ve	_	_	_	_	_	_	_	_	_	_	_	_	_	_	
22-25	2161-2164	sağ	_	_	_	_	_	_	_	_	_	_	_	_	_	_	
22-26	2165-2172	ovaryan	_	_	_	_	_	_	_	_	_	_	_	_	_	_	
22-27	2173-2178	vende	_	_	_	_	_	_	_	_	_	_	_	_	_	_	
22-28	2179-2188	distalden	_	_	_	_	_	_	_	_	_	_	_	_	_	_	
22-29	2189-2199	proksimale	_	_	_	_	_	_	_	_	_	_	_	_	_	_	
22-30	2200-2205	kadar	_	_	_	_	_	_	_	_	_	_	_	_	_	_	
22-31	2206-2212	uzanan	_	_	_	_	_	_	_	_	_	_	_	_	_	_	
22-32	2213-2220	trombüs	_	_	_	_	_	_	_	_	_	_	_	_	_	_	
22-33	2221-2228	izlendi	_	_	_	_	_	_	_	_	_	_	_	_	_	_	
22-34	2229-2230	(	_	_	_	_	_	_	_	_	_	_	_	_	_	_	
22-35	2230-2235	Şekil	_	_	_	_	_	_	_	_	_	_	_	_	_	_	
22-36	2235-2236	-	_	_	_	_	_	_	_	_	_	_	_	_	_	_	
22-37	2236-2238	1a	_	_	_	_	_	_	_	_	_	_	_	_	_	_	
22-38	2238-2239	)	_	_	_	_	_	_	_	_	_	_	_	_	_	_	
22-39	2239-2240	.	_	_	_	_	_	_	_	_	_	_	_	_	_	_	

#Text=Hastaya yapılan pelvik doppler ultrasonograisinde (USG) sağ overde kanlanma artışı izlendi.
23-1	2242-2249	Hastaya	_	_	_	_	_	_	_	_	_	_	_	_	_	_	
23-2	2250-2257	yapılan	_	_	_	_	_	_	_	_	_	_	_	_	_	_	
23-3	2258-2264	pelvik	_	_	_	_	_	_	_	_	_	_	_	_	_	_	
23-4	2265-2272	doppler	_	_	_	_	_	_	_	_	_	_	_	_	_	_	
23-5	2273-2291	ultrasonograisinde	_	_	_	_	_	_	_	_	_	_	_	_	_	_	
23-6	2292-2293	(	_	_	_	_	_	_	_	_	_	_	_	_	_	_	
23-7	2293-2296	USG	_	_	_	_	_	_	_	_	_	_	_	_	_	_	
23-8	2296-2297	)	_	_	_	_	_	_	_	_	_	_	_	_	_	_	
23-9	2298-2301	sağ	_	_	_	_	_	_	_	_	_	_	_	_	_	_	
23-10	2302-2308	overde	_	_	_	_	_	_	_	_	_	_	_	_	_	_	
23-11	2309-2317	kanlanma	_	_	_	_	_	_	_	_	_	_	_	_	_	_	
23-12	2318-2324	artışı	_	_	_	_	_	_	_	_	_	_	_	_	_	_	
23-13	2325-2332	izlendi	_	_	_	_	_	_	_	_	_	_	_	_	_	_	
23-14	2332-2333	.	_	_	_	_	_	_	_	_	_	_	_	_	_	_	

#Text=Bilateral alt ekstremite doppler USG ’de ise alt ekstremitelerde trombüsle uyumlu görünüm izlenmedi.
24-1	2335-2344	Bilateral	_	*[1]	_	*[4]	_	_	_	_	_	_	_	_	_	_	
24-2	2345-2348	alt	_	*[1]	_	*[4]	_	_	_	_	_	_	_	_	_	_	
24-3	2349-2359	ekstremite	_	*[1]	_	*[4]	_	_	_	_	_	_	_	_	_	_	
24-4	2360-2367	doppler	_	*[1]	_	*[4]	_	_	_	_	_	_	_	_	_	_	
24-5	2368-2371	USG	_	*[1]	_	*[4]	_	_	_	_	_	_	_	_	_	_	
24-6	2372-2373	’	_	*[1]	_	*[4]	_	_	_	_	_	_	_	_	_	_	
24-7	2373-2375	de	_	*[1]	_	*[4]	_	_	_	_	_	_	_	_	_	_	
24-8	2376-2379	ise	_	*[1]	_	_	_	_	_	_	_	_	_	_	_	_	
24-9	2380-2383	alt	_	*[1]	_	_	_	_	_	_	_	_	_	_	_	_	
24-10	2384-2399	ekstremitelerde	_	*[1]	_	_	_	_	_	_	_	_	_	_	_	_	
24-11	2400-2409	trombüsle	_	*[1]	_	_	_	_	_	_	_	_	_	_	_	_	
24-12	2410-2416	uyumlu	_	*[1]	_	_	_	_	_	_	_	_	_	_	_	_	
24-13	2417-2424	görünüm	_	*[1]	_	_	_	_	_	_	_	_	_	_	_	_	
24-14	2425-2434	izlenmedi	_	*[1]	*	_	_	*	partOfEvent	24-14	isAnotherFocus	24-1[4]	NegMorMarker	partOfScope	24-1[1]	*	
24-15	2434-2435	.	_	_	_	_	_	_	_	_	_	_	_	_	_	_	

#Text=Hasta servise yatırıldı .
25-1	2437-2442	Hasta	_	_	_	_	_	_	_	_	_	_	_	_	_	_	
25-2	2443-2450	servise	_	_	_	_	_	_	_	_	_	_	_	_	_	_	
25-3	2451-2460	yatırıldı	_	_	_	_	_	_	_	_	_	_	_	_	_	_	
25-4	2461-2462	.	_	_	_	_	_	_	_	_	_	_	_	_	_	_	

#Text=Antibiyoterapi (intravenöz [İV] seftriakson 1gr 2 x1 ve İV metronidazol 500mg 3 x1) ve antikoagulan tedavi (subkutan enoxaparin 6000 IU 2 x1) başlandı.
26-1	2464-2478	Antibiyoterapi	_	_	_	_	_	_	_	_	_	_	_	_	_	_	
26-2	2479-2480	(	_	_	_	_	_	_	_	_	_	_	_	_	_	_	
26-3	2480-2490	intravenöz	_	_	_	_	_	_	_	_	_	_	_	_	_	_	
26-4	2491-2492	[	_	_	_	_	_	_	_	_	_	_	_	_	_	_	
26-5	2492-2494	İV	_	_	_	_	_	_	_	_	_	_	_	_	_	_	
26-6	2494-2495	]	_	_	_	_	_	_	_	_	_	_	_	_	_	_	
26-7	2496-2507	seftriakson	_	_	_	_	_	_	_	_	_	_	_	_	_	_	
26-8	2508-2511	1gr	_	_	_	_	_	_	_	_	_	_	_	_	_	_	
26-9	2512-2513	2	_	_	_	_	_	_	_	_	_	_	_	_	_	_	
26-10	2514-2516	x1	_	_	_	_	_	_	_	_	_	_	_	_	_	_	
26-11	2517-2519	ve	_	_	_	_	_	_	_	_	_	_	_	_	_	_	
26-12	2520-2522	İV	_	_	_	_	_	_	_	_	_	_	_	_	_	_	
26-13	2523-2535	metronidazol	_	_	_	_	_	_	_	_	_	_	_	_	_	_	
26-14	2536-2541	500mg	_	_	_	_	_	_	_	_	_	_	_	_	_	_	
26-15	2542-2543	3	_	_	_	_	_	_	_	_	_	_	_	_	_	_	
26-16	2544-2546	x1	_	_	_	_	_	_	_	_	_	_	_	_	_	_	
26-17	2546-2547	)	_	_	_	_	_	_	_	_	_	_	_	_	_	_	
26-18	2548-2550	ve	_	_	_	_	_	_	_	_	_	_	_	_	_	_	
26-19	2551-2563	antikoagulan	_	_	_	_	_	_	_	_	_	_	_	_	_	_	
26-20	2564-2570	tedavi	_	_	_	_	_	_	_	_	_	_	_	_	_	_	
26-21	2571-2572	(	_	_	_	_	_	_	_	_	_	_	_	_	_	_	
26-22	2572-2580	subkutan	_	_	_	_	_	_	_	_	_	_	_	_	_	_	
26-23	2581-2591	enoxaparin	_	_	_	_	_	_	_	_	_	_	_	_	_	_	
26-24	2592-2596	6000	_	_	_	_	_	_	_	_	_	_	_	_	_	_	
26-25	2597-2599	IU	_	_	_	_	_	_	_	_	_	_	_	_	_	_	
26-26	2600-2601	2	_	_	_	_	_	_	_	_	_	_	_	_	_	_	
26-27	2602-2604	x1	_	_	_	_	_	_	_	_	_	_	_	_	_	_	
26-28	2604-2605	)	_	_	_	_	_	_	_	_	_	_	_	_	_	_	
26-29	2606-2614	başlandı	_	_	_	_	_	_	_	_	_	_	_	_	_	_	
26-30	2614-2615	.	_	_	_	_	_	_	_	_	_	_	_	_	_	_	

#Text=Tedavinin 24. saatinden itibaren hastanın genel durumu düzeldi ve tekrar ateşi olmadı.
27-1	2617-2626	Tedavinin	_	_	_	_	_	_	_	_	_	_	_	_	_	_	
27-2	2627-2629	24	_	_	_	_	_	_	_	_	_	_	_	_	_	_	
27-3	2629-2630	.	_	_	_	_	_	_	_	_	_	_	_	_	_	_	
27-4	2631-2640	saatinden	_	_	_	_	_	_	_	_	_	_	_	_	_	_	
27-5	2641-2649	itibaren	_	_	_	_	_	_	_	_	_	_	_	_	_	_	
27-6	2650-2658	hastanın	_	_	_	_	_	_	_	_	_	_	_	_	_	_	
27-7	2659-2664	genel	_	_	_	_	_	_	_	_	_	_	_	_	_	_	
27-8	2665-2671	durumu	_	_	_	_	_	_	_	_	_	_	_	_	_	_	
27-9	2672-2679	düzeldi	_	_	_	_	_	_	_	_	_	_	_	_	_	_	
27-10	2680-2682	ve	_	_	_	_	_	_	_	_	_	_	_	_	_	_	
27-11	2683-2689	tekrar	_	_	_	_	_	_	_	_	_	_	_	_	_	_	
27-12	2690-2695	ateşi	_	_	_	_	_	_	_	_	_	_	_	_	_	_	
27-13	2696-2702	olmadı	_	_	_	_	_	*	_	*	_	*	NegMorMarker	_	*	*	
27-14	2702-2703	.	_	_	_	_	_	_	_	_	_	_	_	_	_	_	

#Text=Antibiyoterapi 14 güne tamamlandı.
28-1	2705-2719	Antibiyoterapi	_	_	_	_	_	_	_	_	_	_	_	_	_	_	
28-2	2720-2722	14	_	_	_	_	_	_	_	_	_	_	_	_	_	_	
28-3	2723-2727	güne	_	_	_	_	_	_	_	_	_	_	_	_	_	_	
28-4	2728-2738	tamamlandı	_	_	_	_	_	_	_	_	_	_	_	_	_	_	
28-5	2738-2739	.	_	_	_	_	_	_	_	_	_	_	_	_	_	_	

#Text=On dördüncü günde çekilen pelvik MR da trombüsün oldukça gerilediği ve sağ over deki yaklaşık 3 cm boyutundaki görüntü kist veya apse şüphesi şeklinde raporlandı (Şekil-1b).
29-1	2741-2743	On	_	_	_	_	_	_	_	_	_	_	_	_	_	_	
29-2	2744-2752	dördüncü	_	_	_	_	_	_	_	_	_	_	_	_	_	_	
29-3	2753-2758	günde	_	_	_	_	_	_	_	_	_	_	_	_	_	_	
29-4	2759-2766	çekilen	_	_	_	_	_	_	_	_	_	_	_	_	_	_	
29-5	2767-2773	pelvik	_	_	_	_	_	_	_	_	_	_	_	_	_	_	
29-6	2774-2776	MR	_	_	_	_	_	_	_	_	_	_	_	_	_	_	
29-7	2777-2779	da	_	_	_	_	_	_	_	_	_	_	_	_	_	_	
29-8	2780-2789	trombüsün	_	_	_	_	_	_	_	_	_	_	_	_	_	_	
29-9	2790-2797	oldukça	_	_	_	_	_	_	_	_	_	_	_	_	_	_	
29-10	2798-2808	gerilediği	_	_	_	_	_	_	_	_	_	_	_	_	_	_	
29-11	2809-2811	ve	_	_	_	_	_	_	_	_	_	_	_	_	_	_	
29-12	2812-2815	sağ	_	_	_	_	_	_	_	_	_	_	_	_	_	_	
29-13	2816-2820	over	_	_	_	_	_	_	_	_	_	_	_	_	_	_	
29-14	2821-2825	deki	_	_	_	_	_	_	_	_	_	_	_	_	_	_	
29-15	2826-2834	yaklaşık	_	_	_	_	_	_	_	_	_	_	_	_	_	_	
29-16	2835-2836	3	_	_	_	_	_	_	_	_	_	_	_	_	_	_	
29-17	2837-2839	cm	_	_	_	_	_	_	_	_	_	_	_	_	_	_	
29-18	2840-2851	boyutundaki	_	_	_	_	_	_	_	_	_	_	_	_	_	_	
29-19	2852-2859	görüntü	_	_	_	_	_	_	_	_	_	_	_	_	_	_	
29-20	2860-2864	kist	_	_	_	_	_	_	_	_	_	_	_	_	_	_	
29-21	2865-2869	veya	_	_	_	_	_	_	_	_	_	_	_	_	_	_	
29-22	2870-2874	apse	_	_	_	_	_	_	_	_	_	_	_	_	_	_	
29-23	2875-2882	şüphesi	_	_	_	_	_	_	_	_	_	_	_	_	_	_	
29-24	2883-2891	şeklinde	_	_	_	_	_	_	_	_	_	_	_	_	_	_	
29-25	2892-2902	raporlandı	_	_	_	_	_	_	_	_	_	_	_	_	_	_	
29-26	2903-2904	(	_	_	_	_	_	_	_	_	_	_	_	_	_	_	
29-27	2904-2909	Şekil	_	_	_	_	_	_	_	_	_	_	_	_	_	_	
29-28	2909-2910	-	_	_	_	_	_	_	_	_	_	_	_	_	_	_	
29-29	2910-2912	1b	_	_	_	_	_	_	_	_	_	_	_	_	_	_	
29-30	2912-2913	)	_	_	_	_	_	_	_	_	_	_	_	_	_	_	
29-31	2913-2914	.	_	_	_	_	_	_	_	_	_	_	_	_	_	_	

#Text=Yapılan laboratuvar analizinde WBC ve CRP normal sınırlarda olması ve serviks kültüründe üreme olmaması üzerine hasta oral antibiyoterapi ve antikoagulan tedavi ile taburcu edildi.
30-1	2916-2923	Yapılan	_	*[2]	_	_	_	_	_	_	_	_	_	_	_	_	
30-2	2924-2935	laboratuvar	_	*[2]	_	_	_	_	_	_	_	_	_	_	_	_	
30-3	2936-2946	analizinde	_	*[2]	_	_	_	_	_	_	_	_	_	_	_	_	
30-4	2947-2950	WBC	_	_	_	_	_	_	_	_	_	_	_	_	_	_	
30-5	2951-2953	ve	_	_	_	_	_	_	_	_	_	_	_	_	_	_	
30-6	2954-2957	CRP	_	_	_	_	_	_	_	_	_	_	_	_	_	_	
30-7	2958-2964	normal	_	_	_	_	_	_	_	_	_	_	_	_	_	_	
30-8	2965-2975	sınırlarda	_	_	_	_	_	_	_	_	_	_	_	_	_	_	
30-9	2976-2982	olması	_	_	_	_	_	_	_	_	_	_	_	_	_	_	
30-10	2983-2985	ve	_	_	_	_	_	_	_	_	_	_	_	_	_	_	
30-11	2986-2993	serviks	_	*[3]	_	*[5]	_	_	_	_	_	_	_	_	_	_	
30-12	2994-3004	kültüründe	_	*[3]	_	*[5]	_	_	_	_	_	_	_	_	_	_	
30-13	3005-3010	üreme	_	*[3]	*	_	_	_	_	_	_	_	_	_	_	_	
30-14	3011-3019	olmaması	_	*[3]	_	_	_	*	partOfEvent	30-13	isAnotherFocus	30-11[5]	NegMorMarker	partOfScope;partOfScope	30-11[3];30-1[2]	*	
30-15	3020-3027	üzerine	_	_	_	_	_	_	_	_	_	_	_	_	_	_	
30-16	3028-3033	hasta	_	_	_	_	_	_	_	_	_	_	_	_	_	_	
30-17	3034-3038	oral	_	_	_	_	_	_	_	_	_	_	_	_	_	_	
30-18	3039-3053	antibiyoterapi	_	_	_	_	_	_	_	_	_	_	_	_	_	_	
30-19	3054-3056	ve	_	_	_	_	_	_	_	_	_	_	_	_	_	_	
30-20	3057-3069	antikoagulan	_	_	_	_	_	_	_	_	_	_	_	_	_	_	
30-21	3070-3076	tedavi	_	_	_	_	_	_	_	_	_	_	_	_	_	_	
30-22	3077-3080	ile	_	_	_	_	_	_	_	_	_	_	_	_	_	_	
30-23	3081-3088	taburcu	_	_	_	_	_	_	_	_	_	_	_	_	_	_	
30-24	3089-3095	edildi	_	_	_	_	_	_	_	_	_	_	_	_	_	_	
30-25	3095-3096	.	_	_	_	_	_	_	_	_	_	_	_	_	_	_	

#Text=Ayrıca antikoagulan tedavinin altı haftaya tamamlanması planlandı.
31-1	3098-3104	Ayrıca	_	_	_	_	_	_	_	_	_	_	_	_	_	_	
31-2	3105-3117	antikoagulan	_	_	_	_	_	_	_	_	_	_	_	_	_	_	
31-3	3118-3127	tedavinin	_	_	_	_	_	_	_	_	_	_	_	_	_	_	
31-4	3128-3132	altı	_	_	_	_	_	_	_	_	_	_	_	_	_	_	
31-5	3133-3140	haftaya	_	_	_	_	_	_	_	_	_	_	_	_	_	_	
31-6	3141-3153	tamamlanması	_	_	_	_	_	_	_	_	_	_	_	_	_	_	
31-7	3154-3163	planlandı	_	_	_	_	_	_	_	_	_	_	_	_	_	_	
31-8	3163-3164	.	_	_	_	_	_	_	_	_	_	_	_	_	_	_	

#Text=Takiplerinde yapılan USG ve pelvik MR görüntülemede overin ve sağ ovaryan venin tamamen normale döndüğü gözlendi (Şekil-1c).
32-1	3166-3178	Takiplerinde	_	_	_	_	_	_	_	_	_	_	_	_	_	_	
32-2	3179-3186	yapılan	_	_	_	_	_	_	_	_	_	_	_	_	_	_	
32-3	3187-3190	USG	_	_	_	_	_	_	_	_	_	_	_	_	_	_	
32-4	3191-3193	ve	_	_	_	_	_	_	_	_	_	_	_	_	_	_	
32-5	3194-3200	pelvik	_	_	_	_	_	_	_	_	_	_	_	_	_	_	
32-6	3201-3203	MR	_	_	_	_	_	_	_	_	_	_	_	_	_	_	
32-7	3204-3217	görüntülemede	_	_	_	_	_	_	_	_	_	_	_	_	_	_	
32-8	3218-3224	overin	_	_	_	_	_	_	_	_	_	_	_	_	_	_	
32-9	3225-3227	ve	_	_	_	_	_	_	_	_	_	_	_	_	_	_	
32-10	3228-3231	sağ	_	_	_	_	_	_	_	_	_	_	_	_	_	_	
32-11	3232-3239	ovaryan	_	_	_	_	_	_	_	_	_	_	_	_	_	_	
32-12	3240-3245	venin	_	_	_	_	_	_	_	_	_	_	_	_	_	_	
32-13	3246-3253	tamamen	_	_	_	_	_	_	_	_	_	_	_	_	_	_	
32-14	3254-3261	normale	_	_	_	_	_	_	_	_	_	_	_	_	_	_	
32-15	3262-3269	döndüğü	_	_	_	_	_	_	_	_	_	_	_	_	_	_	
32-16	3270-3278	gözlendi	_	_	_	_	_	_	_	_	_	_	_	_	_	_	
32-17	3279-3280	(	_	_	_	_	_	_	_	_	_	_	_	_	_	_	
32-18	3280-3285	Şekil	_	_	_	_	_	_	_	_	_	_	_	_	_	_	
32-19	3285-3286	-	_	_	_	_	_	_	_	_	_	_	_	_	_	_	
32-20	3286-3288	1c	_	_	_	_	_	_	_	_	_	_	_	_	_	_	
32-21	3288-3289	)	_	_	_	_	_	_	_	_	_	_	_	_	_	_	
32-22	3289-3290	.	_	_	_	_	_	_	_	_	_	_	_	_	_	_	

#Text=Hastadan tıbbi verilerinin yayınlanabileceğine ilişkin yazılı onam belgesi alındı .
33-1	3292-3300	Hastadan	_	_	_	_	_	_	_	_	_	_	_	_	_	_	
33-2	3301-3306	tıbbi	_	_	_	_	_	_	_	_	_	_	_	_	_	_	
33-3	3307-3318	verilerinin	_	_	_	_	_	_	_	_	_	_	_	_	_	_	
33-4	3319-3338	yayınlanabileceğine	_	_	_	_	_	_	_	_	_	_	_	_	_	_	
33-5	3339-3346	ilişkin	_	_	_	_	_	_	_	_	_	_	_	_	_	_	
33-6	3347-3353	yazılı	_	_	_	_	_	_	_	_	_	_	_	_	_	_	
33-7	3354-3358	onam	_	_	_	_	_	_	_	_	_	_	_	_	_	_	
33-8	3359-3366	belgesi	_	_	_	_	_	_	_	_	_	_	_	_	_	_	
33-9	3367-3373	alındı	_	_	_	_	_	_	_	_	_	_	_	_	_	_	
33-10	3374-3375	.	_	_	_	_	_	_	_	_	_	_	_	_	_	_	

#Text=OVT oldukça nadir görülen ancak ciddi klinik sonuçları olabilen bir hastalıktır.
34-1	3377-3380	OVT	_	_	_	_	_	_	_	_	_	_	_	_	_	_	
34-2	3381-3388	oldukça	_	_	_	_	_	_	_	_	_	_	_	_	_	_	
34-3	3389-3394	nadir	_	_	_	_	_	_	_	_	_	_	_	_	_	_	
34-4	3395-3402	görülen	_	_	_	_	_	_	_	_	_	_	_	_	_	_	
34-5	3403-3408	ancak	_	_	_	_	_	_	_	_	_	_	_	_	_	_	
34-6	3409-3414	ciddi	_	_	_	_	_	_	_	_	_	_	_	_	_	_	
34-7	3415-3421	klinik	_	_	_	_	_	_	_	_	_	_	_	_	_	_	
34-8	3422-3431	sonuçları	_	_	_	_	_	_	_	_	_	_	_	_	_	_	
34-9	3432-3440	olabilen	_	_	_	_	_	_	_	_	_	_	_	_	_	_	
34-10	3441-3444	bir	_	_	_	_	_	_	_	_	_	_	_	_	_	_	
34-11	3445-3456	hastalıktır	_	_	_	_	_	_	_	_	_	_	_	_	_	_	
34-12	3456-3457	.	_	_	_	_	_	_	_	_	_	_	_	_	_	_	

#Text=İlk olarak 1800’lü yılların sonunda Von Recklinghausen tarafından tanımlanmış ve daha sonra 1950 yılında yapılan 70 hasta serisi ile hastalık net olarak açıklanabilmiştir.
35-1	3459-3462	İlk	_	_	_	_	_	_	_	_	_	_	_	_	_	_	
35-2	3463-3469	olarak	_	_	_	_	_	_	_	_	_	_	_	_	_	_	
35-3	3470-3474	1800	_	_	_	_	_	_	_	_	_	_	_	_	_	_	
35-4	3474-3475	’	_	_	_	_	_	_	_	_	_	_	_	_	_	_	
35-5	3475-3477	lü	_	_	_	_	_	_	_	_	_	_	_	_	_	_	
35-6	3478-3486	yılların	_	_	_	_	_	_	_	_	_	_	_	_	_	_	
35-7	3487-3494	sonunda	_	_	_	_	_	_	_	_	_	_	_	_	_	_	
35-8	3495-3498	Von	_	_	_	_	_	_	_	_	_	_	_	_	_	_	
35-9	3499-3513	Recklinghausen	_	_	_	_	_	_	_	_	_	_	_	_	_	_	
35-10	3514-3524	tarafından	_	_	_	_	_	_	_	_	_	_	_	_	_	_	
35-11	3525-3536	tanımlanmış	_	_	_	_	_	_	_	_	_	_	_	_	_	_	
35-12	3537-3539	ve	_	_	_	_	_	_	_	_	_	_	_	_	_	_	
35-13	3540-3544	daha	_	_	_	_	_	_	_	_	_	_	_	_	_	_	
35-14	3545-3550	sonra	_	_	_	_	_	_	_	_	_	_	_	_	_	_	
35-15	3551-3555	1950	_	_	_	_	_	_	_	_	_	_	_	_	_	_	
35-16	3556-3563	yılında	_	_	_	_	_	_	_	_	_	_	_	_	_	_	
35-17	3564-3571	yapılan	_	_	_	_	_	_	_	_	_	_	_	_	_	_	
35-18	3572-3574	70	_	_	_	_	_	_	_	_	_	_	_	_	_	_	
35-19	3575-3580	hasta	_	_	_	_	_	_	_	_	_	_	_	_	_	_	
35-20	3581-3587	serisi	_	_	_	_	_	_	_	_	_	_	_	_	_	_	
35-21	3588-3591	ile	_	_	_	_	_	_	_	_	_	_	_	_	_	_	
35-22	3592-3600	hastalık	_	_	_	_	_	_	_	_	_	_	_	_	_	_	
35-23	3601-3604	net	_	_	_	_	_	_	_	_	_	_	_	_	_	_	
35-24	3605-3611	olarak	_	_	_	_	_	_	_	_	_	_	_	_	_	_	
35-25	3612-3629	açıklanabilmiştir	_	_	_	_	_	_	_	_	_	_	_	_	_	_	
35-26	3629-3630	.	_	_	_	_	_	_	_	_	_	_	_	_	_	_	

#Text=OVT’nin patogenezinde Virchow’un triadı olan endotel hasarı, venöz durgunluk ve hiperkoagülabilite rol oynamaktadır.
36-1	3632-3635	OVT	_	_	_	_	_	_	_	_	_	_	_	_	_	_	
36-2	3635-3636	’	_	_	_	_	_	_	_	_	_	_	_	_	_	_	
36-3	3636-3639	nin	_	_	_	_	_	_	_	_	_	_	_	_	_	_	
36-4	3640-3653	patogenezinde	_	_	_	_	_	_	_	_	_	_	_	_	_	_	
36-5	3654-3661	Virchow	_	_	_	_	_	_	_	_	_	_	_	_	_	_	
36-6	3661-3662	’	_	_	_	_	_	_	_	_	_	_	_	_	_	_	
36-7	3662-3664	un	_	_	_	_	_	_	_	_	_	_	_	_	_	_	
36-8	3665-3671	triadı	_	_	_	_	_	_	_	_	_	_	_	_	_	_	
36-9	3672-3676	olan	_	_	_	_	_	_	_	_	_	_	_	_	_	_	
36-10	3677-3684	endotel	_	_	_	_	_	_	_	_	_	_	_	_	_	_	
36-11	3685-3691	hasarı	_	_	_	_	_	_	_	_	_	_	_	_	_	_	
36-12	3691-3692	,	_	_	_	_	_	_	_	_	_	_	_	_	_	_	
36-13	3693-3698	venöz	_	_	_	_	_	_	_	_	_	_	_	_	_	_	
36-14	3699-3708	durgunluk	_	_	_	_	_	_	_	_	_	_	_	_	_	_	
36-15	3709-3711	ve	_	_	_	_	_	_	_	_	_	_	_	_	_	_	
36-16	3712-3730	hiperkoagülabilite	_	_	_	_	_	_	_	_	_	_	_	_	_	_	
36-17	3731-3734	rol	_	_	_	_	_	_	_	_	_	_	_	_	_	_	
36-18	3735-3747	oynamaktadır	_	_	_	_	_	_	_	_	_	_	_	_	_	_	
36-19	3747-3748	.	_	_	_	_	_	_	_	_	_	_	_	_	_	_	

#Text=Endotel hasarı; doğum veya cerrahi işlemlere bağlı doğrudan veya enfeksiyona ikincil oluşmaktadır.
37-1	3750-3757	Endotel	_	_	_	_	_	_	_	_	_	_	_	_	_	_	
37-2	3758-3764	hasarı	_	_	_	_	_	_	_	_	_	_	_	_	_	_	
37-3	3764-3765	;	_	_	_	_	_	_	_	_	_	_	_	_	_	_	
37-4	3766-3771	doğum	_	_	_	_	_	_	_	_	_	_	_	_	_	_	
37-5	3772-3776	veya	_	_	_	_	_	_	_	_	_	_	_	_	_	_	
37-6	3777-3784	cerrahi	_	_	_	_	_	_	_	_	_	_	_	_	_	_	
37-7	3785-3794	işlemlere	_	_	_	_	_	_	_	_	_	_	_	_	_	_	
37-8	3795-3800	bağlı	_	_	_	_	_	_	_	_	_	_	_	_	_	_	
37-9	3801-3809	doğrudan	_	_	_	_	_	_	_	_	_	_	_	_	_	_	
37-10	3810-3814	veya	_	_	_	_	_	_	_	_	_	_	_	_	_	_	
37-11	3815-3826	enfeksiyona	_	_	_	_	_	_	_	_	_	_	_	_	_	_	
37-12	3827-3834	ikincil	_	_	_	_	_	_	_	_	_	_	_	_	_	_	
37-13	3835-3847	oluşmaktadır	_	_	_	_	_	_	_	_	_	_	_	_	_	_	
37-14	3847-3848	.	_	_	_	_	_	_	_	_	_	_	_	_	_	_	

#Text=Venöz durgunluk ise gebeliğe bağlı oluşan venöz dilatasyon ve azalmış venöz basınca bağlı oluşmaktadır.
38-1	3850-3855	Venöz	_	_	_	_	_	_	_	_	_	_	_	_	_	_	
38-2	3856-3865	durgunluk	_	_	_	_	_	_	_	_	_	_	_	_	_	_	
38-3	3866-3869	ise	_	_	_	_	_	_	_	_	_	_	_	_	_	_	
38-4	3870-3878	gebeliğe	_	_	_	_	_	_	_	_	_	_	_	_	_	_	
38-5	3879-3884	bağlı	_	_	_	_	_	_	_	_	_	_	_	_	_	_	
38-6	3885-3891	oluşan	_	_	_	_	_	_	_	_	_	_	_	_	_	_	
38-7	3892-3897	venöz	_	_	_	_	_	_	_	_	_	_	_	_	_	_	
38-8	3898-3908	dilatasyon	_	_	_	_	_	_	_	_	_	_	_	_	_	_	
38-9	3909-3911	ve	_	_	_	_	_	_	_	_	_	_	_	_	_	_	
38-10	3912-3919	azalmış	_	_	_	_	_	_	_	_	_	_	_	_	_	_	
38-11	3920-3925	venöz	_	_	_	_	_	_	_	_	_	_	_	_	_	_	
38-12	3926-3933	basınca	_	_	_	_	_	_	_	_	_	_	_	_	_	_	
38-13	3934-3939	bağlı	_	_	_	_	_	_	_	_	_	_	_	_	_	_	
38-14	3940-3952	oluşmaktadır	_	_	_	_	_	_	_	_	_	_	_	_	_	_	
38-15	3952-3953	.	_	_	_	_	_	_	_	_	_	_	_	_	_	_	

#Text=Ayrıca sağ ovaryan venin sol ovaryan venden daha uzun olması, uterusun görece olarak sağ ovaryan vene daha fazla bası yapması sonucu sol ovaryan venden sağ ovaryan vene doğru retrograd akım meydana gelmektedir.
39-1	3955-3961	Ayrıca	_	_	_	_	_	_	_	_	_	_	_	_	_	_	
39-2	3962-3965	sağ	_	_	_	_	_	_	_	_	_	_	_	_	_	_	
39-3	3966-3973	ovaryan	_	_	_	_	_	_	_	_	_	_	_	_	_	_	
39-4	3974-3979	venin	_	_	_	_	_	_	_	_	_	_	_	_	_	_	
39-5	3980-3983	sol	_	_	_	_	_	_	_	_	_	_	_	_	_	_	
39-6	3984-3991	ovaryan	_	_	_	_	_	_	_	_	_	_	_	_	_	_	
39-7	3992-3998	venden	_	_	_	_	_	_	_	_	_	_	_	_	_	_	
39-8	3999-4003	daha	_	_	_	_	_	_	_	_	_	_	_	_	_	_	
39-9	4004-4008	uzun	_	_	_	_	_	_	_	_	_	_	_	_	_	_	
39-10	4009-4015	olması	_	_	_	_	_	_	_	_	_	_	_	_	_	_	
39-11	4015-4016	,	_	_	_	_	_	_	_	_	_	_	_	_	_	_	
39-12	4017-4025	uterusun	_	_	_	_	_	_	_	_	_	_	_	_	_	_	
39-13	4026-4032	görece	_	_	_	_	_	_	_	_	_	_	_	_	_	_	
39-14	4033-4039	olarak	_	_	_	_	_	_	_	_	_	_	_	_	_	_	
39-15	4040-4043	sağ	_	_	_	_	_	_	_	_	_	_	_	_	_	_	
39-16	4044-4051	ovaryan	_	_	_	_	_	_	_	_	_	_	_	_	_	_	
39-17	4052-4056	vene	_	_	_	_	_	_	_	_	_	_	_	_	_	_	
39-18	4057-4061	daha	_	_	_	_	_	_	_	_	_	_	_	_	_	_	
39-19	4062-4067	fazla	_	_	_	_	_	_	_	_	_	_	_	_	_	_	
39-20	4068-4072	bası	_	_	_	_	_	_	_	_	_	_	_	_	_	_	
39-21	4073-4080	yapması	_	_	_	_	_	_	_	_	_	_	_	_	_	_	
39-22	4081-4087	sonucu	_	_	_	_	_	_	_	_	_	_	_	_	_	_	
39-23	4088-4091	sol	_	_	_	_	_	_	_	_	_	_	_	_	_	_	
39-24	4092-4099	ovaryan	_	_	_	_	_	_	_	_	_	_	_	_	_	_	
39-25	4100-4106	venden	_	_	_	_	_	_	_	_	_	_	_	_	_	_	
39-26	4107-4110	sağ	_	_	_	_	_	_	_	_	_	_	_	_	_	_	
39-27	4111-4118	ovaryan	_	_	_	_	_	_	_	_	_	_	_	_	_	_	
39-28	4119-4123	vene	_	_	_	_	_	_	_	_	_	_	_	_	_	_	
39-29	4124-4129	doğru	_	_	_	_	_	_	_	_	_	_	_	_	_	_	
39-30	4130-4139	retrograd	_	_	_	_	_	_	_	_	_	_	_	_	_	_	
39-31	4140-4144	akım	_	_	_	_	_	_	_	_	_	_	_	_	_	_	
39-32	4145-4152	meydana	_	_	_	_	_	_	_	_	_	_	_	_	_	_	
39-33	4153-4164	gelmektedir	_	_	_	_	_	_	_	_	_	_	_	_	_	_	
39-34	4164-4165	.	_	_	_	_	_	_	_	_	_	_	_	_	_	_	

#Text=Bu sebeple sağ overde OVT daha sık görülmektedir.
40-1	4167-4169	Bu	_	_	_	_	_	_	_	_	_	_	_	_	_	_	
40-2	4170-4177	sebeple	_	_	_	_	_	_	_	_	_	_	_	_	_	_	
40-3	4178-4181	sağ	_	_	_	_	_	_	_	_	_	_	_	_	_	_	
40-4	4182-4188	overde	_	_	_	_	_	_	_	_	_	_	_	_	_	_	
40-5	4189-4192	OVT	_	_	_	_	_	_	_	_	_	_	_	_	_	_	
40-6	4193-4197	daha	_	_	_	_	_	_	_	_	_	_	_	_	_	_	
40-7	4198-4201	sık	_	_	_	_	_	_	_	_	_	_	_	_	_	_	
40-8	4202-4215	görülmektedir	_	_	_	_	_	_	_	_	_	_	_	_	_	_	
40-9	4215-4216	.	_	_	_	_	_	_	_	_	_	_	_	_	_	_	

#Text=Literatürde myom yerleşiminin de suçlandığı OVT bildirimleri de mevcuttur.
41-1	4218-4229	Literatürde	_	_	_	_	_	_	_	_	_	_	_	_	_	_	
41-2	4230-4234	myom	_	_	_	_	_	_	_	_	_	_	_	_	_	_	
41-3	4235-4247	yerleşiminin	_	_	_	_	_	_	_	_	_	_	_	_	_	_	
41-4	4248-4250	de	_	_	_	_	_	_	_	_	_	_	_	_	_	_	
41-5	4251-4261	suçlandığı	_	_	_	_	_	_	_	_	_	_	_	_	_	_	
41-6	4262-4265	OVT	_	_	_	_	_	_	_	_	_	_	_	_	_	_	
41-7	4266-4278	bildirimleri	_	_	_	_	_	_	_	_	_	_	_	_	_	_	
41-8	4279-4281	de	_	_	_	_	_	_	_	_	_	_	_	_	_	_	
41-9	4282-4291	mevcuttur	_	_	_	_	_	_	_	_	_	_	_	_	_	_	
41-10	4291-4292	.	_	_	_	_	_	_	_	_	_	_	_	_	_	_	

#Text=Olgumuzda da gebelik söz konusu olmadan sağ OVT gözlenmiştir.
42-1	4294-4303	Olgumuzda	_	_	_	_	_	_	_	_	_	_	_	_	_	_	
42-2	4304-4306	da	_	_	_	_	_	_	_	_	_	_	_	_	_	_	
42-3	4307-4314	gebelik	_	_	_	_	_	_	_	_	_	_	_	_	_	_	
42-4	4315-4318	söz	_	_	_	_	_	_	_	_	_	_	_	_	_	_	
42-5	4319-4325	konusu	_	_	_	_	_	_	_	_	_	_	_	_	_	_	
42-6	4326-4333	olmadan	*	_	_	_	_	*	_	*	_	*	*	_	*	*	
42-7	4334-4337	sağ	_	_	_	_	_	_	_	_	_	_	_	_	_	_	
42-8	4338-4341	OVT	_	_	_	_	_	_	_	_	_	_	_	_	_	_	
42-9	4342-4354	gözlenmiştir	_	_	_	_	_	_	_	_	_	_	_	_	_	_	
42-10	4354-4355	.	_	_	_	_	_	_	_	_	_	_	_	_	_	_	

#Text=Muhtemelen myom sebebiyle venöz staz zemininde gelişen, enfeksiyöz sebeplere bağlı olan endotel hasarı ve hiperkoagulabilite patogenezde rol oynamıştır.
43-1	4357-4367	Muhtemelen	_	_	_	_	_	_	_	_	_	_	_	_	_	_	
43-2	4368-4372	myom	_	_	_	_	_	_	_	_	_	_	_	_	_	_	
43-3	4373-4382	sebebiyle	_	_	_	_	_	_	_	_	_	_	_	_	_	_	
43-4	4383-4388	venöz	_	_	_	_	_	_	_	_	_	_	_	_	_	_	
43-5	4389-4393	staz	_	_	_	_	_	_	_	_	_	_	_	_	_	_	
43-6	4394-4403	zemininde	_	_	_	_	_	_	_	_	_	_	_	_	_	_	
43-7	4404-4411	gelişen	_	_	_	_	_	_	_	_	_	_	_	_	_	_	
43-8	4411-4412	,	_	_	_	_	_	_	_	_	_	_	_	_	_	_	
43-9	4413-4423	enfeksiyöz	_	_	_	_	_	_	_	_	_	_	_	_	_	_	
43-10	4424-4433	sebeplere	_	_	_	_	_	_	_	_	_	_	_	_	_	_	
43-11	4434-4439	bağlı	_	_	_	_	_	_	_	_	_	_	_	_	_	_	
43-12	4440-4444	olan	_	_	_	_	_	_	_	_	_	_	_	_	_	_	
43-13	4445-4452	endotel	_	_	_	_	_	_	_	_	_	_	_	_	_	_	
43-14	4453-4459	hasarı	_	_	_	_	_	_	_	_	_	_	_	_	_	_	
43-15	4460-4462	ve	_	_	_	_	_	_	_	_	_	_	_	_	_	_	
43-16	4463-4481	hiperkoagulabilite	_	_	_	_	_	_	_	_	_	_	_	_	_	_	
43-17	4482-4493	patogenezde	_	_	_	_	_	_	_	_	_	_	_	_	_	_	
43-18	4494-4497	rol	_	_	_	_	_	_	_	_	_	_	_	_	_	_	
43-19	4498-4508	oynamıştır	_	_	_	_	_	_	_	_	_	_	_	_	_	_	
43-20	4508-4509	.	_	_	_	_	_	_	_	_	_	_	_	_	_	_	

#Text=OVT çoğunlukla postpartum endometrit ve buna eşlik eden venöz sistemdeki akım değişiklikleri sonucu puerperyum dönemde oluşmaktadır.
44-1	4511-4514	OVT	_	_	_	_	_	_	_	_	_	_	_	_	_	_	
44-2	4515-4525	çoğunlukla	_	_	_	_	_	_	_	_	_	_	_	_	_	_	
44-3	4526-4536	postpartum	_	_	_	_	_	_	_	_	_	_	_	_	_	_	
44-4	4537-4547	endometrit	_	_	_	_	_	_	_	_	_	_	_	_	_	_	
44-5	4548-4550	ve	_	_	_	_	_	_	_	_	_	_	_	_	_	_	
44-6	4551-4555	buna	_	_	_	_	_	_	_	_	_	_	_	_	_	_	
44-7	4556-4561	eşlik	_	_	_	_	_	_	_	_	_	_	_	_	_	_	
44-8	4562-4566	eden	_	_	_	_	_	_	_	_	_	_	_	_	_	_	
44-9	4567-4572	venöz	_	_	_	_	_	_	_	_	_	_	_	_	_	_	
44-10	4573-4583	sistemdeki	_	_	_	_	_	_	_	_	_	_	_	_	_	_	
44-11	4584-4588	akım	_	_	_	_	_	_	_	_	_	_	_	_	_	_	
44-12	4589-4603	değişiklikleri	_	_	_	_	_	_	_	_	_	_	_	_	_	_	
44-13	4604-4610	sonucu	_	_	_	_	_	_	_	_	_	_	_	_	_	_	
44-14	4611-4621	puerperyum	_	_	_	_	_	_	_	_	_	_	_	_	_	_	
44-15	4622-4629	dönemde	_	_	_	_	_	_	_	_	_	_	_	_	_	_	
44-16	4630-4642	oluşmaktadır	_	_	_	_	_	_	_	_	_	_	_	_	_	_	
44-17	4642-4643	.	_	_	_	_	_	_	_	_	_	_	_	_	_	_	

#Text=Jinekolojik cerrahi geçiren hastalarda eşlik eden enfeksiyonlara ek olarak pelvik damarlardaki iatrojenik hasar sonucu oluşmaktadır.
45-1	4645-4656	Jinekolojik	_	_	_	_	_	_	_	_	_	_	_	_	_	_	
45-2	4657-4664	cerrahi	_	_	_	_	_	_	_	_	_	_	_	_	_	_	
45-3	4665-4672	geçiren	_	_	_	_	_	_	_	_	_	_	_	_	_	_	
45-4	4673-4683	hastalarda	_	_	_	_	_	_	_	_	_	_	_	_	_	_	
45-5	4684-4689	eşlik	_	_	_	_	_	_	_	_	_	_	_	_	_	_	
45-6	4690-4694	eden	_	_	_	_	_	_	_	_	_	_	_	_	_	_	
45-7	4695-4709	enfeksiyonlara	_	_	_	_	_	_	_	_	_	_	_	_	_	_	
45-8	4710-4712	ek	_	_	_	_	_	_	_	_	_	_	_	_	_	_	
45-9	4713-4719	olarak	_	_	_	_	_	_	_	_	_	_	_	_	_	_	
45-10	4720-4726	pelvik	_	_	_	_	_	_	_	_	_	_	_	_	_	_	
45-11	4727-4739	damarlardaki	_	_	_	_	_	_	_	_	_	_	_	_	_	_	
45-12	4740-4750	iatrojenik	_	_	_	_	_	_	_	_	_	_	_	_	_	_	
45-13	4751-4756	hasar	_	_	_	_	_	_	_	_	_	_	_	_	_	_	
45-14	4757-4763	sonucu	_	_	_	_	_	_	_	_	_	_	_	_	_	_	
45-15	4764-4776	oluşmaktadır	_	_	_	_	_	_	_	_	_	_	_	_	_	_	
45-16	4776-4777	.	_	_	_	_	_	_	_	_	_	_	_	_	_	_	

#Text=Pelvik enfeksiyonlarda ise asendan yolla enfeksiyonun ovaryan damarlardan derin pelvik damarlara kadar yayılması sonucu oluşmaktadır.
46-1	4779-4785	Pelvik	_	_	_	_	_	_	_	_	_	_	_	_	_	_	
46-2	4786-4801	enfeksiyonlarda	_	_	_	_	_	_	_	_	_	_	_	_	_	_	
46-3	4802-4805	ise	_	_	_	_	_	_	_	_	_	_	_	_	_	_	
46-4	4806-4813	asendan	_	_	_	_	_	_	_	_	_	_	_	_	_	_	
46-5	4814-4819	yolla	_	_	_	_	_	_	_	_	_	_	_	_	_	_	
46-6	4820-4832	enfeksiyonun	_	_	_	_	_	_	_	_	_	_	_	_	_	_	
46-7	4833-4840	ovaryan	_	_	_	_	_	_	_	_	_	_	_	_	_	_	
46-8	4841-4852	damarlardan	_	_	_	_	_	_	_	_	_	_	_	_	_	_	
46-9	4853-4858	derin	_	_	_	_	_	_	_	_	_	_	_	_	_	_	
46-10	4859-4865	pelvik	_	_	_	_	_	_	_	_	_	_	_	_	_	_	
46-11	4866-4875	damarlara	_	_	_	_	_	_	_	_	_	_	_	_	_	_	
46-12	4876-4881	kadar	_	_	_	_	_	_	_	_	_	_	_	_	_	_	
46-13	4882-4891	yayılması	_	_	_	_	_	_	_	_	_	_	_	_	_	_	
46-14	4892-4898	sonucu	_	_	_	_	_	_	_	_	_	_	_	_	_	_	
46-15	4899-4911	oluşmaktadır	_	_	_	_	_	_	_	_	_	_	_	_	_	_	
46-16	4911-4912	.	_	_	_	_	_	_	_	_	_	_	_	_	_	_	

#Text=Olgumuzda muhtemelen tedavi edilmediği takdirde tubo-ovaryan apse ve septik pelvik tormboflebite (SPT) dönüşecek PID ve sağ ovaryan ven trombüsü mevcuttu.
47-1	4914-4923	Olgumuzda	_	_	_	_	_	_	_	_	_	_	_	_	_	_	
47-2	4924-4934	muhtemelen	_	_	_	_	_	_	_	_	_	_	_	_	_	_	
47-3	4935-4941	tedavi	_	_	_	_	_	_	_	_	_	_	_	_	_	_	
47-4	4942-4952	edilmediği	_	_	_	_	_	*	_	*	_	*	*	_	*	*	
47-5	4953-4961	takdirde	_	_	_	_	_	_	_	_	_	_	_	_	_	_	
47-6	4962-4974	tubo-ovaryan	_	_	_	_	_	_	_	_	_	_	_	_	_	_	
47-7	4975-4979	apse	_	_	_	_	_	_	_	_	_	_	_	_	_	_	
47-8	4980-4982	ve	_	_	_	_	_	_	_	_	_	_	_	_	_	_	
47-9	4983-4989	septik	_	_	_	_	_	_	_	_	_	_	_	_	_	_	
47-10	4990-4996	pelvik	_	_	_	_	_	_	_	_	_	_	_	_	_	_	
47-11	4997-5010	tormboflebite	_	_	_	_	_	_	_	_	_	_	_	_	_	_	
47-12	5011-5012	(	_	_	_	_	_	_	_	_	_	_	_	_	_	_	
47-13	5012-5015	SPT	_	_	_	_	_	_	_	_	_	_	_	_	_	_	
47-14	5015-5016	)	_	_	_	_	_	_	_	_	_	_	_	_	_	_	
47-15	5017-5026	dönüşecek	_	_	_	_	_	_	_	_	_	_	_	_	_	_	
47-16	5027-5030	PID	_	_	_	_	_	_	_	_	_	_	_	_	_	_	
47-17	5031-5033	ve	_	_	_	_	_	_	_	_	_	_	_	_	_	_	
47-18	5034-5037	sağ	_	_	_	_	_	_	_	_	_	_	_	_	_	_	
47-19	5038-5045	ovaryan	_	_	_	_	_	_	_	_	_	_	_	_	_	_	
47-20	5046-5049	ven	_	_	_	_	_	_	_	_	_	_	_	_	_	_	
47-21	5050-5058	trombüsü	_	_	_	_	_	_	_	_	_	_	_	_	_	_	
47-22	5059-5067	mevcuttu	_	_	_	_	_	_	_	_	_	_	_	_	_	_	
47-23	5067-5068	.	_	_	_	_	_	_	_	_	_	_	_	_	_	_	

#Text=OVT hastalarının kan kültürleri genellikle negatiftir.
48-1	5070-5073	OVT	_	_	_	_	_	_	_	_	_	_	_	_	_	_	
48-2	5074-5086	hastalarının	_	_	_	_	_	_	_	_	_	_	_	_	_	_	
48-3	5087-5090	kan	_	_	_	_	_	_	_	_	_	_	_	_	_	_	
48-4	5091-5101	kültürleri	_	_	_	_	_	_	_	_	_	_	_	_	_	_	
48-5	5102-5112	genellikle	_	_	_	_	_	_	_	_	_	_	_	_	_	_	
48-6	5113-5123	negatiftir	_	_	_	_	_	*	_	*	_	*	*	_	*	*	
48-7	5123-5124	.	_	_	_	_	_	_	_	_	_	_	_	_	_	_	

#Text=Bu hastalarda çoğunlukla pelvik hastalıklarda sıklıkla üreyen streptokok, enterobaktericae ve anaerobik bakteriler üremektedir.
49-1	5126-5128	Bu	_	_	_	_	_	_	_	_	_	_	_	_	_	_	
49-2	5129-5139	hastalarda	_	_	_	_	_	_	_	_	_	_	_	_	_	_	
49-3	5140-5150	çoğunlukla	_	_	_	_	_	_	_	_	_	_	_	_	_	_	
49-4	5151-5157	pelvik	_	_	_	_	_	_	_	_	_	_	_	_	_	_	
49-5	5158-5171	hastalıklarda	_	_	_	_	_	_	_	_	_	_	_	_	_	_	
49-6	5172-5180	sıklıkla	_	_	_	_	_	_	_	_	_	_	_	_	_	_	
49-7	5181-5187	üreyen	_	_	_	_	_	_	_	_	_	_	_	_	_	_	
49-8	5188-5198	streptokok	_	_	_	_	_	_	_	_	_	_	_	_	_	_	
49-9	5198-5199	,	_	_	_	_	_	_	_	_	_	_	_	_	_	_	
49-10	5200-5216	enterobaktericae	_	_	_	_	_	_	_	_	_	_	_	_	_	_	
49-11	5217-5219	ve	_	_	_	_	_	_	_	_	_	_	_	_	_	_	
49-12	5220-5229	anaerobik	_	_	_	_	_	*	_	*	_	*	*	_	*	*	
49-13	5230-5240	bakteriler	_	_	_	_	_	_	_	_	_	_	_	_	_	_	
49-14	5241-5252	üremektedir	_	_	_	_	_	_	_	_	_	_	_	_	_	_	
49-15	5252-5253	.	_	_	_	_	_	_	_	_	_	_	_	_	_	_	

#Text=Olgumuzda eşlik eden yüksek ateş izlenmediğinden kan kültürü çalışılmamış, serviks kültüründe ise üreme gözlenmemiştir.
50-1	5255-5264	Olgumuzda	_	_	_	_	_	_	_	_	_	_	_	_	_	_	
50-2	5265-5270	eşlik	_	_	_	_	_	_	_	_	_	_	_	_	_	_	
50-3	5271-5275	eden	_	_	_	_	_	_	_	_	_	_	_	_	_	_	
50-4	5276-5282	yüksek	_	_	_	_	_	_	_	_	_	_	_	_	_	_	
50-5	5283-5287	ateş	_	_	_	_	_	_	_	_	_	_	_	_	_	_	
50-6	5288-5303	izlenmediğinden	_	_	_	_	_	_	_	_	_	_	_	_	_	_	
50-7	5304-5307	kan	_	_	_	_	_	_	_	_	_	_	_	_	_	_	
50-8	5308-5315	kültürü	_	_	_	_	_	_	_	_	_	_	_	_	_	_	
50-9	5316-5328	çalışılmamış	_	_	_	_	_	_	_	_	_	_	_	_	_	_	
50-10	5328-5329	,	_	_	_	_	_	_	_	_	_	_	_	_	_	_	
50-11	5330-5337	serviks	_	_	_	_	_	_	_	_	_	_	_	_	_	_	
50-12	5338-5348	kültüründe	_	_	_	_	_	_	_	_	_	_	_	_	_	_	
50-13	5349-5352	ise	_	_	_	_	_	_	_	_	_	_	_	_	_	_	
50-14	5353-5358	üreme	_	_	_	_	_	_	_	_	_	_	_	_	_	_	
50-15	5359-5373	gözlenmemiştir	_	_	_	_	_	_	_	_	_	_	_	_	_	_	
50-16	5373-5374	.	_	_	_	_	_	_	_	_	_	_	_	_	_	_	

#Text=OVT, derin SPT ile beraber SPT hastalık grubunun alt grubunu oluşturmaktadır.
51-1	5376-5379	OVT	_	_	_	_	_	_	_	_	_	_	_	_	_	_	
51-2	5379-5380	,	_	_	_	_	_	_	_	_	_	_	_	_	_	_	
51-3	5381-5386	derin	_	_	_	_	_	_	_	_	_	_	_	_	_	_	
51-4	5387-5390	SPT	_	_	_	_	_	_	_	_	_	_	_	_	_	_	
51-5	5391-5394	ile	_	_	_	_	_	_	_	_	_	_	_	_	_	_	
51-6	5395-5402	beraber	_	_	_	_	_	_	_	_	_	_	_	_	_	_	
51-7	5403-5406	SPT	_	_	_	_	_	_	_	_	_	_	_	_	_	_	
51-8	5407-5415	hastalık	_	_	_	_	_	_	_	_	_	_	_	_	_	_	
51-9	5416-5424	grubunun	_	_	_	_	_	_	_	_	_	_	_	_	_	_	
51-10	5425-5428	alt	_	_	_	_	_	_	_	_	_	_	_	_	_	_	
51-11	5429-5436	grubunu	_	_	_	_	_	_	_	_	_	_	_	_	_	_	
51-12	5437-5452	oluşturmaktadır	_	_	_	_	_	_	_	_	_	_	_	_	_	_	
51-13	5452-5453	.	_	_	_	_	_	_	_	_	_	_	_	_	_	_	

#Text=Bu iki varyasyon klinik presentasyon ve tanısal açısından farklılık göstermektedirler.
52-1	5455-5457	Bu	_	_	_	_	_	_	_	_	_	_	_	_	_	_	
52-2	5458-5461	iki	_	_	_	_	_	_	_	_	_	_	_	_	_	_	
52-3	5462-5471	varyasyon	_	_	_	_	_	_	_	_	_	_	_	_	_	_	
52-4	5472-5478	klinik	_	_	_	_	_	_	_	_	_	_	_	_	_	_	
52-5	5479-5491	presentasyon	_	_	_	_	_	_	_	_	_	_	_	_	_	_	
52-6	5492-5494	ve	_	_	_	_	_	_	_	_	_	_	_	_	_	_	
52-7	5495-5502	tanısal	_	_	_	_	_	_	_	_	_	_	_	_	_	_	
52-8	5503-5512	açısından	_	_	_	_	_	_	_	_	_	_	_	_	_	_	
52-9	5513-5522	farklılık	_	_	_	_	_	_	_	_	_	_	_	_	_	_	
52-10	5523-5540	göstermektedirler	_	_	_	_	_	_	_	_	_	_	_	_	_	_	
52-11	5540-5541	.	_	_	_	_	_	_	_	_	_	_	_	_	_	_	

#Text=OVT çoğunlukla doğum veya pelvik cerrahiden yaklaşık bir hafta sonra ortaya çıkmakta, etkilenen over tarafında hassasiyet, akut hastalık hali, hafif gastrointestinal semptomlar gözlenmekte ve görüntüleme yöntemleri ile (CT ve MR) tanı konulabilmektedir.
53-1	5543-5546	OVT	_	_	_	_	_	_	_	_	_	_	_	_	_	_	
53-2	5547-5557	çoğunlukla	_	_	_	_	_	_	_	_	_	_	_	_	_	_	
53-3	5558-5563	doğum	_	_	_	_	_	_	_	_	_	_	_	_	_	_	
53-4	5564-5568	veya	_	_	_	_	_	_	_	_	_	_	_	_	_	_	
53-5	5569-5575	pelvik	_	_	_	_	_	_	_	_	_	_	_	_	_	_	
53-6	5576-5586	cerrahiden	_	_	_	_	_	_	_	_	_	_	_	_	_	_	
53-7	5587-5595	yaklaşık	_	_	_	_	_	_	_	_	_	_	_	_	_	_	
53-8	5596-5599	bir	_	_	_	_	_	_	_	_	_	_	_	_	_	_	
53-9	5600-5605	hafta	_	_	_	_	_	_	_	_	_	_	_	_	_	_	
53-10	5606-5611	sonra	_	_	_	_	_	_	_	_	_	_	_	_	_	_	
53-11	5612-5618	ortaya	_	_	_	_	_	_	_	_	_	_	_	_	_	_	
53-12	5619-5627	çıkmakta	_	_	_	_	_	_	_	_	_	_	_	_	_	_	
53-13	5627-5628	,	_	_	_	_	_	_	_	_	_	_	_	_	_	_	
53-14	5629-5638	etkilenen	_	_	_	_	_	_	_	_	_	_	_	_	_	_	
53-15	5639-5643	over	_	_	_	_	_	_	_	_	_	_	_	_	_	_	
53-16	5644-5653	tarafında	_	_	_	_	_	_	_	_	_	_	_	_	_	_	
53-17	5654-5664	hassasiyet	_	_	_	_	_	_	_	_	_	_	_	_	_	_	
53-18	5664-5665	,	_	_	_	_	_	_	_	_	_	_	_	_	_	_	
53-19	5666-5670	akut	_	_	_	_	_	_	_	_	_	_	_	_	_	_	
53-20	5671-5679	hastalık	_	_	_	_	_	_	_	_	_	_	_	_	_	_	
53-21	5680-5684	hali	_	_	_	_	_	_	_	_	_	_	_	_	_	_	
53-22	5684-5685	,	_	_	_	_	_	_	_	_	_	_	_	_	_	_	
53-23	5686-5691	hafif	_	_	_	_	_	_	_	_	_	_	_	_	_	_	
53-24	5692-5708	gastrointestinal	_	_	_	_	_	_	_	_	_	_	_	_	_	_	
53-25	5709-5719	semptomlar	_	_	_	_	_	_	_	_	_	_	_	_	_	_	
53-26	5720-5731	gözlenmekte	_	_	_	_	_	_	_	_	_	_	_	_	_	_	
53-27	5732-5734	ve	_	_	_	_	_	_	_	_	_	_	_	_	_	_	
53-28	5735-5746	görüntüleme	_	_	_	_	_	_	_	_	_	_	_	_	_	_	
53-29	5747-5757	yöntemleri	_	_	_	_	_	_	_	_	_	_	_	_	_	_	
53-30	5758-5761	ile	_	_	_	_	_	_	_	_	_	_	_	_	_	_	
53-31	5762-5763	(	_	_	_	_	_	_	_	_	_	_	_	_	_	_	
53-32	5763-5765	CT	_	_	_	_	_	_	_	_	_	_	_	_	_	_	
53-33	5766-5768	ve	_	_	_	_	_	_	_	_	_	_	_	_	_	_	
53-34	5769-5771	MR	_	_	_	_	_	_	_	_	_	_	_	_	_	_	
53-35	5771-5772	)	_	_	_	_	_	_	_	_	_	_	_	_	_	_	
53-36	5773-5777	tanı	_	_	_	_	_	_	_	_	_	_	_	_	_	_	
53-37	5778-5795	konulabilmektedir	_	_	_	_	_	_	_	_	_	_	_	_	_	_	
53-38	5795-5796	.	_	_	_	_	_	_	_	_	_	_	_	_	_	_	

#Text=Derin septik pelvik tromboflebit hasta grubunda hastalık doğum veya diğer durumlardan sonra yaklaşık üç hafta kadar sonra ortaya çıkmakta, ateş atakları olmakta ve karında herhangi bir hassasiyet gözlenmemektedir.
54-1	5798-5803	Derin	_	_	_	_	_	_	_	_	_	_	_	_	_	_	
54-2	5804-5810	septik	_	_	_	_	_	_	_	_	_	_	_	_	_	_	
54-3	5811-5817	pelvik	_	_	_	_	_	_	_	_	_	_	_	_	_	_	
54-4	5818-5830	tromboflebit	_	_	_	_	_	_	_	_	_	_	_	_	_	_	
54-5	5831-5836	hasta	_	_	_	_	_	_	_	_	_	_	_	_	_	_	
54-6	5837-5845	grubunda	_	_	_	_	_	_	_	_	_	_	_	_	_	_	
54-7	5846-5854	hastalık	_	_	_	_	_	_	_	_	_	_	_	_	_	_	
54-8	5855-5860	doğum	_	_	_	_	_	_	_	_	_	_	_	_	_	_	
54-9	5861-5865	veya	_	_	_	_	_	_	_	_	_	_	_	_	_	_	
54-10	5866-5871	diğer	_	_	_	_	_	_	_	_	_	_	_	_	_	_	
54-11	5872-5883	durumlardan	_	_	_	_	_	_	_	_	_	_	_	_	_	_	
54-12	5884-5889	sonra	_	_	_	_	_	_	_	_	_	_	_	_	_	_	
54-13	5890-5898	yaklaşık	_	_	_	_	_	_	_	_	_	_	_	_	_	_	
54-14	5899-5901	üç	_	_	_	_	_	_	_	_	_	_	_	_	_	_	
54-15	5902-5907	hafta	_	_	_	_	_	_	_	_	_	_	_	_	_	_	
54-16	5908-5913	kadar	_	_	_	_	_	_	_	_	_	_	_	_	_	_	
54-17	5914-5919	sonra	_	_	_	_	_	_	_	_	_	_	_	_	_	_	
54-18	5920-5926	ortaya	_	_	_	_	_	_	_	_	_	_	_	_	_	_	
54-19	5927-5935	çıkmakta	_	_	_	_	_	_	_	_	_	_	_	_	_	_	
54-20	5935-5936	,	_	_	_	_	_	_	_	_	_	_	_	_	_	_	
54-21	5937-5941	ateş	_	_	_	_	_	_	_	_	_	_	_	_	_	_	
54-22	5942-5950	atakları	_	_	_	_	_	_	_	_	_	_	_	_	_	_	
54-23	5951-5958	olmakta	_	_	_	_	_	_	_	_	_	_	_	_	_	_	
54-24	5959-5961	ve	_	_	_	_	_	_	_	_	_	_	_	_	_	_	
54-25	5962-5969	karında	_	_	_	_	_	_	_	_	_	_	_	_	_	_	
54-26	5970-5978	herhangi	_	_	_	_	_	_	_	_	_	_	_	_	_	_	
54-27	5979-5982	bir	_	_	_	_	_	_	_	_	_	_	_	_	_	_	
54-28	5983-5993	hassasiyet	_	_	_	_	_	_	_	_	_	_	_	_	_	_	
54-29	5994-6010	gözlenmemektedir	_	_	_	_	_	_	_	_	_	_	_	_	_	_	
54-30	6010-6011	.	_	_	_	_	_	_	_	_	_	_	_	_	_	_	

#Text=Bu hastalara tanı koymak zordur.
55-1	6013-6015	Bu	_	_	_	_	_	_	_	_	_	_	_	_	_	_	
55-2	6016-6025	hastalara	_	_	_	_	_	_	_	_	_	_	_	_	_	_	
55-3	6026-6030	tanı	_	_	_	_	_	_	_	_	_	_	_	_	_	_	
55-4	6031-6037	koymak	_	_	_	_	_	_	_	_	_	_	_	_	_	_	
55-5	6038-6044	zordur	_	_	_	_	_	_	_	_	_	_	_	_	_	_	
55-6	6044-6045	.	_	_	_	_	_	_	_	_	_	_	_	_	_	_	

#Text=Çünkü görüntüleme yöntemleri ile tanı konulması OVT ye göre düşüktür .
56-1	6047-6052	Çünkü	_	_	_	_	_	_	_	_	_	_	_	_	_	_	
56-2	6053-6064	görüntüleme	_	_	_	_	_	_	_	_	_	_	_	_	_	_	
56-3	6065-6075	yöntemleri	_	_	_	_	_	_	_	_	_	_	_	_	_	_	
56-4	6076-6079	ile	_	_	_	_	_	_	_	_	_	_	_	_	_	_	
56-5	6080-6084	tanı	_	_	_	_	_	_	_	_	_	_	_	_	_	_	
56-6	6085-6094	konulması	_	_	_	_	_	_	_	_	_	_	_	_	_	_	
56-7	6095-6098	OVT	_	_	_	_	_	_	_	_	_	_	_	_	_	_	
56-8	6099-6101	ye	_	_	_	_	_	_	_	_	_	_	_	_	_	_	
56-9	6102-6106	göre	_	_	_	_	_	_	_	_	_	_	_	_	_	_	
56-10	6107-6115	düşüktür	_	_	_	_	_	_	_	_	_	_	_	_	_	_	
56-11	6116-6117	.	_	_	_	_	_	_	_	_	_	_	_	_	_	_	

#Text=Olgumuzda alt kadranda hassasiyet olması ve görüntüleme yöntemleri ile tanı konması literatür bilgileriyle örtüşmektedir.
57-1	6119-6128	Olgumuzda	_	_	_	_	_	_	_	_	_	_	_	_	_	_	
57-2	6129-6132	alt	_	_	_	_	_	_	_	_	_	_	_	_	_	_	
57-3	6133-6141	kadranda	_	_	_	_	_	_	_	_	_	_	_	_	_	_	
57-4	6142-6152	hassasiyet	_	_	_	_	_	_	_	_	_	_	_	_	_	_	
57-5	6153-6159	olması	_	_	_	_	_	_	_	_	_	_	_	_	_	_	
57-6	6160-6162	ve	_	_	_	_	_	_	_	_	_	_	_	_	_	_	
57-7	6163-6174	görüntüleme	_	_	_	_	_	_	_	_	_	_	_	_	_	_	
57-8	6175-6185	yöntemleri	_	_	_	_	_	_	_	_	_	_	_	_	_	_	
57-9	6186-6189	ile	_	_	_	_	_	_	_	_	_	_	_	_	_	_	
57-10	6190-6194	tanı	_	_	_	_	_	_	_	_	_	_	_	_	_	_	
57-11	6195-6202	konması	_	_	_	_	_	_	_	_	_	_	_	_	_	_	
57-12	6203-6212	literatür	_	_	_	_	_	_	_	_	_	_	_	_	_	_	
57-13	6213-6225	bilgileriyle	_	_	_	_	_	_	_	_	_	_	_	_	_	_	
57-14	6226-6239	örtüşmektedir	_	_	_	_	_	_	_	_	_	_	_	_	_	_	
57-15	6239-6240	.	_	_	_	_	_	_	_	_	_	_	_	_	_	_	

#Text=OVT hastalarında tanı konulması her zaman kolay olamamaktadır.
58-1	6242-6245	OVT	_	_	_	_	_	_	_	_	_	_	_	_	_	_	
58-2	6246-6258	hastalarında	_	_	_	_	_	_	_	_	_	_	_	_	_	_	
58-3	6259-6263	tanı	_	_	_	_	_	_	_	_	_	_	_	_	_	_	
58-4	6264-6273	konulması	_	_	_	_	_	_	_	_	_	_	_	_	_	_	
58-5	6274-6277	her	_	_	_	_	_	_	_	_	_	_	_	_	_	_	
58-6	6278-6283	zaman	_	_	_	_	_	_	_	_	_	_	_	_	_	_	
58-7	6284-6289	kolay	_	_	_	_	_	_	_	_	_	_	_	_	_	_	
58-8	6290-6303	olamamaktadır	_	_	_	_	_	_	_	_	_	_	_	_	_	_	
58-9	6303-6304	.	_	_	_	_	_	_	_	_	_	_	_	_	_	_	

#Text=Doğum sonrası veya postoperatif ateş ve karın ağrısı ile başvuran hastalarda, muayenede ele gelen kordon benzeri bir kitlesi varsa veya görüntüleme pozitifse tanı koymak görece kolay olabilir.
59-1	6306-6311	Doğum	_	_	_	_	_	_	_	_	_	_	_	_	_	_	
59-2	6312-6319	sonrası	_	_	_	_	_	_	_	_	_	_	_	_	_	_	
59-3	6320-6324	veya	_	_	_	_	_	_	_	_	_	_	_	_	_	_	
59-4	6325-6337	postoperatif	_	_	_	_	_	_	_	_	_	_	_	_	_	_	
59-5	6338-6342	ateş	_	_	_	_	_	_	_	_	_	_	_	_	_	_	
59-6	6343-6345	ve	_	_	_	_	_	_	_	_	_	_	_	_	_	_	
59-7	6346-6351	karın	_	_	_	_	_	_	_	_	_	_	_	_	_	_	
59-8	6352-6358	ağrısı	_	_	_	_	_	_	_	_	_	_	_	_	_	_	
59-9	6359-6362	ile	_	_	_	_	_	_	_	_	_	_	_	_	_	_	
59-10	6363-6371	başvuran	_	_	_	_	_	_	_	_	_	_	_	_	_	_	
59-11	6372-6382	hastalarda	_	_	_	_	_	_	_	_	_	_	_	_	_	_	
59-12	6382-6383	,	_	_	_	_	_	_	_	_	_	_	_	_	_	_	
59-13	6384-6393	muayenede	_	_	_	_	_	_	_	_	_	_	_	_	_	_	
59-14	6394-6397	ele	_	_	_	_	_	_	_	_	_	_	_	_	_	_	
59-15	6398-6403	gelen	_	_	_	_	_	_	_	_	_	_	_	_	_	_	
59-16	6404-6410	kordon	_	_	_	_	_	_	_	_	_	_	_	_	_	_	
59-17	6411-6418	benzeri	_	_	_	_	_	_	_	_	_	_	_	_	_	_	
59-18	6419-6422	bir	_	_	_	_	_	_	_	_	_	_	_	_	_	_	
59-19	6423-6430	kitlesi	_	_	_	_	_	_	_	_	_	_	_	_	_	_	
59-20	6431-6436	varsa	_	_	_	_	_	_	_	_	_	_	_	_	_	_	
59-21	6437-6441	veya	_	_	_	_	_	_	_	_	_	_	_	_	_	_	
59-22	6442-6453	görüntüleme	_	_	_	_	_	_	_	_	_	_	_	_	_	_	
59-23	6454-6463	pozitifse	_	_	_	_	_	_	_	_	_	_	_	_	_	_	
59-24	6464-6468	tanı	_	_	_	_	_	_	_	_	_	_	_	_	_	_	
59-25	6469-6475	koymak	_	_	_	_	_	_	_	_	_	_	_	_	_	_	
59-26	6476-6482	görece	_	_	_	_	_	_	_	_	_	_	_	_	_	_	
59-27	6483-6488	kolay	_	_	_	_	_	_	_	_	_	_	_	_	_	_	
59-28	6489-6497	olabilir	_	_	_	_	_	_	_	_	_	_	_	_	_	_	
59-29	6497-6498	.	_	_	_	_	_	_	_	_	_	_	_	_	_	_	

#Text=Ancak özellikle SPT hastalarında görüntüleme genellikle negatiftir.
60-1	6500-6505	Ancak	_	_	_	_	_	_	_	_	_	_	_	_	_	_	
60-2	6506-6515	özellikle	_	_	_	_	_	_	_	_	_	_	_	_	_	_	
60-3	6516-6519	SPT	_	_	_	_	_	_	_	_	_	_	_	_	_	_	
60-4	6520-6532	hastalarında	_	_	_	_	_	_	_	_	_	_	_	_	_	_	
60-5	6533-6544	görüntüleme	_	_	_	_	_	_	_	_	_	_	_	_	_	_	
60-6	6545-6555	genellikle	_	_	_	_	_	_	_	_	_	_	_	_	_	_	
60-7	6556-6566	negatiftir	_	_	_	_	_	_	_	_	_	_	_	_	_	_	
60-8	6566-6567	.	_	_	_	_	_	_	_	_	_	_	_	_	_	_	

#Text=Bu hastaların tanısı çoğunlukla diğer tanıların dışlanması ile konmaktadır.
61-1	6569-6571	Bu	_	_	_	_	_	_	_	_	_	_	_	_	_	_	
61-2	6572-6582	hastaların	_	_	_	_	_	_	_	_	_	_	_	_	_	_	
61-3	6583-6589	tanısı	_	_	_	_	_	_	_	_	_	_	_	_	_	_	
61-4	6590-6600	çoğunlukla	_	_	_	_	_	_	_	_	_	_	_	_	_	_	
61-5	6601-6606	diğer	_	_	_	_	_	_	_	_	_	_	_	_	_	_	
61-6	6607-6616	tanıların	_	_	_	_	_	_	_	_	_	_	_	_	_	_	
61-7	6617-6627	dışlanması	_	_	_	_	_	_	_	_	_	_	_	_	_	_	
61-8	6628-6631	ile	_	_	_	_	_	_	_	_	_	_	_	_	_	_	
61-9	6632-6643	konmaktadır	_	_	_	_	_	_	_	_	_	_	_	_	_	_	
61-10	6643-6644	.	_	_	_	_	_	_	_	_	_	_	_	_	_	_	

#Text=Antibiyotik tedavisine rağmen ateşinde düşme olmayan şüpheli olgularda 48 saat antikoagulan sonrası ateş yanıtının alınması tanı için kullanılabilir.
62-1	6646-6657	Antibiyotik	_	_	_	_	_	_	_	_	_	_	_	_	_	_	
62-2	6658-6668	tedavisine	_	_	_	_	_	_	_	_	_	_	_	_	_	_	
62-3	6669-6675	rağmen	_	_	_	_	_	_	_	_	_	_	_	_	_	_	
62-4	6676-6684	ateşinde	_	_	_	_	_	_	_	_	_	_	_	_	_	_	
62-5	6685-6690	düşme	_	_	_	_	_	_	_	_	_	_	_	_	_	_	
62-6	6691-6698	olmayan	_	_	_	_	_	_	_	_	_	_	_	_	_	_	
62-7	6699-6706	şüpheli	_	_	_	_	_	_	_	_	_	_	_	_	_	_	
62-8	6707-6716	olgularda	_	_	_	_	_	_	_	_	_	_	_	_	_	_	
62-9	6717-6719	48	_	_	_	_	_	_	_	_	_	_	_	_	_	_	
62-10	6720-6724	saat	_	_	_	_	_	_	_	_	_	_	_	_	_	_	
62-11	6725-6737	antikoagulan	_	_	_	_	_	_	_	_	_	_	_	_	_	_	
62-12	6738-6745	sonrası	_	_	_	_	_	_	_	_	_	_	_	_	_	_	
62-13	6746-6750	ateş	_	_	_	_	_	_	_	_	_	_	_	_	_	_	
62-14	6751-6760	yanıtının	_	_	_	_	_	_	_	_	_	_	_	_	_	_	
62-15	6761-6769	alınması	_	_	_	_	_	_	_	_	_	_	_	_	_	_	
62-16	6770-6774	tanı	_	_	_	_	_	_	_	_	_	_	_	_	_	_	
62-17	6775-6779	için	_	_	_	_	_	_	_	_	_	_	_	_	_	_	
62-18	6780-6794	kullanılabilir	_	_	_	_	_	_	_	_	_	_	_	_	_	_	
62-19	6794-6795	.	_	_	_	_	_	_	_	_	_	_	_	_	_	_	

#Text=OVT ve özellikle SPT tanısı, eksploratuar laparotomide palpe edilebilen intravenöz trombüs ve seropürülan sıvının bulunmasıyla kesin olarak yapılabilir, ancak bu nadiren kullanılmaktadır.
63-1	6797-6800	OVT	_	_	_	_	_	_	_	_	_	_	_	_	_	_	
63-2	6801-6803	ve	_	_	_	_	_	_	_	_	_	_	_	_	_	_	
63-3	6804-6813	özellikle	_	_	_	_	_	_	_	_	_	_	_	_	_	_	
63-4	6814-6817	SPT	_	_	_	_	_	_	_	_	_	_	_	_	_	_	
63-5	6818-6824	tanısı	_	_	_	_	_	_	_	_	_	_	_	_	_	_	
63-6	6824-6825	,	_	_	_	_	_	_	_	_	_	_	_	_	_	_	
63-7	6826-6838	eksploratuar	_	_	_	_	_	_	_	_	_	_	_	_	_	_	
63-8	6839-6851	laparotomide	_	_	_	_	_	_	_	_	_	_	_	_	_	_	
63-9	6852-6857	palpe	_	_	_	_	_	_	_	_	_	_	_	_	_	_	
63-10	6858-6868	edilebilen	_	_	_	_	_	_	_	_	_	_	_	_	_	_	
63-11	6869-6879	intravenöz	_	_	_	_	_	_	_	_	_	_	_	_	_	_	
63-12	6880-6887	trombüs	_	_	_	_	_	_	_	_	_	_	_	_	_	_	
63-13	6888-6890	ve	_	_	_	_	_	_	_	_	_	_	_	_	_	_	
63-14	6891-6902	seropürülan	_	_	_	_	_	_	_	_	_	_	_	_	_	_	
63-15	6903-6910	sıvının	_	_	_	_	_	_	_	_	_	_	_	_	_	_	
63-16	6911-6923	bulunmasıyla	_	_	_	_	_	_	_	_	_	_	_	_	_	_	
63-17	6924-6929	kesin	_	_	_	_	_	_	_	_	_	_	_	_	_	_	
63-18	6930-6936	olarak	_	_	_	_	_	_	_	_	_	_	_	_	_	_	
63-19	6937-6948	yapılabilir	_	_	_	_	_	_	_	_	_	_	_	_	_	_	
63-20	6948-6949	,	_	_	_	_	_	_	_	_	_	_	_	_	_	_	
63-21	6950-6955	ancak	_	_	_	_	_	_	_	_	_	_	_	_	_	_	
63-22	6956-6958	bu	_	_	_	_	_	_	_	_	_	_	_	_	_	_	
63-23	6959-6966	nadiren	_	_	_	_	_	_	_	_	_	_	_	_	_	_	
63-24	6967-6983	kullanılmaktadır	_	_	_	_	_	_	_	_	_	_	_	_	_	_	
63-25	6983-6984	.	_	_	_	_	_	_	_	_	_	_	_	_	_	_	

#Text=OVT’nin komplikasyonları çoğunlukla enfekte trombüsün pulmoner embolisi, retrograd seyrederek iliofemoral veni tıkaması veya renal veni tıkanması şeklinde bildirilmiştir.
64-1	6986-6989	OVT	_	_	_	_	_	_	_	_	_	_	_	_	_	_	
64-2	6989-6990	’	_	_	_	_	_	_	_	_	_	_	_	_	_	_	
64-3	6990-6993	nin	_	_	_	_	_	_	_	_	_	_	_	_	_	_	
64-4	6994-7010	komplikasyonları	_	_	_	_	_	_	_	_	_	_	_	_	_	_	
64-5	7011-7021	çoğunlukla	_	_	_	_	_	_	_	_	_	_	_	_	_	_	
64-6	7022-7029	enfekte	_	_	_	_	_	_	_	_	_	_	_	_	_	_	
64-7	7030-7039	trombüsün	_	_	_	_	_	_	_	_	_	_	_	_	_	_	
64-8	7040-7048	pulmoner	_	_	_	_	_	_	_	_	_	_	_	_	_	_	
64-9	7049-7057	embolisi	_	_	_	_	_	_	_	_	_	_	_	_	_	_	
64-10	7057-7058	,	_	_	_	_	_	_	_	_	_	_	_	_	_	_	
64-11	7059-7068	retrograd	_	_	_	_	_	_	_	_	_	_	_	_	_	_	
64-12	7069-7079	seyrederek	_	_	_	_	_	_	_	_	_	_	_	_	_	_	
64-13	7080-7091	iliofemoral	_	_	_	_	_	_	_	_	_	_	_	_	_	_	
64-14	7092-7096	veni	_	_	_	_	_	_	_	_	_	_	_	_	_	_	
64-15	7097-7105	tıkaması	_	_	_	_	_	_	_	_	_	_	_	_	_	_	
64-16	7106-7110	veya	_	_	_	_	_	_	_	_	_	_	_	_	_	_	
64-17	7111-7116	renal	_	_	_	_	_	_	_	_	_	_	_	_	_	_	
64-18	7117-7121	veni	_	_	_	_	_	_	_	_	_	_	_	_	_	_	
64-19	7122-7131	tıkanması	_	_	_	_	_	_	_	_	_	_	_	_	_	_	
64-20	7132-7140	şeklinde	_	_	_	_	_	_	_	_	_	_	_	_	_	_	
64-21	7141-7155	bildirilmiştir	_	_	_	_	_	_	_	_	_	_	_	_	_	_	
64-22	7155-7156	.	_	_	_	_	_	_	_	_	_	_	_	_	_	_	

#Text=Hastalığın tedavisinde, olası bakterileri içine alan geniş spektrumlu antibiyoterapi ye antikoagülan tedavinin eklenmesi uygun görülmektedir.
65-1	7158-7168	Hastalığın	_	_	_	_	_	_	_	_	_	_	_	_	_	_	
65-2	7169-7180	tedavisinde	_	_	_	_	_	_	_	_	_	_	_	_	_	_	
65-3	7180-7181	,	_	_	_	_	_	_	_	_	_	_	_	_	_	_	
65-4	7182-7187	olası	_	_	_	_	_	_	_	_	_	_	_	_	_	_	
65-5	7188-7199	bakterileri	_	_	_	_	_	_	_	_	_	_	_	_	_	_	
65-6	7200-7205	içine	_	_	_	_	_	_	_	_	_	_	_	_	_	_	
65-7	7206-7210	alan	_	_	_	_	_	_	_	_	_	_	_	_	_	_	
65-8	7211-7216	geniş	_	_	_	_	_	_	_	_	_	_	_	_	_	_	
65-9	7217-7227	spektrumlu	_	_	_	_	_	_	_	_	_	_	_	_	_	_	
65-10	7228-7242	antibiyoterapi	_	_	_	_	_	_	_	_	_	_	_	_	_	_	
65-11	7243-7245	ye	_	_	_	_	_	_	_	_	_	_	_	_	_	_	
65-12	7246-7258	antikoagülan	_	_	_	_	_	_	_	_	_	_	_	_	_	_	
65-13	7259-7268	tedavinin	_	_	_	_	_	_	_	_	_	_	_	_	_	_	
65-14	7269-7278	eklenmesi	_	_	_	_	_	_	_	_	_	_	_	_	_	_	
65-15	7279-7284	uygun	_	_	_	_	_	_	_	_	_	_	_	_	_	_	
65-16	7285-7298	görülmektedir	_	_	_	_	_	_	_	_	_	_	_	_	_	_	
65-17	7298-7299	.	_	_	_	_	_	_	_	_	_	_	_	_	_	_	

#Text=Antikoagülan tedavinin ne olacağı ve ne kadar süreceği ile ilgili literatürde yerleşmiş bir kullanım olmamakla birlikte sıklıkla unfraksiyone heparin ile düşük molekül ağırlıklı heparin kullanılmaktadır.
66-1	7301-7313	Antikoagülan	_	_	_	_	_	_	_	_	_	_	_	_	_	_	
66-2	7314-7323	tedavinin	_	_	_	_	_	_	_	_	_	_	_	_	_	_	
66-3	7324-7326	ne	_	_	_	_	_	_	_	_	_	_	_	_	_	_	
66-4	7327-7334	olacağı	_	_	_	_	_	_	_	_	_	_	_	_	_	_	
66-5	7335-7337	ve	_	_	_	_	_	_	_	_	_	_	_	_	_	_	
66-6	7338-7340	ne	_	_	_	_	_	_	_	_	_	_	_	_	_	_	
66-7	7341-7346	kadar	_	_	_	_	_	_	_	_	_	_	_	_	_	_	
66-8	7347-7355	süreceği	_	_	_	_	_	_	_	_	_	_	_	_	_	_	
66-9	7356-7359	ile	_	_	_	_	_	_	_	_	_	_	_	_	_	_	
66-10	7360-7366	ilgili	_	_	_	_	_	_	_	_	_	_	_	_	_	_	
66-11	7367-7378	literatürde	_	_	_	_	_	_	_	_	_	_	_	_	_	_	
66-12	7379-7388	yerleşmiş	_	_	_	_	_	_	_	_	_	_	_	_	_	_	
66-13	7389-7392	bir	_	_	_	_	_	_	_	_	_	_	_	_	_	_	
66-14	7393-7401	kullanım	_	_	_	_	_	_	_	_	_	_	_	_	_	_	
66-15	7402-7411	olmamakla	_	_	_	_	_	_	_	_	_	_	_	_	_	_	
66-16	7412-7420	birlikte	_	_	_	_	_	_	_	_	_	_	_	_	_	_	
66-17	7421-7429	sıklıkla	_	_	_	_	_	_	_	_	_	_	_	_	_	_	
66-18	7430-7442	unfraksiyone	_	_	_	_	_	_	_	_	_	_	_	_	_	_	
66-19	7443-7450	heparin	_	_	_	_	_	_	_	_	_	_	_	_	_	_	
66-20	7451-7454	ile	_	_	_	_	_	_	_	_	_	_	_	_	_	_	
66-21	7455-7460	düşük	_	_	_	_	_	_	_	_	_	_	_	_	_	_	
66-22	7461-7468	molekül	_	_	_	_	_	_	_	_	_	_	_	_	_	_	
66-23	7469-7478	ağırlıklı	_	_	_	_	_	_	_	_	_	_	_	_	_	_	
66-24	7479-7486	heparin	_	_	_	_	_	_	_	_	_	_	_	_	_	_	
66-25	7487-7503	kullanılmaktadır	_	_	_	_	_	_	_	_	_	_	_	_	_	_	
66-26	7503-7504	.	_	_	_	_	_	_	_	_	_	_	_	_	_	_	

#Text=Olgumuzda 1 mg/kg dozunda 12 saat arayla düşük molekül ağırlıklı heparin kullanılmış ve radyolojik olarak trombüs doğrulandığı için altı hafta tedavi sürdürülerek şifa elde edilmiştir.
67-1	7506-7515	Olgumuzda	_	_	_	_	_	_	_	_	_	_	_	_	_	_	
67-2	7516-7517	1	_	_	_	_	_	_	_	_	_	_	_	_	_	_	
67-3	7518-7520	mg	_	_	_	_	_	_	_	_	_	_	_	_	_	_	
67-4	7520-7521	/	_	_	_	_	_	_	_	_	_	_	_	_	_	_	
67-5	7521-7523	kg	_	_	_	_	_	_	_	_	_	_	_	_	_	_	
67-6	7524-7531	dozunda	_	_	_	_	_	_	_	_	_	_	_	_	_	_	
67-7	7532-7534	12	_	_	_	_	_	_	_	_	_	_	_	_	_	_	
67-8	7535-7539	saat	_	_	_	_	_	_	_	_	_	_	_	_	_	_	
67-9	7540-7546	arayla	_	_	_	_	_	_	_	_	_	_	_	_	_	_	
67-10	7547-7552	düşük	_	_	_	_	_	_	_	_	_	_	_	_	_	_	
67-11	7553-7560	molekül	_	_	_	_	_	_	_	_	_	_	_	_	_	_	
67-12	7561-7570	ağırlıklı	_	_	_	_	_	_	_	_	_	_	_	_	_	_	
67-13	7571-7578	heparin	_	_	_	_	_	_	_	_	_	_	_	_	_	_	
67-14	7579-7590	kullanılmış	_	_	_	_	_	_	_	_	_	_	_	_	_	_	
67-15	7591-7593	ve	_	_	_	_	_	_	_	_	_	_	_	_	_	_	
67-16	7594-7604	radyolojik	_	_	_	_	_	_	_	_	_	_	_	_	_	_	
67-17	7605-7611	olarak	_	_	_	_	_	_	_	_	_	_	_	_	_	_	
67-18	7612-7619	trombüs	_	_	_	_	_	_	_	_	_	_	_	_	_	_	
67-19	7620-7632	doğrulandığı	_	_	_	_	_	_	_	_	_	_	_	_	_	_	
67-20	7633-7637	için	_	_	_	_	_	_	_	_	_	_	_	_	_	_	
67-21	7638-7642	altı	_	_	_	_	_	_	_	_	_	_	_	_	_	_	
67-22	7643-7648	hafta	_	_	_	_	_	_	_	_	_	_	_	_	_	_	
67-23	7649-7655	tedavi	_	_	_	_	_	_	_	_	_	_	_	_	_	_	
67-24	7656-7668	sürdürülerek	_	_	_	_	_	_	_	_	_	_	_	_	_	_	
67-25	7669-7673	şifa	_	_	_	_	_	_	_	_	_	_	_	_	_	_	
67-26	7674-7678	elde	_	_	_	_	_	_	_	_	_	_	_	_	_	_	
67-27	7679-7689	edilmiştir	_	_	_	_	_	_	_	_	_	_	_	_	_	_	
67-28	7689-7690	.	_	_	_	_	_	_	_	_	_	_	_	_	_	_	

#Text=OVT radyolojik olarak tanı konulabilen ve tedavi edilebilen bir hastalıktır.
68-1	7692-7695	OVT	_	_	_	_	_	_	_	_	_	_	_	_	_	_	
68-2	7696-7706	radyolojik	_	_	_	_	_	_	_	_	_	_	_	_	_	_	
68-3	7707-7713	olarak	_	_	_	_	_	_	_	_	_	_	_	_	_	_	
68-4	7714-7718	tanı	_	_	_	_	_	_	_	_	_	_	_	_	_	_	
68-5	7719-7730	konulabilen	_	_	_	_	_	_	_	_	_	_	_	_	_	_	
68-6	7731-7733	ve	_	_	_	_	_	_	_	_	_	_	_	_	_	_	
68-7	7734-7740	tedavi	_	_	_	_	_	_	_	_	_	_	_	_	_	_	
68-8	7741-7751	edilebilen	_	_	_	_	_	_	_	_	_	_	_	_	_	_	
68-9	7752-7755	bir	_	_	_	_	_	_	_	_	_	_	_	_	_	_	
68-10	7756-7767	hastalıktır	_	_	_	_	_	_	_	_	_	_	_	_	_	_	
68-11	7767-7768	.	_	_	_	_	_	_	_	_	_	_	_	_	_	_	

#Text=Doğum, pelvik cerrahi ve pelvik enfeksiyonlar sonrası antibiyoterapiye dirençli yüksek ateş olgularında pelvik damarlarda tromboflebit olabileceği akla gelmelidir.
69-1	7770-7775	Doğum	_	_	_	_	_	_	_	_	_	_	_	_	_	_	
69-2	7775-7776	,	_	_	_	_	_	_	_	_	_	_	_	_	_	_	
69-3	7777-7783	pelvik	_	_	_	_	_	_	_	_	_	_	_	_	_	_	
69-4	7784-7791	cerrahi	_	_	_	_	_	_	_	_	_	_	_	_	_	_	
69-5	7792-7794	ve	_	_	_	_	_	_	_	_	_	_	_	_	_	_	
69-6	7795-7801	pelvik	_	_	_	_	_	_	_	_	_	_	_	_	_	_	
69-7	7802-7815	enfeksiyonlar	_	_	_	_	_	_	_	_	_	_	_	_	_	_	
69-8	7816-7823	sonrası	_	_	_	_	_	_	_	_	_	_	_	_	_	_	
69-9	7824-7840	antibiyoterapiye	_	_	_	_	_	_	_	_	_	_	_	_	_	_	
69-10	7841-7849	dirençli	_	_	_	_	_	_	_	_	_	_	_	_	_	_	
69-11	7850-7856	yüksek	_	_	_	_	_	_	_	_	_	_	_	_	_	_	
69-12	7857-7861	ateş	_	_	_	_	_	_	_	_	_	_	_	_	_	_	
69-13	7862-7873	olgularında	_	_	_	_	_	_	_	_	_	_	_	_	_	_	
69-14	7874-7880	pelvik	_	_	_	_	_	_	_	_	_	_	_	_	_	_	
69-15	7881-7891	damarlarda	_	_	_	_	_	_	_	_	_	_	_	_	_	_	
69-16	7892-7904	tromboflebit	_	_	_	_	_	_	_	_	_	_	_	_	_	_	
69-17	7905-7916	olabileceği	_	_	_	_	_	_	_	_	_	_	_	_	_	_	
69-18	7917-7921	akla	_	_	_	_	_	_	_	_	_	_	_	_	_	_	
69-19	7922-7932	gelmelidir	_	_	_	_	_	_	_	_	_	_	_	_	_	_	
69-20	7932-7933	.	_	_	_	_	_	_	_	_	_	_	_	_	_	_	

#Text=Görüntüleme yöntemlerinin her zaman tanıya götüremeyeceği ve bazı olgularda antikoagulan tedavinin de tanıda fayda sağlayabileceğinin bilinmesi gerekmektedir.
70-1	7935-7946	Görüntüleme	_	_	_	_	_	_	_	_	_	_	_	_	_	_	
70-2	7947-7960	yöntemlerinin	_	_	_	_	_	_	_	_	_	_	_	_	_	_	
70-3	7961-7964	her	_	_	_	_	_	_	_	_	_	_	_	_	_	_	
70-4	7965-7970	zaman	_	_	_	_	_	_	_	_	_	_	_	_	_	_	
70-5	7971-7977	tanıya	_	_	_	_	_	_	_	_	_	_	_	_	_	_	
70-6	7978-7992	götüremeyeceği	_	_	_	_	_	_	_	_	_	_	_	_	_	_	
70-7	7993-7995	ve	_	_	_	_	_	_	_	_	_	_	_	_	_	_	
70-8	7996-8000	bazı	_	_	_	_	_	_	_	_	_	_	_	_	_	_	
70-9	8001-8010	olgularda	_	_	_	_	_	_	_	_	_	_	_	_	_	_	
70-10	8011-8023	antikoagulan	_	_	_	_	_	_	_	_	_	_	_	_	_	_	
70-11	8024-8033	tedavinin	_	_	_	_	_	_	_	_	_	_	_	_	_	_	
70-12	8034-8036	de	_	_	_	_	_	_	_	_	_	_	_	_	_	_	
70-13	8037-8043	tanıda	_	_	_	_	_	_	_	_	_	_	_	_	_	_	
70-14	8044-8049	fayda	_	_	_	_	_	_	_	_	_	_	_	_	_	_	
70-15	8050-8068	sağlayabileceğinin	_	_	_	_	_	_	_	_	_	_	_	_	_	_	
70-16	8069-8078	bilinmesi	_	_	_	_	_	_	_	_	_	_	_	_	_	_	
70-17	8079-8092	gerekmektedir	_	_	_	_	_	_	_	_	_	_	_	_	_	_	
70-18	8092-8093	.	_	_	_	_	_	_	_	_	_	_	_	_	_	_	
