#FORMAT=WebAnno TSV 3.3


#Text=ÖZET
1-1	0-4	ÖZET	

#Text=72 yaşında kadın hasta sol gözde kızarıklık ve şişlik nedeniyle kliniğimize başvurdu.
2-1	5-7	72	
2-2	8-15	yaşında	
2-3	16-21	kadın	
2-4	22-27	hasta	
2-5	28-31	sol	
2-6	32-37	gözde	
2-7	38-48	kızarıklık	
2-8	49-51	ve	
2-9	52-58	şişlik	
2-10	59-68	nedeniyle	
2-11	69-80	kliniğimize	
2-12	81-89	başvurdu	
2-13	89-90	.	

#Text=Hastanın öyküsünde yaklaşık 1 ay önce araç dışı trafik kazası geçirdiği öğrenildi.
3-1	91-99	Hastanın	
3-2	100-109	öyküsünde	
3-3	110-118	yaklaşık	
3-4	119-120	1	
3-5	121-123	ay	
3-6	124-128	önce	
3-7	129-133	araç	
3-8	134-138	dışı	
3-9	139-145	trafik	
3-10	146-152	kazası	
3-11	153-162	geçirdiği	
3-12	163-172	öğrenildi	
3-13	172-173	.	

#Text=Düzeltilmiş en iyi görme keskinliği sol gözde el hareketi düzeyinde idi.
4-1	174-185	Düzeltilmiş	
4-2	186-188	en	
4-3	189-192	iyi	
4-4	193-198	görme	
4-5	199-209	keskinliği	
4-6	210-213	sol	
4-7	214-219	gözde	
4-8	220-222	el	
4-9	223-231	hareketi	
4-10	232-241	düzeyinde	
4-11	242-245	idi	
4-12	245-246	.	

#Text=Biyomikroskobik muayenede hifema, skleral perforasyon hattı ve göz içi lensin üst subkonjonktival alanda olduğu görüldü.
5-1	247-262	Biyomikroskobik	
5-2	263-272	muayenede	
5-3	273-279	hifema	
5-4	279-280	,	
5-5	281-288	skleral	
5-6	289-300	perforasyon	
5-7	301-306	hattı	
5-8	307-309	ve	
5-9	310-313	göz	
5-10	314-317	içi	
5-11	318-324	lensin	
5-12	325-328	üst	
5-13	329-344	subkonjonktival	
5-14	345-351	alanda	
5-15	352-358	olduğu	
5-16	359-366	görüldü	
5-17	366-367	.	

#Text=Hastanın intravitreal hemorajisinin olması nedeniyle hastaya sol pars plana vitrektomi ve göz içi lensinin subkonjonktival alandan çıkarılması ameliyatı yapıldı.
6-1	368-376	Hastanın	
6-2	377-389	intravitreal	
6-3	390-403	hemorajisinin	
6-4	404-410	olması	
6-5	411-420	nedeniyle	
6-6	421-428	hastaya	
6-7	429-432	sol	
6-8	433-437	pars	
6-9	438-443	plana	
6-10	444-454	vitrektomi	
6-11	455-457	ve	
6-12	458-461	göz	
6-13	462-465	içi	
6-14	466-474	lensinin	
6-15	475-490	subkonjonktival	
6-16	491-498	alandan	
6-17	499-510	çıkarılması	
6-18	511-520	ameliyatı	
6-19	521-528	yapıldı	
6-20	528-529	.	

#Text=Olgumuz başka bir operasyon istemediğinden afak olarak takip edildi.
7-1	530-537	Olgumuz	
7-2	538-543	başka	
7-3	544-547	bir	
7-4	548-557	operasyon	
7-5	558-572	istemediğinden	
7-6	573-577	afak	
7-7	578-584	olarak	
7-8	585-590	takip	
7-9	591-597	edildi	
7-10	597-598	.	

#Text=Pseudofakik hastalarda oküler künt travmalar sonrası göz içi lensinin konjonktiva altına yer değiştirebileceği akılda tutulmalıdır.
8-1	599-610	Pseudofakik	
8-2	611-621	hastalarda	
8-3	622-628	oküler	
8-4	629-633	künt	
8-5	634-643	travmalar	
8-6	644-651	sonrası	
8-7	652-655	göz	
8-8	656-659	içi	
8-9	660-668	lensinin	
8-10	669-680	konjonktiva	
8-11	681-687	altına	
8-12	688-691	yer	
8-13	692-709	değiştirebileceği	
8-14	710-716	akılda	
8-15	717-729	tutulmalıdır	
8-16	729-730	.	

#Text=GİRİŞ
9-1	731-736	GİRİŞ	

#Text=Oküler cerrahi geçirmiş gözlerde travma sonrası eski korneal kesi alanlarından rüptürler ile sıklıkla karşılaşılabilmektedir.
10-1	737-743	Oküler	
10-2	744-751	cerrahi	
10-3	752-760	geçirmiş	
10-4	761-769	gözlerde	
10-5	770-776	travma	
10-6	777-784	sonrası	
10-7	785-789	eski	
10-8	790-797	korneal	
10-9	798-802	kesi	
10-10	803-815	alanlarından	
10-11	816-825	rüptürler	
10-12	826-829	ile	
10-13	830-838	sıklıkla	
10-14	839-861	karşılaşılabilmektedir	
10-15	861-862	.	

#Text=Psödofakik gözde geçirilen travma, göz içi lensin (GİL) dislokasyonuna neden olabilmekte, ciddi ve acil müdahale gerektiren komplikasyonlara yol açabilmektedir.
11-1	863-873	Psödofakik	
11-2	874-879	gözde	
11-3	880-889	geçirilen	
11-4	890-896	travma	
11-5	896-897	,	
11-6	898-901	göz	
11-7	902-905	içi	
11-8	906-912	lensin	
11-9	913-914	(	
11-10	914-917	GİL	
11-11	917-918	)	
11-12	919-933	dislokasyonuna	
11-13	934-939	neden	
11-14	940-951	olabilmekte	
11-15	951-952	,	
11-16	953-958	ciddi	
11-17	959-961	ve	
11-18	962-966	acil	
11-19	967-975	müdahale	
11-20	976-986	gerektiren	
11-21	987-1003	komplikasyonlara	
11-22	1004-1007	yol	
11-23	1008-1022	açabilmektedir	
11-24	1022-1023	.	

#Text=Travma ile GİL suprakoroidal boşluk, vitreus , ön kamara, subkonjonktival alan veya göz küresinin dışına çıkabilir.
12-1	1024-1030	Travma	
12-2	1031-1034	ile	
12-3	1035-1038	GİL	
12-4	1039-1052	suprakoroidal	
12-5	1053-1059	boşluk	
12-6	1059-1060	,	
12-7	1061-1068	vitreus	
12-8	1069-1070	,	
12-9	1071-1073	ön	
12-10	1074-1080	kamara	
12-11	1080-1081	,	
12-12	1082-1097	subkonjonktival	
12-13	1098-1102	alan	
12-14	1103-1107	veya	
12-15	1108-1111	göz	
12-16	1112-1121	küresinin	
12-17	1122-1128	dışına	
12-18	1129-1138	çıkabilir	
12-19	1138-1139	.	

#Text=GİL’nin subkonjonktival dislokasyonu psödofakosel olarak da adlandırılır.
13-1	1140-1143	GİL	
13-2	1143-1144	’	
13-3	1144-1147	nin	
13-4	1148-1163	subkonjonktival	
13-5	1164-1176	dislokasyonu	
13-6	1177-1189	psödofakosel	
13-7	1190-1196	olarak	
13-8	1197-1199	da	
13-9	1200-1212	adlandırılır	
13-10	1212-1213	.	

#Text=Nadir görülen bu durum tüm dislokasyonların %13'ünden azını oluşturmaktadır.
14-1	1214-1219	Nadir	
14-2	1220-1227	görülen	
14-3	1228-1230	bu	
14-4	1231-1236	durum	
14-5	1237-1240	tüm	
14-6	1241-1257	dislokasyonların	
14-7	1258-1259	%	
14-8	1259-1261	13	
14-9	1261-1262	'	
14-10	1262-1267	ünden	
14-11	1268-1273	azını	
14-12	1274-1289	oluşturmaktadır	
14-13	1289-1290	.	

#Text=GİL’nin subkonjonktival dislokasyonu ilk olarak 1977’de Biedner ve ark tarafından tanımlanmıştır.
15-1	1291-1294	GİL	
15-2	1294-1295	’	
15-3	1295-1298	nin	
15-4	1299-1314	subkonjonktival	
15-5	1315-1327	dislokasyonu	
15-6	1328-1331	ilk	
15-7	1332-1338	olarak	
15-8	1339-1343	1977	
15-9	1343-1344	’	
15-10	1344-1346	de	
15-11	1347-1354	Biedner	
15-12	1355-1357	ve	
15-13	1358-1361	ark	
15-14	1362-1372	tarafından	
15-15	1373-1387	tanımlanmıştır	
15-16	1387-1388	.	

#Text=Bu olgu sunumunda travma sonrası üst subkonjonktival alana GİL dislokasyonu saptanan olguyu sunmayı amaçladık.
16-1	1389-1391	Bu	
16-2	1392-1396	olgu	
16-3	1397-1406	sunumunda	
16-4	1407-1413	travma	
16-5	1414-1421	sonrası	
16-6	1422-1425	üst	
16-7	1426-1441	subkonjonktival	
16-8	1442-1447	alana	
16-9	1448-1451	GİL	
16-10	1452-1464	dislokasyonu	
16-11	1465-1473	saptanan	
16-12	1474-1480	olguyu	
16-13	1481-1488	sunmayı	
16-14	1489-1498	amaçladık	
16-15	1498-1499	.	

#Text=Bu yazı için hastadan tıbbi verilerinin yayınlanabileceğine ilişkin yazılı onam belgesi alındı.
17-1	1500-1502	Bu	
17-2	1503-1507	yazı	
17-3	1508-1512	için	
17-4	1513-1521	hastadan	
17-5	1522-1527	tıbbi	
17-6	1528-1539	verilerinin	
17-7	1540-1559	yayınlanabileceğine	
17-8	1560-1567	ilişkin	
17-9	1568-1574	yazılı	
17-10	1575-1579	onam	
17-11	1580-1587	belgesi	
17-12	1588-1594	alındı	
17-13	1594-1595	.	

#Text=İÇERİK
18-1	1596-1602	İÇERİK	

#Text=Yetmiş iki yaşında kadın hasta yaklaşık bir ay önce araç dışı trafik kazası sonrası gelişen sol gözde şişlik ve kızarıklık şikâyeti ile başvurdu.
19-1	1603-1609	Yetmiş	
19-2	1610-1613	iki	
19-3	1614-1621	yaşında	
19-4	1622-1627	kadın	
19-5	1628-1633	hasta	
19-6	1634-1642	yaklaşık	
19-7	1643-1646	bir	
19-8	1647-1649	ay	
19-9	1650-1654	önce	
19-10	1655-1659	araç	
19-11	1660-1664	dışı	
19-12	1665-1671	trafik	
19-13	1672-1678	kazası	
19-14	1679-1686	sonrası	
19-15	1687-1694	gelişen	
19-16	1695-1698	sol	
19-17	1699-1704	gözde	
19-18	1705-1711	şişlik	
19-19	1712-1714	ve	
19-20	1715-1725	kızarıklık	
19-21	1726-1734	şikâyeti	
19-22	1735-1738	ile	
19-23	1739-1747	başvurdu	
19-24	1747-1748	.	

#Text=Hastanın bilateral katarakt operasyonu öyküsü mevcut olup glokom tanısı ile takipli olduğu öğrenildi.
20-1	1749-1757	Hastanın	
20-2	1758-1767	bilateral	
20-3	1768-1776	katarakt	
20-4	1777-1787	operasyonu	
20-5	1788-1794	öyküsü	
20-6	1795-1801	mevcut	
20-7	1802-1806	olup	
20-8	1807-1813	glokom	
20-9	1814-1820	tanısı	
20-10	1821-1824	ile	
20-11	1825-1832	takipli	
20-12	1833-1839	olduğu	
20-13	1840-1849	öğrenildi	
20-14	1849-1850	.	

#Text=Hastanın sol gözde görme keskinliği el hareketi düzeyinde idi.
21-1	1851-1859	Hastanın	
21-2	1860-1863	sol	
21-3	1864-1869	gözde	
21-4	1870-1875	görme	
21-5	1876-1886	keskinliği	
21-6	1887-1889	el	
21-7	1890-1898	hareketi	
21-8	1899-1908	düzeyinde	
21-9	1909-1912	idi	
21-10	1912-1913	.	

#Text=Biyomikroskobik ön segment muayenesinde sol gözde saat 12 hizasında limbustan nazale ve arkaya uzanan skleral perforasyon hattı, irisi defektif, kapsül önünde koagülüm, ön kamarada yaklaşık 2 mm’lik hifema, pupil önünde fibrinoid reaksiyon izlendi, GİL görülmedi.
22-1	1914-1929	Biyomikroskobik	
22-2	1930-1932	ön	
22-3	1933-1940	segment	
22-4	1941-1953	muayenesinde	
22-5	1954-1957	sol	
22-6	1958-1963	gözde	
22-7	1964-1968	saat	
22-8	1969-1971	12	
22-9	1972-1981	hizasında	
22-10	1982-1991	limbustan	
22-11	1992-1998	nazale	
22-12	1999-2001	ve	
22-13	2002-2008	arkaya	
22-14	2009-2015	uzanan	
22-15	2016-2023	skleral	
22-16	2024-2035	perforasyon	
22-17	2036-2041	hattı	
22-18	2041-2042	,	
22-19	2043-2048	irisi	
22-20	2049-2057	defektif	
22-21	2057-2058	,	
22-22	2059-2065	kapsül	
22-23	2066-2072	önünde	
22-24	2073-2081	koagülüm	
22-25	2081-2082	,	
22-26	2083-2085	ön	
22-27	2086-2094	kamarada	
22-28	2095-2103	yaklaşık	
22-29	2104-2105	2	
22-30	2106-2108	mm	
22-31	2108-2109	’	
22-32	2109-2112	lik	
22-33	2113-2119	hifema	
22-34	2119-2120	,	
22-35	2121-2126	pupil	
22-36	2127-2133	önünde	
22-37	2134-2143	fibrinoid	
22-38	2144-2153	reaksiyon	
22-39	2154-2161	izlendi	
22-40	2161-2162	,	
22-41	2163-2166	GİL	
22-42	2167-2176	görülmedi	
22-43	2176-2177	.	

#Text=Sol gözün biyomikroskobik konjonktiva muayenesinde üst bulbar konjunktiva altında GİL izlendi (Şekil-1).
23-1	2178-2181	Sol	
23-2	2182-2187	gözün	
23-3	2188-2203	biyomikroskobik	
23-4	2204-2215	konjonktiva	
23-5	2216-2228	muayenesinde	
23-6	2229-2232	üst	
23-7	2233-2239	bulbar	
23-8	2240-2251	konjunktiva	
23-9	2252-2259	altında	
23-10	2260-2263	GİL	
23-11	2264-2271	izlendi	
23-12	2272-2273	(	
23-13	2273-2278	Şekil	
23-14	2278-2279	-	
23-15	2279-2280	1	
23-16	2280-2281	)	
23-17	2281-2282	.	

#Text=Göz dibi görülemedi.
24-1	2283-2286	Göz	
24-2	2287-2291	dibi	
24-3	2292-2302	görülemedi	
24-4	2302-2303	.	

#Text=Orbital bilgisayarlı tomografide yabancı cisim izlenmedi.
25-1	2304-2311	Orbital	
25-2	2312-2324	bilgisayarlı	
25-3	2325-2336	tomografide	
25-4	2337-2344	yabancı	
25-5	2345-2350	cisim	
25-6	2351-2360	izlenmedi	
25-7	2360-2361	.	

#Text=Ultrasonografik görüntülemede vitreus hemorajisi izlendi.
26-1	2362-2377	Ultrasonografik	
26-2	2378-2391	görüntülemede	
26-3	2392-2399	vitreus	
26-4	2400-2410	hemorajisi	
26-5	2411-2418	izlendi	
26-6	2418-2419	.	

#Text=Hastaya genel anestezi altında skleral rüptür tamiri, subkonjonktival GİL çıkarılması, pars plana vitrektomi planlandı.
27-1	2420-2427	Hastaya	
27-2	2428-2433	genel	
27-3	2434-2442	anestezi	
27-4	2443-2450	altında	
27-5	2451-2458	skleral	
27-6	2459-2465	rüptür	
27-7	2466-2472	tamiri	
27-8	2472-2473	,	
27-9	2474-2489	subkonjonktival	
27-10	2490-2493	GİL	
27-11	2494-2505	çıkarılması	
27-12	2505-2506	,	
27-13	2507-2511	pars	
27-14	2512-2517	plana	
27-15	2518-2528	vitrektomi	
27-16	2529-2538	planlandı	
27-17	2538-2539	.	

#Text=Cerrahi sırasında retinada saat 10-12 arası uzanan retinal yırtık saptandı ve endolazer ile kriyoterapi uygulandı.
28-1	2540-2547	Cerrahi	
28-2	2548-2557	sırasında	
28-3	2558-2566	retinada	
28-4	2567-2571	saat	
28-5	2572-2574	10	
28-6	2574-2575	-	
28-7	2575-2577	12	
28-8	2578-2583	arası	
28-9	2584-2590	uzanan	
28-10	2591-2598	retinal	
28-11	2599-2605	yırtık	
28-12	2606-2614	saptandı	
28-13	2615-2617	ve	
28-14	2618-2627	endolazer	
28-15	2628-2631	ile	
28-16	2632-2643	kriyoterapi	
28-17	2644-2653	uygulandı	
28-18	2653-2654	.	

#Text=Ameliyat sonrası altıncı ay takibinde düzeltilmiş en iyi görme keskinliği 1/10 seviyesindeydi (+14,50; -8.00; 110).
29-1	2655-2663	Ameliyat	
29-2	2664-2671	sonrası	
29-3	2672-2679	altıncı	
29-4	2680-2682	ay	
29-5	2683-2692	takibinde	
29-6	2693-2704	düzeltilmiş	
29-7	2705-2707	en	
29-8	2708-2711	iyi	
29-9	2712-2717	görme	
29-10	2718-2728	keskinliği	
29-11	2729-2730	1	
29-12	2730-2731	/	
29-13	2731-2733	10	
29-14	2734-2748	seviyesindeydi	
29-15	2749-2750	(	
29-16	2750-2751	+	
29-17	2751-2756	14,50	
29-18	2756-2757	;	
29-19	2758-2759	-	
29-20	2759-2763	8.00	
29-21	2763-2764	;	
29-22	2765-2768	110	
29-23	2768-2769	)	
29-24	2769-2770	.	

#Text=Olgu başka bir operasyon istemediğinden afak olarak takip edildi.
30-1	2771-2775	Olgu	
30-2	2776-2781	başka	
30-3	2782-2785	bir	
30-4	2786-2795	operasyon	
30-5	2796-2810	istemediğinden	
30-6	2811-2815	afak	
30-7	2816-2822	olarak	
30-8	2823-2828	takip	
30-9	2829-2835	edildi	
30-10	2835-2836	.	

#Text=Oküler travmalar sık karşılaşılan ve komplikasyonları nedeniyle görmenin ve gözün kaybına, bununla birlikte ekonomik sorunlara yol açan bir sağlık sorunudur ve bu yüzden tanı, tedavi ve takipleri büyük önem taşımaktadır.
31-1	2837-2843	Oküler	
31-2	2844-2853	travmalar	
31-3	2854-2857	sık	
31-4	2858-2870	karşılaşılan	
31-5	2871-2873	ve	
31-6	2874-2890	komplikasyonları	
31-7	2891-2900	nedeniyle	
31-8	2901-2909	görmenin	
31-9	2910-2912	ve	
31-10	2913-2918	gözün	
31-11	2919-2926	kaybına	
31-12	2926-2927	,	
31-13	2928-2935	bununla	
31-14	2936-2944	birlikte	
31-15	2945-2953	ekonomik	
31-16	2954-2963	sorunlara	
31-17	2964-2967	yol	
31-18	2968-2972	açan	
31-19	2973-2976	bir	
31-20	2977-2983	sağlık	
31-21	2984-2993	sorunudur	
31-22	2994-2996	ve	
31-23	2997-2999	bu	
31-24	3000-3006	yüzden	
31-25	3007-3011	tanı	
31-26	3011-3012	,	
31-27	3013-3019	tedavi	
31-28	3020-3022	ve	
31-29	3023-3032	takipleri	
31-30	3033-3038	büyük	
31-31	3039-3043	önem	
31-32	3044-3056	taşımaktadır	
31-33	3056-3057	.	

#Text=Oküler travma sonrası GİL’nin subkonjonktival dislokasyonu nadir bir komplikasyondur.
32-1	3058-3064	Oküler	
32-2	3065-3071	travma	
32-3	3072-3079	sonrası	
32-4	3080-3083	GİL	
32-5	3083-3084	’	
32-6	3084-3087	nin	
32-7	3088-3103	subkonjonktival	
32-8	3104-3116	dislokasyonu	
32-9	3117-3122	nadir	
32-10	3123-3126	bir	
32-11	3127-3142	komplikasyondur	
32-12	3142-3143	.	

#Text=Travma sonrası dislokasyona neden olan birçok faktör arasında; ileri yaş, romatoid artrit, sklerit veya bağ dokuyu etkileyen bozukluklar, travmanın şiddeti, implant süresi, GİL yerleşimi, özellikle ekstrakapsüler katarakt ekstraksiyonu gibi geniş insizyonlar içeren cerrahi girişimler sayılabilir.
33-1	3144-3150	Travma	
33-2	3151-3158	sonrası	
33-3	3159-3171	dislokasyona	
33-4	3172-3177	neden	
33-5	3178-3182	olan	
33-6	3183-3189	birçok	
33-7	3190-3196	faktör	
33-8	3197-3205	arasında	
33-9	3205-3206	;	
33-10	3207-3212	ileri	
33-11	3213-3216	yaş	
33-12	3216-3217	,	
33-13	3218-3226	romatoid	
33-14	3227-3233	artrit	
33-15	3233-3234	,	
33-16	3235-3242	sklerit	
33-17	3243-3247	veya	
33-18	3248-3251	bağ	
33-19	3252-3258	dokuyu	
33-20	3259-3268	etkileyen	
33-21	3269-3280	bozukluklar	
33-22	3280-3281	,	
33-23	3282-3291	travmanın	
33-24	3292-3299	şiddeti	
33-25	3299-3300	,	
33-26	3301-3308	implant	
33-27	3309-3315	süresi	
33-28	3315-3316	,	
33-29	3317-3320	GİL	
33-30	3321-3330	yerleşimi	
33-31	3330-3331	,	
33-32	3332-3341	özellikle	
33-33	3342-3356	ekstrakapsüler	
33-34	3357-3365	katarakt	
33-35	3366-3379	ekstraksiyonu	
33-36	3380-3384	gibi	
33-37	3385-3390	geniş	
33-38	3391-3402	insizyonlar	
33-39	3403-3409	içeren	
33-40	3410-3417	cerrahi	
33-41	3418-3428	girişimler	
33-42	3429-3440	sayılabilir	
33-43	3440-3441	.	

#Text=Arka yerleşimli GİL’nin ön kamara yerleşimli GİL’ne göre subkonjonktival alana dislokasyonu daha nadir görülmektedir.
34-1	3442-3446	Arka	
34-2	3447-3457	yerleşimli	
34-3	3458-3461	GİL	
34-4	3461-3462	’	
34-5	3462-3465	nin	
34-6	3466-3468	ön	
34-7	3469-3475	kamara	
34-8	3476-3486	yerleşimli	
34-9	3487-3490	GİL	
34-10	3490-3491	’	
34-11	3491-3493	ne	
34-12	3494-3498	göre	
34-13	3499-3514	subkonjonktival	
34-14	3515-3520	alana	
34-15	3521-3533	dislokasyonu	
34-16	3534-3538	daha	
34-17	3539-3544	nadir	
34-18	3545-3558	görülmektedir	
34-19	3558-3559	.	

#Text=Künt travma sonrası GİL’nin subkonjonktival alana dislokasyonu gençlere nazaran yaşlılarda skleral elastisitenin azalmasına bağlı olarak daha sık karşılaşılmaktadır.
35-1	3560-3564	Künt	
35-2	3565-3571	travma	
35-3	3572-3579	sonrası	
35-4	3580-3583	GİL	
35-5	3583-3584	’	
35-6	3584-3587	nin	
35-7	3588-3603	subkonjonktival	
35-8	3604-3609	alana	
35-9	3610-3622	dislokasyonu	
35-10	3623-3631	gençlere	
35-11	3632-3639	nazaran	
35-12	3640-3650	yaşlılarda	
35-13	3651-3658	skleral	
35-14	3659-3672	elastisitenin	
35-15	3673-3683	azalmasına	
35-16	3684-3689	bağlı	
35-17	3690-3696	olarak	
35-18	3697-3701	daha	
35-19	3702-3705	sık	
35-20	3706-3724	karşılaşılmaktadır	
35-21	3724-3725	.	

#Text=Oküler travmalar çoğunlukla temporal bölgeye olmakta, oküler rüptürde darbenin neden olduğu enerji yansıtması nedeniyle üst nazalde daha fazla görülmektedir.
36-1	3726-3732	Oküler	
36-2	3733-3742	travmalar	
36-3	3743-3753	çoğunlukla	
36-4	3754-3762	temporal	
36-5	3763-3770	bölgeye	
36-6	3771-3778	olmakta	
36-7	3778-3779	,	
36-8	3780-3786	oküler	
36-9	3787-3795	rüptürde	
36-10	3796-3804	darbenin	
36-11	3805-3810	neden	
36-12	3811-3817	olduğu	
36-13	3818-3824	enerji	
36-14	3825-3835	yansıtması	
36-15	3836-3845	nedeniyle	
36-16	3846-3849	üst	
36-17	3850-3857	nazalde	
36-18	3858-3862	daha	
36-19	3863-3868	fazla	
36-20	3869-3882	görülmektedir	
36-21	3882-3883	.	

#Text=Literatürde sadece Mohan ve ark künt travma sonrası arka kamara GİL’nin alt subkonjonktival alana dislokasyonunu bildirmişlerdir.
37-1	3884-3895	Literatürde	
37-2	3896-3902	sadece	
37-3	3903-3908	Mohan	
37-4	3909-3911	ve	
37-5	3912-3915	ark	
37-6	3916-3920	künt	
37-7	3921-3927	travma	
37-8	3928-3935	sonrası	
37-9	3936-3940	arka	
37-10	3941-3947	kamara	
37-11	3948-3951	GİL	
37-12	3951-3952	’	
37-13	3952-3955	nin	
37-14	3956-3959	alt	
37-15	3960-3975	subkonjonktival	
37-16	3976-3981	alana	
37-17	3982-3996	dislokasyonunu	
37-18	3997-4012	bildirmişlerdir	
37-19	4012-4013	.	

#Text=Bizim olgumuzda da rüptür üst nazaldeydi ve arka kamara GİL dislokasyonu üst nazal subkonjonktival alanda izlendi.
38-1	4014-4019	Bizim	
38-2	4020-4029	olgumuzda	
38-3	4030-4032	da	
38-4	4033-4039	rüptür	
38-5	4040-4043	üst	
38-6	4044-4054	nazaldeydi	
38-7	4055-4057	ve	
38-8	4058-4062	arka	
38-9	4063-4069	kamara	
38-10	4070-4073	GİL	
38-11	4074-4086	dislokasyonu	
38-12	4087-4090	üst	
38-13	4091-4096	nazal	
38-14	4097-4112	subkonjonktival	
38-15	4113-4119	alanda	
38-16	4120-4127	izlendi	
38-17	4127-4128	.	

#Text=GİL dislokasyonu tanısında dikkatli bir klinik muayene yeterli olsa da, görüntüleme teknikleri, ilişkili sklera rüptürünün yerinin doğru belirlenmesi için kullanılabilir.
39-1	4129-4132	GİL	
39-2	4133-4145	dislokasyonu	
39-3	4146-4155	tanısında	
39-4	4156-4164	dikkatli	
39-5	4165-4168	bir	
39-6	4169-4175	klinik	
39-7	4176-4183	muayene	
39-8	4184-4191	yeterli	
39-9	4192-4196	olsa	
39-10	4197-4199	da	
39-11	4199-4200	,	
39-12	4201-4212	görüntüleme	
39-13	4213-4223	teknikleri	
39-14	4223-4224	,	
39-15	4225-4233	ilişkili	
39-16	4234-4240	sklera	
39-17	4241-4251	rüptürünün	
39-18	4252-4259	yerinin	
39-19	4260-4265	doğru	
39-20	4266-4278	belirlenmesi	
39-21	4279-4283	için	
39-22	4284-4298	kullanılabilir	
39-23	4298-4299	.	

#Text=Bunun için ultrasonik biyomikroskobi (UBM), ön segment optik koherens tomografi ve B-taramalı ultrasonografi (USG) tercih edilebilir.
40-1	4300-4305	Bunun	
40-2	4306-4310	için	
40-3	4311-4321	ultrasonik	
40-4	4322-4336	biyomikroskobi	
40-5	4337-4338	(	
40-6	4338-4341	UBM	
40-7	4341-4342	)	
40-8	4342-4343	,	
40-9	4344-4346	ön	
40-10	4347-4354	segment	
40-11	4355-4360	optik	
40-12	4361-4369	koherens	
40-13	4370-4379	tomografi	
40-14	4380-4382	ve	
40-15	4383-4393	B-taramalı	
40-16	4394-4408	ultrasonografi	
40-17	4409-4410	(	
40-18	4410-4413	USG	
40-19	4413-4414	)	
40-20	4415-4421	tercih	
40-21	4422-4432	edilebilir	
40-22	4432-4433	.	

#Text=B-tarama USG ve UBM, enfeksiyon ve göz içi içeriği ekstraksiyonu riski nedeniyle açık glob hasarında nispeten kontrendikedir.
41-1	4434-4442	B-tarama	
41-2	4443-4446	USG	
41-3	4447-4449	ve	
41-4	4450-4453	UBM	
41-5	4453-4454	,	
41-6	4455-4465	enfeksiyon	
41-7	4466-4468	ve	
41-8	4469-4472	göz	
41-9	4473-4476	içi	
41-10	4477-4484	içeriği	
41-11	4485-4498	ekstraksiyonu	
41-12	4499-4504	riski	
41-13	4505-4514	nedeniyle	
41-14	4515-4519	açık	
41-15	4520-4524	glob	
41-16	4525-4534	hasarında	
41-17	4535-4543	nispeten	
41-18	4544-4558	kontrendikedir	
41-19	4558-4559	.	

#Text=GİL dislokasyonu önünde iris dokusu bulunması veya yoğun subkonjonktival kanamanın olması, biyomikroskopik geniş/diffüz aydınlatma ile teşhisin konmasını zorlaştırabilir.
42-1	4560-4563	GİL	
42-2	4564-4576	dislokasyonu	
42-3	4577-4583	önünde	
42-4	4584-4588	iris	
42-5	4589-4595	dokusu	
42-6	4596-4605	bulunması	
42-7	4606-4610	veya	
42-8	4611-4616	yoğun	
42-9	4617-4632	subkonjonktival	
42-10	4633-4642	kanamanın	
42-11	4643-4649	olması	
42-12	4649-4650	,	
42-13	4651-4666	biyomikroskopik	
42-14	4667-4672	geniş	
42-15	4672-4673	/	
42-16	4673-4679	diffüz	
42-17	4680-4690	aydınlatma	
42-18	4691-4694	ile	
42-19	4695-4703	teşhisin	
42-20	4704-4713	konmasını	
42-21	4714-4729	zorlaştırabilir	
42-22	4729-4730	.	

#Text=Bizim olgumuzda subkonjonktival hemoraji ve önünde doku bulunmuyordu.
43-1	4731-4736	Bizim	
43-2	4737-4746	olgumuzda	
43-3	4747-4762	subkonjonktival	
43-4	4763-4771	hemoraji	
43-5	4772-4774	ve	
43-6	4775-4781	önünde	
43-7	4782-4786	doku	
43-8	4787-4799	bulunmuyordu	
43-9	4799-4800	.	

#Text=Bunlar tanıyı koymamızda kolaylaştırıcı faktörler idi.
44-1	4801-4807	Bunlar	
44-2	4808-4814	tanıyı	
44-3	4815-4825	koymamızda	
44-4	4826-4840	kolaylaştırıcı	
44-5	4841-4850	faktörler	
44-6	4851-4854	idi	
44-7	4854-4855	.	

#Text=Travma, psödofakoselin en sık görülen nedeni olup, sıklıkla hifema veya vitreus kanamaları ile birliktedir.
45-1	4856-4862	Travma	
45-2	4862-4863	,	
45-3	4864-4878	psödofakoselin	
45-4	4879-4881	en	
45-5	4882-4885	sık	
45-6	4886-4893	görülen	
45-7	4894-4900	nedeni	
45-8	4901-4905	olup	
45-9	4905-4906	,	
45-10	4907-4915	sıklıkla	
45-11	4916-4922	hifema	
45-12	4923-4927	veya	
45-13	4928-4935	vitreus	
45-14	4936-4946	kanamaları	
45-15	4947-4950	ile	
45-16	4951-4962	birliktedir	
45-17	4962-4963	.	

#Text=Bu nedenle tanıda oftalmoskopi yararlı olmayabilir.
46-1	4964-4966	Bu	
46-2	4967-4974	nedenle	
46-3	4975-4981	tanıda	
46-4	4982-4994	oftalmoskopi	
46-5	4995-5002	yararlı	
46-6	5003-5014	olmayabilir	
46-7	5014-5015	.	

#Text=Bizim vakamızda hifema ve intravitreal hemoraji nedeniyle fundus oftalmoskopik olarak değerlendirilmedi.
47-1	5016-5021	Bizim	
47-2	5022-5031	vakamızda	
47-3	5032-5038	hifema	
47-4	5039-5041	ve	
47-5	5042-5054	intravitreal	
47-6	5055-5063	hemoraji	
47-7	5064-5073	nedeniyle	
47-8	5074-5080	fundus	
47-9	5081-5094	oftalmoskopik	
47-10	5095-5101	olarak	
47-11	5102-5119	değerlendirilmedi	
47-12	5119-5120	.	

#Text=Oküler USG’de vitreus hemorajisi saptandı.
48-1	5121-5127	Oküler	
48-2	5128-5131	USG	
48-3	5131-5132	’	
48-4	5132-5134	de	
48-5	5135-5142	vitreus	
48-6	5143-5153	hemorajisi	
48-7	5154-5162	saptandı	
48-8	5162-5163	.	

#Text=Travma sonrası GİL’nin subkonjonktival dislokasyonu nispeten nadir olmasına rağmen karşılaşılabilen bir durumdur.
49-1	5164-5170	Travma	
49-2	5171-5178	sonrası	
49-3	5179-5182	GİL	
49-4	5182-5183	’	
49-5	5183-5186	nin	
49-6	5187-5202	subkonjonktival	
49-7	5203-5215	dislokasyonu	
49-8	5216-5224	nispeten	
49-9	5225-5230	nadir	
49-10	5231-5239	olmasına	
49-11	5240-5246	rağmen	
49-12	5247-5263	karşılaşılabilen	
49-13	5264-5267	bir	
49-14	5268-5276	durumdur	
49-15	5276-5277	.	

#Text=Daha önceden psödofakik olduğu bilinen veya öğrenilen travmatik hastalarda GİL’i görülemiyorsa, konjonktiva altına yer değiştirebileceği akılda tutulmalı ve detaylı konjonktival tarama yapılmalıdır.
50-1	5278-5282	Daha	
50-2	5283-5290	önceden	
50-3	5291-5301	psödofakik	
50-4	5302-5308	olduğu	
50-5	5309-5316	bilinen	
50-6	5317-5321	veya	
50-7	5322-5331	öğrenilen	
50-8	5332-5341	travmatik	
50-9	5342-5352	hastalarda	
50-10	5353-5356	GİL	
50-11	5356-5357	’	
50-12	5357-5358	i	
50-13	5359-5372	görülemiyorsa	
50-14	5372-5373	,	
50-15	5374-5385	konjonktiva	
50-16	5386-5392	altına	
50-17	5393-5396	yer	
50-18	5397-5414	değiştirebileceği	
50-19	5415-5421	akılda	
50-20	5422-5431	tutulmalı	
50-21	5432-5434	ve	
50-22	5435-5442	detaylı	
50-23	5443-5455	konjonktival	
50-24	5456-5462	tarama	
50-25	5463-5475	yapılmalıdır	
50-26	5475-5476	.	
