#FORMAT=WebAnno TSV 3.3
#T_SP=webanno.custom.Negation|
#T_SP=webanno.custom.NegationEvent|
#T_SP=webanno.custom.NegationFocus|
#T_SP=webanno.custom.NegationMarker|ROLE_webanno.custom.NegationMarker:coordinationparticle_webanno.custom.NegationMarkerCoordinationparticleLink|webanno.custom.CoordinationParticle|ROLE_webanno.custom.NegationMarker:event_webanno.custom.NegationMarkerEventLink|webanno.custom.NegationEvent|ROLE_webanno.custom.NegationMarker:focus_webanno.custom.NegationMarkerFocusLink|webanno.custom.NegationFocus|markerType|ROLE_webanno.custom.NegationMarker:scope_webanno.custom.NegationMarkerScopeLink|webanno.custom.Negation|value


#Text=ÖZET
1-1	0-4	ÖZET	_	_	_	_	_	_	_	_	_	_	_	_	_	

#Text=72 yaşında kadın hasta sol gözde kızarıklık ve şişlik nedeniyle kliniğimize başvurdu.
2-1	5-7	72	_	_	_	_	_	_	_	_	_	_	_	_	_	
2-2	8-15	yaşında	_	_	_	_	_	_	_	_	_	_	_	_	_	
2-3	16-21	kadın	_	_	_	_	_	_	_	_	_	_	_	_	_	
2-4	22-27	hasta	_	_	_	_	_	_	_	_	_	_	_	_	_	
2-5	28-31	sol	_	_	_	_	_	_	_	_	_	_	_	_	_	
2-6	32-37	gözde	_	_	_	_	_	_	_	_	_	_	_	_	_	
2-7	38-48	kızarıklık	_	_	_	_	_	_	_	_	_	_	_	_	_	
2-8	49-51	ve	_	_	_	_	_	_	_	_	_	_	_	_	_	
2-9	52-58	şişlik	_	_	_	_	_	_	_	_	_	_	_	_	_	
2-10	59-68	nedeniyle	_	_	_	_	_	_	_	_	_	_	_	_	_	
2-11	69-80	kliniğimize	_	_	_	_	_	_	_	_	_	_	_	_	_	
2-12	81-89	başvurdu	_	_	_	_	_	_	_	_	_	_	_	_	_	
2-13	89-90	.	_	_	_	_	_	_	_	_	_	_	_	_	_	

#Text=Hastanın öyküsünde yaklaşık 1 ay önce araç dışı trafik kazası geçirdiği öğrenildi.
3-1	91-99	Hastanın	_	_	_	_	_	_	_	_	_	_	_	_	_	
3-2	100-109	öyküsünde	_	_	_	_	_	_	_	_	_	_	_	_	_	
3-3	110-118	yaklaşık	_	_	_	_	_	_	_	_	_	_	_	_	_	
3-4	119-120	1	_	_	_	_	_	_	_	_	_	_	_	_	_	
3-5	121-123	ay	_	_	_	_	_	_	_	_	_	_	_	_	_	
3-6	124-128	önce	_	_	_	_	_	_	_	_	_	_	_	_	_	
3-7	129-133	araç	*	_	*	_	_	_	_	_	_	_	_	_	_	
3-8	134-138	dışı	_	_	_	_	*	partOfEvent	3-9[11]	isAnotherFocus	3-7	NegLexMarker	partOfScope;partOfScope	3-9[1];3-7	*	
3-9	139-145	trafik	*[1]	*[11]	_	_	_	_	_	_	_	_	_	_	_	
3-10	146-152	kazası	*[1]	*[11]	_	_	_	_	_	_	_	_	_	_	_	
3-11	153-162	geçirdiği	_	_	_	_	_	_	_	_	_	_	_	_	_	
3-12	163-172	öğrenildi	_	_	_	_	_	_	_	_	_	_	_	_	_	
3-13	172-173	.	_	_	_	_	_	_	_	_	_	_	_	_	_	

#Text=Düzeltilmiş en iyi görme keskinliği sol gözde el hareketi düzeyinde idi.
4-1	174-185	Düzeltilmiş	_	_	_	_	_	_	_	_	_	_	_	_	_	
4-2	186-188	en	_	_	_	_	_	_	_	_	_	_	_	_	_	
4-3	189-192	iyi	_	_	_	_	_	_	_	_	_	_	_	_	_	
4-4	193-198	görme	_	_	_	_	_	_	_	_	_	_	_	_	_	
4-5	199-209	keskinliği	_	_	_	_	_	_	_	_	_	_	_	_	_	
4-6	210-213	sol	_	_	_	_	_	_	_	_	_	_	_	_	_	
4-7	214-219	gözde	_	_	_	_	_	_	_	_	_	_	_	_	_	
4-8	220-222	el	_	_	_	_	_	_	_	_	_	_	_	_	_	
4-9	223-231	hareketi	_	_	_	_	_	_	_	_	_	_	_	_	_	
4-10	232-241	düzeyinde	_	_	_	_	_	_	_	_	_	_	_	_	_	
4-11	242-245	idi	_	_	_	_	_	_	_	_	_	_	_	_	_	
4-12	245-246	.	_	_	_	_	_	_	_	_	_	_	_	_	_	

#Text=Biyomikroskobik muayenede hifema, skleral perforasyon hattı ve göz içi lensin üst subkonjonktival alanda olduğu görüldü.
5-1	247-262	Biyomikroskobik	_	_	_	_	_	_	_	_	_	_	_	_	_	
5-2	263-272	muayenede	_	_	_	_	_	_	_	_	_	_	_	_	_	
5-3	273-279	hifema	_	_	_	_	_	_	_	_	_	_	_	_	_	
5-4	279-280	,	_	_	_	_	_	_	_	_	_	_	_	_	_	
5-5	281-288	skleral	_	_	_	_	_	_	_	_	_	_	_	_	_	
5-6	289-300	perforasyon	_	_	_	_	_	_	_	_	_	_	_	_	_	
5-7	301-306	hattı	_	_	_	_	_	_	_	_	_	_	_	_	_	
5-8	307-309	ve	_	_	_	_	_	_	_	_	_	_	_	_	_	
5-9	310-313	göz	_	_	_	_	_	_	_	_	_	_	_	_	_	
5-10	314-317	içi	_	_	_	_	_	_	_	_	_	_	_	_	_	
5-11	318-324	lensin	_	_	_	_	_	_	_	_	_	_	_	_	_	
5-12	325-328	üst	_	_	_	_	_	_	_	_	_	_	_	_	_	
5-13	329-344	subkonjonktival	_	_	_	_	_	_	_	_	_	_	_	_	_	
5-14	345-351	alanda	_	_	_	_	_	_	_	_	_	_	_	_	_	
5-15	352-358	olduğu	_	_	_	_	_	_	_	_	_	_	_	_	_	
5-16	359-366	görüldü	_	_	_	_	_	_	_	_	_	_	_	_	_	
5-17	366-367	.	_	_	_	_	_	_	_	_	_	_	_	_	_	

#Text=Hastanın intravitreal hemorajisinin olması nedeniyle hastaya sol pars plana vitrektomi ve göz içi lensinin subkonjonktival alandan çıkarılması ameliyatı yapıldı.
6-1	368-376	Hastanın	_	_	_	_	_	_	_	_	_	_	_	_	_	
6-2	377-389	intravitreal	_	_	_	_	_	_	_	_	_	_	_	_	_	
6-3	390-403	hemorajisinin	_	_	_	_	_	_	_	_	_	_	_	_	_	
6-4	404-410	olması	_	_	_	_	_	_	_	_	_	_	_	_	_	
6-5	411-420	nedeniyle	_	_	_	_	_	_	_	_	_	_	_	_	_	
6-6	421-428	hastaya	_	_	_	_	_	_	_	_	_	_	_	_	_	
6-7	429-432	sol	_	_	_	_	_	_	_	_	_	_	_	_	_	
6-8	433-437	pars	_	_	_	_	_	_	_	_	_	_	_	_	_	
6-9	438-443	plana	_	_	_	_	_	_	_	_	_	_	_	_	_	
6-10	444-454	vitrektomi	_	_	_	_	_	_	_	_	_	_	_	_	_	
6-11	455-457	ve	_	_	_	_	_	_	_	_	_	_	_	_	_	
6-12	458-461	göz	*[2]	_	_	_	_	_	_	_	_	_	_	_	_	
6-13	462-465	içi	*[2]	_	_	_	_	_	_	_	_	_	_	_	_	
6-14	466-474	lensinin	*[2]	_	_	_	_	_	_	_	_	_	_	_	_	
6-15	475-490	subkonjonktival	*[2]	_	*[12]	_	_	_	_	_	_	_	_	_	_	
6-16	491-498	alandan	*[2]	_	*[12]	_	_	_	_	_	_	_	_	_	_	
6-17	499-510	çıkarılması	_	*	_	_	*	partOfEvent	6-17	isAnotherFocus	6-15[12]	NegLexMarker	partOfScope;partOfScope	6-12[2];6-18	*	
6-18	511-520	ameliyatı	*	_	_	_	_	_	_	_	_	_	_	_	_	
6-19	521-528	yapıldı	_	_	_	_	_	_	_	_	_	_	_	_	_	
6-20	528-529	.	_	_	_	_	_	_	_	_	_	_	_	_	_	

#Text=Olgumuz başka bir operasyon istemediğinden afak olarak takip edildi.
7-1	530-537	Olgumuz	_	_	_	_	_	_	_	_	_	_	_	_	_	
7-2	538-543	başka	_	_	_	_	_	_	_	_	_	_	_	_	_	
7-3	544-547	bir	_	_	_	_	_	_	_	_	_	_	_	_	_	
7-4	548-557	operasyon	_	_	_	_	_	_	_	_	_	_	_	_	_	
7-5	558-572	istemediğinden	_	_	_	_	_	_	_	_	_	_	_	_	_	
7-6	573-577	afak	_	_	_	_	_	_	_	_	_	_	_	_	_	
7-7	578-584	olarak	_	_	_	_	_	_	_	_	_	_	_	_	_	
7-8	585-590	takip	_	_	_	_	_	_	_	_	_	_	_	_	_	
7-9	591-597	edildi	_	_	_	_	_	_	_	_	_	_	_	_	_	
7-10	597-598	.	_	_	_	_	_	_	_	_	_	_	_	_	_	

#Text=Pseudofakik hastalarda oküler künt travmalar sonrası göz içi lensinin konjonktiva altına yer değiştirebileceği akılda tutulmalıdır.
8-1	599-610	Pseudofakik	_	_	_	_	_	_	_	_	_	_	_	_	_	
8-2	611-621	hastalarda	_	_	_	_	_	_	_	_	_	_	_	_	_	
8-3	622-628	oküler	_	_	_	_	_	_	_	_	_	_	_	_	_	
8-4	629-633	künt	_	_	_	_	_	_	_	_	_	_	_	_	_	
8-5	634-643	travmalar	_	_	_	_	_	_	_	_	_	_	_	_	_	
8-6	644-651	sonrası	_	_	_	_	_	_	_	_	_	_	_	_	_	
8-7	652-655	göz	_	_	_	_	_	_	_	_	_	_	_	_	_	
8-8	656-659	içi	_	_	_	_	_	_	_	_	_	_	_	_	_	
8-9	660-668	lensinin	_	_	_	_	_	_	_	_	_	_	_	_	_	
8-10	669-680	konjonktiva	_	_	_	_	_	_	_	_	_	_	_	_	_	
8-11	681-687	altına	_	_	_	_	_	_	_	_	_	_	_	_	_	
8-12	688-691	yer	_	_	_	_	_	_	_	_	_	_	_	_	_	
8-13	692-709	değiştirebileceği	_	_	_	_	_	_	_	_	_	_	_	_	_	
8-14	710-716	akılda	_	_	_	_	_	_	_	_	_	_	_	_	_	
8-15	717-729	tutulmalıdır	_	_	_	_	_	_	_	_	_	_	_	_	_	
8-16	729-730	.	_	_	_	_	_	_	_	_	_	_	_	_	_	

#Text=GİRİŞ
9-1	731-736	GİRİŞ	_	_	_	_	_	_	_	_	_	_	_	_	_	

#Text=Oküler cerrahi geçirmiş gözlerde travma sonrası eski korneal kesi alanlarından rüptürler ile sıklıkla karşılaşılabilmektedir.
10-1	737-743	Oküler	_	_	_	_	_	_	_	_	_	_	_	_	_	
10-2	744-751	cerrahi	_	_	_	_	_	_	_	_	_	_	_	_	_	
10-3	752-760	geçirmiş	_	_	_	_	_	_	_	_	_	_	_	_	_	
10-4	761-769	gözlerde	_	_	_	_	_	_	_	_	_	_	_	_	_	
10-5	770-776	travma	_	_	_	_	_	_	_	_	_	_	_	_	_	
10-6	777-784	sonrası	_	_	_	_	_	_	_	_	_	_	_	_	_	
10-7	785-789	eski	_	_	_	_	_	_	_	_	_	_	_	_	_	
10-8	790-797	korneal	_	_	_	_	_	_	_	_	_	_	_	_	_	
10-9	798-802	kesi	_	_	_	_	_	_	_	_	_	_	_	_	_	
10-10	803-815	alanlarından	_	_	_	_	_	_	_	_	_	_	_	_	_	
10-11	816-825	rüptürler	_	_	_	_	_	_	_	_	_	_	_	_	_	
10-12	826-829	ile	_	_	_	_	_	_	_	_	_	_	_	_	_	
10-13	830-838	sıklıkla	_	_	_	_	_	_	_	_	_	_	_	_	_	
10-14	839-861	karşılaşılabilmektedir	_	_	_	_	_	_	_	_	_	_	_	_	_	
10-15	861-862	.	_	_	_	_	_	_	_	_	_	_	_	_	_	

#Text=Psödofakik gözde geçirilen travma, göz içi lensin (GİL) dislokasyonuna neden olabilmekte, ciddi ve acil müdahale gerektiren komplikasyonlara yol açabilmektedir.
11-1	863-873	Psödofakik	_	_	_	_	_	_	_	_	_	_	_	_	_	
11-2	874-879	gözde	_	_	_	_	_	_	_	_	_	_	_	_	_	
11-3	880-889	geçirilen	_	_	_	_	_	_	_	_	_	_	_	_	_	
11-4	890-896	travma	_	_	_	_	_	_	_	_	_	_	_	_	_	
11-5	896-897	,	_	_	_	_	_	_	_	_	_	_	_	_	_	
11-6	898-901	göz	_	_	_	_	_	_	_	_	_	_	_	_	_	
11-7	902-905	içi	_	_	_	_	_	_	_	_	_	_	_	_	_	
11-8	906-912	lensin	_	_	_	_	_	_	_	_	_	_	_	_	_	
11-9	913-914	(	_	_	_	_	_	_	_	_	_	_	_	_	_	
11-10	914-917	GİL	_	_	_	_	_	_	_	_	_	_	_	_	_	
11-11	917-918	)	_	_	_	_	_	_	_	_	_	_	_	_	_	
11-12	919-933	dislokasyonuna	_	_	_	_	_	_	_	_	_	_	_	_	_	
11-13	934-939	neden	_	_	_	_	_	_	_	_	_	_	_	_	_	
11-14	940-951	olabilmekte	_	_	_	_	_	_	_	_	_	_	_	_	_	
11-15	951-952	,	_	_	_	_	_	_	_	_	_	_	_	_	_	
11-16	953-958	ciddi	_	_	_	_	_	_	_	_	_	_	_	_	_	
11-17	959-961	ve	_	_	_	_	_	_	_	_	_	_	_	_	_	
11-18	962-966	acil	_	_	_	_	_	_	_	_	_	_	_	_	_	
11-19	967-975	müdahale	_	_	_	_	_	_	_	_	_	_	_	_	_	
11-20	976-986	gerektiren	_	_	_	_	_	_	_	_	_	_	_	_	_	
11-21	987-1003	komplikasyonlara	_	_	_	_	_	_	_	_	_	_	_	_	_	
11-22	1004-1007	yol	_	_	_	_	_	_	_	_	_	_	_	_	_	
11-23	1008-1022	açabilmektedir	_	_	_	_	_	_	_	_	_	_	_	_	_	
11-24	1022-1023	.	_	_	_	_	_	_	_	_	_	_	_	_	_	

#Text=Travma ile GİL suprakoroidal boşluk, vitreus , ön kamara, subkonjonktival alan veya göz küresinin dışına çıkabilir.
12-1	1024-1030	Travma	_	_	_	_	_	_	_	_	_	_	_	_	_	
12-2	1031-1034	ile	_	_	_	_	_	_	_	_	_	_	_	_	_	
12-3	1035-1038	GİL	_	_	_	_	_	_	_	_	_	_	_	_	_	
12-4	1039-1052	suprakoroidal	_	_	_	_	_	_	_	_	_	_	_	_	_	
12-5	1053-1059	boşluk	_	_	_	_	_	_	_	_	_	_	_	_	_	
12-6	1059-1060	,	_	_	_	_	_	_	_	_	_	_	_	_	_	
12-7	1061-1068	vitreus	_	_	_	_	_	_	_	_	_	_	_	_	_	
12-8	1069-1070	,	_	_	_	_	_	_	_	_	_	_	_	_	_	
12-9	1071-1073	ön	_	_	_	_	_	_	_	_	_	_	_	_	_	
12-10	1074-1080	kamara	_	_	_	_	_	_	_	_	_	_	_	_	_	
12-11	1080-1081	,	_	_	_	_	_	_	_	_	_	_	_	_	_	
12-12	1082-1097	subkonjonktival	_	_	_	_	_	_	_	_	_	_	_	_	_	
12-13	1098-1102	alan	_	_	_	_	_	_	_	_	_	_	_	_	_	
12-14	1103-1107	veya	_	_	_	_	_	_	_	_	_	_	_	_	_	
12-15	1108-1111	göz	*[3]	_	*[13]	_	_	_	_	_	_	_	_	_	_	
12-16	1112-1121	küresinin	*[3]	_	*[13]	_	_	_	_	_	_	_	_	_	_	
12-17	1122-1128	dışına	_	*	_	_	*	partOfEvent	12-17	isAnotherFocus	12-15[13]	NegLexMarker	partOfScope	12-15[3]	*	
12-18	1129-1138	çıkabilir	_	_	_	_	_	_	_	_	_	_	_	_	_	
12-19	1138-1139	.	_	_	_	_	_	_	_	_	_	_	_	_	_	

#Text=GİL’nin subkonjonktival dislokasyonu psödofakosel olarak da adlandırılır.
13-1	1140-1143	GİL	_	_	_	_	_	_	_	_	_	_	_	_	_	
13-2	1143-1144	’	_	_	_	_	_	_	_	_	_	_	_	_	_	
13-3	1144-1147	nin	_	_	_	_	_	_	_	_	_	_	_	_	_	
13-4	1148-1163	subkonjonktival	_	_	_	_	_	_	_	_	_	_	_	_	_	
13-5	1164-1176	dislokasyonu	_	_	_	_	_	_	_	_	_	_	_	_	_	
13-6	1177-1189	psödofakosel	_	_	_	_	_	_	_	_	_	_	_	_	_	
13-7	1190-1196	olarak	_	_	_	_	_	_	_	_	_	_	_	_	_	
13-8	1197-1199	da	_	_	_	_	_	_	_	_	_	_	_	_	_	
13-9	1200-1212	adlandırılır	_	_	_	_	_	_	_	_	_	_	_	_	_	
13-10	1212-1213	.	_	_	_	_	_	_	_	_	_	_	_	_	_	

#Text=Nadir görülen bu durum tüm dislokasyonların %13'ünden azını oluşturmaktadır.
14-1	1214-1219	Nadir	_	_	_	_	_	_	_	_	_	_	_	_	_	
14-2	1220-1227	görülen	_	_	_	_	_	_	_	_	_	_	_	_	_	
14-3	1228-1230	bu	_	_	_	_	_	_	_	_	_	_	_	_	_	
14-4	1231-1236	durum	_	_	_	_	_	_	_	_	_	_	_	_	_	
14-5	1237-1240	tüm	_	_	_	_	_	_	_	_	_	_	_	_	_	
14-6	1241-1257	dislokasyonların	_	_	_	_	_	_	_	_	_	_	_	_	_	
14-7	1258-1259	%	_	_	_	_	_	_	_	_	_	_	_	_	_	
14-8	1259-1261	13	_	_	_	_	_	_	_	_	_	_	_	_	_	
14-9	1261-1262	'	_	_	_	_	_	_	_	_	_	_	_	_	_	
14-10	1262-1267	ünden	_	_	_	_	_	_	_	_	_	_	_	_	_	
14-11	1268-1273	azını	_	_	_	_	_	_	_	_	_	_	_	_	_	
14-12	1274-1289	oluşturmaktadır	_	_	_	_	_	_	_	_	_	_	_	_	_	
14-13	1289-1290	.	_	_	_	_	_	_	_	_	_	_	_	_	_	

#Text=GİL’nin subkonjonktival dislokasyonu ilk olarak 1977’de Biedner ve ark tarafından tanımlanmıştır.
15-1	1291-1294	GİL	_	_	_	_	_	_	_	_	_	_	_	_	_	
15-2	1294-1295	’	_	_	_	_	_	_	_	_	_	_	_	_	_	
15-3	1295-1298	nin	_	_	_	_	_	_	_	_	_	_	_	_	_	
15-4	1299-1314	subkonjonktival	_	_	_	_	_	_	_	_	_	_	_	_	_	
15-5	1315-1327	dislokasyonu	_	_	_	_	_	_	_	_	_	_	_	_	_	
15-6	1328-1331	ilk	_	_	_	_	_	_	_	_	_	_	_	_	_	
15-7	1332-1338	olarak	_	_	_	_	_	_	_	_	_	_	_	_	_	
15-8	1339-1343	1977	_	_	_	_	_	_	_	_	_	_	_	_	_	
15-9	1343-1344	’	_	_	_	_	_	_	_	_	_	_	_	_	_	
15-10	1344-1346	de	_	_	_	_	_	_	_	_	_	_	_	_	_	
15-11	1347-1354	Biedner	_	_	_	_	_	_	_	_	_	_	_	_	_	
15-12	1355-1357	ve	_	_	_	_	_	_	_	_	_	_	_	_	_	
15-13	1358-1361	ark	_	_	_	_	_	_	_	_	_	_	_	_	_	
15-14	1362-1372	tarafından	_	_	_	_	_	_	_	_	_	_	_	_	_	
15-15	1373-1387	tanımlanmıştır	_	_	_	_	_	_	_	_	_	_	_	_	_	
15-16	1387-1388	.	_	_	_	_	_	_	_	_	_	_	_	_	_	

#Text=Bu olgu sunumunda travma sonrası üst subkonjonktival alana GİL dislokasyonu saptanan olguyu sunmayı amaçladık.
16-1	1389-1391	Bu	_	_	_	_	_	_	_	_	_	_	_	_	_	
16-2	1392-1396	olgu	_	_	_	_	_	_	_	_	_	_	_	_	_	
16-3	1397-1406	sunumunda	_	_	_	_	_	_	_	_	_	_	_	_	_	
16-4	1407-1413	travma	_	_	_	_	_	_	_	_	_	_	_	_	_	
16-5	1414-1421	sonrası	_	_	_	_	_	_	_	_	_	_	_	_	_	
16-6	1422-1425	üst	_	_	_	_	_	_	_	_	_	_	_	_	_	
16-7	1426-1441	subkonjonktival	_	_	_	_	_	_	_	_	_	_	_	_	_	
16-8	1442-1447	alana	_	_	_	_	_	_	_	_	_	_	_	_	_	
16-9	1448-1451	GİL	_	_	_	_	_	_	_	_	_	_	_	_	_	
16-10	1452-1464	dislokasyonu	_	_	_	_	_	_	_	_	_	_	_	_	_	
16-11	1465-1473	saptanan	_	_	_	_	_	_	_	_	_	_	_	_	_	
16-12	1474-1480	olguyu	_	_	_	_	_	_	_	_	_	_	_	_	_	
16-13	1481-1488	sunmayı	_	_	_	_	_	_	_	_	_	_	_	_	_	
16-14	1489-1498	amaçladık	_	_	_	_	_	_	_	_	_	_	_	_	_	
16-15	1498-1499	.	_	_	_	_	_	_	_	_	_	_	_	_	_	

#Text=Bu yazı için hastadan tıbbi verilerinin yayınlanabileceğine ilişkin yazılı onam belgesi alındı.
17-1	1500-1502	Bu	_	_	_	_	_	_	_	_	_	_	_	_	_	
17-2	1503-1507	yazı	_	_	_	_	_	_	_	_	_	_	_	_	_	
17-3	1508-1512	için	_	_	_	_	_	_	_	_	_	_	_	_	_	
17-4	1513-1521	hastadan	_	_	_	_	_	_	_	_	_	_	_	_	_	
17-5	1522-1527	tıbbi	_	_	_	_	_	_	_	_	_	_	_	_	_	
17-6	1528-1539	verilerinin	_	_	_	_	_	_	_	_	_	_	_	_	_	
17-7	1540-1559	yayınlanabileceğine	_	_	_	_	_	_	_	_	_	_	_	_	_	
17-8	1560-1567	ilişkin	_	_	_	_	_	_	_	_	_	_	_	_	_	
17-9	1568-1574	yazılı	_	_	_	_	_	_	_	_	_	_	_	_	_	
17-10	1575-1579	onam	_	_	_	_	_	_	_	_	_	_	_	_	_	
17-11	1580-1587	belgesi	_	_	_	_	_	_	_	_	_	_	_	_	_	
17-12	1588-1594	alındı	_	_	_	_	_	_	_	_	_	_	_	_	_	
17-13	1594-1595	.	_	_	_	_	_	_	_	_	_	_	_	_	_	

#Text=İÇERİK
18-1	1596-1602	İÇERİK	_	_	_	_	_	_	_	_	_	_	_	_	_	

#Text=Yetmiş iki yaşında kadın hasta yaklaşık bir ay önce araç dışı trafik kazası sonrası gelişen sol gözde şişlik ve kızarıklık şikâyeti ile başvurdu.
19-1	1603-1609	Yetmiş	_	_	_	_	_	_	_	_	_	_	_	_	_	
19-2	1610-1613	iki	_	_	_	_	_	_	_	_	_	_	_	_	_	
19-3	1614-1621	yaşında	_	_	_	_	_	_	_	_	_	_	_	_	_	
19-4	1622-1627	kadın	_	_	_	_	_	_	_	_	_	_	_	_	_	
19-5	1628-1633	hasta	_	_	_	_	_	_	_	_	_	_	_	_	_	
19-6	1634-1642	yaklaşık	_	_	_	_	_	_	_	_	_	_	_	_	_	
19-7	1643-1646	bir	_	_	_	_	_	_	_	_	_	_	_	_	_	
19-8	1647-1649	ay	_	_	_	_	_	_	_	_	_	_	_	_	_	
19-9	1650-1654	önce	_	_	_	_	_	_	_	_	_	_	_	_	_	
19-10	1655-1659	araç	_	_	_	_	_	_	_	_	_	_	_	_	_	
19-11	1660-1664	dışı	_	_	_	_	_	_	_	_	_	_	_	_	_	
19-12	1665-1671	trafik	_	_	_	_	_	_	_	_	_	_	_	_	_	
19-13	1672-1678	kazası	_	_	_	_	_	_	_	_	_	_	_	_	_	
19-14	1679-1686	sonrası	_	_	_	_	_	_	_	_	_	_	_	_	_	
19-15	1687-1694	gelişen	_	_	_	_	_	_	_	_	_	_	_	_	_	
19-16	1695-1698	sol	_	_	_	_	_	_	_	_	_	_	_	_	_	
19-17	1699-1704	gözde	_	_	_	_	_	_	_	_	_	_	_	_	_	
19-18	1705-1711	şişlik	_	_	_	_	_	_	_	_	_	_	_	_	_	
19-19	1712-1714	ve	_	_	_	_	_	_	_	_	_	_	_	_	_	
19-20	1715-1725	kızarıklık	_	_	_	_	_	_	_	_	_	_	_	_	_	
19-21	1726-1734	şikâyeti	_	_	_	_	_	_	_	_	_	_	_	_	_	
19-22	1735-1738	ile	_	_	_	_	_	_	_	_	_	_	_	_	_	
19-23	1739-1747	başvurdu	_	_	_	_	_	_	_	_	_	_	_	_	_	
19-24	1747-1748	.	_	_	_	_	_	_	_	_	_	_	_	_	_	

#Text=Hastanın bilateral katarakt operasyonu öyküsü mevcut olup glokom tanısı ile takipli olduğu öğrenildi.
20-1	1749-1757	Hastanın	_	_	_	_	_	_	_	_	_	_	_	_	_	
20-2	1758-1767	bilateral	_	_	_	_	_	_	_	_	_	_	_	_	_	
20-3	1768-1776	katarakt	_	_	_	_	_	_	_	_	_	_	_	_	_	
20-4	1777-1787	operasyonu	_	_	_	_	_	_	_	_	_	_	_	_	_	
20-5	1788-1794	öyküsü	_	_	_	_	_	_	_	_	_	_	_	_	_	
20-6	1795-1801	mevcut	_	_	_	_	_	_	_	_	_	_	_	_	_	
20-7	1802-1806	olup	_	_	_	_	_	_	_	_	_	_	_	_	_	
20-8	1807-1813	glokom	_	_	_	_	_	_	_	_	_	_	_	_	_	
20-9	1814-1820	tanısı	_	_	_	_	_	_	_	_	_	_	_	_	_	
20-10	1821-1824	ile	_	_	_	_	_	_	_	_	_	_	_	_	_	
20-11	1825-1832	takipli	_	_	_	_	_	_	_	_	_	_	_	_	_	
20-12	1833-1839	olduğu	_	_	_	_	_	_	_	_	_	_	_	_	_	
20-13	1840-1849	öğrenildi	_	_	_	_	_	_	_	_	_	_	_	_	_	
20-14	1849-1850	.	_	_	_	_	_	_	_	_	_	_	_	_	_	

#Text=Hastanın sol gözde görme keskinliği el hareketi düzeyinde idi.
21-1	1851-1859	Hastanın	_	_	_	_	_	_	_	_	_	_	_	_	_	
21-2	1860-1863	sol	_	_	_	_	_	_	_	_	_	_	_	_	_	
21-3	1864-1869	gözde	_	_	_	_	_	_	_	_	_	_	_	_	_	
21-4	1870-1875	görme	_	_	_	_	_	_	_	_	_	_	_	_	_	
21-5	1876-1886	keskinliği	_	_	_	_	_	_	_	_	_	_	_	_	_	
21-6	1887-1889	el	_	_	_	_	_	_	_	_	_	_	_	_	_	
21-7	1890-1898	hareketi	_	_	_	_	_	_	_	_	_	_	_	_	_	
21-8	1899-1908	düzeyinde	_	_	_	_	_	_	_	_	_	_	_	_	_	
21-9	1909-1912	idi	_	_	_	_	_	_	_	_	_	_	_	_	_	
21-10	1912-1913	.	_	_	_	_	_	_	_	_	_	_	_	_	_	

#Text=Biyomikroskobik ön segment muayenesinde sol gözde saat 12 hizasında limbustan nazale ve arkaya uzanan skleral perforasyon hattı, irisi defektif, kapsül önünde koagülüm, ön kamarada yaklaşık 2 mm’lik hifema, pupil önünde fibrinoid reaksiyon izlendi, GİL görülmedi.
22-1	1914-1929	Biyomikroskobik	_	_	_	_	_	_	_	_	_	_	_	_	_	
22-2	1930-1932	ön	_	_	_	_	_	_	_	_	_	_	_	_	_	
22-3	1933-1940	segment	_	_	_	_	_	_	_	_	_	_	_	_	_	
22-4	1941-1953	muayenesinde	_	_	_	_	_	_	_	_	_	_	_	_	_	
22-5	1954-1957	sol	_	_	_	_	_	_	_	_	_	_	_	_	_	
22-6	1958-1963	gözde	_	_	_	_	_	_	_	_	_	_	_	_	_	
22-7	1964-1968	saat	_	_	_	_	_	_	_	_	_	_	_	_	_	
22-8	1969-1971	12	_	_	_	_	_	_	_	_	_	_	_	_	_	
22-9	1972-1981	hizasında	_	_	_	_	_	_	_	_	_	_	_	_	_	
22-10	1982-1991	limbustan	_	_	_	_	_	_	_	_	_	_	_	_	_	
22-11	1992-1998	nazale	_	_	_	_	_	_	_	_	_	_	_	_	_	
22-12	1999-2001	ve	_	_	_	_	_	_	_	_	_	_	_	_	_	
22-13	2002-2008	arkaya	_	_	_	_	_	_	_	_	_	_	_	_	_	
22-14	2009-2015	uzanan	_	_	_	_	_	_	_	_	_	_	_	_	_	
22-15	2016-2023	skleral	_	_	_	_	_	_	_	_	_	_	_	_	_	
22-16	2024-2035	perforasyon	_	_	_	_	_	_	_	_	_	_	_	_	_	
22-17	2036-2041	hattı	_	_	_	_	_	_	_	_	_	_	_	_	_	
22-18	2041-2042	,	_	_	_	_	_	_	_	_	_	_	_	_	_	
22-19	2043-2048	irisi	_	_	_	_	_	_	_	_	_	_	_	_	_	
22-20	2049-2057	defektif	_	_	_	_	_	_	_	_	_	_	_	_	_	
22-21	2057-2058	,	_	_	_	_	_	_	_	_	_	_	_	_	_	
22-22	2059-2065	kapsül	_	_	_	_	_	_	_	_	_	_	_	_	_	
22-23	2066-2072	önünde	_	_	_	_	_	_	_	_	_	_	_	_	_	
22-24	2073-2081	koagülüm	_	_	_	_	_	_	_	_	_	_	_	_	_	
22-25	2081-2082	,	_	_	_	_	_	_	_	_	_	_	_	_	_	
22-26	2083-2085	ön	_	_	_	_	_	_	_	_	_	_	_	_	_	
22-27	2086-2094	kamarada	_	_	_	_	_	_	_	_	_	_	_	_	_	
22-28	2095-2103	yaklaşık	_	_	_	_	_	_	_	_	_	_	_	_	_	
22-29	2104-2105	2	_	_	_	_	_	_	_	_	_	_	_	_	_	
22-30	2106-2108	mm	_	_	_	_	_	_	_	_	_	_	_	_	_	
22-31	2108-2109	’	_	_	_	_	_	_	_	_	_	_	_	_	_	
22-32	2109-2112	lik	_	_	_	_	_	_	_	_	_	_	_	_	_	
22-33	2113-2119	hifema	_	_	_	_	_	_	_	_	_	_	_	_	_	
22-34	2119-2120	,	_	_	_	_	_	_	_	_	_	_	_	_	_	
22-35	2121-2126	pupil	_	_	_	_	_	_	_	_	_	_	_	_	_	
22-36	2127-2133	önünde	_	_	_	_	_	_	_	_	_	_	_	_	_	
22-37	2134-2143	fibrinoid	_	_	_	_	_	_	_	_	_	_	_	_	_	
22-38	2144-2153	reaksiyon	_	_	_	_	_	_	_	_	_	_	_	_	_	
22-39	2154-2161	izlendi	_	_	_	_	_	_	_	_	_	_	_	_	_	
22-40	2161-2162	,	_	_	_	_	_	_	_	_	_	_	_	_	_	
22-41	2163-2166	GİL	*[4]	_	*	_	_	_	_	_	_	_	_	_	_	
22-42	2167-2176	görülmedi	*[4]	*	_	_	*	partOfEvent	22-42	isAnotherFocus	22-41	NegMorMarker	partOfScope	22-41[4]	*	
22-43	2176-2177	.	_	_	_	_	_	_	_	_	_	_	_	_	_	

#Text=Sol gözün biyomikroskobik konjonktiva muayenesinde üst bulbar konjunktiva altında GİL izlendi (Şekil-1).
23-1	2178-2181	Sol	_	_	_	_	_	_	_	_	_	_	_	_	_	
23-2	2182-2187	gözün	_	_	_	_	_	_	_	_	_	_	_	_	_	
23-3	2188-2203	biyomikroskobik	_	_	_	_	_	_	_	_	_	_	_	_	_	
23-4	2204-2215	konjonktiva	_	_	_	_	_	_	_	_	_	_	_	_	_	
23-5	2216-2228	muayenesinde	_	_	_	_	_	_	_	_	_	_	_	_	_	
23-6	2229-2232	üst	_	_	_	_	_	_	_	_	_	_	_	_	_	
23-7	2233-2239	bulbar	_	_	_	_	_	_	_	_	_	_	_	_	_	
23-8	2240-2251	konjunktiva	_	_	_	_	_	_	_	_	_	_	_	_	_	
23-9	2252-2259	altında	_	_	_	_	_	_	_	_	_	_	_	_	_	
23-10	2260-2263	GİL	_	_	_	_	_	_	_	_	_	_	_	_	_	
23-11	2264-2271	izlendi	_	_	_	_	_	_	_	_	_	_	_	_	_	
23-12	2272-2273	(	_	_	_	_	_	_	_	_	_	_	_	_	_	
23-13	2273-2278	Şekil	_	_	_	_	_	_	_	_	_	_	_	_	_	
23-14	2278-2279	-	_	_	_	_	_	_	_	_	_	_	_	_	_	
23-15	2279-2280	1	_	_	_	_	_	_	_	_	_	_	_	_	_	
23-16	2280-2281	)	_	_	_	_	_	_	_	_	_	_	_	_	_	
23-17	2281-2282	.	_	_	_	_	_	_	_	_	_	_	_	_	_	

#Text=Göz dibi görülemedi.
24-1	2283-2286	Göz	*[5]	_	*[14]	_	_	_	_	_	_	_	_	_	_	
24-2	2287-2291	dibi	*[5]	_	*[14]	_	_	_	_	_	_	_	_	_	_	
24-3	2292-2302	görülemedi	*[5]	*	_	_	*	partOfEvent	24-3	isAnotherFocus	24-1[14]	NegMorMarker	partOfScope	24-1[5]	*	
24-4	2302-2303	.	_	_	_	_	_	_	_	_	_	_	_	_	_	

#Text=Orbital bilgisayarlı tomografide yabancı cisim izlenmedi.
25-1	2304-2311	Orbital	*[6]	_	*[15]	_	_	_	_	_	_	_	_	_	_	
25-2	2312-2324	bilgisayarlı	*[6]	_	*[15]	_	_	_	_	_	_	_	_	_	_	
25-3	2325-2336	tomografide	*[6]	_	*[15]	_	_	_	_	_	_	_	_	_	_	
25-4	2337-2344	yabancı	*[6]	_	_	_	_	_	_	_	_	_	_	_	_	
25-5	2345-2350	cisim	*[6]	_	_	_	_	_	_	_	_	_	_	_	_	
25-6	2351-2360	izlenmedi	*[6]	*	_	_	*	partOfEvent	25-6	isAnotherFocus	25-1[15]	NegMorMarker	partOfScope	25-1[6]	*	
25-7	2360-2361	.	_	_	_	_	_	_	_	_	_	_	_	_	_	

#Text=Ultrasonografik görüntülemede vitreus hemorajisi izlendi.
26-1	2362-2377	Ultrasonografik	_	_	_	_	_	_	_	_	_	_	_	_	_	
26-2	2378-2391	görüntülemede	_	_	_	_	_	_	_	_	_	_	_	_	_	
26-3	2392-2399	vitreus	_	_	_	_	_	_	_	_	_	_	_	_	_	
26-4	2400-2410	hemorajisi	_	_	_	_	_	_	_	_	_	_	_	_	_	
26-5	2411-2418	izlendi	_	_	_	_	_	_	_	_	_	_	_	_	_	
26-6	2418-2419	.	_	_	_	_	_	_	_	_	_	_	_	_	_	

#Text=Hastaya genel anestezi altında skleral rüptür tamiri, subkonjonktival GİL çıkarılması, pars plana vitrektomi planlandı.
27-1	2420-2427	Hastaya	_	_	_	_	_	_	_	_	_	_	_	_	_	
27-2	2428-2433	genel	_	_	_	_	_	_	_	_	_	_	_	_	_	
27-3	2434-2442	anestezi	_	_	_	_	_	_	_	_	_	_	_	_	_	
27-4	2443-2450	altında	_	_	_	_	_	_	_	_	_	_	_	_	_	
27-5	2451-2458	skleral	_	_	_	_	_	_	_	_	_	_	_	_	_	
27-6	2459-2465	rüptür	_	_	_	_	_	_	_	_	_	_	_	_	_	
27-7	2466-2472	tamiri	_	_	_	_	_	_	_	_	_	_	_	_	_	
27-8	2472-2473	,	_	_	_	_	_	_	_	_	_	_	_	_	_	
27-9	2474-2489	subkonjonktival	_	_	_	_	_	_	_	_	_	_	_	_	_	
27-10	2490-2493	GİL	_	_	_	_	_	_	_	_	_	_	_	_	_	
27-11	2494-2505	çıkarılması	_	_	_	_	_	_	_	_	_	_	_	_	_	
27-12	2505-2506	,	_	_	_	_	_	_	_	_	_	_	_	_	_	
27-13	2507-2511	pars	_	_	_	_	_	_	_	_	_	_	_	_	_	
27-14	2512-2517	plana	_	_	_	_	_	_	_	_	_	_	_	_	_	
27-15	2518-2528	vitrektomi	_	_	_	_	_	_	_	_	_	_	_	_	_	
27-16	2529-2538	planlandı	_	_	_	_	_	_	_	_	_	_	_	_	_	
27-17	2538-2539	.	_	_	_	_	_	_	_	_	_	_	_	_	_	

#Text=Cerrahi sırasında retinada saat 10-12 arası uzanan retinal yırtık saptandı ve endolazer ile kriyoterapi uygulandı.
28-1	2540-2547	Cerrahi	_	_	_	_	_	_	_	_	_	_	_	_	_	
28-2	2548-2557	sırasında	_	_	_	_	_	_	_	_	_	_	_	_	_	
28-3	2558-2566	retinada	_	_	_	_	_	_	_	_	_	_	_	_	_	
28-4	2567-2571	saat	_	_	_	_	_	_	_	_	_	_	_	_	_	
28-5	2572-2574	10	_	_	_	_	_	_	_	_	_	_	_	_	_	
28-6	2574-2575	-	_	_	_	_	_	_	_	_	_	_	_	_	_	
28-7	2575-2577	12	_	_	_	_	_	_	_	_	_	_	_	_	_	
28-8	2578-2583	arası	_	_	_	_	_	_	_	_	_	_	_	_	_	
28-9	2584-2590	uzanan	_	_	_	_	_	_	_	_	_	_	_	_	_	
28-10	2591-2598	retinal	_	_	_	_	_	_	_	_	_	_	_	_	_	
28-11	2599-2605	yırtık	_	_	_	_	_	_	_	_	_	_	_	_	_	
28-12	2606-2614	saptandı	_	_	_	_	_	_	_	_	_	_	_	_	_	
28-13	2615-2617	ve	_	_	_	_	_	_	_	_	_	_	_	_	_	
28-14	2618-2627	endolazer	_	_	_	_	_	_	_	_	_	_	_	_	_	
28-15	2628-2631	ile	_	_	_	_	_	_	_	_	_	_	_	_	_	
28-16	2632-2643	kriyoterapi	_	_	_	_	_	_	_	_	_	_	_	_	_	
28-17	2644-2653	uygulandı	_	_	_	_	_	_	_	_	_	_	_	_	_	
28-18	2653-2654	.	_	_	_	_	_	_	_	_	_	_	_	_	_	

#Text=Ameliyat sonrası altıncı ay takibinde düzeltilmiş en iyi görme keskinliği 1/10 seviyesindeydi (+14,50; -8.00; 110).
29-1	2655-2663	Ameliyat	_	_	_	_	_	_	_	_	_	_	_	_	_	
29-2	2664-2671	sonrası	_	_	_	_	_	_	_	_	_	_	_	_	_	
29-3	2672-2679	altıncı	_	_	_	_	_	_	_	_	_	_	_	_	_	
29-4	2680-2682	ay	_	_	_	_	_	_	_	_	_	_	_	_	_	
29-5	2683-2692	takibinde	_	_	_	_	_	_	_	_	_	_	_	_	_	
29-6	2693-2704	düzeltilmiş	_	_	_	_	_	_	_	_	_	_	_	_	_	
29-7	2705-2707	en	_	_	_	_	_	_	_	_	_	_	_	_	_	
29-8	2708-2711	iyi	_	_	_	_	_	_	_	_	_	_	_	_	_	
29-9	2712-2717	görme	_	_	_	_	_	_	_	_	_	_	_	_	_	
29-10	2718-2728	keskinliği	_	_	_	_	_	_	_	_	_	_	_	_	_	
29-11	2729-2730	1	_	_	_	_	_	_	_	_	_	_	_	_	_	
29-12	2730-2731	/	_	_	_	_	_	_	_	_	_	_	_	_	_	
29-13	2731-2733	10	_	_	_	_	_	_	_	_	_	_	_	_	_	
29-14	2734-2748	seviyesindeydi	_	_	_	_	_	_	_	_	_	_	_	_	_	
29-15	2749-2750	(	_	_	_	_	_	_	_	_	_	_	_	_	_	
29-16	2750-2751	+	_	_	_	_	_	_	_	_	_	_	_	_	_	
29-17	2751-2756	14,50	_	_	_	_	_	_	_	_	_	_	_	_	_	
29-18	2756-2757	;	_	_	_	_	_	_	_	_	_	_	_	_	_	
29-19	2758-2759	-	_	_	_	_	_	_	_	_	_	_	_	_	_	
29-20	2759-2763	8.00	_	_	_	_	_	_	_	_	_	_	_	_	_	
29-21	2763-2764	;	_	_	_	_	_	_	_	_	_	_	_	_	_	
29-22	2765-2768	110	_	_	_	_	_	_	_	_	_	_	_	_	_	
29-23	2768-2769	)	_	_	_	_	_	_	_	_	_	_	_	_	_	
29-24	2769-2770	.	_	_	_	_	_	_	_	_	_	_	_	_	_	

#Text=Olgu başka bir operasyon istemediğinden afak olarak takip edildi.
30-1	2771-2775	Olgu	_	_	_	_	_	_	_	_	_	_	_	_	_	
30-2	2776-2781	başka	_	_	_	_	_	_	_	_	_	_	_	_	_	
30-3	2782-2785	bir	_	_	_	_	_	_	_	_	_	_	_	_	_	
30-4	2786-2795	operasyon	_	_	_	_	_	_	_	_	_	_	_	_	_	
30-5	2796-2810	istemediğinden	_	_	_	_	_	_	_	_	_	_	_	_	_	
30-6	2811-2815	afak	_	_	_	_	_	_	_	_	_	_	_	_	_	
30-7	2816-2822	olarak	_	_	_	_	_	_	_	_	_	_	_	_	_	
30-8	2823-2828	takip	_	_	_	_	_	_	_	_	_	_	_	_	_	
30-9	2829-2835	edildi	_	_	_	_	_	_	_	_	_	_	_	_	_	
30-10	2835-2836	.	_	_	_	_	_	_	_	_	_	_	_	_	_	

#Text=Oküler travmalar sık karşılaşılan ve komplikasyonları nedeniyle görmenin ve gözün kaybına, bununla birlikte ekonomik sorunlara yol açan bir sağlık sorunudur ve bu yüzden tanı, tedavi ve takipleri büyük önem taşımaktadır.
31-1	2837-2843	Oküler	_	_	_	_	_	_	_	_	_	_	_	_	_	
31-2	2844-2853	travmalar	_	_	_	_	_	_	_	_	_	_	_	_	_	
31-3	2854-2857	sık	_	_	_	_	_	_	_	_	_	_	_	_	_	
31-4	2858-2870	karşılaşılan	_	_	_	_	_	_	_	_	_	_	_	_	_	
31-5	2871-2873	ve	_	_	_	_	_	_	_	_	_	_	_	_	_	
31-6	2874-2890	komplikasyonları	_	_	_	_	_	_	_	_	_	_	_	_	_	
31-7	2891-2900	nedeniyle	_	_	_	_	_	_	_	_	_	_	_	_	_	
31-8	2901-2909	görmenin	_	_	_	_	_	_	_	_	_	_	_	_	_	
31-9	2910-2912	ve	_	_	_	_	_	_	_	_	_	_	_	_	_	
31-10	2913-2918	gözün	_	_	_	_	_	_	_	_	_	_	_	_	_	
31-11	2919-2926	kaybına	_	_	_	_	_	_	_	_	_	_	_	_	_	
31-12	2926-2927	,	_	_	_	_	_	_	_	_	_	_	_	_	_	
31-13	2928-2935	bununla	_	_	_	_	_	_	_	_	_	_	_	_	_	
31-14	2936-2944	birlikte	_	_	_	_	_	_	_	_	_	_	_	_	_	
31-15	2945-2953	ekonomik	_	_	_	_	_	_	_	_	_	_	_	_	_	
31-16	2954-2963	sorunlara	_	_	_	_	_	_	_	_	_	_	_	_	_	
31-17	2964-2967	yol	_	_	_	_	_	_	_	_	_	_	_	_	_	
31-18	2968-2972	açan	_	_	_	_	_	_	_	_	_	_	_	_	_	
31-19	2973-2976	bir	_	_	_	_	_	_	_	_	_	_	_	_	_	
31-20	2977-2983	sağlık	_	_	_	_	_	_	_	_	_	_	_	_	_	
31-21	2984-2993	sorunudur	_	_	_	_	_	_	_	_	_	_	_	_	_	
31-22	2994-2996	ve	_	_	_	_	_	_	_	_	_	_	_	_	_	
31-23	2997-2999	bu	_	_	_	_	_	_	_	_	_	_	_	_	_	
31-24	3000-3006	yüzden	_	_	_	_	_	_	_	_	_	_	_	_	_	
31-25	3007-3011	tanı	_	_	_	_	_	_	_	_	_	_	_	_	_	
31-26	3011-3012	,	_	_	_	_	_	_	_	_	_	_	_	_	_	
31-27	3013-3019	tedavi	_	_	_	_	_	_	_	_	_	_	_	_	_	
31-28	3020-3022	ve	_	_	_	_	_	_	_	_	_	_	_	_	_	
31-29	3023-3032	takipleri	_	_	_	_	_	_	_	_	_	_	_	_	_	
31-30	3033-3038	büyük	_	_	_	_	_	_	_	_	_	_	_	_	_	
31-31	3039-3043	önem	_	_	_	_	_	_	_	_	_	_	_	_	_	
31-32	3044-3056	taşımaktadır	_	_	_	_	_	_	_	_	_	_	_	_	_	
31-33	3056-3057	.	_	_	_	_	_	_	_	_	_	_	_	_	_	

#Text=Oküler travma sonrası GİL’nin subkonjonktival dislokasyonu nadir bir komplikasyondur.
32-1	3058-3064	Oküler	_	_	_	_	_	_	_	_	_	_	_	_	_	
32-2	3065-3071	travma	_	_	_	_	_	_	_	_	_	_	_	_	_	
32-3	3072-3079	sonrası	_	_	_	_	_	_	_	_	_	_	_	_	_	
32-4	3080-3083	GİL	_	_	_	_	_	_	_	_	_	_	_	_	_	
32-5	3083-3084	’	_	_	_	_	_	_	_	_	_	_	_	_	_	
32-6	3084-3087	nin	_	_	_	_	_	_	_	_	_	_	_	_	_	
32-7	3088-3103	subkonjonktival	_	_	_	_	_	_	_	_	_	_	_	_	_	
32-8	3104-3116	dislokasyonu	_	_	_	_	_	_	_	_	_	_	_	_	_	
32-9	3117-3122	nadir	_	_	_	_	_	_	_	_	_	_	_	_	_	
32-10	3123-3126	bir	_	_	_	_	_	_	_	_	_	_	_	_	_	
32-11	3127-3142	komplikasyondur	_	_	_	_	_	_	_	_	_	_	_	_	_	
32-12	3142-3143	.	_	_	_	_	_	_	_	_	_	_	_	_	_	

#Text=Travma sonrası dislokasyona neden olan birçok faktör arasında; ileri yaş, romatoid artrit, sklerit veya bağ dokuyu etkileyen bozukluklar, travmanın şiddeti, implant süresi, GİL yerleşimi, özellikle ekstrakapsüler katarakt ekstraksiyonu gibi geniş insizyonlar içeren cerrahi girişimler sayılabilir.
33-1	3144-3150	Travma	_	_	_	_	_	_	_	_	_	_	_	_	_	
33-2	3151-3158	sonrası	_	_	_	_	_	_	_	_	_	_	_	_	_	
33-3	3159-3171	dislokasyona	_	_	_	_	_	_	_	_	_	_	_	_	_	
33-4	3172-3177	neden	_	_	_	_	_	_	_	_	_	_	_	_	_	
33-5	3178-3182	olan	_	_	_	_	_	_	_	_	_	_	_	_	_	
33-6	3183-3189	birçok	_	_	_	_	_	_	_	_	_	_	_	_	_	
33-7	3190-3196	faktör	_	_	_	_	_	_	_	_	_	_	_	_	_	
33-8	3197-3205	arasında	_	_	_	_	_	_	_	_	_	_	_	_	_	
33-9	3205-3206	;	_	_	_	_	_	_	_	_	_	_	_	_	_	
33-10	3207-3212	ileri	_	_	_	_	_	_	_	_	_	_	_	_	_	
33-11	3213-3216	yaş	_	_	_	_	_	_	_	_	_	_	_	_	_	
33-12	3216-3217	,	_	_	_	_	_	_	_	_	_	_	_	_	_	
33-13	3218-3226	romatoid	_	_	_	_	_	_	_	_	_	_	_	_	_	
33-14	3227-3233	artrit	_	_	_	_	_	_	_	_	_	_	_	_	_	
33-15	3233-3234	,	_	_	_	_	_	_	_	_	_	_	_	_	_	
33-16	3235-3242	sklerit	_	_	_	_	_	_	_	_	_	_	_	_	_	
33-17	3243-3247	veya	_	_	_	_	_	_	_	_	_	_	_	_	_	
33-18	3248-3251	bağ	_	_	_	_	_	_	_	_	_	_	_	_	_	
33-19	3252-3258	dokuyu	_	_	_	_	_	_	_	_	_	_	_	_	_	
33-20	3259-3268	etkileyen	_	_	_	_	_	_	_	_	_	_	_	_	_	
33-21	3269-3280	bozukluklar	_	_	_	_	_	_	_	_	_	_	_	_	_	
33-22	3280-3281	,	_	_	_	_	_	_	_	_	_	_	_	_	_	
33-23	3282-3291	travmanın	_	_	_	_	_	_	_	_	_	_	_	_	_	
33-24	3292-3299	şiddeti	_	_	_	_	_	_	_	_	_	_	_	_	_	
33-25	3299-3300	,	_	_	_	_	_	_	_	_	_	_	_	_	_	
33-26	3301-3308	implant	_	_	_	_	_	_	_	_	_	_	_	_	_	
33-27	3309-3315	süresi	_	_	_	_	_	_	_	_	_	_	_	_	_	
33-28	3315-3316	,	_	_	_	_	_	_	_	_	_	_	_	_	_	
33-29	3317-3320	GİL	_	_	_	_	_	_	_	_	_	_	_	_	_	
33-30	3321-3330	yerleşimi	_	_	_	_	_	_	_	_	_	_	_	_	_	
33-31	3330-3331	,	_	_	_	_	_	_	_	_	_	_	_	_	_	
33-32	3332-3341	özellikle	_	_	_	_	_	_	_	_	_	_	_	_	_	
33-33	3342-3356	ekstrakapsüler	_	_	_	_	_	_	_	_	_	_	_	_	_	
33-34	3357-3365	katarakt	_	_	_	_	_	_	_	_	_	_	_	_	_	
33-35	3366-3379	ekstraksiyonu	_	_	_	_	_	_	_	_	_	_	_	_	_	
33-36	3380-3384	gibi	_	_	_	_	_	_	_	_	_	_	_	_	_	
33-37	3385-3390	geniş	_	_	_	_	_	_	_	_	_	_	_	_	_	
33-38	3391-3402	insizyonlar	_	_	_	_	_	_	_	_	_	_	_	_	_	
33-39	3403-3409	içeren	_	_	_	_	_	_	_	_	_	_	_	_	_	
33-40	3410-3417	cerrahi	_	_	_	_	_	_	_	_	_	_	_	_	_	
33-41	3418-3428	girişimler	_	_	_	_	_	_	_	_	_	_	_	_	_	
33-42	3429-3440	sayılabilir	_	_	_	_	_	_	_	_	_	_	_	_	_	
33-43	3440-3441	.	_	_	_	_	_	_	_	_	_	_	_	_	_	

#Text=Arka yerleşimli GİL’nin ön kamara yerleşimli GİL’ne göre subkonjonktival alana dislokasyonu daha nadir görülmektedir.
34-1	3442-3446	Arka	_	_	_	_	_	_	_	_	_	_	_	_	_	
34-2	3447-3457	yerleşimli	_	_	_	_	_	_	_	_	_	_	_	_	_	
34-3	3458-3461	GİL	_	_	_	_	_	_	_	_	_	_	_	_	_	
34-4	3461-3462	’	_	_	_	_	_	_	_	_	_	_	_	_	_	
34-5	3462-3465	nin	_	_	_	_	_	_	_	_	_	_	_	_	_	
34-6	3466-3468	ön	_	_	_	_	_	_	_	_	_	_	_	_	_	
34-7	3469-3475	kamara	_	_	_	_	_	_	_	_	_	_	_	_	_	
34-8	3476-3486	yerleşimli	_	_	_	_	_	_	_	_	_	_	_	_	_	
34-9	3487-3490	GİL	_	_	_	_	_	_	_	_	_	_	_	_	_	
34-10	3490-3491	’	_	_	_	_	_	_	_	_	_	_	_	_	_	
34-11	3491-3493	ne	_	_	_	_	_	_	_	_	_	_	_	_	_	
34-12	3494-3498	göre	_	_	_	_	_	_	_	_	_	_	_	_	_	
34-13	3499-3514	subkonjonktival	_	_	_	_	_	_	_	_	_	_	_	_	_	
34-14	3515-3520	alana	_	_	_	_	_	_	_	_	_	_	_	_	_	
34-15	3521-3533	dislokasyonu	_	_	_	_	_	_	_	_	_	_	_	_	_	
34-16	3534-3538	daha	_	_	_	_	_	_	_	_	_	_	_	_	_	
34-17	3539-3544	nadir	_	_	_	_	_	_	_	_	_	_	_	_	_	
34-18	3545-3558	görülmektedir	_	_	_	_	_	_	_	_	_	_	_	_	_	
34-19	3558-3559	.	_	_	_	_	_	_	_	_	_	_	_	_	_	

#Text=Künt travma sonrası GİL’nin subkonjonktival alana dislokasyonu gençlere nazaran yaşlılarda skleral elastisitenin azalmasına bağlı olarak daha sık karşılaşılmaktadır.
35-1	3560-3564	Künt	_	_	_	_	_	_	_	_	_	_	_	_	_	
35-2	3565-3571	travma	_	_	_	_	_	_	_	_	_	_	_	_	_	
35-3	3572-3579	sonrası	_	_	_	_	_	_	_	_	_	_	_	_	_	
35-4	3580-3583	GİL	_	_	_	_	_	_	_	_	_	_	_	_	_	
35-5	3583-3584	’	_	_	_	_	_	_	_	_	_	_	_	_	_	
35-6	3584-3587	nin	_	_	_	_	_	_	_	_	_	_	_	_	_	
35-7	3588-3603	subkonjonktival	_	_	_	_	_	_	_	_	_	_	_	_	_	
35-8	3604-3609	alana	_	_	_	_	_	_	_	_	_	_	_	_	_	
35-9	3610-3622	dislokasyonu	_	_	_	_	_	_	_	_	_	_	_	_	_	
35-10	3623-3631	gençlere	_	_	_	_	_	_	_	_	_	_	_	_	_	
35-11	3632-3639	nazaran	_	_	_	_	_	_	_	_	_	_	_	_	_	
35-12	3640-3650	yaşlılarda	_	_	_	_	_	_	_	_	_	_	_	_	_	
35-13	3651-3658	skleral	_	_	_	_	_	_	_	_	_	_	_	_	_	
35-14	3659-3672	elastisitenin	_	_	_	_	_	_	_	_	_	_	_	_	_	
35-15	3673-3683	azalmasına	_	_	_	_	_	_	_	_	_	_	_	_	_	
35-16	3684-3689	bağlı	_	_	_	_	_	_	_	_	_	_	_	_	_	
35-17	3690-3696	olarak	_	_	_	_	_	_	_	_	_	_	_	_	_	
35-18	3697-3701	daha	_	_	_	_	_	_	_	_	_	_	_	_	_	
35-19	3702-3705	sık	_	_	_	_	_	_	_	_	_	_	_	_	_	
35-20	3706-3724	karşılaşılmaktadır	_	_	_	_	_	_	_	_	_	_	_	_	_	
35-21	3724-3725	.	_	_	_	_	_	_	_	_	_	_	_	_	_	

#Text=Oküler travmalar çoğunlukla temporal bölgeye olmakta, oküler rüptürde darbenin neden olduğu enerji yansıtması nedeniyle üst nazalde daha fazla görülmektedir.
36-1	3726-3732	Oküler	_	_	_	_	_	_	_	_	_	_	_	_	_	
36-2	3733-3742	travmalar	_	_	_	_	_	_	_	_	_	_	_	_	_	
36-3	3743-3753	çoğunlukla	_	_	_	_	_	_	_	_	_	_	_	_	_	
36-4	3754-3762	temporal	_	_	_	_	_	_	_	_	_	_	_	_	_	
36-5	3763-3770	bölgeye	_	_	_	_	_	_	_	_	_	_	_	_	_	
36-6	3771-3778	olmakta	_	_	_	_	_	_	_	_	_	_	_	_	_	
36-7	3778-3779	,	_	_	_	_	_	_	_	_	_	_	_	_	_	
36-8	3780-3786	oküler	_	_	_	_	_	_	_	_	_	_	_	_	_	
36-9	3787-3795	rüptürde	_	_	_	_	_	_	_	_	_	_	_	_	_	
36-10	3796-3804	darbenin	_	_	_	_	_	_	_	_	_	_	_	_	_	
36-11	3805-3810	neden	_	_	_	_	_	_	_	_	_	_	_	_	_	
36-12	3811-3817	olduğu	_	_	_	_	_	_	_	_	_	_	_	_	_	
36-13	3818-3824	enerji	_	_	_	_	_	_	_	_	_	_	_	_	_	
36-14	3825-3835	yansıtması	_	_	_	_	_	_	_	_	_	_	_	_	_	
36-15	3836-3845	nedeniyle	_	_	_	_	_	_	_	_	_	_	_	_	_	
36-16	3846-3849	üst	_	_	_	_	_	_	_	_	_	_	_	_	_	
36-17	3850-3857	nazalde	_	_	_	_	_	_	_	_	_	_	_	_	_	
36-18	3858-3862	daha	_	_	_	_	_	_	_	_	_	_	_	_	_	
36-19	3863-3868	fazla	_	_	_	_	_	_	_	_	_	_	_	_	_	
36-20	3869-3882	görülmektedir	_	_	_	_	_	_	_	_	_	_	_	_	_	
36-21	3882-3883	.	_	_	_	_	_	_	_	_	_	_	_	_	_	

#Text=Literatürde sadece Mohan ve ark künt travma sonrası arka kamara GİL’nin alt subkonjonktival alana dislokasyonunu bildirmişlerdir.
37-1	3884-3895	Literatürde	_	_	_	_	_	_	_	_	_	_	_	_	_	
37-2	3896-3902	sadece	_	_	_	_	_	_	_	_	_	_	_	_	_	
37-3	3903-3908	Mohan	_	_	_	_	_	_	_	_	_	_	_	_	_	
37-4	3909-3911	ve	_	_	_	_	_	_	_	_	_	_	_	_	_	
37-5	3912-3915	ark	_	_	_	_	_	_	_	_	_	_	_	_	_	
37-6	3916-3920	künt	_	_	_	_	_	_	_	_	_	_	_	_	_	
37-7	3921-3927	travma	_	_	_	_	_	_	_	_	_	_	_	_	_	
37-8	3928-3935	sonrası	_	_	_	_	_	_	_	_	_	_	_	_	_	
37-9	3936-3940	arka	_	_	_	_	_	_	_	_	_	_	_	_	_	
37-10	3941-3947	kamara	_	_	_	_	_	_	_	_	_	_	_	_	_	
37-11	3948-3951	GİL	_	_	_	_	_	_	_	_	_	_	_	_	_	
37-12	3951-3952	’	_	_	_	_	_	_	_	_	_	_	_	_	_	
37-13	3952-3955	nin	_	_	_	_	_	_	_	_	_	_	_	_	_	
37-14	3956-3959	alt	_	_	_	_	_	_	_	_	_	_	_	_	_	
37-15	3960-3975	subkonjonktival	_	_	_	_	_	_	_	_	_	_	_	_	_	
37-16	3976-3981	alana	_	_	_	_	_	_	_	_	_	_	_	_	_	
37-17	3982-3996	dislokasyonunu	_	_	_	_	_	_	_	_	_	_	_	_	_	
37-18	3997-4012	bildirmişlerdir	_	_	_	_	_	_	_	_	_	_	_	_	_	
37-19	4012-4013	.	_	_	_	_	_	_	_	_	_	_	_	_	_	

#Text=Bizim olgumuzda da rüptür üst nazaldeydi ve arka kamara GİL dislokasyonu üst nazal subkonjonktival alanda izlendi.
38-1	4014-4019	Bizim	_	_	_	_	_	_	_	_	_	_	_	_	_	
38-2	4020-4029	olgumuzda	_	_	_	_	_	_	_	_	_	_	_	_	_	
38-3	4030-4032	da	_	_	_	_	_	_	_	_	_	_	_	_	_	
38-4	4033-4039	rüptür	_	_	_	_	_	_	_	_	_	_	_	_	_	
38-5	4040-4043	üst	_	_	_	_	_	_	_	_	_	_	_	_	_	
38-6	4044-4054	nazaldeydi	_	_	_	_	_	_	_	_	_	_	_	_	_	
38-7	4055-4057	ve	_	_	_	_	_	_	_	_	_	_	_	_	_	
38-8	4058-4062	arka	_	_	_	_	_	_	_	_	_	_	_	_	_	
38-9	4063-4069	kamara	_	_	_	_	_	_	_	_	_	_	_	_	_	
38-10	4070-4073	GİL	_	_	_	_	_	_	_	_	_	_	_	_	_	
38-11	4074-4086	dislokasyonu	_	_	_	_	_	_	_	_	_	_	_	_	_	
38-12	4087-4090	üst	_	_	_	_	_	_	_	_	_	_	_	_	_	
38-13	4091-4096	nazal	_	_	_	_	_	_	_	_	_	_	_	_	_	
38-14	4097-4112	subkonjonktival	_	_	_	_	_	_	_	_	_	_	_	_	_	
38-15	4113-4119	alanda	_	_	_	_	_	_	_	_	_	_	_	_	_	
38-16	4120-4127	izlendi	_	_	_	_	_	_	_	_	_	_	_	_	_	
38-17	4127-4128	.	_	_	_	_	_	_	_	_	_	_	_	_	_	

#Text=GİL dislokasyonu tanısında dikkatli bir klinik muayene yeterli olsa da, görüntüleme teknikleri, ilişkili sklera rüptürünün yerinin doğru belirlenmesi için kullanılabilir.
39-1	4129-4132	GİL	_	_	_	_	_	_	_	_	_	_	_	_	_	
39-2	4133-4145	dislokasyonu	_	_	_	_	_	_	_	_	_	_	_	_	_	
39-3	4146-4155	tanısında	_	_	_	_	_	_	_	_	_	_	_	_	_	
39-4	4156-4164	dikkatli	_	_	_	_	_	_	_	_	_	_	_	_	_	
39-5	4165-4168	bir	_	_	_	_	_	_	_	_	_	_	_	_	_	
39-6	4169-4175	klinik	_	_	_	_	_	_	_	_	_	_	_	_	_	
39-7	4176-4183	muayene	_	_	_	_	_	_	_	_	_	_	_	_	_	
39-8	4184-4191	yeterli	_	_	_	_	_	_	_	_	_	_	_	_	_	
39-9	4192-4196	olsa	_	_	_	_	_	_	_	_	_	_	_	_	_	
39-10	4197-4199	da	_	_	_	_	_	_	_	_	_	_	_	_	_	
39-11	4199-4200	,	_	_	_	_	_	_	_	_	_	_	_	_	_	
39-12	4201-4212	görüntüleme	_	_	_	_	_	_	_	_	_	_	_	_	_	
39-13	4213-4223	teknikleri	_	_	_	_	_	_	_	_	_	_	_	_	_	
39-14	4223-4224	,	_	_	_	_	_	_	_	_	_	_	_	_	_	
39-15	4225-4233	ilişkili	_	_	_	_	_	_	_	_	_	_	_	_	_	
39-16	4234-4240	sklera	_	_	_	_	_	_	_	_	_	_	_	_	_	
39-17	4241-4251	rüptürünün	_	_	_	_	_	_	_	_	_	_	_	_	_	
39-18	4252-4259	yerinin	_	_	_	_	_	_	_	_	_	_	_	_	_	
39-19	4260-4265	doğru	_	_	_	_	_	_	_	_	_	_	_	_	_	
39-20	4266-4278	belirlenmesi	_	_	_	_	_	_	_	_	_	_	_	_	_	
39-21	4279-4283	için	_	_	_	_	_	_	_	_	_	_	_	_	_	
39-22	4284-4298	kullanılabilir	_	_	_	_	_	_	_	_	_	_	_	_	_	
39-23	4298-4299	.	_	_	_	_	_	_	_	_	_	_	_	_	_	

#Text=Bunun için ultrasonik biyomikroskobi (UBM), ön segment optik koherens tomografi ve B-taramalı ultrasonografi (USG) tercih edilebilir.
40-1	4300-4305	Bunun	_	_	_	_	_	_	_	_	_	_	_	_	_	
40-2	4306-4310	için	_	_	_	_	_	_	_	_	_	_	_	_	_	
40-3	4311-4321	ultrasonik	_	_	_	_	_	_	_	_	_	_	_	_	_	
40-4	4322-4336	biyomikroskobi	_	_	_	_	_	_	_	_	_	_	_	_	_	
40-5	4337-4338	(	_	_	_	_	_	_	_	_	_	_	_	_	_	
40-6	4338-4341	UBM	_	_	_	_	_	_	_	_	_	_	_	_	_	
40-7	4341-4342	)	_	_	_	_	_	_	_	_	_	_	_	_	_	
40-8	4342-4343	,	_	_	_	_	_	_	_	_	_	_	_	_	_	
40-9	4344-4346	ön	_	_	_	_	_	_	_	_	_	_	_	_	_	
40-10	4347-4354	segment	_	_	_	_	_	_	_	_	_	_	_	_	_	
40-11	4355-4360	optik	_	_	_	_	_	_	_	_	_	_	_	_	_	
40-12	4361-4369	koherens	_	_	_	_	_	_	_	_	_	_	_	_	_	
40-13	4370-4379	tomografi	_	_	_	_	_	_	_	_	_	_	_	_	_	
40-14	4380-4382	ve	_	_	_	_	_	_	_	_	_	_	_	_	_	
40-15	4383-4393	B-taramalı	_	_	_	_	_	_	_	_	_	_	_	_	_	
40-16	4394-4408	ultrasonografi	_	_	_	_	_	_	_	_	_	_	_	_	_	
40-17	4409-4410	(	_	_	_	_	_	_	_	_	_	_	_	_	_	
40-18	4410-4413	USG	_	_	_	_	_	_	_	_	_	_	_	_	_	
40-19	4413-4414	)	_	_	_	_	_	_	_	_	_	_	_	_	_	
40-20	4415-4421	tercih	_	_	_	_	_	_	_	_	_	_	_	_	_	
40-21	4422-4432	edilebilir	_	_	_	_	_	_	_	_	_	_	_	_	_	
40-22	4432-4433	.	_	_	_	_	_	_	_	_	_	_	_	_	_	

#Text=B-tarama USG ve UBM, enfeksiyon ve göz içi içeriği ekstraksiyonu riski nedeniyle açık glob hasarında nispeten kontrendikedir.
41-1	4434-4442	B-tarama	_	_	_	_	_	_	_	_	_	_	_	_	_	
41-2	4443-4446	USG	_	_	_	_	_	_	_	_	_	_	_	_	_	
41-3	4447-4449	ve	_	_	_	_	_	_	_	_	_	_	_	_	_	
41-4	4450-4453	UBM	_	_	_	_	_	_	_	_	_	_	_	_	_	
41-5	4453-4454	,	_	_	_	_	_	_	_	_	_	_	_	_	_	
41-6	4455-4465	enfeksiyon	_	_	_	_	_	_	_	_	_	_	_	_	_	
41-7	4466-4468	ve	_	_	_	_	_	_	_	_	_	_	_	_	_	
41-8	4469-4472	göz	_	_	_	_	_	_	_	_	_	_	_	_	_	
41-9	4473-4476	içi	_	_	_	_	_	_	_	_	_	_	_	_	_	
41-10	4477-4484	içeriği	_	_	_	_	_	_	_	_	_	_	_	_	_	
41-11	4485-4498	ekstraksiyonu	_	_	_	_	_	_	_	_	_	_	_	_	_	
41-12	4499-4504	riski	_	_	_	_	_	_	_	_	_	_	_	_	_	
41-13	4505-4514	nedeniyle	_	_	_	_	_	_	_	_	_	_	_	_	_	
41-14	4515-4519	açık	_	_	_	_	_	_	_	_	_	_	_	_	_	
41-15	4520-4524	glob	_	_	_	_	_	_	_	_	_	_	_	_	_	
41-16	4525-4534	hasarında	_	_	_	_	_	_	_	_	_	_	_	_	_	
41-17	4535-4543	nispeten	_	_	_	_	_	_	_	_	_	_	_	_	_	
41-18	4544-4558	kontrendikedir	_	_	_	_	_	_	_	_	_	_	_	_	_	
41-19	4558-4559	.	_	_	_	_	_	_	_	_	_	_	_	_	_	

#Text=GİL dislokasyonu önünde iris dokusu bulunması veya yoğun subkonjonktival kanamanın olması, biyomikroskopik geniş/diffüz aydınlatma ile teşhisin konmasını zorlaştırabilir.
42-1	4560-4563	GİL	_	_	_	_	_	_	_	_	_	_	_	_	_	
42-2	4564-4576	dislokasyonu	_	_	_	_	_	_	_	_	_	_	_	_	_	
42-3	4577-4583	önünde	_	_	_	_	_	_	_	_	_	_	_	_	_	
42-4	4584-4588	iris	_	_	_	_	_	_	_	_	_	_	_	_	_	
42-5	4589-4595	dokusu	_	_	_	_	_	_	_	_	_	_	_	_	_	
42-6	4596-4605	bulunması	_	_	_	_	_	_	_	_	_	_	_	_	_	
42-7	4606-4610	veya	_	_	_	_	_	_	_	_	_	_	_	_	_	
42-8	4611-4616	yoğun	_	_	_	_	_	_	_	_	_	_	_	_	_	
42-9	4617-4632	subkonjonktival	_	_	_	_	_	_	_	_	_	_	_	_	_	
42-10	4633-4642	kanamanın	_	_	_	_	_	_	_	_	_	_	_	_	_	
42-11	4643-4649	olması	_	_	_	_	_	_	_	_	_	_	_	_	_	
42-12	4649-4650	,	_	_	_	_	_	_	_	_	_	_	_	_	_	
42-13	4651-4666	biyomikroskopik	_	_	_	_	_	_	_	_	_	_	_	_	_	
42-14	4667-4672	geniş	_	_	_	_	_	_	_	_	_	_	_	_	_	
42-15	4672-4673	/	_	_	_	_	_	_	_	_	_	_	_	_	_	
42-16	4673-4679	diffüz	_	_	_	_	_	_	_	_	_	_	_	_	_	
42-17	4680-4690	aydınlatma	_	_	_	_	_	_	_	_	_	_	_	_	_	
42-18	4691-4694	ile	_	_	_	_	_	_	_	_	_	_	_	_	_	
42-19	4695-4703	teşhisin	_	_	_	_	_	_	_	_	_	_	_	_	_	
42-20	4704-4713	konmasını	_	_	_	_	_	_	_	_	_	_	_	_	_	
42-21	4714-4729	zorlaştırabilir	_	_	_	_	_	_	_	_	_	_	_	_	_	
42-22	4729-4730	.	_	_	_	_	_	_	_	_	_	_	_	_	_	

#Text=Bizim olgumuzda subkonjonktival hemoraji ve önünde doku bulunmuyordu.
43-1	4731-4736	Bizim	*[7]	_	*[16]	_	_	_	_	_	_	_	_	_	_	
43-2	4737-4746	olgumuzda	*[7]	_	*[16]	_	_	_	_	_	_	_	_	_	_	
43-3	4747-4762	subkonjonktival	*[7]	_	_	_	_	_	_	_	_	_	_	_	_	
43-4	4763-4771	hemoraji	*[7]	_	_	_	_	_	_	_	_	_	_	_	_	
43-5	4772-4774	ve	*[7]	_	_	_	_	_	_	_	_	_	_	_	_	
43-6	4775-4781	önünde	*[7]	_	_	_	_	_	_	_	_	_	_	_	_	
43-7	4782-4786	doku	*[7]	_	_	_	_	_	_	_	_	_	_	_	_	
43-8	4787-4799	bulunmuyordu	*[7]	*	_	_	*	partOfEvent	43-8	isAnotherFocus	43-1[16]	NegMorMarker	partOfScope	43-1[7]	*	
43-9	4799-4800	.	_	_	_	_	_	_	_	_	_	_	_	_	_	

#Text=Bunlar tanıyı koymamızda kolaylaştırıcı faktörler idi.
44-1	4801-4807	Bunlar	_	_	_	_	_	_	_	_	_	_	_	_	_	
44-2	4808-4814	tanıyı	_	_	_	_	_	_	_	_	_	_	_	_	_	
44-3	4815-4825	koymamızda	_	_	_	_	_	_	_	_	_	_	_	_	_	
44-4	4826-4840	kolaylaştırıcı	_	_	_	_	_	_	_	_	_	_	_	_	_	
44-5	4841-4850	faktörler	_	_	_	_	_	_	_	_	_	_	_	_	_	
44-6	4851-4854	idi	_	_	_	_	_	_	_	_	_	_	_	_	_	
44-7	4854-4855	.	_	_	_	_	_	_	_	_	_	_	_	_	_	

#Text=Travma, psödofakoselin en sık görülen nedeni olup, sıklıkla hifema veya vitreus kanamaları ile birliktedir.
45-1	4856-4862	Travma	_	_	_	_	_	_	_	_	_	_	_	_	_	
45-2	4862-4863	,	_	_	_	_	_	_	_	_	_	_	_	_	_	
45-3	4864-4878	psödofakoselin	_	_	_	_	_	_	_	_	_	_	_	_	_	
45-4	4879-4881	en	_	_	_	_	_	_	_	_	_	_	_	_	_	
45-5	4882-4885	sık	_	_	_	_	_	_	_	_	_	_	_	_	_	
45-6	4886-4893	görülen	_	_	_	_	_	_	_	_	_	_	_	_	_	
45-7	4894-4900	nedeni	_	_	_	_	_	_	_	_	_	_	_	_	_	
45-8	4901-4905	olup	_	_	_	_	_	_	_	_	_	_	_	_	_	
45-9	4905-4906	,	_	_	_	_	_	_	_	_	_	_	_	_	_	
45-10	4907-4915	sıklıkla	_	_	_	_	_	_	_	_	_	_	_	_	_	
45-11	4916-4922	hifema	_	_	_	_	_	_	_	_	_	_	_	_	_	
45-12	4923-4927	veya	_	_	_	_	_	_	_	_	_	_	_	_	_	
45-13	4928-4935	vitreus	_	_	_	_	_	_	_	_	_	_	_	_	_	
45-14	4936-4946	kanamaları	_	_	_	_	_	_	_	_	_	_	_	_	_	
45-15	4947-4950	ile	_	_	_	_	_	_	_	_	_	_	_	_	_	
45-16	4951-4962	birliktedir	_	_	_	_	_	_	_	_	_	_	_	_	_	
45-17	4962-4963	.	_	_	_	_	_	_	_	_	_	_	_	_	_	

#Text=Bu nedenle tanıda oftalmoskopi yararlı olmayabilir.
46-1	4964-4966	Bu	_	_	_	_	_	_	_	_	_	_	_	_	_	
46-2	4967-4974	nedenle	_	_	_	_	_	_	_	_	_	_	_	_	_	
46-3	4975-4981	tanıda	*[8]	_	*	_	_	_	_	_	_	_	_	_	_	
46-4	4982-4994	oftalmoskopi	*[8]	_	_	_	_	_	_	_	_	_	_	_	_	
46-5	4995-5002	yararlı	*[8]	_	_	_	_	_	_	_	_	_	_	_	_	
46-6	5003-5014	olmayabilir	*[8]	*	_	_	*	partOfEvent	46-6	isAnotherFocus	46-3	NegMorMarker	partOfScope	46-3[8]	*	
46-7	5014-5015	.	_	_	_	_	_	_	_	_	_	_	_	_	_	

#Text=Bizim vakamızda hifema ve intravitreal hemoraji nedeniyle fundus oftalmoskopik olarak değerlendirilmedi.
47-1	5016-5021	Bizim	*[9]	_	_	_	_	_	_	_	_	_	_	_	_	
47-2	5022-5031	vakamızda	*[9]	_	_	_	_	_	_	_	_	_	_	_	_	
47-3	5032-5038	hifema	*[9]	_	*[17]	_	_	_	_	_	_	_	_	_	_	
47-4	5039-5041	ve	*[9]	_	*[17]	_	_	_	_	_	_	_	_	_	_	
47-5	5042-5054	intravitreal	*[9]	_	*[17]	_	_	_	_	_	_	_	_	_	_	
47-6	5055-5063	hemoraji	*[9]	_	*[17]	_	_	_	_	_	_	_	_	_	_	
47-7	5064-5073	nedeniyle	*[9]	_	*[17]	_	_	_	_	_	_	_	_	_	_	
47-8	5074-5080	fundus	*[9]	_	_	_	_	_	_	_	_	_	_	_	_	
47-9	5081-5094	oftalmoskopik	*[9]	_	_	_	_	_	_	_	_	_	_	_	_	
47-10	5095-5101	olarak	*[9]	_	_	_	_	_	_	_	_	_	_	_	_	
47-11	5102-5119	değerlendirilmedi	*[9]	*	_	_	*	partOfEvent	47-11	isAnotherFocus	47-3[17]	NegMorMarker	partOfScope	47-1[9]	*	
47-12	5119-5120	.	_	_	_	_	_	_	_	_	_	_	_	_	_	

#Text=Oküler USG’de vitreus hemorajisi saptandı.
48-1	5121-5127	Oküler	_	_	_	_	_	_	_	_	_	_	_	_	_	
48-2	5128-5131	USG	_	_	_	_	_	_	_	_	_	_	_	_	_	
48-3	5131-5132	’	_	_	_	_	_	_	_	_	_	_	_	_	_	
48-4	5132-5134	de	_	_	_	_	_	_	_	_	_	_	_	_	_	
48-5	5135-5142	vitreus	_	_	_	_	_	_	_	_	_	_	_	_	_	
48-6	5143-5153	hemorajisi	_	_	_	_	_	_	_	_	_	_	_	_	_	
48-7	5154-5162	saptandı	_	_	_	_	_	_	_	_	_	_	_	_	_	
48-8	5162-5163	.	_	_	_	_	_	_	_	_	_	_	_	_	_	

#Text=Travma sonrası GİL’nin subkonjonktival dislokasyonu nispeten nadir olmasına rağmen karşılaşılabilen bir durumdur.
49-1	5164-5170	Travma	_	_	_	_	_	_	_	_	_	_	_	_	_	
49-2	5171-5178	sonrası	_	_	_	_	_	_	_	_	_	_	_	_	_	
49-3	5179-5182	GİL	_	_	_	_	_	_	_	_	_	_	_	_	_	
49-4	5182-5183	’	_	_	_	_	_	_	_	_	_	_	_	_	_	
49-5	5183-5186	nin	_	_	_	_	_	_	_	_	_	_	_	_	_	
49-6	5187-5202	subkonjonktival	_	_	_	_	_	_	_	_	_	_	_	_	_	
49-7	5203-5215	dislokasyonu	_	_	_	_	_	_	_	_	_	_	_	_	_	
49-8	5216-5224	nispeten	_	_	_	_	_	_	_	_	_	_	_	_	_	
49-9	5225-5230	nadir	_	_	_	_	_	_	_	_	_	_	_	_	_	
49-10	5231-5239	olmasına	_	_	_	_	_	_	_	_	_	_	_	_	_	
49-11	5240-5246	rağmen	_	_	_	_	_	_	_	_	_	_	_	_	_	
49-12	5247-5263	karşılaşılabilen	_	_	_	_	_	_	_	_	_	_	_	_	_	
49-13	5264-5267	bir	_	_	_	_	_	_	_	_	_	_	_	_	_	
49-14	5268-5276	durumdur	_	_	_	_	_	_	_	_	_	_	_	_	_	
49-15	5276-5277	.	_	_	_	_	_	_	_	_	_	_	_	_	_	

#Text=Daha önceden psödofakik olduğu bilinen veya öğrenilen travmatik hastalarda GİL’i görülemiyorsa, konjonktiva altına yer değiştirebileceği akılda tutulmalı ve detaylı konjonktival tarama yapılmalıdır.
50-1	5278-5282	Daha	_	_	_	_	_	_	_	_	_	_	_	_	_	
50-2	5283-5290	önceden	_	_	_	_	_	_	_	_	_	_	_	_	_	
50-3	5291-5301	psödofakik	_	_	_	_	_	_	_	_	_	_	_	_	_	
50-4	5302-5308	olduğu	_	_	_	_	_	_	_	_	_	_	_	_	_	
50-5	5309-5316	bilinen	_	_	_	_	_	_	_	_	_	_	_	_	_	
50-6	5317-5321	veya	_	_	_	_	_	_	_	_	_	_	_	_	_	
50-7	5322-5331	öğrenilen	_	_	_	_	_	_	_	_	_	_	_	_	_	
50-8	5332-5341	travmatik	_	_	_	_	_	_	_	_	_	_	_	_	_	
50-9	5342-5352	hastalarda	_	_	_	_	_	_	_	_	_	_	_	_	_	
50-10	5353-5356	GİL	*[10]	_	*[18]	_	_	_	_	_	_	_	_	_	_	
50-11	5356-5357	’	*[10]	_	*[18]	_	_	_	_	_	_	_	_	_	_	
50-12	5357-5358	i	*[10]	_	*[18]	_	_	_	_	_	_	_	_	_	_	
50-13	5359-5372	görülemiyorsa	*[10]	*	_	_	*	partOfEvent	50-13	isAnotherFocus	50-10[18]	NegMorMarker	partOfScope	50-10[10]	*	
50-14	5372-5373	,	_	_	_	_	_	_	_	_	_	_	_	_	_	
50-15	5374-5385	konjonktiva	_	_	_	_	_	_	_	_	_	_	_	_	_	
50-16	5386-5392	altına	_	_	_	_	_	_	_	_	_	_	_	_	_	
50-17	5393-5396	yer	_	_	_	_	_	_	_	_	_	_	_	_	_	
50-18	5397-5414	değiştirebileceği	_	_	_	_	_	_	_	_	_	_	_	_	_	
50-19	5415-5421	akılda	_	_	_	_	_	_	_	_	_	_	_	_	_	
50-20	5422-5431	tutulmalı	_	_	_	_	_	_	_	_	_	_	_	_	_	
50-21	5432-5434	ve	_	_	_	_	_	_	_	_	_	_	_	_	_	
50-22	5435-5442	detaylı	_	_	_	_	_	_	_	_	_	_	_	_	_	
50-23	5443-5455	konjonktival	_	_	_	_	_	_	_	_	_	_	_	_	_	
50-24	5456-5462	tarama	_	_	_	_	_	_	_	_	_	_	_	_	_	
50-25	5463-5475	yapılmalıdır	_	_	_	_	_	_	_	_	_	_	_	_	_	
50-26	5475-5476	.	_	_	_	_	_	_	_	_	_	_	_	_	_	
