#FORMAT=WebAnno TSV 3.3


#Text=ÖZET
1-1	0-4	ÖZET	

#Text=Ewing sarkomu, kemik dokusunun Ewing sarkomu, iskelet sistemi dışındaki Ewing sarkomu, periferik primitif nöroendokrin tümör, torakopulmoner bölgenin malign küçük hücreli tümörü (Askin) ve tipik olmayan Ewing sarkomu olarak sınıflandırılır.
2-1	5-10	Ewing	
2-2	11-18	sarkomu	
2-3	18-19	,	
2-4	20-25	kemik	
2-5	26-35	dokusunun	
2-6	36-41	Ewing	
2-7	42-49	sarkomu	
2-8	49-50	,	
2-9	51-58	iskelet	
2-10	59-66	sistemi	
2-11	67-76	dışındaki	
2-12	77-82	Ewing	
2-13	83-90	sarkomu	
2-14	90-91	,	
2-15	92-101	periferik	
2-16	102-110	primitif	
2-17	111-123	nöroendokrin	
2-18	124-129	tümör	
2-19	129-130	,	
2-20	131-145	torakopulmoner	
2-21	146-154	bölgenin	
2-22	155-161	malign	
2-23	162-167	küçük	
2-24	168-175	hücreli	
2-25	176-182	tümörü	
2-26	183-184	(	
2-27	184-189	Askin	
2-28	189-190	)	
2-29	191-193	ve	
2-30	194-199	tipik	
2-31	200-207	olmayan	
2-32	208-213	Ewing	
2-33	214-221	sarkomu	
2-34	222-228	olarak	
2-35	229-244	sınıflandırılır	
2-36	244-245	.	

#Text=Ekstraosseöz Ewing sarkomu tüm vücutta görülebilir ancak boyunda %4 oranında bildirilmiştir.
3-1	246-258	Ekstraosseöz	
3-2	259-264	Ewing	
3-3	265-272	sarkomu	
3-4	273-276	tüm	
3-5	277-284	vücutta	
3-6	285-296	görülebilir	
3-7	297-302	ancak	
3-8	303-310	boyunda	
3-9	311-312	%	
3-10	312-313	4	
3-11	314-322	oranında	
3-12	323-337	bildirilmiştir	
3-13	337-338	.	

#Text=Olgumuzda, ensesinde 3 aydır giderek büyüyen ağrısız kitlesi olan hastada; manyetik rezonans görüntülemede perivertebral kasların arasında, yağ planlarının arasında büyüyen, kapsüllü, düzgün sınırlı kitle lezyonu saptandı.
4-1	339-348	Olgumuzda	
4-2	348-349	,	
4-3	350-359	ensesinde	
4-4	360-361	3	
4-5	362-367	aydır	
4-6	368-375	giderek	
4-7	376-383	büyüyen	
4-8	384-391	ağrısız	
4-9	392-399	kitlesi	
4-10	400-404	olan	
4-11	405-412	hastada	
4-12	412-413	;	
4-13	414-422	manyetik	
4-14	423-431	rezonans	
4-15	432-445	görüntülemede	
4-16	446-459	perivertebral	
4-17	460-468	kasların	
4-18	469-477	arasında	
4-19	477-478	,	
4-20	479-482	yağ	
4-21	483-494	planlarının	
4-22	495-503	arasında	
4-23	504-511	büyüyen	
4-24	511-512	,	
4-25	513-521	kapsüllü	
4-26	521-522	,	
4-27	523-529	düzgün	
4-28	530-537	sınırlı	
4-29	538-543	kitle	
4-30	544-551	lezyonu	
4-31	552-560	saptandı	
4-32	560-561	.	

#Text=Cerrahi olarak çıkarılan tümörde patolojik olarak Ewing sarkomu tanısı koyuldu.
5-1	562-569	Cerrahi	
5-2	570-576	olarak	
5-3	577-586	çıkarılan	
5-4	587-594	tümörde	
5-5	595-604	patolojik	
5-6	605-611	olarak	
5-7	612-617	Ewing	
5-8	618-625	sarkomu	
5-9	626-632	tanısı	
5-10	633-640	koyuldu	
5-11	640-641	.	

#Text=Moleküler incelemede 22q11 translokasyonu tespit edildi.
6-1	642-651	Moleküler	
6-2	652-662	incelemede	
6-3	663-668	22q11	
6-4	669-683	translokasyonu	
6-5	684-690	tespit	
6-6	691-697	edildi	
6-7	697-698	.	

#Text=Ekstraosseöz Ewing sarkomları nadir olarak görülen yumuşak doku kitleleridir.
7-1	700-712	Ekstraosseöz	
7-2	713-718	Ewing	
7-3	719-729	sarkomları	
7-4	730-735	nadir	
7-5	736-742	olarak	
7-6	743-750	görülen	
7-7	751-758	yumuşak	
7-8	759-763	doku	
7-9	764-776	kitleleridir	
7-10	776-777	.	

#Text=Görüntüleme özellikleri özgün veya tanı koymada yeterli olmasa da, biyopsi için dokunun uygun yerden alınması ve tümörün evrelendirilmesi açısından önemli yer tutar.
8-1	779-790	Görüntüleme	
8-2	791-802	özellikleri	
8-3	803-808	özgün	
8-4	809-813	veya	
8-5	814-818	tanı	
8-6	819-826	koymada	
8-7	827-834	yeterli	
8-8	835-841	olmasa	
8-9	842-844	da	
8-10	844-845	,	
8-11	846-853	biyopsi	
8-12	854-858	için	
8-13	859-866	dokunun	
8-14	867-872	uygun	
8-15	873-879	yerden	
8-16	880-888	alınması	
8-17	889-891	ve	
8-18	892-899	tümörün	
8-19	900-916	evrelendirilmesi	
8-20	917-926	açısından	
8-21	927-933	önemli	
8-22	934-937	yer	
8-23	938-943	tutar	
8-24	943-944	.	

#Text=Ayrıca iskelet dışındaki Ewing sarkomunda, tam cerrahi rezeksiyonun diğer Ewing sarkomu ailesi tümörlerine kıyasla daha iyi sağkalım oranları ile ilişkili olduğu gösterilmiştir.
9-1	945-951	Ayrıca	
9-2	952-959	iskelet	
9-3	960-969	dışındaki	
9-4	970-975	Ewing	
9-5	976-986	sarkomunda	
9-6	986-987	,	
9-7	988-991	tam	
9-8	992-999	cerrahi	
9-9	1000-1012	rezeksiyonun	
9-10	1013-1018	diğer	
9-11	1019-1024	Ewing	
9-12	1025-1032	sarkomu	
9-13	1033-1039	ailesi	
9-14	1040-1051	tümörlerine	
9-15	1052-1059	kıyasla	
9-16	1060-1064	daha	
9-17	1065-1068	iyi	
9-18	1069-1077	sağkalım	
9-19	1078-1086	oranları	
9-20	1087-1090	ile	
9-21	1091-1099	ilişkili	
9-22	1100-1106	olduğu	
9-23	1107-1121	gösterilmiştir	
9-24	1121-1122	.	

#Text=Bu nedenle cerrahiye yön gösterme ve tümörün çıkarılabilirliğinin değerlendirilmesinde görüntüleme önemli yer tutmaktadır.
10-1	1123-1125	Bu	
10-2	1126-1133	nedenle	
10-3	1134-1143	cerrahiye	
10-4	1144-1147	yön	
10-5	1148-1156	gösterme	
10-6	1157-1159	ve	
10-7	1160-1167	tümörün	
10-8	1168-1188	çıkarılabilirliğinin	
10-9	1189-1209	değerlendirilmesinde	
10-10	1210-1221	görüntüleme	
10-11	1222-1228	önemli	
10-12	1229-1232	yer	
10-13	1233-1244	tutmaktadır	
10-14	1244-1245	.	

#Text=Hızlı büyüyen, ele gelen kitlesi olan genç hastalarda, ilk planda morfolojik olarak benign izlenimi verse de dikkatle değerlendirip baş-boyun yumuşak doku kitlelerinin ayırıcı tanısında düşünülmelidir.
11-1	1246-1251	Hızlı	
11-2	1252-1259	büyüyen	
11-3	1259-1260	,	
11-4	1261-1264	ele	
11-5	1265-1270	gelen	
11-6	1271-1278	kitlesi	
11-7	1279-1283	olan	
11-8	1284-1288	genç	
11-9	1289-1299	hastalarda	
11-10	1299-1300	,	
11-11	1301-1304	ilk	
11-12	1305-1311	planda	
11-13	1312-1322	morfolojik	
11-14	1323-1329	olarak	
11-15	1330-1336	benign	
11-16	1337-1345	izlenimi	
11-17	1346-1351	verse	
11-18	1352-1354	de	
11-19	1355-1363	dikkatle	
11-20	1364-1377	değerlendirip	
11-21	1378-1387	baş-boyun	
11-22	1388-1395	yumuşak	
11-23	1396-1400	doku	
11-24	1401-1413	kitlelerinin	
11-25	1414-1421	ayırıcı	
11-26	1422-1431	tanısında	
11-27	1432-1446	düşünülmelidir	
11-28	1446-1447	.	

#Text=GİRİŞ
12-1	1448-1453	GİRİŞ	

#Text=Ewing sarkomu, pediatrik ve genç-yetişkinlerde genellikle primer kemik tümörü şeklinde karşımıza çıkar.
13-1	1454-1459	Ewing	
13-2	1460-1467	sarkomu	
13-3	1467-1468	,	
13-4	1469-1478	pediatrik	
13-5	1479-1481	ve	
13-6	1482-1500	genç-yetişkinlerde	
13-7	1501-1511	genellikle	
13-8	1512-1518	primer	
13-9	1519-1524	kemik	
13-10	1525-1531	tümörü	
13-11	1532-1540	şeklinde	
13-12	1541-1550	karşımıza	
13-13	1551-1556	çıkar	
13-14	1556-1557	.	

#Text=Ewing sarkomu, kemik dokusunun Ewing sarkomu, iskelet sistemi dışındaki Ewing sarkomu, periferik primitif nöroendokrin tümör, torakopulmoner bölgenin malign küçük hücreli tümörü (Askin) ve tipik olmayan Ewing sarkomu olarak sınıflandırılır.
14-1	1558-1563	Ewing	
14-2	1564-1571	sarkomu	
14-3	1571-1572	,	
14-4	1573-1578	kemik	
14-5	1579-1588	dokusunun	
14-6	1589-1594	Ewing	
14-7	1595-1602	sarkomu	
14-8	1602-1603	,	
14-9	1604-1611	iskelet	
14-10	1612-1619	sistemi	
14-11	1620-1629	dışındaki	
14-12	1630-1635	Ewing	
14-13	1636-1643	sarkomu	
14-14	1643-1644	,	
14-15	1645-1654	periferik	
14-16	1655-1663	primitif	
14-17	1664-1676	nöroendokrin	
14-18	1677-1682	tümör	
14-19	1682-1683	,	
14-20	1684-1698	torakopulmoner	
14-21	1699-1707	bölgenin	
14-22	1708-1714	malign	
14-23	1715-1720	küçük	
14-24	1721-1728	hücreli	
14-25	1729-1735	tümörü	
14-26	1736-1737	(	
14-27	1737-1742	Askin	
14-28	1742-1743	)	
14-29	1744-1746	ve	
14-30	1747-1752	tipik	
14-31	1753-1760	olmayan	
14-32	1761-1766	Ewing	
14-33	1767-1774	sarkomu	
14-34	1775-1781	olarak	
14-35	1782-1797	sınıflandırılır	
14-36	1797-1798	.	

#Text=Bununla birlikte, moleküler inceleme yöntemleri ile bu gruptaki tümörlerin karyotip analizlerinde ortak olarak kromozom 11-22 translokasyonu mevcuttur.
15-1	1799-1806	Bununla	
15-2	1807-1815	birlikte	
15-3	1815-1816	,	
15-4	1817-1826	moleküler	
15-5	1827-1835	inceleme	
15-6	1836-1846	yöntemleri	
15-7	1847-1850	ile	
15-8	1851-1853	bu	
15-9	1854-1862	gruptaki	
15-10	1863-1873	tümörlerin	
15-11	1874-1882	karyotip	
15-12	1883-1896	analizlerinde	
15-13	1897-1902	ortak	
15-14	1903-1909	olarak	
15-15	1910-1918	kromozom	
15-16	1919-1921	11	
15-17	1921-1922	-	
15-18	1922-1924	22	
15-19	1925-1939	translokasyonu	
15-20	1940-1949	mevcuttur	
15-21	1949-1950	.	

#Text=Tüm bu gruplardaki tümörler Ewing sarkomu ailesi şeklinde sınıflandırılır.
16-1	1951-1954	Tüm	
16-2	1955-1957	bu	
16-3	1958-1969	gruplardaki	
16-4	1970-1978	tümörler	
16-5	1979-1984	Ewing	
16-6	1985-1992	sarkomu	
16-7	1993-1999	ailesi	
16-8	2000-2008	şeklinde	
16-9	2009-2024	sınıflandırılır	
16-10	2024-2025	.	

#Text=Histolojik olarak ise tabakalar şeklinde dizilmiş küçük mavi hücrelerden oluşurlar.
17-1	2026-2036	Histolojik	
17-2	2037-2043	olarak	
17-3	2044-2047	ise	
17-4	2048-2057	tabakalar	
17-5	2058-2066	şeklinde	
17-6	2067-2075	dizilmiş	
17-7	2076-2081	küçük	
17-8	2082-2086	mavi	
17-9	2087-2098	hücrelerden	
17-10	2099-2108	oluşurlar	
17-11	2108-2109	.	

#Text=Kemik Ewing sarkomu, uzun kemik metafizlerinde destrüksiyon yaratan ve çevre yumuşak dokuya invaze olan agresif kitleler şeklinde izlenirler.
18-1	2110-2115	Kemik	
18-2	2116-2121	Ewing	
18-3	2122-2129	sarkomu	
18-4	2129-2130	,	
18-5	2131-2135	uzun	
18-6	2136-2141	kemik	
18-7	2142-2156	metafizlerinde	
18-8	2157-2169	destrüksiyon	
18-9	2170-2177	yaratan	
18-10	2178-2180	ve	
18-11	2181-2186	çevre	
18-12	2187-2194	yumuşak	
18-13	2195-2201	dokuya	
18-14	2202-2208	invaze	
18-15	2209-2213	olan	
18-16	2214-2221	agresif	
18-17	2222-2230	kitleler	
18-18	2231-2239	şeklinde	
18-19	2240-2250	izlenirler	
18-20	2250-2251	.	

#Text=Aksiyel iskelet dışında yerleşimli ise spesifik olmayan görüntüleme özellikleri gösterirler; vücudun tüm bölgelerinde bildirilmiştir.
19-1	2252-2259	Aksiyel	
19-2	2260-2267	iskelet	
19-3	2268-2275	dışında	
19-4	2276-2286	yerleşimli	
19-5	2287-2290	ise	
19-6	2291-2299	spesifik	
19-7	2300-2307	olmayan	
19-8	2308-2319	görüntüleme	
19-9	2320-2331	özellikleri	
19-10	2332-2343	gösterirler	
19-11	2343-2344	;	
19-12	2345-2352	vücudun	
19-13	2353-2356	tüm	
19-14	2357-2369	bölgelerinde	
19-15	2370-2384	bildirilmiştir	
19-16	2384-2385	.	

#Text=Ancak genellikle paraspinal bölgede veya alt ekstremitede büyük yumuşak doku kitleleri şeklinde karşımıza çıkarlar.
20-1	2386-2391	Ancak	
20-2	2392-2402	genellikle	
20-3	2403-2413	paraspinal	
20-4	2414-2421	bölgede	
20-5	2422-2426	veya	
20-6	2427-2430	alt	
20-7	2431-2443	ekstremitede	
20-8	2444-2449	büyük	
20-9	2450-2457	yumuşak	
20-10	2458-2462	doku	
20-11	2463-2472	kitleleri	
20-12	2473-2481	şeklinde	
20-13	2482-2491	karşımıza	
20-14	2492-2500	çıkarlar	
20-15	2500-2501	.	

#Text=Baş-boyun bölgesinde Ewing sarkomu nadir olarak izlenir.
21-1	2502-2511	Baş-boyun	
21-2	2512-2522	bölgesinde	
21-3	2523-2528	Ewing	
21-4	2529-2536	sarkomu	
21-5	2537-2542	nadir	
21-6	2543-2549	olarak	
21-7	2550-2557	izlenir	
21-8	2557-2558	.	

#Text=Literatürdeki Ewing sarkomlarının %1-9’u baş-boyun bölgesindedir.
22-1	2559-2572	Literatürdeki	
22-2	2573-2578	Ewing	
22-3	2579-2592	sarkomlarının	
22-4	2593-2594	%	
22-5	2594-2595	1	
22-6	2595-2596	-	
22-7	2596-2597	9	
22-8	2597-2598	’	
22-9	2598-2599	u	
22-10	2600-2609	baş-boyun	
22-11	2610-2623	bölgesindedir	
22-12	2623-2624	.	

#Text=Daha önce boyunda, parafaringeal bölgede, alında, nazal kavite, paranazal sinüsler, orafarinksde ve servikal bölgede Ekstraosseöz Ewing sarkomu olguları bildirilmiştir.
23-1	2625-2629	Daha	
23-2	2630-2634	önce	
23-3	2635-2642	boyunda	
23-4	2642-2643	,	
23-5	2644-2657	parafaringeal	
23-6	2658-2665	bölgede	
23-7	2665-2666	,	
23-8	2667-2673	alında	
23-9	2673-2674	,	
23-10	2675-2680	nazal	
23-11	2681-2687	kavite	
23-12	2687-2688	,	
23-13	2689-2698	paranazal	
23-14	2699-2707	sinüsler	
23-15	2707-2708	,	
23-16	2709-2721	orafarinksde	
23-17	2722-2724	ve	
23-18	2725-2733	servikal	
23-19	2734-2741	bölgede	
23-20	2742-2754	Ekstraosseöz	
23-21	2755-2760	Ewing	
23-22	2761-2768	sarkomu	
23-23	2769-2777	olguları	
23-24	2778-2792	bildirilmiştir	
23-25	2792-2793	.	

#Text=Bu yazıda, kısa sürede hızla büyük boyutlara ulaşması ve morfolojik olarak ilk bakışta benign izlenimi vermesi ve boyunda nadir görülmesi nedenleri yüzünden, erişkin bir hastada iskelet sistemi dışında yerleşimli Ewing sarkomu olgusu sunulmaktadır.
24-1	2794-2796	Bu	
24-2	2797-2803	yazıda	
24-3	2803-2804	,	
24-4	2805-2809	kısa	
24-5	2810-2816	sürede	
24-6	2817-2822	hızla	
24-7	2823-2828	büyük	
24-8	2829-2838	boyutlara	
24-9	2839-2847	ulaşması	
24-10	2848-2850	ve	
24-11	2851-2861	morfolojik	
24-12	2862-2868	olarak	
24-13	2869-2872	ilk	
24-14	2873-2880	bakışta	
24-15	2881-2887	benign	
24-16	2888-2896	izlenimi	
24-17	2897-2904	vermesi	
24-18	2905-2907	ve	
24-19	2908-2915	boyunda	
24-20	2916-2921	nadir	
24-21	2922-2931	görülmesi	
24-22	2932-2941	nedenleri	
24-23	2942-2950	yüzünden	
24-24	2950-2951	,	
24-25	2952-2959	erişkin	
24-26	2960-2963	bir	
24-27	2964-2971	hastada	
24-28	2972-2979	iskelet	
24-29	2980-2987	sistemi	
24-30	2988-2995	dışında	
24-31	2996-3006	yerleşimli	
24-32	3007-3012	Ewing	
24-33	3013-3020	sarkomu	
24-34	3021-3027	olgusu	
24-35	3028-3041	sunulmaktadır	
24-36	3041-3042	.	

#Text=İÇERİK
25-1	3043-3049	İÇERİK	

#Text=33 yaşında, ensesinde 3 aydır giderek büyüyen ağrısız kitlesi olan hastanın yapılan ultrasonografisinde 52x44 mm boyutlarında düzgün sınırlı, hipoekoik, ortası kistik dejenerasyon gösteren, solid kitle lezyonu tespit edildi ve kitle karakterizasyonu için manyetik rezonans görüntüleme (MRG) yapıldı.
26-1	3050-3052	33	
26-2	3053-3060	yaşında	
26-3	3060-3061	,	
26-4	3062-3071	ensesinde	
26-5	3072-3073	3	
26-6	3074-3079	aydır	
26-7	3080-3087	giderek	
26-8	3088-3095	büyüyen	
26-9	3096-3103	ağrısız	
26-10	3104-3111	kitlesi	
26-11	3112-3116	olan	
26-12	3117-3125	hastanın	
26-13	3126-3133	yapılan	
26-14	3134-3153	ultrasonografisinde	
26-15	3154-3159	52x44	
26-16	3160-3162	mm	
26-17	3163-3175	boyutlarında	
26-18	3176-3182	düzgün	
26-19	3183-3190	sınırlı	
26-20	3190-3191	,	
26-21	3192-3201	hipoekoik	
26-22	3201-3202	,	
26-23	3203-3209	ortası	
26-24	3210-3216	kistik	
26-25	3217-3229	dejenerasyon	
26-26	3230-3238	gösteren	
26-27	3238-3239	,	
26-28	3240-3245	solid	
26-29	3246-3251	kitle	
26-30	3252-3259	lezyonu	
26-31	3260-3266	tespit	
26-32	3267-3273	edildi	
26-33	3274-3276	ve	
26-34	3277-3282	kitle	
26-35	3283-3299	karakterizasyonu	
26-36	3300-3304	için	
26-37	3305-3313	manyetik	
26-38	3314-3322	rezonans	
26-39	3323-3334	görüntüleme	
26-40	3335-3336	(	
26-41	3336-3339	MRG	
26-42	3339-3340	)	
26-43	3341-3348	yapıldı	
26-44	3348-3349	.	

#Text=Perivertebral kasların arasında, yağ planlarının arasında büyüyen, kapsüllü, düzgün sınırlı kitle heterojen sinyal özelliklerine ve santralinde hemorajik kistik dejenerasyon alanına sahipti; belirgin kontrastlanma gösteriyordu (Resim 1 ve 2).
27-1	3350-3363	Perivertebral	
27-2	3364-3372	kasların	
27-3	3373-3381	arasında	
27-4	3381-3382	,	
27-5	3383-3386	yağ	
27-6	3387-3398	planlarının	
27-7	3399-3407	arasında	
27-8	3408-3415	büyüyen	
27-9	3415-3416	,	
27-10	3417-3425	kapsüllü	
27-11	3425-3426	,	
27-12	3427-3433	düzgün	
27-13	3434-3441	sınırlı	
27-14	3442-3447	kitle	
27-15	3448-3457	heterojen	
27-16	3458-3464	sinyal	
27-17	3465-3478	özelliklerine	
27-18	3479-3481	ve	
27-19	3482-3493	santralinde	
27-20	3494-3503	hemorajik	
27-21	3504-3510	kistik	
27-22	3511-3523	dejenerasyon	
27-23	3524-3531	alanına	
27-24	3532-3539	sahipti	
27-25	3539-3540	;	
27-26	3541-3549	belirgin	
27-27	3550-3563	kontrastlanma	
27-28	3564-3576	gösteriyordu	
27-29	3577-3578	(	
27-30	3578-3583	Resim	
27-31	3584-3585	1	
27-32	3586-3588	ve	
27-33	3589-3590	2	
27-34	3590-3591	)	
27-35	3591-3592	.	

#Text=Difüzyon kısıtlaması izleniyordu (Resim 3).
28-1	3593-3601	Difüzyon	
28-2	3602-3613	kısıtlaması	
28-3	3614-3625	izleniyordu	
28-4	3626-3627	(	
28-5	3627-3632	Resim	
28-6	3633-3634	3	
28-7	3634-3635	)	
28-8	3635-3636	.	

#Text=MRG sonrası kitle eksize edildi.
29-1	3637-3640	MRG	
29-2	3641-3648	sonrası	
29-3	3649-3654	kitle	
29-4	3655-3661	eksize	
29-5	3662-3668	edildi	
29-6	3668-3669	.	

#Text=Patolojik olarak Ewing sarkomu, moleküler incelemede 22q11 translokasyonu tespit edildi.
30-1	3671-3680	Patolojik	
30-2	3681-3687	olarak	
30-3	3688-3693	Ewing	
30-4	3694-3701	sarkomu	
30-5	3701-3702	,	
30-6	3703-3712	moleküler	
30-7	3713-3723	incelemede	
30-8	3724-3729	22q11	
30-9	3730-3744	translokasyonu	
30-10	3745-3751	tespit	
30-11	3752-3758	edildi	
30-12	3758-3759	.	

#Text=İskelet sistemi dışındaki Ewing sarkomu, primer kemik Ewing sarkomuna kıyasla nadir görülür; genellikle Ewing sarkomu hastalarının %15-20’sini oluşturur.
31-1	3760-3767	İskelet	
31-2	3768-3775	sistemi	
31-3	3776-3785	dışındaki	
31-4	3786-3791	Ewing	
31-5	3792-3799	sarkomu	
31-6	3799-3800	,	
31-7	3801-3807	primer	
31-8	3808-3813	kemik	
31-9	3814-3819	Ewing	
31-10	3820-3829	sarkomuna	
31-11	3830-3837	kıyasla	
31-12	3838-3843	nadir	
31-13	3844-3851	görülür	
31-14	3851-3852	;	
31-15	3853-3863	genellikle	
31-16	3864-3869	Ewing	
31-17	3870-3877	sarkomu	
31-18	3878-3890	hastalarının	
31-19	3891-3892	%	
31-20	3892-3894	15	
31-21	3894-3895	-	
31-22	3895-3897	20	
31-23	3897-3898	’	
31-24	3898-3902	sini	
31-25	3903-3912	oluşturur	
31-26	3912-3913	.	

#Text=Sıklıkla gençlerde görülür; hastaların %85 kadarı 20 aylık - 30 yaş aralığındadır.
32-1	3914-3922	Sıklıkla	
32-2	3923-3932	gençlerde	
32-3	3933-3940	görülür	
32-4	3940-3941	;	
32-5	3942-3952	hastaların	
32-6	3953-3954	%	
32-7	3954-3956	85	
32-8	3957-3963	kadarı	
32-9	3964-3966	20	
32-10	3967-3972	aylık	
32-11	3973-3974	-	
32-12	3975-3977	30	
32-13	3978-3981	yaş	
32-14	3982-3995	aralığındadır	
32-15	3995-3996	.	

#Text=Olgular, ele gelen büyük, hızlı büyüyen, solid, yüzeyel veya derin yerleşimli yumuşak doku kitlesi ile başvururlar.
33-1	3997-4004	Olgular	
33-2	4004-4005	,	
33-3	4006-4009	ele	
33-4	4010-4015	gelen	
33-5	4016-4021	büyük	
33-6	4021-4022	,	
33-7	4023-4028	hızlı	
33-8	4029-4036	büyüyen	
33-9	4036-4037	,	
33-10	4038-4043	solid	
33-11	4043-4044	,	
33-12	4045-4052	yüzeyel	
33-13	4053-4057	veya	
33-14	4058-4063	derin	
33-15	4064-4074	yerleşimli	
33-16	4075-4082	yumuşak	
33-17	4083-4087	doku	
33-18	4088-4095	kitlesi	
33-19	4096-4099	ile	
33-20	4100-4111	başvururlar	
33-21	4111-4112	.	

#Text=Kitle boyutları ilk başvuru anında 5-10 cm’ye ulaşabilir.
34-1	4113-4118	Kitle	
34-2	4119-4128	boyutları	
34-3	4129-4132	ilk	
34-4	4133-4140	başvuru	
34-5	4141-4147	anında	
34-6	4148-4149	5	
34-7	4149-4150	-	
34-8	4150-4152	10	
34-9	4153-4155	cm	
34-10	4155-4156	’	
34-11	4156-4158	ye	
34-12	4159-4169	ulaşabilir	
34-13	4169-4170	.	

#Text=İskelet dışındaki Ewing sarkomları, paravertebral bölge (32%), alt ekstremite (26%), göğüs duvarı (18%), retroperiton (11%), pelvis ve kalça (%11), ve daha nadir olarak da üst ekstremitelerde (%3) görülür.
35-1	4171-4178	İskelet	
35-2	4179-4188	dışındaki	
35-3	4189-4194	Ewing	
35-4	4195-4205	sarkomları	
35-5	4205-4206	,	
35-6	4207-4220	paravertebral	
35-7	4221-4226	bölge	
35-8	4227-4228	(	
35-9	4228-4231	32%	
35-10	4231-4232	)	
35-11	4232-4233	,	
35-12	4234-4237	alt	
35-13	4238-4248	ekstremite	
35-14	4249-4250	(	
35-15	4250-4253	26%	
35-16	4253-4254	)	
35-17	4254-4255	,	
35-18	4256-4261	göğüs	
35-19	4262-4268	duvarı	
35-20	4269-4270	(	
35-21	4270-4273	18%	
35-22	4273-4274	)	
35-23	4274-4275	,	
35-24	4276-4288	retroperiton	
35-25	4289-4290	(	
35-26	4290-4293	11%	
35-27	4293-4294	)	
35-28	4294-4295	,	
35-29	4296-4302	pelvis	
35-30	4303-4305	ve	
35-31	4306-4311	kalça	
35-32	4312-4313	(	
35-33	4313-4314	%	
35-34	4314-4316	11	
35-35	4316-4317	)	
35-36	4317-4318	,	
35-37	4319-4321	ve	
35-38	4322-4326	daha	
35-39	4327-4332	nadir	
35-40	4333-4339	olarak	
35-41	4340-4342	da	
35-42	4343-4346	üst	
35-43	4347-4362	ekstremitelerde	
35-44	4363-4364	(	
35-45	4364-4365	%	
35-46	4365-4366	3	
35-47	4366-4367	)	
35-48	4368-4375	görülür	
35-49	4375-4376	.	

#Text=Ekstraosseoz Ewing sarkomunun baş boyun bölgesinde ise %4 oranında görüldüğü bildirilmiştir.
36-1	4377-4389	Ekstraosseoz	
36-2	4390-4395	Ewing	
36-3	4396-4406	sarkomunun	
36-4	4407-4410	baş	
36-5	4411-4416	boyun	
36-6	4417-4427	bölgesinde	
36-7	4428-4431	ise	
36-8	4432-4433	%	
36-9	4433-4434	4	
36-10	4435-4443	oranında	
36-11	4444-4453	görüldüğü	
36-12	4454-4468	bildirilmiştir	
36-13	4468-4469	.	

#Text=Kemik Ewing sarkomu ile karşılaştırıldığında epidemiyolojik olarak farklı özellikler gösterirler.
37-1	4470-4475	Kemik	
37-2	4476-4481	Ewing	
37-3	4482-4489	sarkomu	
37-4	4490-4493	ile	
37-5	4494-4514	karşılaştırıldığında	
37-6	4515-4529	epidemiyolojik	
37-7	4530-4536	olarak	
37-8	4537-4543	farklı	
37-9	4544-4554	özellikler	
37-10	4555-4566	gösterirler	
37-11	4566-4567	.	

#Text=Kemik Ewing sarkomlarında erkek baskınlığı izlenirken, iskelet dışındakilerde her iki cinsiyet de eşit olarak etkilenir.
38-1	4568-4573	Kemik	
38-2	4574-4579	Ewing	
38-3	4580-4593	sarkomlarında	
38-4	4594-4599	erkek	
38-5	4600-4610	baskınlığı	
38-6	4611-4621	izlenirken	
38-7	4621-4622	,	
38-8	4623-4630	iskelet	
38-9	4631-4645	dışındakilerde	
38-10	4646-4649	her	
38-11	4650-4653	iki	
38-12	4654-4662	cinsiyet	
38-13	4663-4665	de	
38-14	4666-4670	eşit	
38-15	4671-4677	olarak	
38-16	4678-4687	etkilenir	
38-17	4687-4688	.	

#Text=İskelet dışındakilerin görülme yaşı da 5-10 yıl daha fazladır.
39-1	4689-4696	İskelet	
39-2	4697-4711	dışındakilerin	
39-3	4712-4719	görülme	
39-4	4720-4724	yaşı	
39-5	4725-4727	da	
39-6	4728-4729	5	
39-7	4729-4730	-	
39-8	4730-4732	10	
39-9	4733-4736	yıl	
39-10	4737-4741	daha	
39-11	4742-4750	fazladır	
39-12	4750-4751	.	

#Text=Ekstraosseöz Ewing sarkomu tanısı koyabilmek için, MRG ve kemik sintigrafisinde kemik tutulumu olmadığının gösterilmesi, histolojik olarak küçük mavi hücreli tümör grubuna dahil olması ve sitoplazmik glikojen deposu bulunması gerekmektedir.
40-1	4752-4764	Ekstraosseöz	
40-2	4765-4770	Ewing	
40-3	4771-4778	sarkomu	
40-4	4779-4785	tanısı	
40-5	4786-4796	koyabilmek	
40-6	4797-4801	için	
40-7	4801-4802	,	
40-8	4803-4806	MRG	
40-9	4807-4809	ve	
40-10	4810-4815	kemik	
40-11	4816-4831	sintigrafisinde	
40-12	4832-4837	kemik	
40-13	4838-4846	tutulumu	
40-14	4847-4858	olmadığının	
40-15	4859-4871	gösterilmesi	
40-16	4871-4872	,	
40-17	4873-4883	histolojik	
40-18	4884-4890	olarak	
40-19	4891-4896	küçük	
40-20	4897-4901	mavi	
40-21	4902-4909	hücreli	
40-22	4910-4915	tümör	
40-23	4916-4923	grubuna	
40-24	4924-4929	dahil	
40-25	4930-4936	olması	
40-26	4937-4939	ve	
40-27	4940-4951	sitoplazmik	
40-28	4952-4960	glikojen	
40-29	4961-4967	deposu	
40-30	4968-4977	bulunması	
40-31	4978-4991	gerekmektedir	
40-32	4991-4992	.	

#Text=Ekstraosseöz Ewing sarkomunun görüntüleme özellikleri spesifik değildir.
41-1	4993-5005	Ekstraosseöz	
41-2	5006-5011	Ewing	
41-3	5012-5022	sarkomunun	
41-4	5023-5034	görüntüleme	
41-5	5035-5046	özellikleri	
41-6	5047-5055	spesifik	
41-7	5056-5064	değildir	
41-8	5064-5065	.	

#Text=Radyografilerde büyük yumuşak doku kitleleri olarak izlenebilirler (%50 olguda) ancak normal olarak da izlenebilirler.
42-1	5066-5081	Radyografilerde	
42-2	5082-5087	büyük	
42-3	5088-5095	yumuşak	
42-4	5096-5100	doku	
42-5	5101-5110	kitleleri	
42-6	5111-5117	olarak	
42-7	5118-5132	izlenebilirler	
42-8	5133-5134	(	
42-9	5134-5135	%	
42-10	5135-5137	50	
42-11	5138-5144	olguda	
42-12	5144-5145	)	
42-13	5146-5151	ancak	
42-14	5152-5158	normal	
42-15	5159-5165	olarak	
42-16	5166-5168	da	
42-17	5169-5183	izlenebilirler	
42-18	5183-5184	.	

#Text=Komşu kemikte erozyon, kortikal kalınlaşma, kemik invazyonu veya periost reaksiyonu izlenebilir (%25-42).
43-1	5185-5190	Komşu	
43-2	5191-5198	kemikte	
43-3	5199-5206	erozyon	
43-4	5206-5207	,	
43-5	5208-5216	kortikal	
43-6	5217-5227	kalınlaşma	
43-7	5227-5228	,	
43-8	5229-5234	kemik	
43-9	5235-5244	invazyonu	
43-10	5245-5249	veya	
43-11	5250-5257	periost	
43-12	5258-5268	reaksiyonu	
43-13	5269-5280	izlenebilir	
43-14	5281-5282	(	
43-15	5282-5283	%	
43-16	5283-5285	25	
43-17	5285-5286	-	
43-18	5286-5288	42	
43-19	5288-5289	)	
43-20	5289-5290	.	

#Text=Kitlelerin %25 kadarında kalsifikasyon bildirilmiştir.
44-1	5291-5301	Kitlelerin	
44-2	5302-5303	%	
44-3	5303-5305	25	
44-4	5306-5315	kadarında	
44-5	5316-5329	kalsifikasyon	
44-6	5330-5344	bildirilmiştir	
44-7	5344-5345	.	

#Text=Kemik sintigrafisi ve PET-BT’de artmış radyonüklid birikimi izlenir.
45-1	5346-5351	Kemik	
45-2	5352-5364	sintigrafisi	
45-3	5365-5367	ve	
45-4	5368-5374	PET-BT	
45-5	5374-5375	’	
45-6	5375-5377	de	
45-7	5378-5384	artmış	
45-8	5385-5396	radyonüklid	
45-9	5397-5405	birikimi	
45-10	5406-5413	izlenir	
45-11	5413-5414	.	

#Text=PET-BT, primer lezyonu görüntüleme dışında, akciğer, plevra, kemik, karaciğer yumuşak doku metastazlarını, nüksü ve rezidüel tümörü tespit edebilir.
46-1	5415-5421	PET-BT	
46-2	5421-5422	,	
46-3	5423-5429	primer	
46-4	5430-5437	lezyonu	
46-5	5438-5449	görüntüleme	
46-6	5450-5457	dışında	
46-7	5457-5458	,	
46-8	5459-5466	akciğer	
46-9	5466-5467	,	
46-10	5468-5474	plevra	
46-11	5474-5475	,	
46-12	5476-5481	kemik	
46-13	5481-5482	,	
46-14	5483-5492	karaciğer	
46-15	5493-5500	yumuşak	
46-16	5501-5505	doku	
46-17	5506-5520	metastazlarını	
46-18	5520-5521	,	
46-19	5522-5527	nüksü	
46-20	5528-5530	ve	
46-21	5531-5539	rezidüel	
46-22	5540-5546	tümörü	
46-23	5547-5553	tespit	
46-24	5554-5562	edebilir	
46-25	5562-5563	.	

#Text=Ultrasonografide iskelet dışındaki Ewing sarkomları genellikle hipoekoik izlenir.
47-1	5564-5580	Ultrasonografide	
47-2	5581-5588	iskelet	
47-3	5589-5598	dışındaki	
47-4	5599-5604	Ewing	
47-5	5605-5615	sarkomları	
47-6	5616-5626	genellikle	
47-7	5627-5636	hipoekoik	
47-8	5637-5644	izlenir	
47-9	5644-5645	.	

#Text=Hemoraji veya nekrozu temsil edebilecek sunulan olgudaki gibi anekoik alanlar barındırabilir.
48-1	5646-5654	Hemoraji	
48-2	5655-5659	veya	
48-3	5660-5667	nekrozu	
48-4	5668-5674	temsil	
48-5	5675-5685	edebilecek	
48-6	5686-5693	sunulan	
48-7	5694-5702	olgudaki	
48-8	5703-5707	gibi	
48-9	5708-5715	anekoik	
48-10	5716-5723	alanlar	
48-11	5724-5738	barındırabilir	
48-12	5738-5739	.	

#Text=Doppler ultrasonografide belirgin vaskülarizasyon mevcuttur.
49-1	5740-5747	Doppler	
49-2	5748-5764	ultrasonografide	
49-3	5765-5773	belirgin	
49-4	5774-5789	vaskülarizasyon	
49-5	5790-5799	mevcuttur	
49-6	5799-5800	.	

#Text=Bilgisayarlı tomografide (BT) nonspesifik, kas ile benzer dansitede yumuşak doku kitlesi olarak izlenirler (%87).
50-1	5801-5813	Bilgisayarlı	
50-2	5814-5825	tomografide	
50-3	5826-5827	(	
50-4	5827-5829	BT	
50-5	5829-5830	)	
50-6	5831-5842	nonspesifik	
50-7	5842-5843	,	
50-8	5844-5847	kas	
50-9	5848-5851	ile	
50-10	5852-5858	benzer	
50-11	5859-5868	dansitede	
50-12	5869-5876	yumuşak	
50-13	5877-5881	doku	
50-14	5882-5889	kitlesi	
50-15	5890-5896	olarak	
50-16	5897-5907	izlenirler	
50-17	5908-5909	(	
50-18	5909-5910	%	
50-19	5910-5912	87	
50-20	5912-5913	)	
50-21	5913-5914	.	

#Text=Düşük dansitedeki alanlar hemorajik alanları veya nekrozu temsil eder.
51-1	5915-5920	Düşük	
51-2	5921-5932	dansitedeki	
51-3	5933-5940	alanlar	
51-4	5941-5950	hemorajik	
51-5	5951-5959	alanları	
51-6	5960-5964	veya	
51-7	5965-5972	nekrozu	
51-8	5973-5979	temsil	
51-9	5980-5984	eder	
51-10	5984-5985	.	

#Text=Kemik ile ilişkisi ve kalsifikasyon varlığı BT ile daha iyi değerlendirilir.
52-1	5986-5991	Kemik	
52-2	5992-5995	ile	
52-3	5996-6004	ilişkisi	
52-4	6005-6007	ve	
52-5	6008-6021	kalsifikasyon	
52-6	6022-6029	varlığı	
52-7	6030-6032	BT	
52-8	6033-6036	ile	
52-9	6037-6041	daha	
52-10	6042-6045	iyi	
52-11	6046-6061	değerlendirilir	
52-12	6061-6062	.	

#Text=Kalsifikasyon %25-30 kadar olguda izlenebilir.
53-1	6063-6076	Kalsifikasyon	
53-2	6077-6078	%	
53-3	6078-6080	25	
53-4	6080-6081	-	
53-5	6081-6083	30	
53-6	6084-6089	kadar	
53-7	6090-6096	olguda	
53-8	6097-6108	izlenebilir	
53-9	6108-6109	.	

#Text=Kemik yüzeyinin etkilenmesi, kortikal erozyon, periost reaksiyon BT’de görülebilir.
54-1	6110-6115	Kemik	
54-2	6116-6125	yüzeyinin	
54-3	6126-6137	etkilenmesi	
54-4	6137-6138	,	
54-5	6139-6147	kortikal	
54-6	6148-6155	erozyon	
54-7	6155-6156	,	
54-8	6157-6164	periost	
54-9	6165-6174	reaksiyon	
54-10	6175-6177	BT	
54-11	6177-6178	’	
54-12	6178-6180	de	
54-13	6181-6192	görülebilir	
54-14	6192-6193	.	

#Text=Bu bulgular yaklaşık olarak %40 olguda tespit edilir.
55-1	6194-6196	Bu	
55-2	6197-6205	bulgular	
55-3	6206-6214	yaklaşık	
55-4	6215-6221	olarak	
55-5	6222-6223	%	
55-6	6223-6225	40	
55-7	6226-6232	olguda	
55-8	6233-6239	tespit	
55-9	6240-6246	edilir	
55-10	6246-6247	.	

#Text=MRG’deki görüntü özellikleri de diğer modalitelerde olduğu gibi özgün değildir.
56-1	6248-6251	MRG	
56-2	6251-6252	’	
56-3	6252-6256	deki	
56-4	6257-6264	görüntü	
56-5	6265-6276	özellikleri	
56-6	6277-6279	de	
56-7	6280-6285	diğer	
56-8	6286-6299	modalitelerde	
56-9	6300-6306	olduğu	
56-10	6307-6311	gibi	
56-11	6312-6317	özgün	
56-12	6318-6326	değildir	
56-13	6326-6327	.	

#Text=T1AG’de kas ile benzer sinyal özelliğinde, T2AG’de ise yüksek sinyal özelliğinde, ancak genellikle heterojen sinyal özelliği gösterirler (%91).
57-1	6328-6332	T1AG	
57-2	6332-6333	’	
57-3	6333-6335	de	
57-4	6336-6339	kas	
57-5	6340-6343	ile	
57-6	6344-6350	benzer	
57-7	6351-6357	sinyal	
57-8	6358-6369	özelliğinde	
57-9	6369-6370	,	
57-10	6371-6375	T2AG	
57-11	6375-6376	’	
57-12	6376-6378	de	
57-13	6379-6382	ise	
57-14	6383-6389	yüksek	
57-15	6390-6396	sinyal	
57-16	6397-6408	özelliğinde	
57-17	6408-6409	,	
57-18	6410-6415	ancak	
57-19	6416-6426	genellikle	
57-20	6427-6436	heterojen	
57-21	6437-6443	sinyal	
57-22	6444-6452	özelliği	
57-23	6453-6464	gösterirler	
57-24	6465-6466	(	
57-25	6466-6467	%	
57-26	6467-6469	91	
57-27	6469-6470	)	
57-28	6470-6471	.	

#Text=Lezyonların hemen hemen hepsi T2AG’de yüksek sinyal özelliği gösterir.
58-1	6472-6483	Lezyonların	
58-2	6484-6489	hemen	
58-3	6490-6495	hemen	
58-4	6496-6501	hepsi	
58-5	6502-6506	T2AG	
58-6	6506-6507	’	
58-7	6507-6509	de	
58-8	6510-6516	yüksek	
58-9	6517-6523	sinyal	
58-10	6524-6532	özelliği	
58-11	6533-6541	gösterir	
58-12	6541-6542	.	

#Text=Hemoraji ve nekroz ile uyumlu sinyal alanları izlenebilir.
59-1	6543-6551	Hemoraji	
59-2	6552-6554	ve	
59-3	6555-6561	nekroz	
59-4	6562-6565	ile	
59-5	6566-6572	uyumlu	
59-6	6573-6579	sinyal	
59-7	6580-6588	alanları	
59-8	6589-6600	izlenebilir	
59-9	6600-6601	.	

#Text=MRG, bölgesel evreleme ve çevre doku invazyonunu değerlendirmek için uygundur.
60-1	6602-6605	MRG	
60-2	6605-6606	,	
60-3	6607-6615	bölgesel	
60-4	6616-6624	evreleme	
60-5	6625-6627	ve	
60-6	6628-6633	çevre	
60-7	6634-6638	doku	
60-8	6639-6650	invazyonunu	
60-9	6651-6665	değerlendirmek	
60-10	6666-6670	için	
60-11	6671-6679	uygundur	
60-12	6679-6680	.	

#Text=Olgumuzdaki gibi yalancı kapsülü ve sınırlarının düzgünlüğü MRG’de görülebilirse de, %45 kadar olguda sınırların düzensizliği ve infiltrasyon söz konusudur.
61-1	6681-6692	Olgumuzdaki	
61-2	6693-6697	gibi	
61-3	6698-6705	yalancı	
61-4	6706-6713	kapsülü	
61-5	6714-6716	ve	
61-6	6717-6729	sınırlarının	
61-7	6730-6740	düzgünlüğü	
61-8	6741-6744	MRG	
61-9	6744-6745	’	
61-10	6745-6747	de	
61-11	6748-6761	görülebilirse	
61-12	6762-6764	de	
61-13	6764-6765	,	
61-14	6766-6767	%	
61-15	6767-6769	45	
61-16	6770-6775	kadar	
61-17	6776-6782	olguda	
61-18	6783-6793	sınırların	
61-19	6794-6806	düzensizliği	
61-20	6807-6809	ve	
61-21	6810-6822	infiltrasyon	
61-22	6823-6826	söz	
61-23	6827-6836	konusudur	
61-24	6836-6837	.	

#Text=Yalancı kapsül varlığı benignite yönünde izlenim yarattığından dikkatli olunmalıdır.
62-1	6838-6845	Yalancı	
62-2	6846-6852	kapsül	
62-3	6853-6860	varlığı	
62-4	6861-6870	benignite	
62-5	6871-6878	yönünde	
62-6	6879-6886	izlenim	
62-7	6887-6900	yarattığından	
62-8	6901-6909	dikkatli	
62-9	6910-6921	olunmalıdır	
62-10	6921-6922	.	

#Text=Yüzde 73 kadar olguda ise nörovasküler tutulum saptanabilir.
63-1	6923-6928	Yüzde	
63-2	6929-6931	73	
63-3	6932-6937	kadar	
63-4	6938-6944	olguda	
63-5	6945-6948	ise	
63-6	6949-6961	nörovasküler	
63-7	6962-6969	tutulum	
63-8	6970-6982	saptanabilir	
63-9	6982-6983	.	

#Text=Terminal dönemde kemiğe invazyon görülebilir.
64-1	6984-6992	Terminal	
64-2	6993-7000	dönemde	
64-3	7001-7007	kemiğe	
64-4	7008-7016	invazyon	
64-5	7017-7028	görülebilir	
64-6	7028-7029	.	

#Text=BT ve MRG incelemede belirgin kontrastlanma izlenir.
65-1	7030-7032	BT	
65-2	7033-7035	ve	
65-3	7036-7039	MRG	
65-4	7040-7050	incelemede	
65-5	7051-7059	belirgin	
65-6	7060-7073	kontrastlanma	
65-7	7074-7081	izlenir	
65-8	7081-7082	.	

#Text=Kesin tanısı patolojik olarak koyulur; ancak, genellikle ince iğne biyopsisi doku yetersizliği nedeni ile tanı koymada başarısızdır.
66-1	7083-7088	Kesin	
66-2	7089-7095	tanısı	
66-3	7096-7105	patolojik	
66-4	7106-7112	olarak	
66-5	7113-7120	koyulur	
66-6	7120-7121	;	
66-7	7122-7127	ancak	
66-8	7127-7128	,	
66-9	7129-7139	genellikle	
66-10	7140-7144	ince	
66-11	7145-7149	iğne	
66-12	7150-7159	biyopsisi	
66-13	7160-7164	doku	
66-14	7165-7177	yetersizliği	
66-15	7178-7184	nedeni	
66-16	7185-7188	ile	
66-17	7189-7193	tanı	
66-18	7194-7201	koymada	
66-19	7202-7214	başarısızdır	
66-20	7214-7215	.	

#Text=Bundan dolayı açık veya kör biyopsi tercih edilir.
67-1	7216-7222	Bundan	
67-2	7223-7229	dolayı	
67-3	7230-7234	açık	
67-4	7235-7239	veya	
67-5	7240-7243	kör	
67-6	7244-7251	biyopsi	
67-7	7252-7258	tercih	
67-8	7259-7265	edilir	
67-9	7265-7266	.	

#Text=Bununla birlikte, moleküler inceleme yöntemleri ile 11-22 translokasyonu Ewing sarkomu grubundaki tümörlerde tanıyı destekler.
68-1	7267-7274	Bununla	
68-2	7275-7283	birlikte	
68-3	7283-7284	,	
68-4	7285-7294	moleküler	
68-5	7295-7303	inceleme	
68-6	7304-7314	yöntemleri	
68-7	7315-7318	ile	
68-8	7319-7321	11	
68-9	7321-7322	-	
68-10	7322-7324	22	
68-11	7325-7339	translokasyonu	
68-12	7340-7345	Ewing	
68-13	7346-7353	sarkomu	
68-14	7354-7364	grubundaki	
68-15	7365-7375	tümörlerde	
68-16	7376-7382	tanıyı	
68-17	7383-7392	destekler	
68-18	7392-7393	.	

#Text=Cerrahi ve radyoterapiye ek kemoterapi ile tedavi edilmesi tavsiye edilir.
69-1	7394-7401	Cerrahi	
69-2	7402-7404	ve	
69-3	7405-7418	radyoterapiye	
69-4	7419-7421	ek	
69-5	7422-7432	kemoterapi	
69-6	7433-7436	ile	
69-7	7437-7443	tedavi	
69-8	7444-7452	edilmesi	
69-9	7453-7460	tavsiye	
69-10	7461-7467	edilir	
69-11	7467-7468	.	

#Text=Ancak cerrahinin kemik Ewing sarkomuna kıyasla daha önemli olduğu ve tam rezeksiyonun iyi sağkalım oranları ile ilişkili olduğu bildirilmiştir.
70-1	7469-7474	Ancak	
70-2	7475-7485	cerrahinin	
70-3	7486-7491	kemik	
70-4	7492-7497	Ewing	
70-5	7498-7507	sarkomuna	
70-6	7508-7515	kıyasla	
70-7	7516-7520	daha	
70-8	7521-7527	önemli	
70-9	7528-7534	olduğu	
70-10	7535-7537	ve	
70-11	7538-7541	tam	
70-12	7542-7554	rezeksiyonun	
70-13	7555-7558	iyi	
70-14	7559-7567	sağkalım	
70-15	7568-7576	oranları	
70-16	7577-7580	ile	
70-17	7581-7589	ilişkili	
70-18	7590-7596	olduğu	
70-19	7597-7611	bildirilmiştir	
70-20	7611-7612	.	

#Text=Ekstraosseöz Ewing sarkomları nadir olarak görülen yumuşak doku kitleleridir.
71-1	7613-7625	Ekstraosseöz	
71-2	7626-7631	Ewing	
71-3	7632-7642	sarkomları	
71-4	7643-7648	nadir	
71-5	7649-7655	olarak	
71-6	7656-7663	görülen	
71-7	7664-7671	yumuşak	
71-8	7672-7676	doku	
71-9	7677-7689	kitleleridir	
71-10	7689-7690	.	

#Text=Baş-boyun da nadiren görüldüğü bölgelerdendir.
72-1	7691-7700	Baş-boyun	
72-2	7701-7703	da	
72-3	7704-7711	nadiren	
72-4	7712-7721	görüldüğü	
72-5	7722-7736	bölgelerdendir	
72-6	7736-7737	.	

#Text=Görüntüleme özellikleri özgün veya tanı koymada yeterli olmasa da, biyopsi için dokunun uygun yerden alınması ve tümörün evrelendirilmesi açısından önemli yer tutar.
73-1	7738-7749	Görüntüleme	
73-2	7750-7761	özellikleri	
73-3	7762-7767	özgün	
73-4	7768-7772	veya	
73-5	7773-7777	tanı	
73-6	7778-7785	koymada	
73-7	7786-7793	yeterli	
73-8	7794-7800	olmasa	
73-9	7801-7803	da	
73-10	7803-7804	,	
73-11	7805-7812	biyopsi	
73-12	7813-7817	için	
73-13	7818-7825	dokunun	
73-14	7826-7831	uygun	
73-15	7832-7838	yerden	
73-16	7839-7847	alınması	
73-17	7848-7850	ve	
73-18	7851-7858	tümörün	
73-19	7859-7875	evrelendirilmesi	
73-20	7876-7885	açısından	
73-21	7886-7892	önemli	
73-22	7893-7896	yer	
73-23	7897-7902	tutar	
73-24	7902-7903	.	

#Text=Ayrıca iskelet dışındaki Ewing sarkomunda, tam cerrahi rezeksiyonun diğer Ewing sarkomu ailesi tümörlerine kıyasla daha iyi sağkalım oranları ile ilişkili olduğu gösterilmiştir.
74-1	7904-7910	Ayrıca	
74-2	7911-7918	iskelet	
74-3	7919-7928	dışındaki	
74-4	7929-7934	Ewing	
74-5	7935-7945	sarkomunda	
74-6	7945-7946	,	
74-7	7947-7950	tam	
74-8	7951-7958	cerrahi	
74-9	7959-7971	rezeksiyonun	
74-10	7972-7977	diğer	
74-11	7978-7983	Ewing	
74-12	7984-7991	sarkomu	
74-13	7992-7998	ailesi	
74-14	7999-8010	tümörlerine	
74-15	8011-8018	kıyasla	
74-16	8019-8023	daha	
74-17	8024-8027	iyi	
74-18	8028-8036	sağkalım	
74-19	8037-8045	oranları	
74-20	8046-8049	ile	
74-21	8050-8058	ilişkili	
74-22	8059-8065	olduğu	
74-23	8066-8080	gösterilmiştir	
74-24	8080-8081	.	

#Text=Bu nedenle cerrahiye yön gösterme ve tümörün çıkarılabilirliğinin değerlendirilmesinde görüntüleme önemli yer tutmaktadır.
75-1	8082-8084	Bu	
75-2	8085-8092	nedenle	
75-3	8093-8102	cerrahiye	
75-4	8103-8106	yön	
75-5	8107-8115	gösterme	
75-6	8116-8118	ve	
75-7	8119-8126	tümörün	
75-8	8127-8147	çıkarılabilirliğinin	
75-9	8148-8168	değerlendirilmesinde	
75-10	8169-8180	görüntüleme	
75-11	8181-8187	önemli	
75-12	8188-8191	yer	
75-13	8192-8203	tutmaktadır	
75-14	8203-8204	.	

#Text=Klinik semptom vermeyebilirler ancak hızlı büyüyen, ele gelen kitlesi olan genç hastalarda, ilk planda morfolojik olarak benign izlenimi verse de dikkatle değerlendirip baş-boyun yumuşak doku kitlelerinin ayırıcı tanısında düşünülmelidir.
76-1	8205-8211	Klinik	
76-2	8212-8219	semptom	
76-3	8220-8235	vermeyebilirler	
76-4	8236-8241	ancak	
76-5	8242-8247	hızlı	
76-6	8248-8255	büyüyen	
76-7	8255-8256	,	
76-8	8257-8260	ele	
76-9	8261-8266	gelen	
76-10	8267-8274	kitlesi	
76-11	8275-8279	olan	
76-12	8280-8284	genç	
76-13	8285-8295	hastalarda	
76-14	8295-8296	,	
76-15	8297-8300	ilk	
76-16	8301-8307	planda	
76-17	8308-8318	morfolojik	
76-18	8319-8325	olarak	
76-19	8326-8332	benign	
76-20	8333-8341	izlenimi	
76-21	8342-8347	verse	
76-22	8348-8350	de	
76-23	8351-8359	dikkatle	
76-24	8360-8373	değerlendirip	
76-25	8374-8383	baş-boyun	
76-26	8384-8391	yumuşak	
76-27	8392-8396	doku	
76-28	8397-8409	kitlelerinin	
76-29	8410-8417	ayırıcı	
76-30	8418-8427	tanısında	
76-31	8428-8442	düşünülmelidir	
76-32	8442-8443	.	
