#FORMAT=WebAnno TSV 3.3


#Text=ÖZET
1-1	0-4	ÖZET	

#Text=Alerjik hastalığı olan hastalarda cilt prick test sonuçları ile serum total IgE, C-reaktif protein, vücut kitle indeksi arasındaki ilişkiyi değerlendirmek.
2-1	5-12	Alerjik	
2-2	13-22	hastalığı	
2-3	23-27	olan	
2-4	28-38	hastalarda	
2-5	39-43	cilt	
2-6	44-49	prick	
2-7	50-54	test	
2-8	55-64	sonuçları	
2-9	65-68	ile	
2-10	69-74	serum	
2-11	75-80	total	
2-12	81-84	IgE	
2-13	84-85	,	
2-14	86-95	C-reaktif	
2-15	96-103	protein	
2-16	103-104	,	
2-17	105-110	vücut	
2-18	111-116	kitle	
2-19	117-124	indeksi	
2-20	125-135	arasındaki	
2-21	136-144	ilişkiyi	
2-22	145-159	değerlendirmek	
2-23	159-160	.	

#Text=Bu çalışma Ekim 2011 ile Eylül 2018 tarihleri arasında üniversite hastanesinde yapıldı.
3-1	161-163	Bu	
3-2	164-171	çalışma	
3-3	172-176	Ekim	
3-4	177-181	2011	
3-5	182-185	ile	
3-6	186-191	Eylül	
3-7	192-196	2018	
3-8	197-206	tarihleri	
3-9	207-215	arasında	
3-10	216-226	üniversite	
3-11	227-239	hastanesinde	
3-12	240-247	yapıldı	
3-13	247-248	.	

#Text=Astım, alerjik rinit, kronik ürtiker ve atopik dermatit tanısı ile başvuran göğüs hastalıkları kliniğindeki 433 hastaya deri prik testi (DPT) uygulandı.
4-1	249-254	Astım	
4-2	254-255	,	
4-3	256-263	alerjik	
4-4	264-269	rinit	
4-5	269-270	,	
4-6	271-277	kronik	
4-7	278-285	ürtiker	
4-8	286-288	ve	
4-9	289-295	atopik	
4-10	296-304	dermatit	
4-11	305-311	tanısı	
4-12	312-315	ile	
4-13	316-324	başvuran	
4-14	325-330	göğüs	
4-15	331-343	hastalıkları	
4-16	344-356	kliniğindeki	
4-17	357-360	433	
4-18	361-368	hastaya	
4-19	369-373	deri	
4-20	374-378	prik	
4-21	379-384	testi	
4-22	385-386	(	
4-23	386-389	DPT	
4-24	389-390	)	
4-25	391-400	uygulandı	
4-26	400-401	.	

#Text=Ayrıca hastaların serum total IgE, C-reaktif protein (CRP) düzeyleri ve vücut kitle indeksi ölçümleri (BMI) değerlendirildi.
5-1	402-408	Ayrıca	
5-2	409-419	hastaların	
5-3	420-425	serum	
5-4	426-431	total	
5-5	432-435	IgE	
5-6	435-436	,	
5-7	437-446	C-reaktif	
5-8	447-454	protein	
5-9	455-456	(	
5-10	456-459	CRP	
5-11	459-460	)	
5-12	461-470	düzeyleri	
5-13	471-473	ve	
5-14	474-479	vücut	
5-15	480-485	kitle	
5-16	486-493	indeksi	
5-17	494-503	ölçümleri	
5-18	504-505	(	
5-19	505-508	BMI	
5-20	508-509	)	
5-21	510-525	değerlendirildi	
5-22	525-526	.	

#Text=Çalışma grubu 433 hastadan oluşmaktadır, 189'u (%43,6) erkek, 244'ü (%56,4) kadındı.
6-1	527-534	Çalışma	
6-2	535-540	grubu	
6-3	541-544	433	
6-4	545-553	hastadan	
6-5	554-566	oluşmaktadır	
6-6	566-567	,	
6-7	568-571	189	
6-8	571-572	'	
6-9	572-573	u	
6-10	574-575	(	
6-11	575-576	%	
6-12	576-580	43,6	
6-13	580-581	)	
6-14	582-587	erkek	
6-15	587-588	,	
6-16	589-592	244	
6-17	592-593	'	
6-18	593-594	ü	
6-19	595-596	(	
6-20	596-597	%	
6-21	597-601	56,4	
6-22	601-602	)	
6-23	603-610	kadındı	
6-24	610-611	.	

#Text=Tanıya göre 177 (%40,9) hastada astım, 108 (%24,9) hastada alerjik rinit, 82 (%18,9) hastada atopik dermatit ve 66'sında (%15,2) kronik ürtiker vardı.
7-1	612-618	Tanıya	
7-2	619-623	göre	
7-3	624-627	177	
7-4	628-629	(	
7-5	629-630	%	
7-6	630-634	40,9	
7-7	634-635	)	
7-8	636-643	hastada	
7-9	644-649	astım	
7-10	649-650	,	
7-11	651-654	108	
7-12	655-656	(	
7-13	656-657	%	
7-14	657-661	24,9	
7-15	661-662	)	
7-16	663-670	hastada	
7-17	671-678	alerjik	
7-18	679-684	rinit	
7-19	684-685	,	
7-20	686-688	82	
7-21	689-690	(	
7-22	690-691	%	
7-23	691-695	18,9	
7-24	695-696	)	
7-25	697-704	hastada	
7-26	705-711	atopik	
7-27	712-720	dermatit	
7-28	721-723	ve	
7-29	724-726	66	
7-30	726-727	'	
7-31	727-732	sında	
7-32	733-734	(	
7-33	734-735	%	
7-34	735-739	15,2	
7-35	739-740	)	
7-36	741-747	kronik	
7-37	748-755	ürtiker	
7-38	756-761	vardı	
7-39	761-762	.	

#Text=SPT 285 (%65,8) hastada pozitif, 148 (%34,2) hastada negatif bulundu.
8-1	763-766	SPT	
8-2	767-770	285	
8-3	771-772	(	
8-4	772-773	%	
8-5	773-777	65,8	
8-6	777-778	)	
8-7	779-786	hastada	
8-8	787-794	pozitif	
8-9	794-795	,	
8-10	796-799	148	
8-11	800-801	(	
8-12	801-802	%	
8-13	802-806	34,2	
8-14	806-807	)	
8-15	808-815	hastada	
8-16	816-823	negatif	
8-17	824-831	bulundu	
8-18	831-832	.	

#Text=En sık görülen alerjenler %23.2, ev tozu %19.2, vahşi çimenlerde %14.8 ağaç karışımıydı.
9-1	833-835	En	
9-2	836-839	sık	
9-3	840-847	görülen	
9-4	848-858	alerjenler	
9-5	859-860	%	
9-6	860-864	23.2	
9-7	864-865	,	
9-8	866-868	ev	
9-9	869-873	tozu	
9-10	874-875	%	
9-11	875-879	19.2	
9-12	879-880	,	
9-13	881-886	vahşi	
9-14	887-897	çimenlerde	
9-15	898-899	%	
9-16	899-903	14.8	
9-17	904-908	ağaç	
9-18	909-920	karışımıydı	
9-19	920-921	.	

#Text=DPT pozitif grupta total IgE, CRP ve BMI değerleri istatistiksel olarak daha yüksekti (p=0.001).
10-1	922-925	DPT	
10-2	926-933	pozitif	
10-3	934-940	grupta	
10-4	941-946	total	
10-5	947-950	IgE	
10-6	950-951	,	
10-7	952-955	CRP	
10-8	956-958	ve	
10-9	959-962	BMI	
10-10	963-972	değerleri	
10-11	973-986	istatistiksel	
10-12	987-993	olarak	
10-13	994-998	daha	
10-14	999-1007	yüksekti	
10-15	1008-1009	(	
10-16	1009-1010	p	
10-17	1010-1011	=	
10-18	1011-1016	0.001	
10-19	1016-1017	)	
10-20	1017-1018	.	

#Text=Obez hastalarda istatistiksel olarak anlamlı pozitif deri prik sonuçları vardı (p = 0.036).
11-1	1019-1023	Obez	
11-2	1024-1034	hastalarda	
11-3	1035-1048	istatistiksel	
11-4	1049-1055	olarak	
11-5	1056-1063	anlamlı	
11-6	1064-1071	pozitif	
11-7	1072-1076	deri	
11-8	1077-1081	prik	
11-9	1082-1091	sonuçları	
11-10	1092-1097	vardı	
11-11	1098-1099	(	
11-12	1099-1100	p	
11-13	1101-1102	=	
11-14	1103-1108	0.036	
11-15	1108-1109	)	
11-16	1109-1110	.	

#Text=Ayrıca pozitif total IgE ve CRP grupları pozitif DPT grubunda anlamlı olarak daha yüksekti (p =0.001 ve p = 0.008).
12-1	1111-1117	Ayrıca	
12-2	1118-1125	pozitif	
12-3	1126-1131	total	
12-4	1132-1135	IgE	
12-5	1136-1138	ve	
12-6	1139-1142	CRP	
12-7	1143-1151	grupları	
12-8	1152-1159	pozitif	
12-9	1160-1163	DPT	
12-10	1164-1172	grubunda	
12-11	1173-1180	anlamlı	
12-12	1181-1187	olarak	
12-13	1188-1192	daha	
12-14	1193-1201	yüksekti	
12-15	1202-1203	(	
12-16	1203-1204	p	
12-17	1205-1206	=	
12-18	1206-1211	0.001	
12-19	1212-1214	ve	
12-20	1215-1216	p	
12-21	1217-1218	=	
12-22	1219-1224	0.008	
12-23	1224-1225	)	
12-24	1225-1226	.	

#Text=Total IgE düzeyleri ile DPT arasında orta düzeyde ve anlamlı pozitif korelasyon vardı (r = 0.463, p=0.001).
13-1	1227-1232	Total	
13-2	1233-1236	IgE	
13-3	1237-1246	düzeyleri	
13-4	1247-1250	ile	
13-5	1251-1254	DPT	
13-6	1255-1263	arasında	
13-7	1264-1268	orta	
13-8	1269-1276	düzeyde	
13-9	1277-1279	ve	
13-10	1280-1287	anlamlı	
13-11	1288-1295	pozitif	
13-12	1296-1306	korelasyon	
13-13	1307-1312	vardı	
13-14	1313-1314	(	
13-15	1314-1315	r	
13-16	1316-1317	=	
13-17	1318-1323	0.463	
13-18	1323-1324	,	
13-19	1325-1326	p	
13-20	1326-1327	=	
13-21	1327-1332	0.001	
13-22	1332-1333	)	
13-23	1333-1334	.	

#Text=Ayrıca CRP seviyeleri (r = 0.128, p = 0.008) ve obezite (r = 0.101, p = 0.036) düşük seviyede ve DPT ile anlamlı pozitif korelasyon gösterdi.
14-1	1335-1341	Ayrıca	
14-2	1342-1345	CRP	
14-3	1346-1356	seviyeleri	
14-4	1357-1358	(	
14-5	1358-1359	r	
14-6	1360-1361	=	
14-7	1362-1367	0.128	
14-8	1367-1368	,	
14-9	1369-1370	p	
14-10	1371-1372	=	
14-11	1373-1378	0.008	
14-12	1378-1379	)	
14-13	1380-1382	ve	
14-14	1383-1390	obezite	
14-15	1391-1392	(	
14-16	1392-1393	r	
14-17	1394-1395	=	
14-18	1396-1401	0.101	
14-19	1401-1402	,	
14-20	1403-1404	p	
14-21	1405-1406	=	
14-22	1407-1412	0.036	
14-23	1412-1413	)	
14-24	1414-1419	düşük	
14-25	1420-1428	seviyede	
14-26	1429-1431	ve	
14-27	1432-1435	DPT	
14-28	1436-1439	ile	
14-29	1440-1447	anlamlı	
14-30	1448-1455	pozitif	
14-31	1456-1466	korelasyon	
14-32	1467-1475	gösterdi	
14-33	1475-1476	.	

#Text=DPT için sadece total IgE istatistiksel olarak anlamlı risk faktörü idi.
15-1	1477-1480	DPT	
15-2	1481-1485	için	
15-3	1486-1492	sadece	
15-4	1493-1498	total	
15-5	1499-1502	IgE	
15-6	1503-1516	istatistiksel	
15-7	1517-1523	olarak	
15-8	1524-1531	anlamlı	
15-9	1532-1536	risk	
15-10	1537-1544	faktörü	
15-11	1545-1548	idi	
15-12	1548-1549	.	

#Text=Pozitif total IgE düzeyi, pozitif SPT olasılığını 8.11 kat arttırır.
16-1	1550-1557	Pozitif	
16-2	1558-1563	total	
16-3	1564-1567	IgE	
16-4	1568-1574	düzeyi	
16-5	1574-1575	,	
16-6	1576-1583	pozitif	
16-7	1584-1587	SPT	
16-8	1588-1599	olasılığını	
16-9	1600-1604	8.11	
16-10	1605-1608	kat	
16-11	1609-1617	arttırır	
16-12	1617-1618	.	

#Text=Bu çalışma, yüksek total IgE, CRP ve obezite düzeylerinin, pozitif deri prik testi olasılığının artmasıyla atopi ile ilişkiye sahip olabileceğini göstermektedir.
17-1	1619-1621	Bu	
17-2	1622-1629	çalışma	
17-3	1629-1630	,	
17-4	1631-1637	yüksek	
17-5	1638-1643	total	
17-6	1644-1647	IgE	
17-7	1647-1648	,	
17-8	1649-1652	CRP	
17-9	1653-1655	ve	
17-10	1656-1663	obezite	
17-11	1664-1676	düzeylerinin	
17-12	1676-1677	,	
17-13	1678-1685	pozitif	
17-14	1686-1690	deri	
17-15	1691-1695	prik	
17-16	1696-1701	testi	
17-17	1702-1714	olasılığının	
17-18	1715-1725	artmasıyla	
17-19	1726-1731	atopi	
17-20	1732-1735	ile	
17-21	1736-1744	ilişkiye	
17-22	1745-1750	sahip	
17-23	1751-1764	olabileceğini	
17-24	1765-1779	göstermektedir	
17-25	1779-1780	.	

#Text=Pozitif total IgE düzeyi, deri prik test pozitifliği için güçlü bir prediktör olabilir.
18-1	1781-1788	Pozitif	
18-2	1789-1794	total	
18-3	1795-1798	IgE	
18-4	1799-1805	düzeyi	
18-5	1805-1806	,	
18-6	1807-1811	deri	
18-7	1812-1816	prik	
18-8	1817-1821	test	
18-9	1822-1833	pozitifliği	
18-10	1834-1838	için	
18-11	1839-1844	güçlü	
18-12	1845-1848	bir	
18-13	1849-1858	prediktör	
18-14	1859-1867	olabilir	
18-15	1867-1868	.	
