#FORMAT=WebAnno TSV 3.3


#Text=ÖZET
1-1	0-4	ÖZET	

#Text=Ülkemizde endemik zoonotik hastalık olan bruselloz çeşitli klinik tablolar ve komplikasyonlarla karşımıza çıkabildiğinden tanı ve tedavisinde zorluk yaşanabilen bir hastalıktır.
2-1	5-14	Ülkemizde	
2-2	15-22	endemik	
2-3	23-31	zoonotik	
2-4	32-40	hastalık	
2-5	41-45	olan	
2-6	46-55	bruselloz	
2-7	56-63	çeşitli	
2-8	64-70	klinik	
2-9	71-79	tablolar	
2-10	80-82	ve	
2-11	83-100	komplikasyonlarla	
2-12	101-110	karşımıza	
2-13	111-126	çıkabildiğinden	
2-14	127-131	tanı	
2-15	132-134	ve	
2-16	135-146	tedavisinde	
2-17	147-153	zorluk	
2-18	154-165	yaşanabilen	
2-19	166-169	bir	
2-20	170-181	hastalıktır	
2-21	181-182	.	

#Text=Bakteriyemi yapabilme özelliği nedeniyle Brucella cinsine ait bakteriler çok çeşitli organlara yerleşip  atipik klinik formlarda karşımıza çıkabilir.
3-1	183-194	Bakteriyemi	
3-2	195-204	yapabilme	
3-3	205-213	özelliği	
3-4	214-223	nedeniyle	
3-5	224-232	Brucella	
3-6	233-240	cinsine	
3-7	241-244	ait	
3-8	245-255	bakteriler	
3-9	256-259	çok	
3-10	260-267	çeşitli	
3-11	268-277	organlara	
3-12	278-286	yerleşip	
3-13	288-294	atipik	
3-14	295-301	klinik	
3-15	302-311	formlarda	
3-16	312-321	karşımıza	
3-17	322-331	çıkabilir	
3-18	331-332	.	

#Text=Brucella türlerinin neden olduğu kolesistit nadir görülen bir tablodur.
4-1	333-341	Brucella	
4-2	342-352	türlerinin	
4-3	353-358	neden	
4-4	359-365	olduğu	
4-5	366-376	kolesistit	
4-6	377-382	nadir	
4-7	383-390	görülen	
4-8	391-394	bir	
4-9	395-403	tablodur	
4-10	403-404	.	

#Text=Bu olgu sunumunda tanısında oldukça zorlanılan, tanısı dren kültüründe Brusella melitensis üremesi ile konulan seronegatif bruselloza bağlı akut kolesistit olgusu sunuldu.
5-1	405-407	Bu	
5-2	408-412	olgu	
5-3	413-422	sunumunda	
5-4	423-432	tanısında	
5-5	433-440	oldukça	
5-6	441-451	zorlanılan	
5-7	451-452	,	
5-8	453-459	tanısı	
5-9	460-464	dren	
5-10	465-475	kültüründe	
5-11	476-484	Brusella	
5-12	485-495	melitensis	
5-13	496-503	üremesi	
5-14	504-507	ile	
5-15	508-515	konulan	
5-16	516-527	seronegatif	
5-17	528-538	bruselloza	
5-18	539-544	bağlı	
5-19	545-549	akut	
5-20	550-560	kolesistit	
5-21	561-567	olgusu	
5-22	568-575	sunuldu	
5-23	575-576	.	

#Text=Akut kolesistit ön tanısı ile opere edilen postoperatif dönemde ateş yüksekliği ve lökopeni gelişen hastada, negatif Brusella serolojisine rağmen kan kültüründe ve dren kültüründe Brucella melitensis tespit edilmiştir.
6-1	577-581	Akut	
6-2	582-592	kolesistit	
6-3	593-595	ön	
6-4	596-602	tanısı	
6-5	603-606	ile	
6-6	607-612	opere	
6-7	613-619	edilen	
6-8	620-632	postoperatif	
6-9	633-640	dönemde	
6-10	641-645	ateş	
6-11	646-656	yüksekliği	
6-12	657-659	ve	
6-13	660-668	lökopeni	
6-14	669-676	gelişen	
6-15	677-684	hastada	
6-16	684-685	,	
6-17	686-693	negatif	
6-18	694-702	Brusella	
6-19	703-715	serolojisine	
6-20	716-722	rağmen	
6-21	723-726	kan	
6-22	727-737	kültüründe	
6-23	738-740	ve	
6-24	741-745	dren	
6-25	746-756	kültüründe	
6-26	757-765	Brucella	
6-27	766-776	melitensis	
6-28	777-783	tespit	
6-29	784-794	edilmiştir	
6-30	794-795	.	

#Text=Hasta 6 haftalık doksisiklin 2x100 mg/gün ve rifampisin 1x600 mg/gün tedavisi sonrası sekelsiz iyileşmiştir.
7-1	796-801	Hasta	
7-2	802-803	6	
7-3	804-812	haftalık	
7-4	813-824	doksisiklin	
7-5	825-830	2x100	
7-6	831-833	mg	
7-7	833-834	/	
7-8	834-837	gün	
7-9	838-840	ve	
7-10	841-851	rifampisin	
7-11	852-857	1x600	
7-12	858-860	mg	
7-13	860-861	/	
7-14	861-864	gün	
7-15	865-873	tedavisi	
7-16	874-881	sonrası	
7-17	882-890	sekelsiz	
7-18	891-903	iyileşmiştir	
7-19	903-904	.	

#Text=GİRİŞ
8-1	905-910	GİRİŞ	

#Text=Ülkemizde endemik hastalık olan bruselloz, çeşitli klinik tablolar ve komplikasyonlarla karşımıza çıkabildiğinden tanı ve tedavisinde zorluk yaşanabilen bir zoonotik hastalıktır.
9-1	911-920	Ülkemizde	
9-2	921-928	endemik	
9-3	929-937	hastalık	
9-4	938-942	olan	
9-5	943-952	bruselloz	
9-6	952-953	,	
9-7	954-961	çeşitli	
9-8	962-968	klinik	
9-9	969-977	tablolar	
9-10	978-980	ve	
9-11	981-998	komplikasyonlarla	
9-12	999-1008	karşımıza	
9-13	1009-1024	çıkabildiğinden	
9-14	1025-1029	tanı	
9-15	1030-1032	ve	
9-16	1033-1044	tedavisinde	
9-17	1045-1051	zorluk	
9-18	1052-1063	yaşanabilen	
9-19	1064-1067	bir	
9-20	1068-1076	zoonotik	
9-21	1077-1088	hastalıktır	
9-22	1088-1089	.	

#Text=Bakteriyemi yapabilme özelliği nedeniyle Brucella cinsi bakteriler çeşitli organlara yerleşip  atipik klinik formlara neden olabilir.
10-1	1090-1101	Bakteriyemi	
10-2	1102-1111	yapabilme	
10-3	1112-1120	özelliği	
10-4	1121-1130	nedeniyle	
10-5	1131-1139	Brucella	
10-6	1140-1145	cinsi	
10-7	1146-1156	bakteriler	
10-8	1157-1164	çeşitli	
10-9	1165-1174	organlara	
10-10	1175-1183	yerleşip	
10-11	1185-1191	atipik	
10-12	1192-1198	klinik	
10-13	1199-1207	formlara	
10-14	1208-1213	neden	
10-15	1214-1222	olabilir	
10-16	1222-1223	.	

#Text=Gastrointestinal sistem, bruselloz olgularında %70 ve üzeri oranda tutulur.
11-1	1224-1240	Gastrointestinal	
11-2	1241-1247	sistem	
11-3	1247-1248	,	
11-4	1249-1258	bruselloz	
11-5	1259-1270	olgularında	
11-6	1271-1272	%	
11-7	1272-1274	70	
11-8	1275-1277	ve	
11-9	1278-1283	üzeri	
11-10	1284-1290	oranda	
11-11	1291-1298	tutulur	
11-12	1298-1299	.	

#Text=Bruselloz sırasında çok çeşitli gastroin-testinal belirtiler ortaya çıkabilir.
12-1	1300-1309	Bruselloz	
12-2	1310-1319	sırasında	
12-3	1320-1323	çok	
12-4	1324-1331	çeşitli	
12-5	1332-1349	gastroin-testinal	
12-6	1350-1360	belirtiler	
12-7	1361-1367	ortaya	
12-8	1368-1377	çıkabilir	
12-9	1377-1378	.	

#Text=Bunlar anoreksi, kusma, ishal, kabızlık gibi daha hafif şikayetlerden, mezenterik lenfadenit gibi daha ciddi komplikasyonlara kadar uzanmaktadır.
13-1	1379-1385	Bunlar	
13-2	1386-1394	anoreksi	
13-3	1394-1395	,	
13-4	1396-1401	kusma	
13-5	1401-1402	,	
13-6	1403-1408	ishal	
13-7	1408-1409	,	
13-8	1410-1418	kabızlık	
13-9	1419-1423	gibi	
13-10	1424-1428	daha	
13-11	1429-1434	hafif	
13-12	1435-1448	şikayetlerden	
13-13	1448-1449	,	
13-14	1450-1460	mezenterik	
13-15	1461-1471	lenfadenit	
13-16	1472-1476	gibi	
13-17	1477-1481	daha	
13-18	1482-1487	ciddi	
13-19	1488-1504	komplikasyonlara	
13-20	1505-1510	kadar	
13-21	1511-1523	uzanmaktadır	
13-22	1523-1524	.	

#Text=Karaciğer veya dalak tutulumu (her iki organdan birinde hepatit veya granülom ve/veya apse oluşumu) ve kolesistit, kolit, pankreatit, peritonit ve ileus gibi hayatı tehdit eden nadir komplikasyonlara neden olabilir.
14-1	1525-1534	Karaciğer	
14-2	1535-1539	veya	
14-3	1540-1545	dalak	
14-4	1546-1554	tutulumu	
14-5	1555-1556	(	
14-6	1556-1559	her	
14-7	1560-1563	iki	
14-8	1564-1572	organdan	
14-9	1573-1580	birinde	
14-10	1581-1588	hepatit	
14-11	1589-1593	veya	
14-12	1594-1602	granülom	
14-13	1603-1605	ve	
14-14	1605-1606	/	
14-15	1606-1610	veya	
14-16	1611-1615	apse	
14-17	1616-1623	oluşumu	
14-18	1623-1624	)	
14-19	1625-1627	ve	
14-20	1628-1638	kolesistit	
14-21	1638-1639	,	
14-22	1640-1645	kolit	
14-23	1645-1646	,	
14-24	1647-1657	pankreatit	
14-25	1657-1658	,	
14-26	1659-1668	peritonit	
14-27	1669-1671	ve	
14-28	1672-1677	ileus	
14-29	1678-1682	gibi	
14-30	1683-1689	hayatı	
14-31	1690-1696	tehdit	
14-32	1697-1701	eden	
14-33	1702-1707	nadir	
14-34	1708-1724	komplikasyonlara	
14-35	1725-1730	neden	
14-36	1731-1739	olabilir	
14-37	1739-1740	.	

#Text=Brucella türlerinin neden olduğu kolesistit oldukça nadir görülen bir tablodur.
15-1	1741-1749	Brucella	
15-2	1750-1760	türlerinin	
15-3	1761-1766	neden	
15-4	1767-1773	olduğu	
15-5	1774-1784	kolesistit	
15-6	1785-1792	oldukça	
15-7	1793-1798	nadir	
15-8	1799-1806	görülen	
15-9	1807-1810	bir	
15-10	1811-1819	tablodur	
15-11	1819-1820	.	

#Text=Bu olgu sunumunda, tanısında oldukça zorlanılan, tanısı dren kültüründe Brusella melitensis üremesi ile konulan seronegatif bruselloza bağlı akut kolesistit olgusu sunuldu.
16-1	1821-1823	Bu	
16-2	1824-1828	olgu	
16-3	1829-1838	sunumunda	
16-4	1838-1839	,	
16-5	1840-1849	tanısında	
16-6	1850-1857	oldukça	
16-7	1858-1868	zorlanılan	
16-8	1868-1869	,	
16-9	1870-1876	tanısı	
16-10	1877-1881	dren	
16-11	1882-1892	kültüründe	
16-12	1893-1901	Brusella	
16-13	1902-1912	melitensis	
16-14	1913-1920	üremesi	
16-15	1921-1924	ile	
16-16	1925-1932	konulan	
16-17	1933-1944	seronegatif	
16-18	1945-1955	bruselloza	
16-19	1956-1961	bağlı	
16-20	1962-1966	akut	
16-21	1967-1977	kolesistit	
16-22	1978-1984	olgusu	
16-23	1985-1992	sunuldu	
16-24	1992-1993	.	

#Text=İÇERİK
17-1	1994-2000	İÇERİK	

#Text=Genel cerrahi kliniğine, akut kolesistit ön tanısı ile yatırılan 30 yaşında erkek hasta postoperatif birinci günde ateş yüksekliği olması üzerine tarafımıza konsülte edildi.
18-1	2001-2006	Genel	
18-2	2007-2014	cerrahi	
18-3	2015-2024	kliniğine	
18-4	2024-2025	,	
18-5	2026-2030	akut	
18-6	2031-2041	kolesistit	
18-7	2042-2044	ön	
18-8	2045-2051	tanısı	
18-9	2052-2055	ile	
18-10	2056-2065	yatırılan	
18-11	2066-2068	30	
18-12	2069-2076	yaşında	
18-13	2077-2082	erkek	
18-14	2083-2088	hasta	
18-15	2089-2101	postoperatif	
18-16	2102-2109	birinci	
18-17	2110-2115	günde	
18-18	2116-2120	ateş	
18-19	2121-2131	yüksekliği	
18-20	2132-2138	olması	
18-21	2139-2146	üzerine	
18-22	2147-2157	tarafımıza	
18-23	2158-2166	konsülte	
18-24	2167-2173	edildi	
18-25	2173-2174	.	

#Text=Hastanın öyküsünden üç gündür halsizlik ve sağ üst kadran ağrısı şikayeti olduğu öğrenildi.
19-1	2175-2183	Hastanın	
19-2	2184-2194	öyküsünden	
19-3	2195-2197	üç	
19-4	2198-2204	gündür	
19-5	2205-2214	halsizlik	
19-6	2215-2217	ve	
19-7	2218-2221	sağ	
19-8	2222-2225	üst	
19-9	2226-2232	kadran	
19-10	2233-2239	ağrısı	
19-11	2240-2248	şikayeti	
19-12	2249-2255	olduğu	
19-13	2256-2265	öğrenildi	
19-14	2265-2266	.	

#Text=Kırsal kesimde yaşayan hastanın öz geçmişinde bilinen kronik hastalığı mevcut değildi.
20-1	2267-2273	Kırsal	
20-2	2274-2281	kesimde	
20-3	2282-2289	yaşayan	
20-4	2290-2298	hastanın	
20-5	2299-2301	öz	
20-6	2302-2312	geçmişinde	
20-7	2313-2320	bilinen	
20-8	2321-2327	kronik	
20-9	2328-2337	hastalığı	
20-10	2338-2344	mevcut	
20-11	2345-2352	değildi	
20-12	2352-2353	.	

#Text=Hastanın fizik muayenesinde bilinci açık, kooperasyon ve oryantasyonu tam, takipneik görünümde, nabız 110/dk, tansiyon arteryal 100/60 mmHg, vücut ısısı 38.5 C, sağ üst kadranda operasyon lojuna uyan bölgede hassasiyeti, batında dreni mevcuttu.
21-1	2354-2362	Hastanın	
21-2	2363-2368	fizik	
21-3	2369-2381	muayenesinde	
21-4	2382-2389	bilinci	
21-5	2390-2394	açık	
21-6	2394-2395	,	
21-7	2396-2407	kooperasyon	
21-8	2408-2410	ve	
21-9	2411-2423	oryantasyonu	
21-10	2424-2427	tam	
21-11	2427-2428	,	
21-12	2429-2438	takipneik	
21-13	2439-2448	görünümde	
21-14	2448-2449	,	
21-15	2450-2455	nabız	
21-16	2456-2459	110	
21-17	2459-2460	/	
21-18	2460-2462	dk	
21-19	2462-2463	,	
21-20	2464-2472	tansiyon	
21-21	2473-2481	arteryal	
21-22	2482-2485	100	
21-23	2485-2486	/	
21-24	2486-2488	60	
21-25	2489-2493	mmHg	
21-26	2493-2494	,	
21-27	2495-2500	vücut	
21-28	2501-2506	ısısı	
21-29	2507-2511	38.5	
21-30	2512-2513	C	
21-31	2513-2514	,	
21-32	2515-2518	sağ	
21-33	2519-2522	üst	
21-34	2523-2531	kadranda	
21-35	2532-2541	operasyon	
21-36	2542-2548	lojuna	
21-37	2549-2553	uyan	
21-38	2554-2561	bölgede	
21-39	2562-2573	hassasiyeti	
21-40	2573-2574	,	
21-41	2575-2582	batında	
21-42	2583-2588	dreni	
21-43	2589-2597	mevcuttu	
21-44	2597-2598	.	

#Text=Diğer sistem muayeneleri olağandı.
22-1	2599-2604	Diğer	
22-2	2605-2611	sistem	
22-3	2612-2623	muayeneleri	
22-4	2624-2632	olağandı	
22-5	2632-2633	.	

#Text=Laboratuvar tetkiklerinde lökopeni (lökosit: 3400 (%48 nötrofil), anemi (hemoglobin: 10,1g/dl), platelet: 152.000/mm3, alanin amino transferaz (ALT): 100 IU/L, aspartat amino transferaz (AST): 60 IU/L, alkalen fosfataz (ALP): 140 U/L, gama-glutamil transferaz (GGT): 138 U/L, total serum bilirübin: 2.4 mg/dl, albümin: 2.1 g/dl, C-reaktif protein (CRP):237 mg/l, prokalsitonin 17 ng/mL olarak saptandı.
23-1	2634-2645	Laboratuvar	
23-2	2646-2659	tetkiklerinde	
23-3	2660-2668	lökopeni	
23-4	2669-2670	(	
23-5	2670-2677	lökosit	
23-6	2677-2678	:	
23-7	2679-2683	3400	
23-8	2684-2685	(	
23-9	2685-2686	%	
23-10	2686-2688	48	
23-11	2689-2697	nötrofil	
23-12	2697-2698	)	
23-13	2698-2699	,	
23-14	2700-2705	anemi	
23-15	2706-2707	(	
23-16	2707-2717	hemoglobin	
23-17	2717-2718	:	
23-18	2719-2724	10,1g	
23-19	2724-2725	/	
23-20	2725-2727	dl	
23-21	2727-2728	)	
23-22	2728-2729	,	
23-23	2730-2738	platelet	
23-24	2738-2739	:	
23-25	2740-2747	152.000	
23-26	2747-2748	/	
23-27	2748-2751	mm3	
23-28	2751-2752	,	
23-29	2753-2759	alanin	
23-30	2760-2765	amino	
23-31	2766-2776	transferaz	
23-32	2777-2778	(	
23-33	2778-2781	ALT	
23-34	2781-2782	)	
23-35	2782-2783	:	
23-36	2784-2787	100	
23-37	2788-2790	IU	
23-38	2790-2791	/	
23-39	2791-2792	L	
23-40	2792-2793	,	
23-41	2794-2802	aspartat	
23-42	2803-2808	amino	
23-43	2809-2819	transferaz	
23-44	2820-2821	(	
23-45	2821-2824	AST	
23-46	2824-2825	)	
23-47	2825-2826	:	
23-48	2827-2829	60	
23-49	2830-2832	IU	
23-50	2832-2833	/	
23-51	2833-2834	L	
23-52	2834-2835	,	
23-53	2836-2843	alkalen	
23-54	2844-2852	fosfataz	
23-55	2853-2854	(	
23-56	2854-2857	ALP	
23-57	2857-2858	)	
23-58	2858-2859	:	
23-59	2860-2863	140	
23-60	2864-2865	U	
23-61	2865-2866	/	
23-62	2866-2867	L	
23-63	2867-2868	,	
23-64	2869-2882	gama-glutamil	
23-65	2883-2893	transferaz	
23-66	2894-2895	(	
23-67	2895-2898	GGT	
23-68	2898-2899	)	
23-69	2899-2900	:	
23-70	2901-2904	138	
23-71	2905-2906	U	
23-72	2906-2907	/	
23-73	2907-2908	L	
23-74	2908-2909	,	
23-75	2910-2915	total	
23-76	2916-2921	serum	
23-77	2922-2931	bilirübin	
23-78	2931-2932	:	
23-79	2933-2936	2.4	
23-80	2937-2939	mg	
23-81	2939-2940	/	
23-82	2940-2942	dl	
23-83	2942-2943	,	
23-84	2944-2951	albümin	
23-85	2951-2952	:	
23-86	2953-2956	2.1	
23-87	2957-2958	g	
23-88	2958-2959	/	
23-89	2959-2961	dl	
23-90	2961-2962	,	
23-91	2963-2972	C-reaktif	
23-92	2973-2980	protein	
23-93	2981-2982	(	
23-94	2982-2985	CRP	
23-95	2985-2986	)	
23-96	2986-2987	:	
23-97	2987-2990	237	
23-98	2991-2993	mg	
23-99	2993-2994	/	
23-100	2994-2995	l	
23-101	2995-2996	,	
23-102	2997-3010	prokalsitonin	
23-103	3011-3013	17	
23-104	3014-3016	ng	
23-105	3016-3017	/	
23-106	3017-3019	mL	
23-107	3020-3026	olarak	
23-108	3027-3035	saptandı	
23-109	3035-3036	.	

#Text=Diğer biyokimyasal tetkiklerde anormal bulgu saptanmadı.
24-1	3037-3042	Diğer	
24-2	3043-3055	biyokimyasal	
24-3	3056-3067	tetkiklerde	
24-4	3068-3075	anormal	
24-5	3076-3081	bulgu	
24-6	3082-3092	saptanmadı	
24-7	3092-3093	.	

#Text=Ayrıca karaciğer enzim yüksekliği nedeniyle istenen viral enfeksiyon belirteçleri (hepatit A,B,C, Citomegalovirüs) negatif olarak saptandı.
25-1	3094-3100	Ayrıca	
25-2	3101-3110	karaciğer	
25-3	3111-3116	enzim	
25-4	3117-3127	yüksekliği	
25-5	3128-3137	nedeniyle	
25-6	3138-3145	istenen	
25-7	3146-3151	viral	
25-8	3152-3162	enfeksiyon	
25-9	3163-3175	belirteçleri	
25-10	3176-3177	(	
25-11	3177-3184	hepatit	
25-12	3185-3186	A	
25-13	3186-3187	,	
25-14	3187-3188	B	
25-15	3188-3189	,	
25-16	3189-3190	C	
25-17	3190-3191	,	
25-18	3192-3207	Citomegalovirüs	
25-19	3207-3208	)	
25-20	3209-3216	negatif	
25-21	3217-3223	olarak	
25-22	3224-3232	saptandı	
25-23	3232-3233	.	

#Text=Periferik yaymasında atipik hücreye rastlanmadı.
26-1	3234-3243	Periferik	
26-2	3244-3254	yaymasında	
26-3	3255-3261	atipik	
26-4	3262-3269	hücreye	
26-5	3270-3281	rastlanmadı	
26-6	3281-3282	.	

#Text=Batın tomografisinde safra kesesi duvar kalınlığı artmış ve ödemli olup akut kolesistitle uyumlu olarak saptandı.
27-1	3283-3288	Batın	
27-2	3289-3303	tomografisinde	
27-3	3304-3309	safra	
27-4	3310-3316	kesesi	
27-5	3317-3322	duvar	
27-6	3323-3332	kalınlığı	
27-7	3333-3339	artmış	
27-8	3340-3342	ve	
27-9	3343-3349	ödemli	
27-10	3350-3354	olup	
27-11	3355-3359	akut	
27-12	3360-3372	kolesistitle	
27-13	3373-3379	uyumlu	
27-14	3380-3386	olarak	
27-15	3387-3395	saptandı	
27-16	3395-3396	.	

#Text=Hastadan kan ve idrar kültürleri istendi.
28-1	3397-3405	Hastadan	
28-2	3406-3409	kan	
28-3	3410-3412	ve	
28-4	3413-3418	idrar	
28-5	3419-3429	kültürleri	
28-6	3430-3437	istendi	
28-7	3437-3438	.	

#Text=Ampirik olarak batın içi enfeksiyon ön tanısıyla seftriakson 2x1 gr/IV + ornidazol 2x500 gr/IV tedavileri başlandı.
29-1	3439-3446	Ampirik	
29-2	3447-3453	olarak	
29-3	3454-3459	batın	
29-4	3460-3463	içi	
29-5	3464-3474	enfeksiyon	
29-6	3475-3477	ön	
29-7	3478-3487	tanısıyla	
29-8	3488-3499	seftriakson	
29-9	3500-3503	2x1	
29-10	3504-3506	gr	
29-11	3506-3507	/	
29-12	3507-3509	IV	
29-13	3510-3511	+	
29-14	3512-3521	ornidazol	
29-15	3522-3527	2x500	
29-16	3528-3530	gr	
29-17	3530-3531	/	
29-18	3531-3533	IV	
29-19	3534-3544	tedavileri	
29-20	3545-3553	başlandı	
29-21	3553-3554	.	

#Text=Kültür sonuçları ile rekonsültasyon önerildi.
30-1	3555-3561	Kültür	
30-2	3562-3571	sonuçları	
30-3	3572-3575	ile	
30-4	3576-3590	rekonsültasyon	
30-5	3591-3599	önerildi	
30-6	3599-3600	.	

#Text=Hastanın lökopenisinin derinleşmesi ve ateş yanıtının alınmaması üzerinetekrar konsülte edildi.
31-1	3601-3609	Hastanın	
31-2	3610-3623	lökopenisinin	
31-3	3624-3636	derinleşmesi	
31-4	3637-3639	ve	
31-5	3640-3644	ateş	
31-6	3645-3654	yanıtının	
31-7	3655-3665	alınmaması	
31-8	3666-3679	üzerinetekrar	
31-9	3680-3688	konsülte	
31-10	3689-3695	edildi	
31-11	3695-3696	.	

#Text=Hastadan Rose Bengal ve Coombs’lu Wright tetkikleri istendi.
32-1	3697-3705	Hastadan	
32-2	3706-3710	Rose	
32-3	3711-3717	Bengal	
32-4	3718-3720	ve	
32-5	3721-3727	Coombs	
32-6	3727-3728	’	
32-7	3728-3730	lu	
32-8	3731-3737	Wright	
32-9	3738-3748	tetkikleri	
32-10	3749-3756	istendi	
32-11	3756-3757	.	

#Text=Kan kültürü tekrarlandı.
33-1	3758-3761	Kan	
33-2	3762-3769	kültürü	
33-3	3770-3781	tekrarlandı	
33-4	3781-3782	.	

#Text=Rose Bengal testi pozitifti; Coombs’lu Wright testi 1/80 titrede pozitif olarak saptandı.
34-1	3783-3787	Rose	
34-2	3788-3794	Bengal	
34-3	3795-3800	testi	
34-4	3801-3810	pozitifti	
34-5	3810-3811	;	
34-6	3812-3818	Coombs	
34-7	3818-3819	’	
34-8	3819-3821	lu	
34-9	3822-3828	Wright	
34-10	3829-3834	testi	
34-11	3835-3836	1	
34-12	3836-3837	/	
34-13	3837-3839	80	
34-14	3840-3847	titrede	
34-15	3848-3855	pozitif	
34-16	3856-3862	olarak	
34-17	3863-3871	saptandı	
34-18	3871-3872	.	

#Text=Hastaya klinik ve laboratuvar bulgularla bruselloz tanısı konulamadı.
35-1	3873-3880	Hastaya	
35-2	3881-3887	klinik	
35-3	3888-3890	ve	
35-4	3891-3902	laboratuvar	
35-5	3903-3913	bulgularla	
35-6	3914-3923	bruselloz	
35-7	3924-3930	tanısı	
35-8	3931-3941	konulamadı	
35-9	3941-3942	.	

#Text=Hasta alınan dren kültüründe Brusella spp üremesi üzerine tekrar konsülte edildi.
36-1	3943-3948	Hasta	
36-2	3949-3955	alınan	
36-3	3956-3960	dren	
36-4	3961-3971	kültüründe	
36-5	3972-3980	Brusella	
36-6	3981-3984	spp	
36-7	3985-3992	üremesi	
36-8	3993-4000	üzerine	
36-9	4001-4007	tekrar	
36-10	4008-4016	konsülte	
36-11	4017-4023	edildi	
36-12	4023-4024	.	

#Text=Üreyen mikroorganizmaların identifikasyonu hastanemiz mikrobiyoloji laboratuvarında VITEK 2 Compact (Biomerieux clinical diagnostics, France) cihazı ile yapıldı.
37-1	4025-4031	Üreyen	
37-2	4032-4051	mikroorganizmaların	
37-3	4052-4067	identifikasyonu	
37-4	4068-4078	hastanemiz	
37-5	4079-4092	mikrobiyoloji	
37-6	4093-4108	laboratuvarında	
37-7	4109-4114	VITEK	
37-8	4115-4116	2	
37-9	4117-4124	Compact	
37-10	4125-4126	(	
37-11	4126-4136	Biomerieux	
37-12	4137-4145	clinical	
37-13	4146-4157	diagnostics	
37-14	4157-4158	,	
37-15	4159-4165	France	
37-16	4165-4166	)	
37-17	4167-4173	cihazı	
37-18	4174-4177	ile	
37-19	4178-4185	yapıldı	
37-20	4185-4186	.	

#Text=Brucella spp olarak tanımlanan mikroorganizma, T.C. Sağlık Bakanlığı Halk Sağlığı Genel Müdürlüğü Mikrobiyoloji Referans Laboratuvarı’nda B.melitensis olarak tiplendirildi.
38-1	4187-4195	Brucella	
38-2	4196-4199	spp	
38-3	4200-4206	olarak	
38-4	4207-4217	tanımlanan	
38-5	4218-4232	mikroorganizma	
38-6	4232-4233	,	
38-7	4234-4237	T.C	
38-8	4237-4238	.	
38-9	4239-4245	Sağlık	
38-10	4246-4255	Bakanlığı	
38-11	4256-4260	Halk	
38-12	4261-4268	Sağlığı	
38-13	4269-4274	Genel	
38-14	4275-4284	Müdürlüğü	
38-15	4285-4298	Mikrobiyoloji	
38-16	4299-4307	Referans	
38-17	4308-4320	Laboratuvarı	
38-18	4320-4321	’	
38-19	4321-4324	nda	
38-20	4325-4337	B.melitensis	
38-21	4338-4344	olarak	
38-22	4345-4358	tiplendirildi	
38-23	4358-4359	.	

#Text=Bunun üzerine hasta seronegatif bruselloza bağlı akut kolesistit olarak değerlendirildi.
39-1	4360-4365	Bunun	
39-2	4366-4373	üzerine	
39-3	4374-4379	hasta	
39-4	4380-4391	seronegatif	
39-5	4392-4402	bruselloza	
39-6	4403-4408	bağlı	
39-7	4409-4413	akut	
39-8	4414-4424	kolesistit	
39-9	4425-4431	olarak	
39-10	4432-4447	değerlendirildi	
39-11	4447-4448	.	

#Text=Hasta servisimize devir alındı.
40-1	4449-4454	Hasta	
40-2	4455-4466	servisimize	
40-3	4467-4472	devir	
40-4	4473-4479	alındı	
40-5	4479-4480	.	

#Text=Hastanın tedavisi doksisiklin 2x100 mg/gün ve rifampisin 1x600 mg/gün olarak düzenlendi.
41-1	4481-4489	Hastanın	
41-2	4490-4498	tedavisi	
41-3	4499-4510	doksisiklin	
41-4	4511-4516	2x100	
41-5	4517-4519	mg	
41-6	4519-4520	/	
41-7	4520-4523	gün	
41-8	4524-4526	ve	
41-9	4527-4537	rifampisin	
41-10	4538-4543	1x600	
41-11	4544-4546	mg	
41-12	4546-4547	/	
41-13	4547-4550	gün	
41-14	4551-4557	olarak	
41-15	4558-4568	düzenlendi	
41-16	4568-4569	.	

#Text=Hastadan 2 hafta sonra tekrar Coombs’lu Wright tetkiki istendi.
42-1	4570-4578	Hastadan	
42-2	4579-4580	2	
42-3	4581-4586	hafta	
42-4	4587-4592	sonra	
42-5	4593-4599	tekrar	
42-6	4600-4606	Coombs	
42-7	4606-4607	’	
42-8	4607-4609	lu	
42-9	4610-4616	Wright	
42-10	4617-4624	tetkiki	
42-11	4625-4632	istendi	
42-12	4632-4633	.	

#Text=Coombs’lu Wright testi titresinde değişiklik olmadı.
43-1	4634-4640	Coombs	
43-2	4640-4641	’	
43-3	4641-4643	lu	
43-4	4644-4650	Wright	
43-5	4651-4656	testi	
43-6	4657-4667	titresinde	
43-7	4668-4678	değişiklik	
43-8	4679-4685	olmadı	
43-9	4685-4686	.	

#Text=Hastanın kan kültürlerinde de Brusella melitensis üremesi oldu.
44-1	4687-4695	Hastanın	
44-2	4696-4699	kan	
44-3	4700-4713	kültürlerinde	
44-4	4714-4716	de	
44-5	4717-4725	Brusella	
44-6	4726-4736	melitensis	
44-7	4737-4744	üremesi	
44-8	4745-4749	oldu	
44-9	4749-4750	.	

#Text=Klinik bulguları stabilleşen, dreni çekilen hastanın doksisiklin ve rifampisin kombinasyon tedavisi poliklinik kontrolleri ile altı haftaya tamamlandı.
45-1	4751-4757	Klinik	
45-2	4758-4767	bulguları	
45-3	4768-4779	stabilleşen	
45-4	4779-4780	,	
45-5	4781-4786	dreni	
45-6	4787-4794	çekilen	
45-7	4795-4803	hastanın	
45-8	4804-4815	doksisiklin	
45-9	4816-4818	ve	
45-10	4819-4829	rifampisin	
45-11	4830-4841	kombinasyon	
45-12	4842-4850	tedavisi	
45-13	4851-4861	poliklinik	
45-14	4862-4873	kontrolleri	
45-15	4874-4877	ile	
45-16	4878-4882	altı	
45-17	4883-4890	haftaya	
45-18	4891-4901	tamamlandı	
45-19	4901-4902	.	

#Text=Poliklinik takiplerinde problem yaşanmadı.
46-1	4903-4913	Poliklinik	
46-2	4914-4926	takiplerinde	
46-3	4927-4934	problem	
46-4	4935-4944	yaşanmadı	
46-5	4944-4945	.	

#Text=Bruselloz sistemik semptomları nedeniyle, birçok hastalığın ayırıcı tanısında yer almaktadır.
47-1	4946-4955	Bruselloz	
47-2	4956-4964	sistemik	
47-3	4965-4976	semptomları	
47-4	4977-4986	nedeniyle	
47-5	4986-4987	,	
47-6	4988-4994	birçok	
47-7	4995-5005	hastalığın	
47-8	5006-5013	ayırıcı	
47-9	5014-5023	tanısında	
47-10	5024-5027	yer	
47-11	5028-5038	almaktadır	
47-12	5038-5039	.	

#Text=Bruselloz olgularında en sık rastlanan semptomlar, ateş yüksekliği, eklem ve kas ağrıları, artrit, karın ağrısı, baş ağrısı, halsizlik, yorgunluk, iştahsızlık, gastrointestinal semptomlar, kilo kaybı ve gece terlemesidir.
48-1	5040-5049	Bruselloz	
48-2	5050-5061	olgularında	
48-3	5062-5064	en	
48-4	5065-5068	sık	
48-5	5069-5078	rastlanan	
48-6	5079-5089	semptomlar	
48-7	5089-5090	,	
48-8	5091-5095	ateş	
48-9	5096-5106	yüksekliği	
48-10	5106-5107	,	
48-11	5108-5113	eklem	
48-12	5114-5116	ve	
48-13	5117-5120	kas	
48-14	5121-5129	ağrıları	
48-15	5129-5130	,	
48-16	5131-5137	artrit	
48-17	5137-5138	,	
48-18	5139-5144	karın	
48-19	5145-5151	ağrısı	
48-20	5151-5152	,	
48-21	5153-5156	baş	
48-22	5157-5163	ağrısı	
48-23	5163-5164	,	
48-24	5165-5174	halsizlik	
48-25	5174-5175	,	
48-26	5176-5185	yorgunluk	
48-27	5185-5186	,	
48-28	5187-5198	iştahsızlık	
48-29	5198-5199	,	
48-30	5200-5216	gastrointestinal	
48-31	5217-5227	semptomlar	
48-32	5227-5228	,	
48-33	5229-5233	kilo	
48-34	5234-5239	kaybı	
48-35	5240-5242	ve	
48-36	5243-5247	gece	
48-37	5248-5260	terlemesidir	
48-38	5260-5261	.	

#Text=Hastaların laboratuvar tetkiklerde hepatobiliyer enzim yükseklikleri ve kemik iliği süpresyonuna bağlı lökopeni, anemi  ve trombositopeni  görülebilir.
49-1	5262-5272	Hastaların	
49-2	5273-5284	laboratuvar	
49-3	5285-5296	tetkiklerde	
49-4	5297-5310	hepatobiliyer	
49-5	5311-5316	enzim	
49-6	5317-5330	yükseklikleri	
49-7	5331-5333	ve	
49-8	5334-5339	kemik	
49-9	5340-5345	iliği	
49-10	5346-5358	süpresyonuna	
49-11	5359-5364	bağlı	
49-12	5365-5373	lökopeni	
49-13	5373-5374	,	
49-14	5375-5380	anemi	
49-15	5382-5384	ve	
49-16	5385-5399	trombositopeni	
49-17	5401-5412	görülebilir	
49-18	5412-5413	.	

#Text=Sunulan olgunun da sağ üst kadran ağrısı, ateş yüksekliği, üşüme ve titreme yakınmaları ile karaciğer enzim yüksekliği, lökopeni ve anemisi mevcuttu.
50-1	5414-5421	Sunulan	
50-2	5422-5429	olgunun	
50-3	5430-5432	da	
50-4	5433-5436	sağ	
50-5	5437-5440	üst	
50-6	5441-5447	kadran	
50-7	5448-5454	ağrısı	
50-8	5454-5455	,	
50-9	5456-5460	ateş	
50-10	5461-5471	yüksekliği	
50-11	5471-5472	,	
50-12	5473-5478	üşüme	
50-13	5479-5481	ve	
50-14	5482-5489	titreme	
50-15	5490-5501	yakınmaları	
50-16	5502-5505	ile	
50-17	5506-5515	karaciğer	
50-18	5516-5521	enzim	
50-19	5522-5532	yüksekliği	
50-20	5532-5533	,	
50-21	5534-5542	lökopeni	
50-22	5543-5545	ve	
50-23	5546-5553	anemisi	
50-24	5554-5562	mevcuttu	
50-25	5562-5563	.	

#Text=Antibiyotik tedavisi ile  laboratuvar tetkikleri normale döndü.
51-1	5564-5575	Antibiyotik	
51-2	5576-5584	tedavisi	
51-3	5585-5588	ile	
51-4	5590-5601	laboratuvar	
51-5	5602-5612	tetkikleri	
51-6	5613-5620	normale	
51-7	5621-5626	döndü	
51-8	5626-5627	.	

#Text=Kolesistit, safra kesesinin inflamatuar hastalığı olup tabloya safra kesesinde taş varlığı eşlik edebilir, ancak taşsız kolesistit de görülebilmektedir.
52-1	5628-5638	Kolesistit	
52-2	5638-5639	,	
52-3	5640-5645	safra	
52-4	5646-5655	kesesinin	
52-5	5656-5667	inflamatuar	
52-6	5668-5677	hastalığı	
52-7	5678-5682	olup	
52-8	5683-5690	tabloya	
52-9	5691-5696	safra	
52-10	5697-5706	kesesinde	
52-11	5707-5710	taş	
52-12	5711-5718	varlığı	
52-13	5719-5724	eşlik	
52-14	5725-5733	edebilir	
52-15	5733-5734	,	
52-16	5735-5740	ancak	
52-17	5741-5747	taşsız	
52-18	5748-5758	kolesistit	
52-19	5759-5761	de	
52-20	5762-5779	görülebilmektedir	
52-21	5779-5780	.	

#Text=Bruselloza bağlı safra kesesinin lenfatik ağ yoluyla bakteriyel kontaminasyonu enfeksiyonun sistemik yayılımı sırasında gelişebilir.
53-1	5781-5791	Bruselloza	
53-2	5792-5797	bağlı	
53-3	5798-5803	safra	
53-4	5804-5813	kesesinin	
53-5	5814-5822	lenfatik	
53-6	5823-5825	ağ	
53-7	5826-5833	yoluyla	
53-8	5834-5844	bakteriyel	
53-9	5845-5859	kontaminasyonu	
53-10	5860-5872	enfeksiyonun	
53-11	5873-5881	sistemik	
53-12	5882-5890	yayılımı	
53-13	5891-5900	sırasında	
53-14	5901-5912	gelişebilir	
53-15	5912-5913	.	

#Text=Literatürde bruselloza bağlı kolesitit ilk olarak White ve ark tarafından 1934’te bildirilmiştir.
54-1	5914-5925	Literatürde	
54-2	5926-5936	bruselloza	
54-3	5937-5942	bağlı	
54-4	5943-5952	kolesitit	
54-5	5953-5956	ilk	
54-6	5957-5963	olarak	
54-7	5964-5969	White	
54-8	5970-5972	ve	
54-9	5973-5976	ark	
54-10	5977-5987	tarafından	
54-11	5988-5992	1934	
54-12	5992-5993	’	
54-13	5993-5995	te	
54-14	5996-6010	bildirilmiştir	
54-15	6010-6011	.	

#Text=Sonraki yıllarda çeşitli ülkelerden benzer vaka bildirimleri olmuştur.
55-1	6012-6019	Sonraki	
55-2	6020-6028	yıllarda	
55-3	6029-6036	çeşitli	
55-4	6037-6047	ülkelerden	
55-5	6048-6054	benzer	
55-6	6055-6059	vaka	
55-7	6060-6072	bildirimleri	
55-8	6073-6081	olmuştur	
55-9	6081-6082	.	

#Text=Sunulan olgu da akut kolesistit tanısı ile takip edilmiş olan, tabloya safra kesesinde taşın eşlik etmediği bir olgudur.
56-1	6083-6090	Sunulan	
56-2	6091-6095	olgu	
56-3	6096-6098	da	
56-4	6099-6103	akut	
56-5	6104-6114	kolesistit	
56-6	6115-6121	tanısı	
56-7	6122-6125	ile	
56-8	6126-6131	takip	
56-9	6132-6139	edilmiş	
56-10	6140-6144	olan	
56-11	6144-6145	,	
56-12	6146-6153	tabloya	
56-13	6154-6159	safra	
56-14	6160-6169	kesesinde	
56-15	6170-6175	taşın	
56-16	6176-6181	eşlik	
56-17	6182-6190	etmediği	
56-18	6191-6194	bir	
56-19	6195-6202	olgudur	
56-20	6202-6203	.	

#Text=Brusellozda, klinik belirti ve bulguların varlığında serum aglütinasyon testinin pozitif (Wright testi ≥1/160 veya Coombs’lu Wright testi≥1/160) olmasıyla tanıya gidilebilmektedir.
57-1	6204-6215	Brusellozda	
57-2	6215-6216	,	
57-3	6217-6223	klinik	
57-4	6224-6231	belirti	
57-5	6232-6234	ve	
57-6	6235-6245	bulguların	
57-7	6246-6256	varlığında	
57-8	6257-6262	serum	
57-9	6263-6275	aglütinasyon	
57-10	6276-6284	testinin	
57-11	6285-6292	pozitif	
57-12	6293-6294	(	
57-13	6294-6300	Wright	
57-14	6301-6306	testi	
57-15	6307-6308	≥	
57-16	6308-6309	1	
57-17	6309-6310	/	
57-18	6310-6313	160	
57-19	6314-6318	veya	
57-20	6319-6325	Coombs	
57-21	6325-6326	’	
57-22	6326-6328	lu	
57-23	6329-6335	Wright	
57-24	6336-6341	testi	
57-25	6341-6342	≥	
57-26	6342-6343	1	
57-27	6343-6344	/	
57-28	6344-6347	160	
57-29	6347-6348	)	
57-30	6349-6358	olmasıyla	
57-31	6359-6365	tanıya	
57-32	6366-6383	gidilebilmektedir	
57-33	6383-6384	.	

#Text=Bruselloz tanısında serolojik tetkikler ön planda yardımcı olmaktadır, ancak negatiflik hastalığı ekarte ettirmez.
58-1	6385-6394	Bruselloz	
58-2	6395-6404	tanısında	
58-3	6405-6414	serolojik	
58-4	6415-6424	tetkikler	
58-5	6425-6427	ön	
58-6	6428-6434	planda	
58-7	6435-6443	yardımcı	
58-8	6444-6454	olmaktadır	
58-9	6454-6455	,	
58-10	6456-6461	ancak	
58-11	6462-6472	negatiflik	
58-12	6473-6482	hastalığı	
58-13	6483-6489	ekarte	
58-14	6490-6498	ettirmez	
58-15	6498-6499	.	

#Text=Seronegatif vakalarda kültürde üremenin kesin tanıda yardımcı olduğu unutulmamalıdır.
59-1	6500-6511	Seronegatif	
59-2	6512-6521	vakalarda	
59-3	6522-6530	kültürde	
59-4	6531-6539	üremenin	
59-5	6540-6545	kesin	
59-6	6546-6552	tanıda	
59-7	6553-6561	yardımcı	
59-8	6562-6568	olduğu	
59-9	6569-6584	unutulmamalıdır	
59-10	6584-6585	.	

#Text=Brusellozda kesin tanı, çeşitli klinik örneklerden, özellikle kan ve kemik iliğinden Brucella türlerinin izole edilmesiyle konmaktadır.
60-1	6586-6597	Brusellozda	
60-2	6598-6603	kesin	
60-3	6604-6608	tanı	
60-4	6608-6609	,	
60-5	6610-6617	çeşitli	
60-6	6618-6624	klinik	
60-7	6625-6636	örneklerden	
60-8	6636-6637	,	
60-9	6638-6647	özellikle	
60-10	6648-6651	kan	
60-11	6652-6654	ve	
60-12	6655-6660	kemik	
60-13	6661-6670	iliğinden	
60-14	6671-6679	Brucella	
60-15	6680-6690	türlerinin	
60-16	6691-6696	izole	
60-17	6697-6708	edilmesiyle	
60-18	6709-6720	konmaktadır	
60-19	6720-6721	.	

#Text=Sunulan olgunun da Rose Bengal testi pozitifti.
61-1	6722-6729	Sunulan	
61-2	6730-6737	olgunun	
61-3	6738-6740	da	
61-4	6741-6745	Rose	
61-5	6746-6752	Bengal	
61-6	6753-6758	testi	
61-7	6759-6768	pozitifti	
61-8	6768-6769	.	

#Text=Ancak Coombs’lu Wright testi 1/80 titrede pozitif olarak saptanması sonucu tanı kesinleştirilemedi ve serolojik tetkikler yanıltıcı oldu.
62-1	6770-6775	Ancak	
62-2	6776-6782	Coombs	
62-3	6782-6783	’	
62-4	6783-6785	lu	
62-5	6786-6792	Wright	
62-6	6793-6798	testi	
62-7	6799-6800	1	
62-8	6800-6801	/	
62-9	6801-6803	80	
62-10	6804-6811	titrede	
62-11	6812-6819	pozitif	
62-12	6820-6826	olarak	
62-13	6827-6837	saptanması	
62-14	6838-6844	sonucu	
62-15	6845-6849	tanı	
62-16	6850-6868	kesinleştirilemedi	
62-17	6869-6871	ve	
62-18	6872-6881	serolojik	
62-19	6882-6891	tetkikler	
62-20	6892-6901	yanıltıcı	
62-21	6902-6906	oldu	
62-22	6906-6907	.	

#Text=Hastanın kan ve safra yollarına konan dren kültürlerinde B.melitensis üremesi ile hasta tanı aldı.
63-1	6908-6916	Hastanın	
63-2	6917-6920	kan	
63-3	6921-6923	ve	
63-4	6924-6929	safra	
63-5	6930-6939	yollarına	
63-6	6940-6945	konan	
63-7	6946-6950	dren	
63-8	6951-6964	kültürlerinde	
63-9	6965-6977	B.melitensis	
63-10	6978-6985	üremesi	
63-11	6986-6989	ile	
63-12	6990-6995	hasta	
63-13	6996-7000	tanı	
63-14	7001-7005	aldı	
63-15	7005-7006	.	

#Text=Bu nedenle olgunun tanısında bir haftalık gecikme oldu.
64-1	7007-7009	Bu	
64-2	7010-7017	nedenle	
64-3	7018-7025	olgunun	
64-4	7026-7035	tanısında	
64-5	7036-7039	bir	
64-6	7040-7048	haftalık	
64-7	7049-7056	gecikme	
64-8	7057-7061	oldu	
64-9	7061-7062	.	

#Text=Bizim olgumuzda olduğu gibi, kolesistitte yer alan Brucella türleri genellikle B.melitensis’tir.
65-1	7063-7068	Bizim	
65-2	7069-7078	olgumuzda	
65-3	7079-7085	olduğu	
65-4	7086-7090	gibi	
65-5	7090-7091	,	
65-6	7092-7104	kolesistitte	
65-7	7105-7108	yer	
65-8	7109-7113	alan	
65-9	7114-7122	Brucella	
65-10	7123-7130	türleri	
65-11	7131-7141	genellikle	
65-12	7142-7154	B.melitensis	
65-13	7154-7155	’	
65-14	7155-7158	tir	
65-15	7158-7159	.	

#Text=Ancak Morris ve arkadaşları B.suis’ e bağlı bir kolesistit olgusunu bildirmiştir.
66-1	7160-7165	Ancak	
66-2	7166-7172	Morris	
66-3	7173-7175	ve	
66-4	7176-7187	arkadaşları	
66-5	7188-7194	B.suis	
66-6	7194-7195	’	
66-7	7196-7197	e	
66-8	7198-7203	bağlı	
66-9	7204-7207	bir	
66-10	7208-7218	kolesistit	
66-11	7219-7227	olgusunu	
66-12	7228-7240	bildirmiştir	
66-13	7240-7241	.	

#Text=Brusella kolesistiti genellikle taşlı kolesistittir, ancak literatürde akalküloz Brusella kolesistiti bildirimleri de mevcuttur.
67-1	7242-7250	Brusella	
67-2	7251-7262	kolesistiti	
67-3	7263-7273	genellikle	
67-4	7274-7279	taşlı	
67-5	7280-7293	kolesistittir	
67-6	7293-7294	,	
67-7	7295-7300	ancak	
67-8	7301-7312	literatürde	
67-9	7313-7322	akalküloz	
67-10	7323-7331	Brusella	
67-11	7332-7343	kolesistiti	
67-12	7344-7356	bildirimleri	
67-13	7357-7359	de	
67-14	7360-7369	mevcuttur	
67-15	7369-7370	.	

#Text=Literatürdeki akalküloz Brusella kolesistiti olgularının, genellikle immünsüpresif ve kronik nörolojik hastalığı olan vakalar olduğu bildirilmektedir.
68-1	7371-7384	Literatürdeki	
68-2	7385-7394	akalküloz	
68-3	7395-7403	Brusella	
68-4	7404-7415	kolesistiti	
68-5	7416-7427	olgularının	
68-6	7427-7428	,	
68-7	7429-7439	genellikle	
68-8	7440-7453	immünsüpresif	
68-9	7454-7456	ve	
68-10	7457-7463	kronik	
68-11	7464-7473	nörolojik	
68-12	7474-7483	hastalığı	
68-13	7484-7488	olan	
68-14	7489-7496	vakalar	
68-15	7497-7503	olduğu	
68-16	7504-7520	bildirilmektedir	
68-17	7520-7521	.	

#Text=Bizim olgumuzda da akalküloz kolesistit tablosu mevcuttu ancak hastanın bilinen veya tespit edilen kronik bir hastalığı ve immünsupresyonu yoktu.
69-1	7522-7527	Bizim	
69-2	7528-7537	olgumuzda	
69-3	7538-7540	da	
69-4	7541-7550	akalküloz	
69-5	7551-7561	kolesistit	
69-6	7562-7569	tablosu	
69-7	7570-7578	mevcuttu	
69-8	7579-7584	ancak	
69-9	7585-7593	hastanın	
69-10	7594-7601	bilinen	
69-11	7602-7606	veya	
69-12	7607-7613	tespit	
69-13	7614-7620	edilen	
69-14	7621-7627	kronik	
69-15	7628-7631	bir	
69-16	7632-7641	hastalığı	
69-17	7642-7644	ve	
69-18	7645-7660	immünsupresyonu	
69-19	7661-7666	yoktu	
69-20	7666-7667	.	

#Text=Brusella kolesistiti tedavisinde, sıklıkla rifampisin ve doksisklin tedavisinin 6 haftaya tamamlandığı bildirilmektedir.
70-1	7668-7676	Brusella	
70-2	7677-7688	kolesistiti	
70-3	7689-7700	tedavisinde	
70-4	7700-7701	,	
70-5	7702-7710	sıklıkla	
70-6	7711-7721	rifampisin	
70-7	7722-7724	ve	
70-8	7725-7735	doksisklin	
70-9	7736-7747	tedavisinin	
70-10	7748-7749	6	
70-11	7750-7757	haftaya	
70-12	7758-7770	tamamlandığı	
70-13	7771-7787	bildirilmektedir	
70-14	7787-7788	.	

#Text=Ancak tetrasiklin ve streptomisin tedavisini öneren literatür bilgiside mevcuttur.
71-1	7789-7794	Ancak	
71-2	7795-7806	tetrasiklin	
71-3	7807-7809	ve	
71-4	7810-7822	streptomisin	
71-5	7823-7833	tedavisini	
71-6	7834-7840	öneren	
71-7	7841-7850	literatür	
71-8	7851-7860	bilgiside	
71-9	7861-7870	mevcuttur	
71-10	7870-7871	.	

#Text=Bizim olgumuz da doksisiklin ve rifampisin kombinasyon tedavisi almıştır.
72-1	7872-7877	Bizim	
72-2	7878-7885	olgumuz	
72-3	7886-7888	da	
72-4	7889-7900	doksisiklin	
72-5	7901-7903	ve	
72-6	7904-7914	rifampisin	
72-7	7915-7926	kombinasyon	
72-8	7927-7935	tedavisi	
72-9	7936-7944	almıştır	
72-10	7944-7945	.	

#Text=Akut kolesistitlerin etiyolojisinde çoğunlukla safra taşı rol oynamasına rağmen, özellikle endemik bölgede yaşayan, mesleki maruziyet öyküsü olan kişilerde, brusellozun multisistem tutulumu akılda tutulmalı ve brusellozu dışlamak için serolojik tetkiklerin negatif olması yeterli olmayacağından kan kültürleri mutlaka alınmalıdır.
73-1	7946-7950	Akut	
73-2	7951-7966	kolesistitlerin	
73-3	7967-7981	etiyolojisinde	
73-4	7982-7992	çoğunlukla	
73-5	7993-7998	safra	
73-6	7999-8003	taşı	
73-7	8004-8007	rol	
73-8	8008-8018	oynamasına	
73-9	8019-8025	rağmen	
73-10	8025-8026	,	
73-11	8027-8036	özellikle	
73-12	8037-8044	endemik	
73-13	8045-8052	bölgede	
73-14	8053-8060	yaşayan	
73-15	8060-8061	,	
73-16	8062-8069	mesleki	
73-17	8070-8079	maruziyet	
73-18	8080-8086	öyküsü	
73-19	8087-8091	olan	
73-20	8092-8101	kişilerde	
73-21	8101-8102	,	
73-22	8103-8114	brusellozun	
73-23	8115-8126	multisistem	
73-24	8127-8135	tutulumu	
73-25	8136-8142	akılda	
73-26	8143-8152	tutulmalı	
73-27	8153-8155	ve	
73-28	8156-8166	brusellozu	
73-29	8167-8175	dışlamak	
73-30	8176-8180	için	
73-31	8181-8190	serolojik	
73-32	8191-8202	tetkiklerin	
73-33	8203-8210	negatif	
73-34	8211-8217	olması	
73-35	8218-8225	yeterli	
73-36	8226-8240	olmayacağından	
73-37	8241-8244	kan	
73-38	8245-8255	kültürleri	
73-39	8256-8263	mutlaka	
73-40	8264-8275	alınmalıdır	
73-41	8275-8276	.	
