#FORMAT=WebAnno TSV 3.3
#T_SP=webanno.custom.Negation|
#T_SP=webanno.custom.NegationEvent|
#T_SP=webanno.custom.NegationFocus|
#T_SP=webanno.custom.NegationMarker|ROLE_webanno.custom.NegationMarker:coordinationparticle_webanno.custom.NegationMarkerCoordinationparticleLink|webanno.custom.CoordinationParticle|ROLE_webanno.custom.NegationMarker:event_webanno.custom.NegationMarkerEventLink|webanno.custom.NegationEvent|ROLE_webanno.custom.NegationMarker:focus_webanno.custom.NegationMarkerFocusLink|webanno.custom.NegationFocus|markerType|ROLE_webanno.custom.NegationMarker:scope_webanno.custom.NegationMarkerScopeLink|webanno.custom.Negation|value


#Text=ÖZET
1-1	0-4	ÖZET	_	_	_	_	_	_	_	_	_	_	_	_	_	

#Text=Ülkemizde endemik zoonotik hastalık olan bruselloz çeşitli klinik tablolar ve komplikasyonlarla karşımıza çıkabildiğinden tanı ve tedavisinde zorluk yaşanabilen bir hastalıktır.
2-1	5-14	Ülkemizde	_	_	_	_	_	_	_	_	_	_	_	_	_	
2-2	15-22	endemik	_	_	_	_	_	_	_	_	_	_	_	_	_	
2-3	23-31	zoonotik	_	_	_	_	_	_	_	_	_	_	_	_	_	
2-4	32-40	hastalık	_	_	_	_	_	_	_	_	_	_	_	_	_	
2-5	41-45	olan	_	_	_	_	_	_	_	_	_	_	_	_	_	
2-6	46-55	bruselloz	_	_	_	_	_	_	_	_	_	_	_	_	_	
2-7	56-63	çeşitli	_	_	_	_	_	_	_	_	_	_	_	_	_	
2-8	64-70	klinik	_	_	_	_	_	_	_	_	_	_	_	_	_	
2-9	71-79	tablolar	_	_	_	_	_	_	_	_	_	_	_	_	_	
2-10	80-82	ve	_	_	_	_	_	_	_	_	_	_	_	_	_	
2-11	83-100	komplikasyonlarla	_	_	_	_	_	_	_	_	_	_	_	_	_	
2-12	101-110	karşımıza	_	_	_	_	_	_	_	_	_	_	_	_	_	
2-13	111-126	çıkabildiğinden	_	_	_	_	_	_	_	_	_	_	_	_	_	
2-14	127-131	tanı	_	_	_	_	_	_	_	_	_	_	_	_	_	
2-15	132-134	ve	_	_	_	_	_	_	_	_	_	_	_	_	_	
2-16	135-146	tedavisinde	_	_	_	_	_	_	_	_	_	_	_	_	_	
2-17	147-153	zorluk	_	_	_	_	_	_	_	_	_	_	_	_	_	
2-18	154-165	yaşanabilen	_	_	_	_	_	_	_	_	_	_	_	_	_	
2-19	166-169	bir	_	_	_	_	_	_	_	_	_	_	_	_	_	
2-20	170-181	hastalıktır	_	_	_	_	_	_	_	_	_	_	_	_	_	
2-21	181-182	.	_	_	_	_	_	_	_	_	_	_	_	_	_	

#Text=Bakteriyemi yapabilme özelliği nedeniyle Brucella cinsine ait bakteriler çok çeşitli organlara yerleşip  atipik klinik formlarda karşımıza çıkabilir.
3-1	183-194	Bakteriyemi	_	_	_	_	_	_	_	_	_	_	_	_	_	
3-2	195-204	yapabilme	_	_	_	_	_	_	_	_	_	_	_	_	_	
3-3	205-213	özelliği	_	_	_	_	_	_	_	_	_	_	_	_	_	
3-4	214-223	nedeniyle	_	_	_	_	_	_	_	_	_	_	_	_	_	
3-5	224-232	Brucella	_	_	_	_	_	_	_	_	_	_	_	_	_	
3-6	233-240	cinsine	_	_	_	_	_	_	_	_	_	_	_	_	_	
3-7	241-244	ait	_	_	_	_	_	_	_	_	_	_	_	_	_	
3-8	245-255	bakteriler	_	_	_	_	_	_	_	_	_	_	_	_	_	
3-9	256-259	çok	_	_	_	_	_	_	_	_	_	_	_	_	_	
3-10	260-267	çeşitli	_	_	_	_	_	_	_	_	_	_	_	_	_	
3-11	268-277	organlara	_	_	_	_	_	_	_	_	_	_	_	_	_	
3-12	278-286	yerleşip	_	_	_	_	_	_	_	_	_	_	_	_	_	
3-13	288-294	atipik	_	_	_	_	_	_	_	_	_	_	_	_	_	
3-14	295-301	klinik	_	_	_	_	_	_	_	_	_	_	_	_	_	
3-15	302-311	formlarda	_	_	_	_	_	_	_	_	_	_	_	_	_	
3-16	312-321	karşımıza	_	_	_	_	_	_	_	_	_	_	_	_	_	
3-17	322-331	çıkabilir	_	_	_	_	_	_	_	_	_	_	_	_	_	
3-18	331-332	.	_	_	_	_	_	_	_	_	_	_	_	_	_	

#Text=Brucella türlerinin neden olduğu kolesistit nadir görülen bir tablodur.
4-1	333-341	Brucella	_	_	_	_	_	_	_	_	_	_	_	_	_	
4-2	342-352	türlerinin	_	_	_	_	_	_	_	_	_	_	_	_	_	
4-3	353-358	neden	_	_	_	_	_	_	_	_	_	_	_	_	_	
4-4	359-365	olduğu	_	_	_	_	_	_	_	_	_	_	_	_	_	
4-5	366-376	kolesistit	_	_	_	_	_	_	_	_	_	_	_	_	_	
4-6	377-382	nadir	_	_	_	_	_	_	_	_	_	_	_	_	_	
4-7	383-390	görülen	_	_	_	_	_	_	_	_	_	_	_	_	_	
4-8	391-394	bir	_	_	_	_	_	_	_	_	_	_	_	_	_	
4-9	395-403	tablodur	_	_	_	_	_	_	_	_	_	_	_	_	_	
4-10	403-404	.	_	_	_	_	_	_	_	_	_	_	_	_	_	

#Text=Bu olgu sunumunda tanısında oldukça zorlanılan, tanısı dren kültüründe Brusella melitensis üremesi ile konulan seronegatif bruselloza bağlı akut kolesistit olgusu sunuldu.
5-1	405-407	Bu	_	_	_	_	_	_	_	_	_	_	_	_	_	
5-2	408-412	olgu	_	_	_	_	_	_	_	_	_	_	_	_	_	
5-3	413-422	sunumunda	_	_	_	_	_	_	_	_	_	_	_	_	_	
5-4	423-432	tanısında	_	_	_	_	_	_	_	_	_	_	_	_	_	
5-5	433-440	oldukça	_	_	_	_	_	_	_	_	_	_	_	_	_	
5-6	441-451	zorlanılan	_	_	_	_	_	_	_	_	_	_	_	_	_	
5-7	451-452	,	_	_	_	_	_	_	_	_	_	_	_	_	_	
5-8	453-459	tanısı	_	_	_	_	_	_	_	_	_	_	_	_	_	
5-9	460-464	dren	_	_	_	_	_	_	_	_	_	_	_	_	_	
5-10	465-475	kültüründe	_	_	_	_	_	_	_	_	_	_	_	_	_	
5-11	476-484	Brusella	_	_	_	_	_	_	_	_	_	_	_	_	_	
5-12	485-495	melitensis	_	_	_	_	_	_	_	_	_	_	_	_	_	
5-13	496-503	üremesi	_	_	_	_	_	_	_	_	_	_	_	_	_	
5-14	504-507	ile	_	_	_	_	_	_	_	_	_	_	_	_	_	
5-15	508-515	konulan	_	_	_	_	_	_	_	_	_	_	_	_	_	
5-16	516-527	seronegatif	_	_	_	_	_	_	_	_	_	_	_	_	_	
5-17	528-538	bruselloza	_	_	_	_	_	_	_	_	_	_	_	_	_	
5-18	539-544	bağlı	_	_	_	_	_	_	_	_	_	_	_	_	_	
5-19	545-549	akut	_	_	_	_	_	_	_	_	_	_	_	_	_	
5-20	550-560	kolesistit	_	_	_	_	_	_	_	_	_	_	_	_	_	
5-21	561-567	olgusu	_	_	_	_	_	_	_	_	_	_	_	_	_	
5-22	568-575	sunuldu	_	_	_	_	_	_	_	_	_	_	_	_	_	
5-23	575-576	.	_	_	_	_	_	_	_	_	_	_	_	_	_	

#Text=Akut kolesistit ön tanısı ile opere edilen postoperatif dönemde ateş yüksekliği ve lökopeni gelişen hastada, negatif Brusella serolojisine rağmen kan kültüründe ve dren kültüründe Brucella melitensis tespit edilmiştir.
6-1	577-581	Akut	_	_	_	_	_	_	_	_	_	_	_	_	_	
6-2	582-592	kolesistit	_	_	_	_	_	_	_	_	_	_	_	_	_	
6-3	593-595	ön	_	_	_	_	_	_	_	_	_	_	_	_	_	
6-4	596-602	tanısı	_	_	_	_	_	_	_	_	_	_	_	_	_	
6-5	603-606	ile	_	_	_	_	_	_	_	_	_	_	_	_	_	
6-6	607-612	opere	_	_	_	_	_	_	_	_	_	_	_	_	_	
6-7	613-619	edilen	_	_	_	_	_	_	_	_	_	_	_	_	_	
6-8	620-632	postoperatif	_	_	_	_	_	_	_	_	_	_	_	_	_	
6-9	633-640	dönemde	_	_	_	_	_	_	_	_	_	_	_	_	_	
6-10	641-645	ateş	_	_	_	_	_	_	_	_	_	_	_	_	_	
6-11	646-656	yüksekliği	_	_	_	_	_	_	_	_	_	_	_	_	_	
6-12	657-659	ve	_	_	_	_	_	_	_	_	_	_	_	_	_	
6-13	660-668	lökopeni	_	_	_	_	_	_	_	_	_	_	_	_	_	
6-14	669-676	gelişen	_	_	_	_	_	_	_	_	_	_	_	_	_	
6-15	677-684	hastada	_	_	_	_	_	_	_	_	_	_	_	_	_	
6-16	684-685	,	_	_	_	_	_	_	_	_	_	_	_	_	_	
6-17	686-693	negatif	_	_	_	_	*	_	*	_	*	NegLexMarker	_	*	*	
6-18	694-702	Brusella	_	_	_	_	_	_	_	_	_	_	_	_	_	
6-19	703-715	serolojisine	_	_	_	_	_	_	_	_	_	_	_	_	_	
6-20	716-722	rağmen	_	_	_	_	_	_	_	_	_	_	_	_	_	
6-21	723-726	kan	_	_	_	_	_	_	_	_	_	_	_	_	_	
6-22	727-737	kültüründe	_	_	_	_	_	_	_	_	_	_	_	_	_	
6-23	738-740	ve	_	_	_	_	_	_	_	_	_	_	_	_	_	
6-24	741-745	dren	_	_	_	_	_	_	_	_	_	_	_	_	_	
6-25	746-756	kültüründe	_	_	_	_	_	_	_	_	_	_	_	_	_	
6-26	757-765	Brucella	_	_	_	_	_	_	_	_	_	_	_	_	_	
6-27	766-776	melitensis	_	_	_	_	_	_	_	_	_	_	_	_	_	
6-28	777-783	tespit	_	_	_	_	_	_	_	_	_	_	_	_	_	
6-29	784-794	edilmiştir	_	_	_	_	_	_	_	_	_	_	_	_	_	
6-30	794-795	.	_	_	_	_	_	_	_	_	_	_	_	_	_	

#Text=Hasta 6 haftalık doksisiklin 2x100 mg/gün ve rifampisin 1x600 mg/gün tedavisi sonrası sekelsiz iyileşmiştir.
7-1	796-801	Hasta	_	_	_	_	_	_	_	_	_	_	_	_	_	
7-2	802-803	6	_	_	_	_	_	_	_	_	_	_	_	_	_	
7-3	804-812	haftalık	_	_	_	_	_	_	_	_	_	_	_	_	_	
7-4	813-824	doksisiklin	_	_	_	_	_	_	_	_	_	_	_	_	_	
7-5	825-830	2x100	_	_	_	_	_	_	_	_	_	_	_	_	_	
7-6	831-833	mg	_	_	_	_	_	_	_	_	_	_	_	_	_	
7-7	833-834	/	_	_	_	_	_	_	_	_	_	_	_	_	_	
7-8	834-837	gün	_	_	_	_	_	_	_	_	_	_	_	_	_	
7-9	838-840	ve	_	_	_	_	_	_	_	_	_	_	_	_	_	
7-10	841-851	rifampisin	_	_	_	_	_	_	_	_	_	_	_	_	_	
7-11	852-857	1x600	_	_	_	_	_	_	_	_	_	_	_	_	_	
7-12	858-860	mg	_	_	_	_	_	_	_	_	_	_	_	_	_	
7-13	860-861	/	_	_	_	_	_	_	_	_	_	_	_	_	_	
7-14	861-864	gün	_	_	_	_	_	_	_	_	_	_	_	_	_	
7-15	865-873	tedavisi	_	_	_	_	_	_	_	_	_	_	_	_	_	
7-16	874-881	sonrası	_	_	_	_	_	_	_	_	_	_	_	_	_	
7-17	882-890	sekelsiz	_	_	_	_	_	_	_	_	_	_	_	_	_	
7-18	891-903	iyileşmiştir	_	_	_	_	_	_	_	_	_	_	_	_	_	
7-19	903-904	.	_	_	_	_	_	_	_	_	_	_	_	_	_	

#Text=GİRİŞ
8-1	905-910	GİRİŞ	_	_	_	_	_	_	_	_	_	_	_	_	_	

#Text=Ülkemizde endemik hastalık olan bruselloz, çeşitli klinik tablolar ve komplikasyonlarla karşımıza çıkabildiğinden tanı ve tedavisinde zorluk yaşanabilen bir zoonotik hastalıktır.
9-1	911-920	Ülkemizde	_	_	_	_	_	_	_	_	_	_	_	_	_	
9-2	921-928	endemik	_	_	_	_	_	_	_	_	_	_	_	_	_	
9-3	929-937	hastalık	_	_	_	_	_	_	_	_	_	_	_	_	_	
9-4	938-942	olan	_	_	_	_	_	_	_	_	_	_	_	_	_	
9-5	943-952	bruselloz	_	_	_	_	_	_	_	_	_	_	_	_	_	
9-6	952-953	,	_	_	_	_	_	_	_	_	_	_	_	_	_	
9-7	954-961	çeşitli	_	_	_	_	_	_	_	_	_	_	_	_	_	
9-8	962-968	klinik	_	_	_	_	_	_	_	_	_	_	_	_	_	
9-9	969-977	tablolar	_	_	_	_	_	_	_	_	_	_	_	_	_	
9-10	978-980	ve	_	_	_	_	_	_	_	_	_	_	_	_	_	
9-11	981-998	komplikasyonlarla	_	_	_	_	_	_	_	_	_	_	_	_	_	
9-12	999-1008	karşımıza	_	_	_	_	_	_	_	_	_	_	_	_	_	
9-13	1009-1024	çıkabildiğinden	_	_	_	_	_	_	_	_	_	_	_	_	_	
9-14	1025-1029	tanı	_	_	_	_	_	_	_	_	_	_	_	_	_	
9-15	1030-1032	ve	_	_	_	_	_	_	_	_	_	_	_	_	_	
9-16	1033-1044	tedavisinde	_	_	_	_	_	_	_	_	_	_	_	_	_	
9-17	1045-1051	zorluk	_	_	_	_	_	_	_	_	_	_	_	_	_	
9-18	1052-1063	yaşanabilen	_	_	_	_	_	_	_	_	_	_	_	_	_	
9-19	1064-1067	bir	_	_	_	_	_	_	_	_	_	_	_	_	_	
9-20	1068-1076	zoonotik	_	_	_	_	_	_	_	_	_	_	_	_	_	
9-21	1077-1088	hastalıktır	_	_	_	_	_	_	_	_	_	_	_	_	_	
9-22	1088-1089	.	_	_	_	_	_	_	_	_	_	_	_	_	_	

#Text=Bakteriyemi yapabilme özelliği nedeniyle Brucella cinsi bakteriler çeşitli organlara yerleşip  atipik klinik formlara neden olabilir.
10-1	1090-1101	Bakteriyemi	_	_	_	_	_	_	_	_	_	_	_	_	_	
10-2	1102-1111	yapabilme	_	_	_	_	_	_	_	_	_	_	_	_	_	
10-3	1112-1120	özelliği	_	_	_	_	_	_	_	_	_	_	_	_	_	
10-4	1121-1130	nedeniyle	_	_	_	_	_	_	_	_	_	_	_	_	_	
10-5	1131-1139	Brucella	_	_	_	_	_	_	_	_	_	_	_	_	_	
10-6	1140-1145	cinsi	_	_	_	_	_	_	_	_	_	_	_	_	_	
10-7	1146-1156	bakteriler	_	_	_	_	_	_	_	_	_	_	_	_	_	
10-8	1157-1164	çeşitli	_	_	_	_	_	_	_	_	_	_	_	_	_	
10-9	1165-1174	organlara	_	_	_	_	_	_	_	_	_	_	_	_	_	
10-10	1175-1183	yerleşip	_	_	_	_	_	_	_	_	_	_	_	_	_	
10-11	1185-1191	atipik	_	_	_	_	_	_	_	_	_	_	_	_	_	
10-12	1192-1198	klinik	_	_	_	_	_	_	_	_	_	_	_	_	_	
10-13	1199-1207	formlara	_	_	_	_	_	_	_	_	_	_	_	_	_	
10-14	1208-1213	neden	_	_	_	_	_	_	_	_	_	_	_	_	_	
10-15	1214-1222	olabilir	_	_	_	_	_	_	_	_	_	_	_	_	_	
10-16	1222-1223	.	_	_	_	_	_	_	_	_	_	_	_	_	_	

#Text=Gastrointestinal sistem, bruselloz olgularında %70 ve üzeri oranda tutulur.
11-1	1224-1240	Gastrointestinal	_	_	_	_	_	_	_	_	_	_	_	_	_	
11-2	1241-1247	sistem	_	_	_	_	_	_	_	_	_	_	_	_	_	
11-3	1247-1248	,	_	_	_	_	_	_	_	_	_	_	_	_	_	
11-4	1249-1258	bruselloz	_	_	_	_	_	_	_	_	_	_	_	_	_	
11-5	1259-1270	olgularında	_	_	_	_	_	_	_	_	_	_	_	_	_	
11-6	1271-1272	%	_	_	_	_	_	_	_	_	_	_	_	_	_	
11-7	1272-1274	70	_	_	_	_	_	_	_	_	_	_	_	_	_	
11-8	1275-1277	ve	_	_	_	_	_	_	_	_	_	_	_	_	_	
11-9	1278-1283	üzeri	_	_	_	_	_	_	_	_	_	_	_	_	_	
11-10	1284-1290	oranda	_	_	_	_	_	_	_	_	_	_	_	_	_	
11-11	1291-1298	tutulur	_	_	_	_	_	_	_	_	_	_	_	_	_	
11-12	1298-1299	.	_	_	_	_	_	_	_	_	_	_	_	_	_	

#Text=Bruselloz sırasında çok çeşitli gastroin-testinal belirtiler ortaya çıkabilir.
12-1	1300-1309	Bruselloz	_	_	_	_	_	_	_	_	_	_	_	_	_	
12-2	1310-1319	sırasında	_	_	_	_	_	_	_	_	_	_	_	_	_	
12-3	1320-1323	çok	_	_	_	_	_	_	_	_	_	_	_	_	_	
12-4	1324-1331	çeşitli	_	_	_	_	_	_	_	_	_	_	_	_	_	
12-5	1332-1349	gastroin-testinal	_	_	_	_	_	_	_	_	_	_	_	_	_	
12-6	1350-1360	belirtiler	_	_	_	_	_	_	_	_	_	_	_	_	_	
12-7	1361-1367	ortaya	_	_	_	_	_	_	_	_	_	_	_	_	_	
12-8	1368-1377	çıkabilir	_	_	_	_	_	_	_	_	_	_	_	_	_	
12-9	1377-1378	.	_	_	_	_	_	_	_	_	_	_	_	_	_	

#Text=Bunlar anoreksi, kusma, ishal, kabızlık gibi daha hafif şikayetlerden, mezenterik lenfadenit gibi daha ciddi komplikasyonlara kadar uzanmaktadır.
13-1	1379-1385	Bunlar	_	_	_	_	_	_	_	_	_	_	_	_	_	
13-2	1386-1394	anoreksi	_	_	_	_	_	_	_	_	_	_	_	_	_	
13-3	1394-1395	,	_	_	_	_	_	_	_	_	_	_	_	_	_	
13-4	1396-1401	kusma	_	_	_	_	_	_	_	_	_	_	_	_	_	
13-5	1401-1402	,	_	_	_	_	_	_	_	_	_	_	_	_	_	
13-6	1403-1408	ishal	_	_	_	_	_	_	_	_	_	_	_	_	_	
13-7	1408-1409	,	_	_	_	_	_	_	_	_	_	_	_	_	_	
13-8	1410-1418	kabızlık	_	_	_	_	_	_	_	_	_	_	_	_	_	
13-9	1419-1423	gibi	_	_	_	_	_	_	_	_	_	_	_	_	_	
13-10	1424-1428	daha	_	_	_	_	_	_	_	_	_	_	_	_	_	
13-11	1429-1434	hafif	_	_	_	_	_	_	_	_	_	_	_	_	_	
13-12	1435-1448	şikayetlerden	_	_	_	_	_	_	_	_	_	_	_	_	_	
13-13	1448-1449	,	_	_	_	_	_	_	_	_	_	_	_	_	_	
13-14	1450-1460	mezenterik	_	_	_	_	_	_	_	_	_	_	_	_	_	
13-15	1461-1471	lenfadenit	_	_	_	_	_	_	_	_	_	_	_	_	_	
13-16	1472-1476	gibi	_	_	_	_	_	_	_	_	_	_	_	_	_	
13-17	1477-1481	daha	_	_	_	_	_	_	_	_	_	_	_	_	_	
13-18	1482-1487	ciddi	_	_	_	_	_	_	_	_	_	_	_	_	_	
13-19	1488-1504	komplikasyonlara	_	_	_	_	_	_	_	_	_	_	_	_	_	
13-20	1505-1510	kadar	_	_	_	_	_	_	_	_	_	_	_	_	_	
13-21	1511-1523	uzanmaktadır	_	_	_	_	_	_	_	_	_	_	_	_	_	
13-22	1523-1524	.	_	_	_	_	_	_	_	_	_	_	_	_	_	

#Text=Karaciğer veya dalak tutulumu (her iki organdan birinde hepatit veya granülom ve/veya apse oluşumu) ve kolesistit, kolit, pankreatit, peritonit ve ileus gibi hayatı tehdit eden nadir komplikasyonlara neden olabilir.
14-1	1525-1534	Karaciğer	_	_	_	_	_	_	_	_	_	_	_	_	_	
14-2	1535-1539	veya	_	_	_	_	_	_	_	_	_	_	_	_	_	
14-3	1540-1545	dalak	_	_	_	_	_	_	_	_	_	_	_	_	_	
14-4	1546-1554	tutulumu	_	_	_	_	_	_	_	_	_	_	_	_	_	
14-5	1555-1556	(	_	_	_	_	_	_	_	_	_	_	_	_	_	
14-6	1556-1559	her	_	_	_	_	_	_	_	_	_	_	_	_	_	
14-7	1560-1563	iki	_	_	_	_	_	_	_	_	_	_	_	_	_	
14-8	1564-1572	organdan	_	_	_	_	_	_	_	_	_	_	_	_	_	
14-9	1573-1580	birinde	_	_	_	_	_	_	_	_	_	_	_	_	_	
14-10	1581-1588	hepatit	_	_	_	_	_	_	_	_	_	_	_	_	_	
14-11	1589-1593	veya	_	_	_	_	_	_	_	_	_	_	_	_	_	
14-12	1594-1602	granülom	_	_	_	_	_	_	_	_	_	_	_	_	_	
14-13	1603-1605	ve	_	_	_	_	_	_	_	_	_	_	_	_	_	
14-14	1605-1606	/	_	_	_	_	_	_	_	_	_	_	_	_	_	
14-15	1606-1610	veya	_	_	_	_	_	_	_	_	_	_	_	_	_	
14-16	1611-1615	apse	_	_	_	_	_	_	_	_	_	_	_	_	_	
14-17	1616-1623	oluşumu	_	_	_	_	_	_	_	_	_	_	_	_	_	
14-18	1623-1624	)	_	_	_	_	_	_	_	_	_	_	_	_	_	
14-19	1625-1627	ve	_	_	_	_	_	_	_	_	_	_	_	_	_	
14-20	1628-1638	kolesistit	_	_	_	_	_	_	_	_	_	_	_	_	_	
14-21	1638-1639	,	_	_	_	_	_	_	_	_	_	_	_	_	_	
14-22	1640-1645	kolit	_	_	_	_	_	_	_	_	_	_	_	_	_	
14-23	1645-1646	,	_	_	_	_	_	_	_	_	_	_	_	_	_	
14-24	1647-1657	pankreatit	_	_	_	_	_	_	_	_	_	_	_	_	_	
14-25	1657-1658	,	_	_	_	_	_	_	_	_	_	_	_	_	_	
14-26	1659-1668	peritonit	_	_	_	_	_	_	_	_	_	_	_	_	_	
14-27	1669-1671	ve	_	_	_	_	_	_	_	_	_	_	_	_	_	
14-28	1672-1677	ileus	_	_	_	_	_	_	_	_	_	_	_	_	_	
14-29	1678-1682	gibi	_	_	_	_	_	_	_	_	_	_	_	_	_	
14-30	1683-1689	hayatı	_	_	_	_	_	_	_	_	_	_	_	_	_	
14-31	1690-1696	tehdit	_	_	_	_	_	_	_	_	_	_	_	_	_	
14-32	1697-1701	eden	_	_	_	_	_	_	_	_	_	_	_	_	_	
14-33	1702-1707	nadir	_	_	_	_	_	_	_	_	_	_	_	_	_	
14-34	1708-1724	komplikasyonlara	_	_	_	_	_	_	_	_	_	_	_	_	_	
14-35	1725-1730	neden	_	_	_	_	_	_	_	_	_	_	_	_	_	
14-36	1731-1739	olabilir	_	_	_	_	_	_	_	_	_	_	_	_	_	
14-37	1739-1740	.	_	_	_	_	_	_	_	_	_	_	_	_	_	

#Text=Brucella türlerinin neden olduğu kolesistit oldukça nadir görülen bir tablodur.
15-1	1741-1749	Brucella	_	_	_	_	_	_	_	_	_	_	_	_	_	
15-2	1750-1760	türlerinin	_	_	_	_	_	_	_	_	_	_	_	_	_	
15-3	1761-1766	neden	_	_	_	_	_	_	_	_	_	_	_	_	_	
15-4	1767-1773	olduğu	_	_	_	_	_	_	_	_	_	_	_	_	_	
15-5	1774-1784	kolesistit	_	_	_	_	_	_	_	_	_	_	_	_	_	
15-6	1785-1792	oldukça	_	_	_	_	_	_	_	_	_	_	_	_	_	
15-7	1793-1798	nadir	_	_	_	_	_	_	_	_	_	_	_	_	_	
15-8	1799-1806	görülen	_	_	_	_	_	_	_	_	_	_	_	_	_	
15-9	1807-1810	bir	_	_	_	_	_	_	_	_	_	_	_	_	_	
15-10	1811-1819	tablodur	_	_	_	_	_	_	_	_	_	_	_	_	_	
15-11	1819-1820	.	_	_	_	_	_	_	_	_	_	_	_	_	_	

#Text=Bu olgu sunumunda, tanısında oldukça zorlanılan, tanısı dren kültüründe Brusella melitensis üremesi ile konulan seronegatif bruselloza bağlı akut kolesistit olgusu sunuldu.
16-1	1821-1823	Bu	_	_	_	_	_	_	_	_	_	_	_	_	_	
16-2	1824-1828	olgu	_	_	_	_	_	_	_	_	_	_	_	_	_	
16-3	1829-1838	sunumunda	_	_	_	_	_	_	_	_	_	_	_	_	_	
16-4	1838-1839	,	_	_	_	_	_	_	_	_	_	_	_	_	_	
16-5	1840-1849	tanısında	_	_	_	_	_	_	_	_	_	_	_	_	_	
16-6	1850-1857	oldukça	_	_	_	_	_	_	_	_	_	_	_	_	_	
16-7	1858-1868	zorlanılan	_	_	_	_	_	_	_	_	_	_	_	_	_	
16-8	1868-1869	,	_	_	_	_	_	_	_	_	_	_	_	_	_	
16-9	1870-1876	tanısı	_	_	_	_	_	_	_	_	_	_	_	_	_	
16-10	1877-1881	dren	_	_	_	_	_	_	_	_	_	_	_	_	_	
16-11	1882-1892	kültüründe	_	_	_	_	_	_	_	_	_	_	_	_	_	
16-12	1893-1901	Brusella	_	_	_	_	_	_	_	_	_	_	_	_	_	
16-13	1902-1912	melitensis	_	_	_	_	_	_	_	_	_	_	_	_	_	
16-14	1913-1920	üremesi	_	_	_	_	_	_	_	_	_	_	_	_	_	
16-15	1921-1924	ile	_	_	_	_	_	_	_	_	_	_	_	_	_	
16-16	1925-1932	konulan	_	_	_	_	_	_	_	_	_	_	_	_	_	
16-17	1933-1944	seronegatif	_	_	_	_	_	_	_	_	_	_	_	_	_	
16-18	1945-1955	bruselloza	_	_	_	_	_	_	_	_	_	_	_	_	_	
16-19	1956-1961	bağlı	_	_	_	_	_	_	_	_	_	_	_	_	_	
16-20	1962-1966	akut	_	_	_	_	_	_	_	_	_	_	_	_	_	
16-21	1967-1977	kolesistit	_	_	_	_	_	_	_	_	_	_	_	_	_	
16-22	1978-1984	olgusu	_	_	_	_	_	_	_	_	_	_	_	_	_	
16-23	1985-1992	sunuldu	_	_	_	_	_	_	_	_	_	_	_	_	_	
16-24	1992-1993	.	_	_	_	_	_	_	_	_	_	_	_	_	_	

#Text=İÇERİK
17-1	1994-2000	İÇERİK	_	_	_	_	_	_	_	_	_	_	_	_	_	

#Text=Genel cerrahi kliniğine, akut kolesistit ön tanısı ile yatırılan 30 yaşında erkek hasta postoperatif birinci günde ateş yüksekliği olması üzerine tarafımıza konsülte edildi.
18-1	2001-2006	Genel	_	_	_	_	_	_	_	_	_	_	_	_	_	
18-2	2007-2014	cerrahi	_	_	_	_	_	_	_	_	_	_	_	_	_	
18-3	2015-2024	kliniğine	_	_	_	_	_	_	_	_	_	_	_	_	_	
18-4	2024-2025	,	_	_	_	_	_	_	_	_	_	_	_	_	_	
18-5	2026-2030	akut	_	_	_	_	_	_	_	_	_	_	_	_	_	
18-6	2031-2041	kolesistit	_	_	_	_	_	_	_	_	_	_	_	_	_	
18-7	2042-2044	ön	_	_	_	_	_	_	_	_	_	_	_	_	_	
18-8	2045-2051	tanısı	_	_	_	_	_	_	_	_	_	_	_	_	_	
18-9	2052-2055	ile	_	_	_	_	_	_	_	_	_	_	_	_	_	
18-10	2056-2065	yatırılan	_	_	_	_	_	_	_	_	_	_	_	_	_	
18-11	2066-2068	30	_	_	_	_	_	_	_	_	_	_	_	_	_	
18-12	2069-2076	yaşında	_	_	_	_	_	_	_	_	_	_	_	_	_	
18-13	2077-2082	erkek	_	_	_	_	_	_	_	_	_	_	_	_	_	
18-14	2083-2088	hasta	_	_	_	_	_	_	_	_	_	_	_	_	_	
18-15	2089-2101	postoperatif	_	_	_	_	_	_	_	_	_	_	_	_	_	
18-16	2102-2109	birinci	_	_	_	_	_	_	_	_	_	_	_	_	_	
18-17	2110-2115	günde	_	_	_	_	_	_	_	_	_	_	_	_	_	
18-18	2116-2120	ateş	_	_	_	_	_	_	_	_	_	_	_	_	_	
18-19	2121-2131	yüksekliği	_	_	_	_	_	_	_	_	_	_	_	_	_	
18-20	2132-2138	olması	_	_	_	_	_	_	_	_	_	_	_	_	_	
18-21	2139-2146	üzerine	_	_	_	_	_	_	_	_	_	_	_	_	_	
18-22	2147-2157	tarafımıza	_	_	_	_	_	_	_	_	_	_	_	_	_	
18-23	2158-2166	konsülte	_	_	_	_	_	_	_	_	_	_	_	_	_	
18-24	2167-2173	edildi	_	_	_	_	_	_	_	_	_	_	_	_	_	
18-25	2173-2174	.	_	_	_	_	_	_	_	_	_	_	_	_	_	

#Text=Hastanın öyküsünden üç gündür halsizlik ve sağ üst kadran ağrısı şikayeti olduğu öğrenildi.
19-1	2175-2183	Hastanın	_	_	_	_	_	_	_	_	_	_	_	_	_	
19-2	2184-2194	öyküsünden	_	_	_	_	_	_	_	_	_	_	_	_	_	
19-3	2195-2197	üç	_	_	_	_	_	_	_	_	_	_	_	_	_	
19-4	2198-2204	gündür	_	_	_	_	_	_	_	_	_	_	_	_	_	
19-5	2205-2214	halsizlik	*	*	*	_	*	partOfEvent	19-5	isAnotherFocus	19-5	NegMorMarker	partOfScope;partOfScope	19-11;19-5	*	
19-6	2215-2217	ve	_	_	_	_	_	_	_	_	_	_	_	_	_	
19-7	2218-2221	sağ	_	_	_	_	_	_	_	_	_	_	_	_	_	
19-8	2222-2225	üst	_	_	_	_	_	_	_	_	_	_	_	_	_	
19-9	2226-2232	kadran	_	_	_	_	_	_	_	_	_	_	_	_	_	
19-10	2233-2239	ağrısı	_	_	_	_	_	_	_	_	_	_	_	_	_	
19-11	2240-2248	şikayeti	*	_	_	_	_	_	_	_	_	_	_	_	_	
19-12	2249-2255	olduğu	_	_	_	_	_	_	_	_	_	_	_	_	_	
19-13	2256-2265	öğrenildi	_	_	_	_	_	_	_	_	_	_	_	_	_	
19-14	2265-2266	.	_	_	_	_	_	_	_	_	_	_	_	_	_	

#Text=Kırsal kesimde yaşayan hastanın öz geçmişinde bilinen kronik hastalığı mevcut değildi.
20-1	2267-2273	Kırsal	*[1]	_	*[19]	_	_	_	_	_	_	_	_	_	_	
20-2	2274-2281	kesimde	*[1]	_	*[19]	_	_	_	_	_	_	_	_	_	_	
20-3	2282-2289	yaşayan	*[1]	_	*[19]	_	_	_	_	_	_	_	_	_	_	
20-4	2290-2298	hastanın	*[1]	_	*[19]	_	_	_	_	_	_	_	_	_	_	
20-5	2299-2301	öz	*[1]	_	*[19]	_	_	_	_	_	_	_	_	_	_	
20-6	2302-2312	geçmişinde	*[1]	_	*[19]	_	_	_	_	_	_	_	_	_	_	
20-7	2313-2320	bilinen	*[1]	_	_	_	_	_	_	_	_	_	_	_	_	
20-8	2321-2327	kronik	*[1]	_	_	_	_	_	_	_	_	_	_	_	_	
20-9	2328-2337	hastalığı	*[1]	_	_	_	_	_	_	_	_	_	_	_	_	
20-10	2338-2344	mevcut	*[1]	*	_	_	_	_	_	_	_	_	_	_	_	
20-11	2345-2352	değildi	*[1]	_	_	_	*	partOfEvent	20-10	isAnotherFocus	20-1[19]	NegLexMarker	partOfScope	20-1[1]	*	
20-12	2352-2353	.	_	_	_	_	_	_	_	_	_	_	_	_	_	

#Text=Hastanın fizik muayenesinde bilinci açık, kooperasyon ve oryantasyonu tam, takipneik görünümde, nabız 110/dk, tansiyon arteryal 100/60 mmHg, vücut ısısı 38.5 C, sağ üst kadranda operasyon lojuna uyan bölgede hassasiyeti, batında dreni mevcuttu.
21-1	2354-2362	Hastanın	_	_	_	_	_	_	_	_	_	_	_	_	_	
21-2	2363-2368	fizik	_	_	_	_	_	_	_	_	_	_	_	_	_	
21-3	2369-2381	muayenesinde	_	_	_	_	_	_	_	_	_	_	_	_	_	
21-4	2382-2389	bilinci	_	_	_	_	_	_	_	_	_	_	_	_	_	
21-5	2390-2394	açık	_	_	_	_	_	_	_	_	_	_	_	_	_	
21-6	2394-2395	,	_	_	_	_	_	_	_	_	_	_	_	_	_	
21-7	2396-2407	kooperasyon	_	_	_	_	_	_	_	_	_	_	_	_	_	
21-8	2408-2410	ve	_	_	_	_	_	_	_	_	_	_	_	_	_	
21-9	2411-2423	oryantasyonu	_	_	_	_	_	_	_	_	_	_	_	_	_	
21-10	2424-2427	tam	_	_	_	_	_	_	_	_	_	_	_	_	_	
21-11	2427-2428	,	_	_	_	_	_	_	_	_	_	_	_	_	_	
21-12	2429-2438	takipneik	_	_	_	_	_	_	_	_	_	_	_	_	_	
21-13	2439-2448	görünümde	_	_	_	_	_	_	_	_	_	_	_	_	_	
21-14	2448-2449	,	_	_	_	_	_	_	_	_	_	_	_	_	_	
21-15	2450-2455	nabız	_	_	_	_	_	_	_	_	_	_	_	_	_	
21-16	2456-2459	110	_	_	_	_	_	_	_	_	_	_	_	_	_	
21-17	2459-2460	/	_	_	_	_	_	_	_	_	_	_	_	_	_	
21-18	2460-2462	dk	_	_	_	_	_	_	_	_	_	_	_	_	_	
21-19	2462-2463	,	_	_	_	_	_	_	_	_	_	_	_	_	_	
21-20	2464-2472	tansiyon	_	_	_	_	_	_	_	_	_	_	_	_	_	
21-21	2473-2481	arteryal	_	_	_	_	_	_	_	_	_	_	_	_	_	
21-22	2482-2485	100	_	_	_	_	_	_	_	_	_	_	_	_	_	
21-23	2485-2486	/	_	_	_	_	_	_	_	_	_	_	_	_	_	
21-24	2486-2488	60	_	_	_	_	_	_	_	_	_	_	_	_	_	
21-25	2489-2493	mmHg	_	_	_	_	_	_	_	_	_	_	_	_	_	
21-26	2493-2494	,	_	_	_	_	_	_	_	_	_	_	_	_	_	
21-27	2495-2500	vücut	_	_	_	_	_	_	_	_	_	_	_	_	_	
21-28	2501-2506	ısısı	_	_	_	_	_	_	_	_	_	_	_	_	_	
21-29	2507-2511	38.5	_	_	_	_	_	_	_	_	_	_	_	_	_	
21-30	2512-2513	C	_	_	_	_	_	_	_	_	_	_	_	_	_	
21-31	2513-2514	,	_	_	_	_	_	_	_	_	_	_	_	_	_	
21-32	2515-2518	sağ	_	_	_	_	_	_	_	_	_	_	_	_	_	
21-33	2519-2522	üst	_	_	_	_	_	_	_	_	_	_	_	_	_	
21-34	2523-2531	kadranda	_	_	_	_	_	_	_	_	_	_	_	_	_	
21-35	2532-2541	operasyon	_	_	_	_	_	_	_	_	_	_	_	_	_	
21-36	2542-2548	lojuna	_	_	_	_	_	_	_	_	_	_	_	_	_	
21-37	2549-2553	uyan	_	_	_	_	_	_	_	_	_	_	_	_	_	
21-38	2554-2561	bölgede	_	_	_	_	_	_	_	_	_	_	_	_	_	
21-39	2562-2573	hassasiyeti	_	_	_	_	_	_	_	_	_	_	_	_	_	
21-40	2573-2574	,	_	_	_	_	_	_	_	_	_	_	_	_	_	
21-41	2575-2582	batında	_	_	_	_	_	_	_	_	_	_	_	_	_	
21-42	2583-2588	dreni	_	_	_	_	_	_	_	_	_	_	_	_	_	
21-43	2589-2597	mevcuttu	_	_	_	_	_	_	_	_	_	_	_	_	_	
21-44	2597-2598	.	_	_	_	_	_	_	_	_	_	_	_	_	_	

#Text=Diğer sistem muayeneleri olağandı.
22-1	2599-2604	Diğer	_	_	_	_	_	_	_	_	_	_	_	_	_	
22-2	2605-2611	sistem	_	_	_	_	_	_	_	_	_	_	_	_	_	
22-3	2612-2623	muayeneleri	_	_	_	_	_	_	_	_	_	_	_	_	_	
22-4	2624-2632	olağandı	_	_	_	_	_	_	_	_	_	_	_	_	_	
22-5	2632-2633	.	_	_	_	_	_	_	_	_	_	_	_	_	_	

#Text=Laboratuvar tetkiklerinde lökopeni (lökosit: 3400 (%48 nötrofil), anemi (hemoglobin: 10,1g/dl), platelet: 152.000/mm3, alanin amino transferaz (ALT): 100 IU/L, aspartat amino transferaz (AST): 60 IU/L, alkalen fosfataz (ALP): 140 U/L, gama-glutamil transferaz (GGT): 138 U/L, total serum bilirübin: 2.4 mg/dl, albümin: 2.1 g/dl, C-reaktif protein (CRP):237 mg/l, prokalsitonin 17 ng/mL olarak saptandı.
23-1	2634-2645	Laboratuvar	_	_	_	_	_	_	_	_	_	_	_	_	_	
23-2	2646-2659	tetkiklerinde	_	_	_	_	_	_	_	_	_	_	_	_	_	
23-3	2660-2668	lökopeni	_	_	_	_	_	_	_	_	_	_	_	_	_	
23-4	2669-2670	(	_	_	_	_	_	_	_	_	_	_	_	_	_	
23-5	2670-2677	lökosit	_	_	_	_	_	_	_	_	_	_	_	_	_	
23-6	2677-2678	:	_	_	_	_	_	_	_	_	_	_	_	_	_	
23-7	2679-2683	3400	_	_	_	_	_	_	_	_	_	_	_	_	_	
23-8	2684-2685	(	_	_	_	_	_	_	_	_	_	_	_	_	_	
23-9	2685-2686	%	_	_	_	_	_	_	_	_	_	_	_	_	_	
23-10	2686-2688	48	_	_	_	_	_	_	_	_	_	_	_	_	_	
23-11	2689-2697	nötrofil	_	_	_	_	_	_	_	_	_	_	_	_	_	
23-12	2697-2698	)	_	_	_	_	_	_	_	_	_	_	_	_	_	
23-13	2698-2699	,	_	_	_	_	_	_	_	_	_	_	_	_	_	
23-14	2700-2705	anemi	_	_	_	_	_	_	_	_	_	_	_	_	_	
23-15	2706-2707	(	_	_	_	_	_	_	_	_	_	_	_	_	_	
23-16	2707-2717	hemoglobin	_	_	_	_	_	_	_	_	_	_	_	_	_	
23-17	2717-2718	:	_	_	_	_	_	_	_	_	_	_	_	_	_	
23-18	2719-2724	10,1g	_	_	_	_	_	_	_	_	_	_	_	_	_	
23-19	2724-2725	/	_	_	_	_	_	_	_	_	_	_	_	_	_	
23-20	2725-2727	dl	_	_	_	_	_	_	_	_	_	_	_	_	_	
23-21	2727-2728	)	_	_	_	_	_	_	_	_	_	_	_	_	_	
23-22	2728-2729	,	_	_	_	_	_	_	_	_	_	_	_	_	_	
23-23	2730-2738	platelet	_	_	_	_	_	_	_	_	_	_	_	_	_	
23-24	2738-2739	:	_	_	_	_	_	_	_	_	_	_	_	_	_	
23-25	2740-2747	152.000	_	_	_	_	_	_	_	_	_	_	_	_	_	
23-26	2747-2748	/	_	_	_	_	_	_	_	_	_	_	_	_	_	
23-27	2748-2751	mm3	_	_	_	_	_	_	_	_	_	_	_	_	_	
23-28	2751-2752	,	_	_	_	_	_	_	_	_	_	_	_	_	_	
23-29	2753-2759	alanin	_	_	_	_	_	_	_	_	_	_	_	_	_	
23-30	2760-2765	amino	_	_	_	_	_	_	_	_	_	_	_	_	_	
23-31	2766-2776	transferaz	_	_	_	_	_	_	_	_	_	_	_	_	_	
23-32	2777-2778	(	_	_	_	_	_	_	_	_	_	_	_	_	_	
23-33	2778-2781	ALT	_	_	_	_	_	_	_	_	_	_	_	_	_	
23-34	2781-2782	)	_	_	_	_	_	_	_	_	_	_	_	_	_	
23-35	2782-2783	:	_	_	_	_	_	_	_	_	_	_	_	_	_	
23-36	2784-2787	100	_	_	_	_	_	_	_	_	_	_	_	_	_	
23-37	2788-2790	IU	_	_	_	_	_	_	_	_	_	_	_	_	_	
23-38	2790-2791	/	_	_	_	_	_	_	_	_	_	_	_	_	_	
23-39	2791-2792	L	_	_	_	_	_	_	_	_	_	_	_	_	_	
23-40	2792-2793	,	_	_	_	_	_	_	_	_	_	_	_	_	_	
23-41	2794-2802	aspartat	_	_	_	_	_	_	_	_	_	_	_	_	_	
23-42	2803-2808	amino	_	_	_	_	_	_	_	_	_	_	_	_	_	
23-43	2809-2819	transferaz	_	_	_	_	_	_	_	_	_	_	_	_	_	
23-44	2820-2821	(	_	_	_	_	_	_	_	_	_	_	_	_	_	
23-45	2821-2824	AST	_	_	_	_	_	_	_	_	_	_	_	_	_	
23-46	2824-2825	)	_	_	_	_	_	_	_	_	_	_	_	_	_	
23-47	2825-2826	:	_	_	_	_	_	_	_	_	_	_	_	_	_	
23-48	2827-2829	60	_	_	_	_	_	_	_	_	_	_	_	_	_	
23-49	2830-2832	IU	_	_	_	_	_	_	_	_	_	_	_	_	_	
23-50	2832-2833	/	_	_	_	_	_	_	_	_	_	_	_	_	_	
23-51	2833-2834	L	_	_	_	_	_	_	_	_	_	_	_	_	_	
23-52	2834-2835	,	_	_	_	_	_	_	_	_	_	_	_	_	_	
23-53	2836-2843	alkalen	_	_	_	_	_	_	_	_	_	_	_	_	_	
23-54	2844-2852	fosfataz	_	_	_	_	_	_	_	_	_	_	_	_	_	
23-55	2853-2854	(	_	_	_	_	_	_	_	_	_	_	_	_	_	
23-56	2854-2857	ALP	_	_	_	_	_	_	_	_	_	_	_	_	_	
23-57	2857-2858	)	_	_	_	_	_	_	_	_	_	_	_	_	_	
23-58	2858-2859	:	_	_	_	_	_	_	_	_	_	_	_	_	_	
23-59	2860-2863	140	_	_	_	_	_	_	_	_	_	_	_	_	_	
23-60	2864-2865	U	_	_	_	_	_	_	_	_	_	_	_	_	_	
23-61	2865-2866	/	_	_	_	_	_	_	_	_	_	_	_	_	_	
23-62	2866-2867	L	_	_	_	_	_	_	_	_	_	_	_	_	_	
23-63	2867-2868	,	_	_	_	_	_	_	_	_	_	_	_	_	_	
23-64	2869-2882	gama-glutamil	_	_	_	_	_	_	_	_	_	_	_	_	_	
23-65	2883-2893	transferaz	_	_	_	_	_	_	_	_	_	_	_	_	_	
23-66	2894-2895	(	_	_	_	_	_	_	_	_	_	_	_	_	_	
23-67	2895-2898	GGT	_	_	_	_	_	_	_	_	_	_	_	_	_	
23-68	2898-2899	)	_	_	_	_	_	_	_	_	_	_	_	_	_	
23-69	2899-2900	:	_	_	_	_	_	_	_	_	_	_	_	_	_	
23-70	2901-2904	138	_	_	_	_	_	_	_	_	_	_	_	_	_	
23-71	2905-2906	U	_	_	_	_	_	_	_	_	_	_	_	_	_	
23-72	2906-2907	/	_	_	_	_	_	_	_	_	_	_	_	_	_	
23-73	2907-2908	L	_	_	_	_	_	_	_	_	_	_	_	_	_	
23-74	2908-2909	,	_	_	_	_	_	_	_	_	_	_	_	_	_	
23-75	2910-2915	total	_	_	_	_	_	_	_	_	_	_	_	_	_	
23-76	2916-2921	serum	_	_	_	_	_	_	_	_	_	_	_	_	_	
23-77	2922-2931	bilirübin	_	_	_	_	_	_	_	_	_	_	_	_	_	
23-78	2931-2932	:	_	_	_	_	_	_	_	_	_	_	_	_	_	
23-79	2933-2936	2.4	_	_	_	_	_	_	_	_	_	_	_	_	_	
23-80	2937-2939	mg	_	_	_	_	_	_	_	_	_	_	_	_	_	
23-81	2939-2940	/	_	_	_	_	_	_	_	_	_	_	_	_	_	
23-82	2940-2942	dl	_	_	_	_	_	_	_	_	_	_	_	_	_	
23-83	2942-2943	,	_	_	_	_	_	_	_	_	_	_	_	_	_	
23-84	2944-2951	albümin	_	_	_	_	_	_	_	_	_	_	_	_	_	
23-85	2951-2952	:	_	_	_	_	_	_	_	_	_	_	_	_	_	
23-86	2953-2956	2.1	_	_	_	_	_	_	_	_	_	_	_	_	_	
23-87	2957-2958	g	_	_	_	_	_	_	_	_	_	_	_	_	_	
23-88	2958-2959	/	_	_	_	_	_	_	_	_	_	_	_	_	_	
23-89	2959-2961	dl	_	_	_	_	_	_	_	_	_	_	_	_	_	
23-90	2961-2962	,	_	_	_	_	_	_	_	_	_	_	_	_	_	
23-91	2963-2972	C-reaktif	_	_	_	_	_	_	_	_	_	_	_	_	_	
23-92	2973-2980	protein	_	_	_	_	_	_	_	_	_	_	_	_	_	
23-93	2981-2982	(	_	_	_	_	_	_	_	_	_	_	_	_	_	
23-94	2982-2985	CRP	_	_	_	_	_	_	_	_	_	_	_	_	_	
23-95	2985-2986	)	_	_	_	_	_	_	_	_	_	_	_	_	_	
23-96	2986-2987	:	_	_	_	_	_	_	_	_	_	_	_	_	_	
23-97	2987-2990	237	_	_	_	_	_	_	_	_	_	_	_	_	_	
23-98	2991-2993	mg	_	_	_	_	_	_	_	_	_	_	_	_	_	
23-99	2993-2994	/	_	_	_	_	_	_	_	_	_	_	_	_	_	
23-100	2994-2995	l	_	_	_	_	_	_	_	_	_	_	_	_	_	
23-101	2995-2996	,	_	_	_	_	_	_	_	_	_	_	_	_	_	
23-102	2997-3010	prokalsitonin	_	_	_	_	_	_	_	_	_	_	_	_	_	
23-103	3011-3013	17	_	_	_	_	_	_	_	_	_	_	_	_	_	
23-104	3014-3016	ng	_	_	_	_	_	_	_	_	_	_	_	_	_	
23-105	3016-3017	/	_	_	_	_	_	_	_	_	_	_	_	_	_	
23-106	3017-3019	mL	_	_	_	_	_	_	_	_	_	_	_	_	_	
23-107	3020-3026	olarak	_	_	_	_	_	_	_	_	_	_	_	_	_	
23-108	3027-3035	saptandı	_	_	_	_	_	_	_	_	_	_	_	_	_	
23-109	3035-3036	.	_	_	_	_	_	_	_	_	_	_	_	_	_	

#Text=Diğer biyokimyasal tetkiklerde anormal bulgu saptanmadı.
24-1	3037-3042	Diğer	*[2]	_	*[20]	_	_	_	_	_	_	_	_	_	_	
24-2	3043-3055	biyokimyasal	*[2]	_	*[20]	_	_	_	_	_	_	_	_	_	_	
24-3	3056-3067	tetkiklerde	*[2]	_	*[20]	_	_	_	_	_	_	_	_	_	_	
24-4	3068-3075	anormal	*[2]|*[3]	*	*	_	*	partOfEvent	24-4	isAnotherFocus	24-4	NegMorMarker	partOfScope	24-4[3]	*	
24-5	3076-3081	bulgu	*[2]|*[3]	_	_	_	_	_	_	_	_	_	_	_	_	
24-6	3082-3092	saptanmadı	*[2]	*	_	_	*	partOfEvent	24-6	isAnotherFocus	24-1[20]	NegMorMarker	partOfScope	24-1[2]	*	
24-7	3092-3093	.	_	_	_	_	_	_	_	_	_	_	_	_	_	

#Text=Ayrıca karaciğer enzim yüksekliği nedeniyle istenen viral enfeksiyon belirteçleri (hepatit A,B,C, Citomegalovirüs) negatif olarak saptandı.
25-1	3094-3100	Ayrıca	_	_	_	_	_	_	_	_	_	_	_	_	_	
25-2	3101-3110	karaciğer	*[4]	_	*[21]	_	_	_	_	_	_	_	_	_	_	
25-3	3111-3116	enzim	*[4]	_	*[21]	_	_	_	_	_	_	_	_	_	_	
25-4	3117-3127	yüksekliği	*[4]	_	*[21]	_	_	_	_	_	_	_	_	_	_	
25-5	3128-3137	nedeniyle	*[4]	_	*[21]	_	_	_	_	_	_	_	_	_	_	
25-6	3138-3145	istenen	*[4]	_	*[21]	_	_	_	_	_	_	_	_	_	_	
25-7	3146-3151	viral	*[4]	_	*[21]	_	_	_	_	_	_	_	_	_	_	
25-8	3152-3162	enfeksiyon	*[4]	_	*[21]	_	_	_	_	_	_	_	_	_	_	
25-9	3163-3175	belirteçleri	*[4]	_	*[21]	_	_	_	_	_	_	_	_	_	_	
25-10	3176-3177	(	_	_	_	_	_	_	_	_	_	_	_	_	_	
25-11	3177-3184	hepatit	_	_	_	_	_	_	_	_	_	_	_	_	_	
25-12	3185-3186	A	_	_	_	_	_	_	_	_	_	_	_	_	_	
25-13	3186-3187	,	_	_	_	_	_	_	_	_	_	_	_	_	_	
25-14	3187-3188	B	_	_	_	_	_	_	_	_	_	_	_	_	_	
25-15	3188-3189	,	_	_	_	_	_	_	_	_	_	_	_	_	_	
25-16	3189-3190	C	_	_	_	_	_	_	_	_	_	_	_	_	_	
25-17	3190-3191	,	_	_	_	_	_	_	_	_	_	_	_	_	_	
25-18	3192-3207	Citomegalovirüs	_	_	_	_	_	_	_	_	_	_	_	_	_	
25-19	3207-3208	)	_	_	_	_	_	_	_	_	_	_	_	_	_	
25-20	3209-3216	negatif	_	*	_	_	*	partOfEvent	25-20	isAnotherFocus	25-2[21]	NegLexMarker	partOfScope;partOfScope	25-21[5];25-2[4]	*	
25-21	3217-3223	olarak	*[5]	_	_	_	_	_	_	_	_	_	_	_	_	
25-22	3224-3232	saptandı	*[5]	_	_	_	_	_	_	_	_	_	_	_	_	
25-23	3232-3233	.	_	_	_	_	_	_	_	_	_	_	_	_	_	

#Text=Periferik yaymasında atipik hücreye rastlanmadı.
26-1	3234-3243	Periferik	*[6]	_	*[22]	_	_	_	_	_	_	_	_	_	_	
26-2	3244-3254	yaymasında	*[6]	_	*[22]	_	_	_	_	_	_	_	_	_	_	
26-3	3255-3261	atipik	*[6]	_	_	_	_	_	_	_	_	_	_	_	_	
26-4	3262-3269	hücreye	*[6]	_	_	_	_	_	_	_	_	_	_	_	_	
26-5	3270-3281	rastlanmadı	*[6]	*	_	_	*	partOfEvent	26-5	isAnotherFocus	26-1[22]	NegMorMarker	partOfScope	26-1[6]	*	
26-6	3281-3282	.	_	_	_	_	_	_	_	_	_	_	_	_	_	

#Text=Batın tomografisinde safra kesesi duvar kalınlığı artmış ve ödemli olup akut kolesistitle uyumlu olarak saptandı.
27-1	3283-3288	Batın	_	_	_	_	_	_	_	_	_	_	_	_	_	
27-2	3289-3303	tomografisinde	_	_	_	_	_	_	_	_	_	_	_	_	_	
27-3	3304-3309	safra	_	_	_	_	_	_	_	_	_	_	_	_	_	
27-4	3310-3316	kesesi	_	_	_	_	_	_	_	_	_	_	_	_	_	
27-5	3317-3322	duvar	_	_	_	_	_	_	_	_	_	_	_	_	_	
27-6	3323-3332	kalınlığı	_	_	_	_	_	_	_	_	_	_	_	_	_	
27-7	3333-3339	artmış	_	_	_	_	_	_	_	_	_	_	_	_	_	
27-8	3340-3342	ve	_	_	_	_	_	_	_	_	_	_	_	_	_	
27-9	3343-3349	ödemli	_	_	_	_	_	_	_	_	_	_	_	_	_	
27-10	3350-3354	olup	_	_	_	_	_	_	_	_	_	_	_	_	_	
27-11	3355-3359	akut	_	_	_	_	_	_	_	_	_	_	_	_	_	
27-12	3360-3372	kolesistitle	_	_	_	_	_	_	_	_	_	_	_	_	_	
27-13	3373-3379	uyumlu	_	_	_	_	_	_	_	_	_	_	_	_	_	
27-14	3380-3386	olarak	_	_	_	_	_	_	_	_	_	_	_	_	_	
27-15	3387-3395	saptandı	_	_	_	_	_	_	_	_	_	_	_	_	_	
27-16	3395-3396	.	_	_	_	_	_	_	_	_	_	_	_	_	_	

#Text=Hastadan kan ve idrar kültürleri istendi.
28-1	3397-3405	Hastadan	_	_	_	_	_	_	_	_	_	_	_	_	_	
28-2	3406-3409	kan	_	_	_	_	_	_	_	_	_	_	_	_	_	
28-3	3410-3412	ve	_	_	_	_	_	_	_	_	_	_	_	_	_	
28-4	3413-3418	idrar	_	_	_	_	_	_	_	_	_	_	_	_	_	
28-5	3419-3429	kültürleri	_	_	_	_	_	_	_	_	_	_	_	_	_	
28-6	3430-3437	istendi	_	_	_	_	_	_	_	_	_	_	_	_	_	
28-7	3437-3438	.	_	_	_	_	_	_	_	_	_	_	_	_	_	

#Text=Ampirik olarak batın içi enfeksiyon ön tanısıyla seftriakson 2x1 gr/IV + ornidazol 2x500 gr/IV tedavileri başlandı.
29-1	3439-3446	Ampirik	_	_	_	_	_	_	_	_	_	_	_	_	_	
29-2	3447-3453	olarak	_	_	_	_	_	_	_	_	_	_	_	_	_	
29-3	3454-3459	batın	_	_	_	_	_	_	_	_	_	_	_	_	_	
29-4	3460-3463	içi	_	_	_	_	_	_	_	_	_	_	_	_	_	
29-5	3464-3474	enfeksiyon	_	_	_	_	_	_	_	_	_	_	_	_	_	
29-6	3475-3477	ön	_	_	_	_	_	_	_	_	_	_	_	_	_	
29-7	3478-3487	tanısıyla	_	_	_	_	_	_	_	_	_	_	_	_	_	
29-8	3488-3499	seftriakson	_	_	_	_	_	_	_	_	_	_	_	_	_	
29-9	3500-3503	2x1	_	_	_	_	_	_	_	_	_	_	_	_	_	
29-10	3504-3506	gr	_	_	_	_	_	_	_	_	_	_	_	_	_	
29-11	3506-3507	/	_	_	_	_	_	_	_	_	_	_	_	_	_	
29-12	3507-3509	IV	_	_	_	_	_	_	_	_	_	_	_	_	_	
29-13	3510-3511	+	_	_	_	_	_	_	_	_	_	_	_	_	_	
29-14	3512-3521	ornidazol	_	_	_	_	_	_	_	_	_	_	_	_	_	
29-15	3522-3527	2x500	_	_	_	_	_	_	_	_	_	_	_	_	_	
29-16	3528-3530	gr	_	_	_	_	_	_	_	_	_	_	_	_	_	
29-17	3530-3531	/	_	_	_	_	_	_	_	_	_	_	_	_	_	
29-18	3531-3533	IV	_	_	_	_	_	_	_	_	_	_	_	_	_	
29-19	3534-3544	tedavileri	_	_	_	_	_	_	_	_	_	_	_	_	_	
29-20	3545-3553	başlandı	_	_	_	_	_	_	_	_	_	_	_	_	_	
29-21	3553-3554	.	_	_	_	_	_	_	_	_	_	_	_	_	_	

#Text=Kültür sonuçları ile rekonsültasyon önerildi.
30-1	3555-3561	Kültür	_	_	_	_	_	_	_	_	_	_	_	_	_	
30-2	3562-3571	sonuçları	_	_	_	_	_	_	_	_	_	_	_	_	_	
30-3	3572-3575	ile	_	_	_	_	_	_	_	_	_	_	_	_	_	
30-4	3576-3590	rekonsültasyon	_	_	_	_	_	_	_	_	_	_	_	_	_	
30-5	3591-3599	önerildi	_	_	_	_	_	_	_	_	_	_	_	_	_	
30-6	3599-3600	.	_	_	_	_	_	_	_	_	_	_	_	_	_	

#Text=Hastanın lökopenisinin derinleşmesi ve ateş yanıtının alınmaması üzerinetekrar konsülte edildi.
31-1	3601-3609	Hastanın	*	_	*	_	_	_	_	_	_	_	_	_	_	
31-2	3610-3623	lökopenisinin	_	_	_	_	_	_	_	_	_	_	_	_	_	
31-3	3624-3636	derinleşmesi	_	_	_	_	_	_	_	_	_	_	_	_	_	
31-4	3637-3639	ve	_	_	_	_	_	_	_	_	_	_	_	_	_	
31-5	3640-3644	ateş	*[7]	_	*[23]	_	_	_	_	_	_	_	_	_	_	
31-6	3645-3654	yanıtının	*[7]	_	*[23]	_	_	_	_	_	_	_	_	_	_	
31-7	3655-3665	alınmaması	_	*	_	_	*	partOfEvent	31-7	isAnotherFocus;isAnotherFocus	31-5[23];31-1	NegMorMarker	partOfScope;partOfScope	31-1;31-5[7]	*	
31-8	3666-3679	üzerinetekrar	_	_	_	_	_	_	_	_	_	_	_	_	_	
31-9	3680-3688	konsülte	_	_	_	_	_	_	_	_	_	_	_	_	_	
31-10	3689-3695	edildi	_	_	_	_	_	_	_	_	_	_	_	_	_	
31-11	3695-3696	.	_	_	_	_	_	_	_	_	_	_	_	_	_	

#Text=Hastadan Rose Bengal ve Coombs’lu Wright tetkikleri istendi.
32-1	3697-3705	Hastadan	_	_	_	_	_	_	_	_	_	_	_	_	_	
32-2	3706-3710	Rose	_	_	_	_	_	_	_	_	_	_	_	_	_	
32-3	3711-3717	Bengal	_	_	_	_	_	_	_	_	_	_	_	_	_	
32-4	3718-3720	ve	_	_	_	_	_	_	_	_	_	_	_	_	_	
32-5	3721-3727	Coombs	_	_	_	_	_	_	_	_	_	_	_	_	_	
32-6	3727-3728	’	_	_	_	_	_	_	_	_	_	_	_	_	_	
32-7	3728-3730	lu	_	_	_	_	_	_	_	_	_	_	_	_	_	
32-8	3731-3737	Wright	_	_	_	_	_	_	_	_	_	_	_	_	_	
32-9	3738-3748	tetkikleri	_	_	_	_	_	_	_	_	_	_	_	_	_	
32-10	3749-3756	istendi	_	_	_	_	_	_	_	_	_	_	_	_	_	
32-11	3756-3757	.	_	_	_	_	_	_	_	_	_	_	_	_	_	

#Text=Kan kültürü tekrarlandı.
33-1	3758-3761	Kan	_	_	_	_	_	_	_	_	_	_	_	_	_	
33-2	3762-3769	kültürü	_	_	_	_	_	_	_	_	_	_	_	_	_	
33-3	3770-3781	tekrarlandı	_	_	_	_	_	_	_	_	_	_	_	_	_	
33-4	3781-3782	.	_	_	_	_	_	_	_	_	_	_	_	_	_	

#Text=Rose Bengal testi pozitifti; Coombs’lu Wright testi 1/80 titrede pozitif olarak saptandı.
34-1	3783-3787	Rose	_	_	_	_	_	_	_	_	_	_	_	_	_	
34-2	3788-3794	Bengal	_	_	_	_	_	_	_	_	_	_	_	_	_	
34-3	3795-3800	testi	_	_	_	_	_	_	_	_	_	_	_	_	_	
34-4	3801-3810	pozitifti	_	_	_	_	_	_	_	_	_	_	_	_	_	
34-5	3810-3811	;	_	_	_	_	_	_	_	_	_	_	_	_	_	
34-6	3812-3818	Coombs	_	_	_	_	_	_	_	_	_	_	_	_	_	
34-7	3818-3819	’	_	_	_	_	_	_	_	_	_	_	_	_	_	
34-8	3819-3821	lu	_	_	_	_	_	_	_	_	_	_	_	_	_	
34-9	3822-3828	Wright	_	_	_	_	_	_	_	_	_	_	_	_	_	
34-10	3829-3834	testi	_	_	_	_	_	_	_	_	_	_	_	_	_	
34-11	3835-3836	1	_	_	_	_	_	_	_	_	_	_	_	_	_	
34-12	3836-3837	/	_	_	_	_	_	_	_	_	_	_	_	_	_	
34-13	3837-3839	80	_	_	_	_	_	_	_	_	_	_	_	_	_	
34-14	3840-3847	titrede	_	_	_	_	_	_	_	_	_	_	_	_	_	
34-15	3848-3855	pozitif	_	_	_	_	_	_	_	_	_	_	_	_	_	
34-16	3856-3862	olarak	_	_	_	_	_	_	_	_	_	_	_	_	_	
34-17	3863-3871	saptandı	_	_	_	_	_	_	_	_	_	_	_	_	_	
34-18	3871-3872	.	_	_	_	_	_	_	_	_	_	_	_	_	_	

#Text=Hastaya klinik ve laboratuvar bulgularla bruselloz tanısı konulamadı.
35-1	3873-3880	Hastaya	*[8]	_	_	_	_	_	_	_	_	_	_	_	_	
35-2	3881-3887	klinik	*[8]	_	*[24]	_	_	_	_	_	_	_	_	_	_	
35-3	3888-3890	ve	*[8]	_	*[24]	_	_	_	_	_	_	_	_	_	_	
35-4	3891-3902	laboratuvar	*[8]	_	*[24]	_	_	_	_	_	_	_	_	_	_	
35-5	3903-3913	bulgularla	*[8]	_	*[24]	_	_	_	_	_	_	_	_	_	_	
35-6	3914-3923	bruselloz	*[8]	_	_	_	_	_	_	_	_	_	_	_	_	
35-7	3924-3930	tanısı	*[8]	_	_	_	_	_	_	_	_	_	_	_	_	
35-8	3931-3941	konulamadı	*[8]	*	_	_	*	partOfEvent	35-8	isAnotherFocus	35-2[24]	NegMorMarker	partOfScope	35-1[8]	*	
35-9	3941-3942	.	_	_	_	_	_	_	_	_	_	_	_	_	_	

#Text=Hasta alınan dren kültüründe Brusella spp üremesi üzerine tekrar konsülte edildi.
36-1	3943-3948	Hasta	_	_	_	_	_	_	_	_	_	_	_	_	_	
36-2	3949-3955	alınan	_	_	_	_	_	_	_	_	_	_	_	_	_	
36-3	3956-3960	dren	_	_	_	_	_	_	_	_	_	_	_	_	_	
36-4	3961-3971	kültüründe	_	_	_	_	_	_	_	_	_	_	_	_	_	
36-5	3972-3980	Brusella	_	_	_	_	_	_	_	_	_	_	_	_	_	
36-6	3981-3984	spp	_	_	_	_	_	_	_	_	_	_	_	_	_	
36-7	3985-3992	üremesi	_	_	_	_	_	_	_	_	_	_	_	_	_	
36-8	3993-4000	üzerine	_	_	_	_	_	_	_	_	_	_	_	_	_	
36-9	4001-4007	tekrar	_	_	_	_	_	_	_	_	_	_	_	_	_	
36-10	4008-4016	konsülte	_	_	_	_	_	_	_	_	_	_	_	_	_	
36-11	4017-4023	edildi	_	_	_	_	_	_	_	_	_	_	_	_	_	
36-12	4023-4024	.	_	_	_	_	_	_	_	_	_	_	_	_	_	

#Text=Üreyen mikroorganizmaların identifikasyonu hastanemiz mikrobiyoloji laboratuvarında VITEK 2 Compact (Biomerieux clinical diagnostics, France) cihazı ile yapıldı.
37-1	4025-4031	Üreyen	_	_	_	_	_	_	_	_	_	_	_	_	_	
37-2	4032-4051	mikroorganizmaların	_	_	_	_	_	_	_	_	_	_	_	_	_	
37-3	4052-4067	identifikasyonu	_	_	_	_	_	_	_	_	_	_	_	_	_	
37-4	4068-4078	hastanemiz	_	_	_	_	_	_	_	_	_	_	_	_	_	
37-5	4079-4092	mikrobiyoloji	_	_	_	_	_	_	_	_	_	_	_	_	_	
37-6	4093-4108	laboratuvarında	_	_	_	_	_	_	_	_	_	_	_	_	_	
37-7	4109-4114	VITEK	_	_	_	_	_	_	_	_	_	_	_	_	_	
37-8	4115-4116	2	_	_	_	_	_	_	_	_	_	_	_	_	_	
37-9	4117-4124	Compact	_	_	_	_	_	_	_	_	_	_	_	_	_	
37-10	4125-4126	(	_	_	_	_	_	_	_	_	_	_	_	_	_	
37-11	4126-4136	Biomerieux	_	_	_	_	_	_	_	_	_	_	_	_	_	
37-12	4137-4145	clinical	_	_	_	_	_	_	_	_	_	_	_	_	_	
37-13	4146-4157	diagnostics	_	_	_	_	_	_	_	_	_	_	_	_	_	
37-14	4157-4158	,	_	_	_	_	_	_	_	_	_	_	_	_	_	
37-15	4159-4165	France	_	_	_	_	_	_	_	_	_	_	_	_	_	
37-16	4165-4166	)	_	_	_	_	_	_	_	_	_	_	_	_	_	
37-17	4167-4173	cihazı	_	_	_	_	_	_	_	_	_	_	_	_	_	
37-18	4174-4177	ile	_	_	_	_	_	_	_	_	_	_	_	_	_	
37-19	4178-4185	yapıldı	_	_	_	_	_	_	_	_	_	_	_	_	_	
37-20	4185-4186	.	_	_	_	_	_	_	_	_	_	_	_	_	_	

#Text=Brucella spp olarak tanımlanan mikroorganizma, T.C. Sağlık Bakanlığı Halk Sağlığı Genel Müdürlüğü Mikrobiyoloji Referans Laboratuvarı’nda B.melitensis olarak tiplendirildi.
38-1	4187-4195	Brucella	_	_	_	_	_	_	_	_	_	_	_	_	_	
38-2	4196-4199	spp	_	_	_	_	_	_	_	_	_	_	_	_	_	
38-3	4200-4206	olarak	_	_	_	_	_	_	_	_	_	_	_	_	_	
38-4	4207-4217	tanımlanan	_	_	_	_	_	_	_	_	_	_	_	_	_	
38-5	4218-4232	mikroorganizma	_	_	_	_	_	_	_	_	_	_	_	_	_	
38-6	4232-4233	,	_	_	_	_	_	_	_	_	_	_	_	_	_	
38-7	4234-4237	T.C	_	_	_	_	_	_	_	_	_	_	_	_	_	
38-8	4237-4238	.	_	_	_	_	_	_	_	_	_	_	_	_	_	
38-9	4239-4245	Sağlık	_	_	_	_	_	_	_	_	_	_	_	_	_	
38-10	4246-4255	Bakanlığı	_	_	_	_	_	_	_	_	_	_	_	_	_	
38-11	4256-4260	Halk	_	_	_	_	_	_	_	_	_	_	_	_	_	
38-12	4261-4268	Sağlığı	_	_	_	_	_	_	_	_	_	_	_	_	_	
38-13	4269-4274	Genel	_	_	_	_	_	_	_	_	_	_	_	_	_	
38-14	4275-4284	Müdürlüğü	_	_	_	_	_	_	_	_	_	_	_	_	_	
38-15	4285-4298	Mikrobiyoloji	_	_	_	_	_	_	_	_	_	_	_	_	_	
38-16	4299-4307	Referans	_	_	_	_	_	_	_	_	_	_	_	_	_	
38-17	4308-4320	Laboratuvarı	_	_	_	_	_	_	_	_	_	_	_	_	_	
38-18	4320-4321	’	_	_	_	_	_	_	_	_	_	_	_	_	_	
38-19	4321-4324	nda	_	_	_	_	_	_	_	_	_	_	_	_	_	
38-20	4325-4337	B.melitensis	_	_	_	_	_	_	_	_	_	_	_	_	_	
38-21	4338-4344	olarak	_	_	_	_	_	_	_	_	_	_	_	_	_	
38-22	4345-4358	tiplendirildi	_	_	_	_	_	_	_	_	_	_	_	_	_	
38-23	4358-4359	.	_	_	_	_	_	_	_	_	_	_	_	_	_	

#Text=Bunun üzerine hasta seronegatif bruselloza bağlı akut kolesistit olarak değerlendirildi.
39-1	4360-4365	Bunun	_	_	_	_	_	_	_	_	_	_	_	_	_	
39-2	4366-4373	üzerine	_	_	_	_	_	_	_	_	_	_	_	_	_	
39-3	4374-4379	hasta	_	_	_	_	_	_	_	_	_	_	_	_	_	
39-4	4380-4391	seronegatif	_	_	_	_	_	_	_	_	_	_	_	_	_	
39-5	4392-4402	bruselloza	_	_	_	_	_	_	_	_	_	_	_	_	_	
39-6	4403-4408	bağlı	_	_	_	_	_	_	_	_	_	_	_	_	_	
39-7	4409-4413	akut	_	_	_	_	_	_	_	_	_	_	_	_	_	
39-8	4414-4424	kolesistit	_	_	_	_	_	_	_	_	_	_	_	_	_	
39-9	4425-4431	olarak	_	_	_	_	_	_	_	_	_	_	_	_	_	
39-10	4432-4447	değerlendirildi	_	_	_	_	_	_	_	_	_	_	_	_	_	
39-11	4447-4448	.	_	_	_	_	_	_	_	_	_	_	_	_	_	

#Text=Hasta servisimize devir alındı.
40-1	4449-4454	Hasta	_	_	_	_	_	_	_	_	_	_	_	_	_	
40-2	4455-4466	servisimize	_	_	_	_	_	_	_	_	_	_	_	_	_	
40-3	4467-4472	devir	_	_	_	_	_	_	_	_	_	_	_	_	_	
40-4	4473-4479	alındı	_	_	_	_	_	_	_	_	_	_	_	_	_	
40-5	4479-4480	.	_	_	_	_	_	_	_	_	_	_	_	_	_	

#Text=Hastanın tedavisi doksisiklin 2x100 mg/gün ve rifampisin 1x600 mg/gün olarak düzenlendi.
41-1	4481-4489	Hastanın	_	_	_	_	_	_	_	_	_	_	_	_	_	
41-2	4490-4498	tedavisi	_	_	_	_	_	_	_	_	_	_	_	_	_	
41-3	4499-4510	doksisiklin	_	_	_	_	_	_	_	_	_	_	_	_	_	
41-4	4511-4516	2x100	_	_	_	_	_	_	_	_	_	_	_	_	_	
41-5	4517-4519	mg	_	_	_	_	_	_	_	_	_	_	_	_	_	
41-6	4519-4520	/	_	_	_	_	_	_	_	_	_	_	_	_	_	
41-7	4520-4523	gün	_	_	_	_	_	_	_	_	_	_	_	_	_	
41-8	4524-4526	ve	_	_	_	_	_	_	_	_	_	_	_	_	_	
41-9	4527-4537	rifampisin	_	_	_	_	_	_	_	_	_	_	_	_	_	
41-10	4538-4543	1x600	_	_	_	_	_	_	_	_	_	_	_	_	_	
41-11	4544-4546	mg	_	_	_	_	_	_	_	_	_	_	_	_	_	
41-12	4546-4547	/	_	_	_	_	_	_	_	_	_	_	_	_	_	
41-13	4547-4550	gün	_	_	_	_	_	_	_	_	_	_	_	_	_	
41-14	4551-4557	olarak	_	_	_	_	_	_	_	_	_	_	_	_	_	
41-15	4558-4568	düzenlendi	_	_	_	_	_	_	_	_	_	_	_	_	_	
41-16	4568-4569	.	_	_	_	_	_	_	_	_	_	_	_	_	_	

#Text=Hastadan 2 hafta sonra tekrar Coombs’lu Wright tetkiki istendi.
42-1	4570-4578	Hastadan	_	_	_	_	_	_	_	_	_	_	_	_	_	
42-2	4579-4580	2	_	_	_	_	_	_	_	_	_	_	_	_	_	
42-3	4581-4586	hafta	_	_	_	_	_	_	_	_	_	_	_	_	_	
42-4	4587-4592	sonra	_	_	_	_	_	_	_	_	_	_	_	_	_	
42-5	4593-4599	tekrar	_	_	_	_	_	_	_	_	_	_	_	_	_	
42-6	4600-4606	Coombs	_	_	_	_	_	_	_	_	_	_	_	_	_	
42-7	4606-4607	’	_	_	_	_	_	_	_	_	_	_	_	_	_	
42-8	4607-4609	lu	_	_	_	_	_	_	_	_	_	_	_	_	_	
42-9	4610-4616	Wright	_	_	_	_	_	_	_	_	_	_	_	_	_	
42-10	4617-4624	tetkiki	_	_	_	_	_	_	_	_	_	_	_	_	_	
42-11	4625-4632	istendi	_	_	_	_	_	_	_	_	_	_	_	_	_	
42-12	4632-4633	.	_	_	_	_	_	_	_	_	_	_	_	_	_	

#Text=Coombs’lu Wright testi titresinde değişiklik olmadı.
43-1	4634-4640	Coombs	*[9]	_	*[25]	_	_	_	_	_	_	_	_	_	_	
43-2	4640-4641	’	*[9]	_	*[25]	_	_	_	_	_	_	_	_	_	_	
43-3	4641-4643	lu	*[9]	_	*[25]	_	_	_	_	_	_	_	_	_	_	
43-4	4644-4650	Wright	*[9]	_	*[25]	_	_	_	_	_	_	_	_	_	_	
43-5	4651-4656	testi	*[9]	_	*[25]	_	_	_	_	_	_	_	_	_	_	
43-6	4657-4667	titresinde	*[9]	_	*[25]	_	_	_	_	_	_	_	_	_	_	
43-7	4668-4678	değişiklik	*[9]	_	_	_	_	_	_	_	_	_	_	_	_	
43-8	4679-4685	olmadı	*[9]	*	_	_	*	partOfEvent	43-8	isAnotherFocus	43-1[25]	NegMorMarker	partOfScope	43-1[9]	*	
43-9	4685-4686	.	_	_	_	_	_	_	_	_	_	_	_	_	_	

#Text=Hastanın kan kültürlerinde de Brusella melitensis üremesi oldu.
44-1	4687-4695	Hastanın	_	_	_	_	_	_	_	_	_	_	_	_	_	
44-2	4696-4699	kan	_	_	_	_	_	_	_	_	_	_	_	_	_	
44-3	4700-4713	kültürlerinde	_	_	_	_	_	_	_	_	_	_	_	_	_	
44-4	4714-4716	de	_	_	_	_	_	_	_	_	_	_	_	_	_	
44-5	4717-4725	Brusella	_	_	_	_	_	_	_	_	_	_	_	_	_	
44-6	4726-4736	melitensis	_	_	_	_	_	_	_	_	_	_	_	_	_	
44-7	4737-4744	üremesi	_	_	_	_	_	_	_	_	_	_	_	_	_	
44-8	4745-4749	oldu	_	_	_	_	_	_	_	_	_	_	_	_	_	
44-9	4749-4750	.	_	_	_	_	_	_	_	_	_	_	_	_	_	

#Text=Klinik bulguları stabilleşen, dreni çekilen hastanın doksisiklin ve rifampisin kombinasyon tedavisi poliklinik kontrolleri ile altı haftaya tamamlandı.
45-1	4751-4757	Klinik	_	_	_	_	_	_	_	_	_	_	_	_	_	
45-2	4758-4767	bulguları	_	_	_	_	_	_	_	_	_	_	_	_	_	
45-3	4768-4779	stabilleşen	_	_	_	_	_	_	_	_	_	_	_	_	_	
45-4	4779-4780	,	_	_	_	_	_	_	_	_	_	_	_	_	_	
45-5	4781-4786	dreni	_	_	_	_	_	_	_	_	_	_	_	_	_	
45-6	4787-4794	çekilen	_	_	_	_	_	_	_	_	_	_	_	_	_	
45-7	4795-4803	hastanın	_	_	_	_	_	_	_	_	_	_	_	_	_	
45-8	4804-4815	doksisiklin	_	_	_	_	_	_	_	_	_	_	_	_	_	
45-9	4816-4818	ve	_	_	_	_	_	_	_	_	_	_	_	_	_	
45-10	4819-4829	rifampisin	_	_	_	_	_	_	_	_	_	_	_	_	_	
45-11	4830-4841	kombinasyon	_	_	_	_	_	_	_	_	_	_	_	_	_	
45-12	4842-4850	tedavisi	_	_	_	_	_	_	_	_	_	_	_	_	_	
45-13	4851-4861	poliklinik	_	_	_	_	_	_	_	_	_	_	_	_	_	
45-14	4862-4873	kontrolleri	_	_	_	_	_	_	_	_	_	_	_	_	_	
45-15	4874-4877	ile	_	_	_	_	_	_	_	_	_	_	_	_	_	
45-16	4878-4882	altı	_	_	_	_	_	_	_	_	_	_	_	_	_	
45-17	4883-4890	haftaya	_	_	_	_	_	_	_	_	_	_	_	_	_	
45-18	4891-4901	tamamlandı	_	_	_	_	_	_	_	_	_	_	_	_	_	
45-19	4901-4902	.	_	_	_	_	_	_	_	_	_	_	_	_	_	

#Text=Poliklinik takiplerinde problem yaşanmadı.
46-1	4903-4913	Poliklinik	*[10]	_	*[26]	_	_	_	_	_	_	_	_	_	_	
46-2	4914-4926	takiplerinde	*[10]	_	*[26]	_	_	_	_	_	_	_	_	_	_	
46-3	4927-4934	problem	*[10]	_	_	_	_	_	_	_	_	_	_	_	_	
46-4	4935-4944	yaşanmadı	*[10]	*	_	_	*	partOfEvent	46-4	isAnotherFocus	46-1[26]	NegMorMarker	partOfScope	46-1[10]	*	
46-5	4944-4945	.	_	_	_	_	_	_	_	_	_	_	_	_	_	

#Text=Bruselloz sistemik semptomları nedeniyle, birçok hastalığın ayırıcı tanısında yer almaktadır.
47-1	4946-4955	Bruselloz	_	_	_	_	_	_	_	_	_	_	_	_	_	
47-2	4956-4964	sistemik	_	_	_	_	_	_	_	_	_	_	_	_	_	
47-3	4965-4976	semptomları	_	_	_	_	_	_	_	_	_	_	_	_	_	
47-4	4977-4986	nedeniyle	_	_	_	_	_	_	_	_	_	_	_	_	_	
47-5	4986-4987	,	_	_	_	_	_	_	_	_	_	_	_	_	_	
47-6	4988-4994	birçok	_	_	_	_	_	_	_	_	_	_	_	_	_	
47-7	4995-5005	hastalığın	_	_	_	_	_	_	_	_	_	_	_	_	_	
47-8	5006-5013	ayırıcı	_	_	_	_	_	_	_	_	_	_	_	_	_	
47-9	5014-5023	tanısında	_	_	_	_	_	_	_	_	_	_	_	_	_	
47-10	5024-5027	yer	_	_	_	_	_	_	_	_	_	_	_	_	_	
47-11	5028-5038	almaktadır	_	_	_	_	_	_	_	_	_	_	_	_	_	
47-12	5038-5039	.	_	_	_	_	_	_	_	_	_	_	_	_	_	

#Text=Bruselloz olgularında en sık rastlanan semptomlar, ateş yüksekliği, eklem ve kas ağrıları, artrit, karın ağrısı, baş ağrısı, halsizlik, yorgunluk, iştahsızlık, gastrointestinal semptomlar, kilo kaybı ve gece terlemesidir.
48-1	5040-5049	Bruselloz	_	_	_	_	_	_	_	_	_	_	_	_	_	
48-2	5050-5061	olgularında	_	_	_	_	_	_	_	_	_	_	_	_	_	
48-3	5062-5064	en	_	_	_	_	_	_	_	_	_	_	_	_	_	
48-4	5065-5068	sık	_	_	_	_	_	_	_	_	_	_	_	_	_	
48-5	5069-5078	rastlanan	_	_	_	_	_	_	_	_	_	_	_	_	_	
48-6	5079-5089	semptomlar	_	_	_	_	_	_	_	_	_	_	_	_	_	
48-7	5089-5090	,	_	_	_	_	_	_	_	_	_	_	_	_	_	
48-8	5091-5095	ateş	_	_	_	_	_	_	_	_	_	_	_	_	_	
48-9	5096-5106	yüksekliği	_	_	_	_	_	_	_	_	_	_	_	_	_	
48-10	5106-5107	,	_	_	_	_	_	_	_	_	_	_	_	_	_	
48-11	5108-5113	eklem	_	_	_	_	_	_	_	_	_	_	_	_	_	
48-12	5114-5116	ve	_	_	_	_	_	_	_	_	_	_	_	_	_	
48-13	5117-5120	kas	_	_	_	_	_	_	_	_	_	_	_	_	_	
48-14	5121-5129	ağrıları	_	_	_	_	_	_	_	_	_	_	_	_	_	
48-15	5129-5130	,	_	_	_	_	_	_	_	_	_	_	_	_	_	
48-16	5131-5137	artrit	_	_	_	_	_	_	_	_	_	_	_	_	_	
48-17	5137-5138	,	_	_	_	_	_	_	_	_	_	_	_	_	_	
48-18	5139-5144	karın	_	_	_	_	_	_	_	_	_	_	_	_	_	
48-19	5145-5151	ağrısı	_	_	_	_	_	_	_	_	_	_	_	_	_	
48-20	5151-5152	,	_	_	_	_	_	_	_	_	_	_	_	_	_	
48-21	5153-5156	baş	_	_	_	_	_	_	_	_	_	_	_	_	_	
48-22	5157-5163	ağrısı	_	_	_	_	_	_	_	_	_	_	_	_	_	
48-23	5163-5164	,	_	_	_	_	_	_	_	_	_	_	_	_	_	
48-24	5165-5174	halsizlik	*	*	*	_	*	partOfEvent	48-24	isAnotherFocus	48-24	NegMorMarker	partOfScope	48-24	*	
48-25	5174-5175	,	_	_	_	_	_	_	_	_	_	_	_	_	_	
48-26	5176-5185	yorgunluk	_	_	_	_	_	_	_	_	_	_	_	_	_	
48-27	5185-5186	,	_	_	_	_	_	_	_	_	_	_	_	_	_	
48-28	5187-5198	iştahsızlık	*	*	*	_	*	partOfEvent	48-28	isAnotherFocus	48-28	NegMorMarker	partOfScope	48-28	*	
48-29	5198-5199	,	_	_	_	_	_	_	_	_	_	_	_	_	_	
48-30	5200-5216	gastrointestinal	_	_	_	_	_	_	_	_	_	_	_	_	_	
48-31	5217-5227	semptomlar	_	_	_	_	_	_	_	_	_	_	_	_	_	
48-32	5227-5228	,	_	_	_	_	_	_	_	_	_	_	_	_	_	
48-33	5229-5233	kilo	*	_	*	_	_	_	_	_	_	_	_	_	_	
48-34	5234-5239	kaybı	_	*	_	_	*	partOfEvent	48-34	isAnotherFocus	48-33	NegLexMarker	partOfScope	48-33	*	
48-35	5240-5242	ve	_	_	_	_	_	_	_	_	_	_	_	_	_	
48-36	5243-5247	gece	_	_	_	_	_	_	_	_	_	_	_	_	_	
48-37	5248-5260	terlemesidir	_	_	_	_	_	_	_	_	_	_	_	_	_	
48-38	5260-5261	.	_	_	_	_	_	_	_	_	_	_	_	_	_	

#Text=Hastaların laboratuvar tetkiklerde hepatobiliyer enzim yükseklikleri ve kemik iliği süpresyonuna bağlı lökopeni, anemi  ve trombositopeni  görülebilir.
49-1	5262-5272	Hastaların	_	_	_	_	_	_	_	_	_	_	_	_	_	
49-2	5273-5284	laboratuvar	_	_	_	_	_	_	_	_	_	_	_	_	_	
49-3	5285-5296	tetkiklerde	_	_	_	_	_	_	_	_	_	_	_	_	_	
49-4	5297-5310	hepatobiliyer	_	_	_	_	_	_	_	_	_	_	_	_	_	
49-5	5311-5316	enzim	_	_	_	_	_	_	_	_	_	_	_	_	_	
49-6	5317-5330	yükseklikleri	_	_	_	_	_	_	_	_	_	_	_	_	_	
49-7	5331-5333	ve	_	_	_	_	_	_	_	_	_	_	_	_	_	
49-8	5334-5339	kemik	_	_	_	_	_	_	_	_	_	_	_	_	_	
49-9	5340-5345	iliği	_	_	_	_	_	_	_	_	_	_	_	_	_	
49-10	5346-5358	süpresyonuna	_	_	_	_	_	_	_	_	_	_	_	_	_	
49-11	5359-5364	bağlı	_	_	_	_	_	_	_	_	_	_	_	_	_	
49-12	5365-5373	lökopeni	_	_	_	_	_	_	_	_	_	_	_	_	_	
49-13	5373-5374	,	_	_	_	_	_	_	_	_	_	_	_	_	_	
49-14	5375-5380	anemi	_	_	_	_	_	_	_	_	_	_	_	_	_	
49-15	5382-5384	ve	_	_	_	_	_	_	_	_	_	_	_	_	_	
49-16	5385-5399	trombositopeni	_	_	_	_	_	_	_	_	_	_	_	_	_	
49-17	5401-5412	görülebilir	_	_	_	_	_	_	_	_	_	_	_	_	_	
49-18	5412-5413	.	_	_	_	_	_	_	_	_	_	_	_	_	_	

#Text=Sunulan olgunun da sağ üst kadran ağrısı, ateş yüksekliği, üşüme ve titreme yakınmaları ile karaciğer enzim yüksekliği, lökopeni ve anemisi mevcuttu.
50-1	5414-5421	Sunulan	_	_	_	_	_	_	_	_	_	_	_	_	_	
50-2	5422-5429	olgunun	_	_	_	_	_	_	_	_	_	_	_	_	_	
50-3	5430-5432	da	_	_	_	_	_	_	_	_	_	_	_	_	_	
50-4	5433-5436	sağ	_	_	_	_	_	_	_	_	_	_	_	_	_	
50-5	5437-5440	üst	_	_	_	_	_	_	_	_	_	_	_	_	_	
50-6	5441-5447	kadran	_	_	_	_	_	_	_	_	_	_	_	_	_	
50-7	5448-5454	ağrısı	_	_	_	_	_	_	_	_	_	_	_	_	_	
50-8	5454-5455	,	_	_	_	_	_	_	_	_	_	_	_	_	_	
50-9	5456-5460	ateş	_	_	_	_	_	_	_	_	_	_	_	_	_	
50-10	5461-5471	yüksekliği	_	_	_	_	_	_	_	_	_	_	_	_	_	
50-11	5471-5472	,	_	_	_	_	_	_	_	_	_	_	_	_	_	
50-12	5473-5478	üşüme	_	_	_	_	_	_	_	_	_	_	_	_	_	
50-13	5479-5481	ve	_	_	_	_	_	_	_	_	_	_	_	_	_	
50-14	5482-5489	titreme	_	_	_	_	_	_	_	_	_	_	_	_	_	
50-15	5490-5501	yakınmaları	_	_	_	_	_	_	_	_	_	_	_	_	_	
50-16	5502-5505	ile	_	_	_	_	_	_	_	_	_	_	_	_	_	
50-17	5506-5515	karaciğer	_	_	_	_	_	_	_	_	_	_	_	_	_	
50-18	5516-5521	enzim	_	_	_	_	_	_	_	_	_	_	_	_	_	
50-19	5522-5532	yüksekliği	_	_	_	_	_	_	_	_	_	_	_	_	_	
50-20	5532-5533	,	_	_	_	_	_	_	_	_	_	_	_	_	_	
50-21	5534-5542	lökopeni	_	_	_	_	_	_	_	_	_	_	_	_	_	
50-22	5543-5545	ve	_	_	_	_	_	_	_	_	_	_	_	_	_	
50-23	5546-5553	anemisi	_	_	_	_	_	_	_	_	_	_	_	_	_	
50-24	5554-5562	mevcuttu	_	_	_	_	_	_	_	_	_	_	_	_	_	
50-25	5562-5563	.	_	_	_	_	_	_	_	_	_	_	_	_	_	

#Text=Antibiyotik tedavisi ile  laboratuvar tetkikleri normale döndü.
51-1	5564-5575	Antibiyotik	_	_	_	_	_	_	_	_	_	_	_	_	_	
51-2	5576-5584	tedavisi	_	_	_	_	_	_	_	_	_	_	_	_	_	
51-3	5585-5588	ile	_	_	_	_	_	_	_	_	_	_	_	_	_	
51-4	5590-5601	laboratuvar	_	_	_	_	_	_	_	_	_	_	_	_	_	
51-5	5602-5612	tetkikleri	_	_	_	_	_	_	_	_	_	_	_	_	_	
51-6	5613-5620	normale	_	_	_	_	_	_	_	_	_	_	_	_	_	
51-7	5621-5626	döndü	_	_	_	_	_	_	_	_	_	_	_	_	_	
51-8	5626-5627	.	_	_	_	_	_	_	_	_	_	_	_	_	_	

#Text=Kolesistit, safra kesesinin inflamatuar hastalığı olup tabloya safra kesesinde taş varlığı eşlik edebilir, ancak taşsız kolesistit de görülebilmektedir.
52-1	5628-5638	Kolesistit	_	_	_	_	_	_	_	_	_	_	_	_	_	
52-2	5638-5639	,	_	_	_	_	_	_	_	_	_	_	_	_	_	
52-3	5640-5645	safra	_	_	_	_	_	_	_	_	_	_	_	_	_	
52-4	5646-5655	kesesinin	_	_	_	_	_	_	_	_	_	_	_	_	_	
52-5	5656-5667	inflamatuar	_	_	_	_	_	_	_	_	_	_	_	_	_	
52-6	5668-5677	hastalığı	_	_	_	_	_	_	_	_	_	_	_	_	_	
52-7	5678-5682	olup	_	_	_	_	_	_	_	_	_	_	_	_	_	
52-8	5683-5690	tabloya	_	_	_	_	_	_	_	_	_	_	_	_	_	
52-9	5691-5696	safra	_	_	_	_	_	_	_	_	_	_	_	_	_	
52-10	5697-5706	kesesinde	_	_	_	_	_	_	_	_	_	_	_	_	_	
52-11	5707-5710	taş	_	_	_	_	_	_	_	_	_	_	_	_	_	
52-12	5711-5718	varlığı	_	_	_	_	_	_	_	_	_	_	_	_	_	
52-13	5719-5724	eşlik	_	_	_	_	_	_	_	_	_	_	_	_	_	
52-14	5725-5733	edebilir	_	_	_	_	_	_	_	_	_	_	_	_	_	
52-15	5733-5734	,	_	_	_	_	_	_	_	_	_	_	_	_	_	
52-16	5735-5740	ancak	_	_	_	_	_	_	_	_	_	_	_	_	_	
52-17	5741-5747	taşsız	_	_	_	_	_	_	_	_	_	_	_	_	_	
52-18	5748-5758	kolesistit	_	_	_	_	_	_	_	_	_	_	_	_	_	
52-19	5759-5761	de	_	_	_	_	_	_	_	_	_	_	_	_	_	
52-20	5762-5779	görülebilmektedir	_	_	_	_	_	_	_	_	_	_	_	_	_	
52-21	5779-5780	.	_	_	_	_	_	_	_	_	_	_	_	_	_	

#Text=Bruselloza bağlı safra kesesinin lenfatik ağ yoluyla bakteriyel kontaminasyonu enfeksiyonun sistemik yayılımı sırasında gelişebilir.
53-1	5781-5791	Bruselloza	_	_	_	_	_	_	_	_	_	_	_	_	_	
53-2	5792-5797	bağlı	_	_	_	_	_	_	_	_	_	_	_	_	_	
53-3	5798-5803	safra	_	_	_	_	_	_	_	_	_	_	_	_	_	
53-4	5804-5813	kesesinin	_	_	_	_	_	_	_	_	_	_	_	_	_	
53-5	5814-5822	lenfatik	_	_	_	_	_	_	_	_	_	_	_	_	_	
53-6	5823-5825	ağ	_	_	_	_	_	_	_	_	_	_	_	_	_	
53-7	5826-5833	yoluyla	_	_	_	_	_	_	_	_	_	_	_	_	_	
53-8	5834-5844	bakteriyel	_	_	_	_	_	_	_	_	_	_	_	_	_	
53-9	5845-5859	kontaminasyonu	_	_	_	_	_	_	_	_	_	_	_	_	_	
53-10	5860-5872	enfeksiyonun	_	_	_	_	_	_	_	_	_	_	_	_	_	
53-11	5873-5881	sistemik	_	_	_	_	_	_	_	_	_	_	_	_	_	
53-12	5882-5890	yayılımı	_	_	_	_	_	_	_	_	_	_	_	_	_	
53-13	5891-5900	sırasında	_	_	_	_	_	_	_	_	_	_	_	_	_	
53-14	5901-5912	gelişebilir	_	_	_	_	_	_	_	_	_	_	_	_	_	
53-15	5912-5913	.	_	_	_	_	_	_	_	_	_	_	_	_	_	

#Text=Literatürde bruselloza bağlı kolesitit ilk olarak White ve ark tarafından 1934’te bildirilmiştir.
54-1	5914-5925	Literatürde	_	_	_	_	_	_	_	_	_	_	_	_	_	
54-2	5926-5936	bruselloza	_	_	_	_	_	_	_	_	_	_	_	_	_	
54-3	5937-5942	bağlı	_	_	_	_	_	_	_	_	_	_	_	_	_	
54-4	5943-5952	kolesitit	_	_	_	_	_	_	_	_	_	_	_	_	_	
54-5	5953-5956	ilk	_	_	_	_	_	_	_	_	_	_	_	_	_	
54-6	5957-5963	olarak	_	_	_	_	_	_	_	_	_	_	_	_	_	
54-7	5964-5969	White	_	_	_	_	_	_	_	_	_	_	_	_	_	
54-8	5970-5972	ve	_	_	_	_	_	_	_	_	_	_	_	_	_	
54-9	5973-5976	ark	_	_	_	_	_	_	_	_	_	_	_	_	_	
54-10	5977-5987	tarafından	_	_	_	_	_	_	_	_	_	_	_	_	_	
54-11	5988-5992	1934	_	_	_	_	_	_	_	_	_	_	_	_	_	
54-12	5992-5993	’	_	_	_	_	_	_	_	_	_	_	_	_	_	
54-13	5993-5995	te	_	_	_	_	_	_	_	_	_	_	_	_	_	
54-14	5996-6010	bildirilmiştir	_	_	_	_	_	_	_	_	_	_	_	_	_	
54-15	6010-6011	.	_	_	_	_	_	_	_	_	_	_	_	_	_	

#Text=Sonraki yıllarda çeşitli ülkelerden benzer vaka bildirimleri olmuştur.
55-1	6012-6019	Sonraki	_	_	_	_	_	_	_	_	_	_	_	_	_	
55-2	6020-6028	yıllarda	_	_	_	_	_	_	_	_	_	_	_	_	_	
55-3	6029-6036	çeşitli	_	_	_	_	_	_	_	_	_	_	_	_	_	
55-4	6037-6047	ülkelerden	_	_	_	_	_	_	_	_	_	_	_	_	_	
55-5	6048-6054	benzer	_	_	_	_	_	_	_	_	_	_	_	_	_	
55-6	6055-6059	vaka	_	_	_	_	_	_	_	_	_	_	_	_	_	
55-7	6060-6072	bildirimleri	_	_	_	_	_	_	_	_	_	_	_	_	_	
55-8	6073-6081	olmuştur	_	_	_	_	_	_	_	_	_	_	_	_	_	
55-9	6081-6082	.	_	_	_	_	_	_	_	_	_	_	_	_	_	

#Text=Sunulan olgu da akut kolesistit tanısı ile takip edilmiş olan, tabloya safra kesesinde taşın eşlik etmediği bir olgudur.
56-1	6083-6090	Sunulan	*[11]	_	_	_	_	_	_	_	_	_	_	_	_	
56-2	6091-6095	olgu	*[11]	_	_	_	_	_	_	_	_	_	_	_	_	
56-3	6096-6098	da	*[11]	_	_	_	_	_	_	_	_	_	_	_	_	
56-4	6099-6103	akut	*[11]	_	_	_	_	_	_	_	_	_	_	_	_	
56-5	6104-6114	kolesistit	*[11]	_	_	_	_	_	_	_	_	_	_	_	_	
56-6	6115-6121	tanısı	*[11]	_	_	_	_	_	_	_	_	_	_	_	_	
56-7	6122-6125	ile	*[11]	_	_	_	_	_	_	_	_	_	_	_	_	
56-8	6126-6131	takip	*[11]	_	_	_	_	_	_	_	_	_	_	_	_	
56-9	6132-6139	edilmiş	*[11]	_	_	_	_	_	_	_	_	_	_	_	_	
56-10	6140-6144	olan	*[11]	_	_	_	_	_	_	_	_	_	_	_	_	
56-11	6144-6145	,	*[11]	_	_	_	_	_	_	_	_	_	_	_	_	
56-12	6146-6153	tabloya	*[11]	_	_	_	_	_	_	_	_	_	_	_	_	
56-13	6154-6159	safra	*[11]	_	_	_	_	_	_	_	_	_	_	_	_	
56-14	6160-6169	kesesinde	*[11]	_	_	_	_	_	_	_	_	_	_	_	_	
56-15	6170-6175	taşın	*[11]	_	_	_	_	_	_	_	_	_	_	_	_	
56-16	6176-6181	eşlik	*[11]	_	_	_	_	_	_	_	_	_	_	_	_	
56-17	6182-6190	etmediği	*[11]	_	_	_	*	_	*	_	*	NegMorMarker	partOfScope	56-1[11]	*	
56-18	6191-6194	bir	*[11]	_	_	_	_	_	_	_	_	_	_	_	_	
56-19	6195-6202	olgudur	*[11]	_	_	_	_	_	_	_	_	_	_	_	_	
56-20	6202-6203	.	_	_	_	_	_	_	_	_	_	_	_	_	_	

#Text=Brusellozda, klinik belirti ve bulguların varlığında serum aglütinasyon testinin pozitif (Wright testi ≥1/160 veya Coombs’lu Wright testi≥1/160) olmasıyla tanıya gidilebilmektedir.
57-1	6204-6215	Brusellozda	_	_	_	_	_	_	_	_	_	_	_	_	_	
57-2	6215-6216	,	_	_	_	_	_	_	_	_	_	_	_	_	_	
57-3	6217-6223	klinik	_	_	_	_	_	_	_	_	_	_	_	_	_	
57-4	6224-6231	belirti	_	_	_	_	_	_	_	_	_	_	_	_	_	
57-5	6232-6234	ve	_	_	_	_	_	_	_	_	_	_	_	_	_	
57-6	6235-6245	bulguların	_	_	_	_	_	_	_	_	_	_	_	_	_	
57-7	6246-6256	varlığında	_	_	_	_	_	_	_	_	_	_	_	_	_	
57-8	6257-6262	serum	_	_	_	_	_	_	_	_	_	_	_	_	_	
57-9	6263-6275	aglütinasyon	_	_	_	_	_	_	_	_	_	_	_	_	_	
57-10	6276-6284	testinin	_	_	_	_	_	_	_	_	_	_	_	_	_	
57-11	6285-6292	pozitif	_	_	_	_	_	_	_	_	_	_	_	_	_	
57-12	6293-6294	(	_	_	_	_	_	_	_	_	_	_	_	_	_	
57-13	6294-6300	Wright	_	_	_	_	_	_	_	_	_	_	_	_	_	
57-14	6301-6306	testi	_	_	_	_	_	_	_	_	_	_	_	_	_	
57-15	6307-6308	≥	_	_	_	_	_	_	_	_	_	_	_	_	_	
57-16	6308-6309	1	_	_	_	_	_	_	_	_	_	_	_	_	_	
57-17	6309-6310	/	_	_	_	_	_	_	_	_	_	_	_	_	_	
57-18	6310-6313	160	_	_	_	_	_	_	_	_	_	_	_	_	_	
57-19	6314-6318	veya	_	_	_	_	_	_	_	_	_	_	_	_	_	
57-20	6319-6325	Coombs	_	_	_	_	_	_	_	_	_	_	_	_	_	
57-21	6325-6326	’	_	_	_	_	_	_	_	_	_	_	_	_	_	
57-22	6326-6328	lu	_	_	_	_	_	_	_	_	_	_	_	_	_	
57-23	6329-6335	Wright	_	_	_	_	_	_	_	_	_	_	_	_	_	
57-24	6336-6341	testi	_	_	_	_	_	_	_	_	_	_	_	_	_	
57-25	6341-6342	≥	_	_	_	_	_	_	_	_	_	_	_	_	_	
57-26	6342-6343	1	_	_	_	_	_	_	_	_	_	_	_	_	_	
57-27	6343-6344	/	_	_	_	_	_	_	_	_	_	_	_	_	_	
57-28	6344-6347	160	_	_	_	_	_	_	_	_	_	_	_	_	_	
57-29	6347-6348	)	_	_	_	_	_	_	_	_	_	_	_	_	_	
57-30	6349-6358	olmasıyla	_	_	_	_	_	_	_	_	_	_	_	_	_	
57-31	6359-6365	tanıya	_	_	_	_	_	_	_	_	_	_	_	_	_	
57-32	6366-6383	gidilebilmektedir	_	_	_	_	_	_	_	_	_	_	_	_	_	
57-33	6383-6384	.	_	_	_	_	_	_	_	_	_	_	_	_	_	

#Text=Bruselloz tanısında serolojik tetkikler ön planda yardımcı olmaktadır, ancak negatiflik hastalığı ekarte ettirmez.
58-1	6385-6394	Bruselloz	_	_	_	_	_	_	_	_	_	_	_	_	_	
58-2	6395-6404	tanısında	_	_	_	_	_	_	_	_	_	_	_	_	_	
58-3	6405-6414	serolojik	_	_	_	_	_	_	_	_	_	_	_	_	_	
58-4	6415-6424	tetkikler	_	_	_	_	_	_	_	_	_	_	_	_	_	
58-5	6425-6427	ön	_	_	_	_	_	_	_	_	_	_	_	_	_	
58-6	6428-6434	planda	_	_	_	_	_	_	_	_	_	_	_	_	_	
58-7	6435-6443	yardımcı	_	_	_	_	_	_	_	_	_	_	_	_	_	
58-8	6444-6454	olmaktadır	_	_	_	_	_	_	_	_	_	_	_	_	_	
58-9	6454-6455	,	_	_	_	_	_	_	_	_	_	_	_	_	_	
58-10	6456-6461	ancak	_	_	_	_	_	_	_	_	_	_	_	_	_	
58-11	6462-6472	negatiflik	*[12]|*[13]	*	*[27]|*[28]	_	*	partOfEvent	58-11	isAnotherFocus	58-11[27]	NegLexMarker	partOfScope	58-11[13]	*	
58-12	6473-6482	hastalığı	*[12]	_	_	_	_	_	_	_	_	_	_	_	_	
58-13	6483-6489	ekarte	_	*[16]	_	_[31]	*	partOfEvent[31]	58-13[16]	isAnotherFocus[31]	58-11[28]	NegLexMarker[31]	partOfScope[31]	58-11[12]	*[31]	
58-14	6490-6498	ettirmez	_	*[16]	_	_[31]	*	partOfEvent[31]	58-13[16]	isAnotherFocus[31]	58-11[28]	NegLexMarker[31]	partOfScope[31]	58-11[12]	*[31]	
58-15	6498-6499	.	_	_	_	_	_	_	_	_	_	_	_	_	_	

#Text=Seronegatif vakalarda kültürde üremenin kesin tanıda yardımcı olduğu unutulmamalıdır.
59-1	6500-6511	Seronegatif	_	_	_	_	_	_	_	_	_	_	_	_	_	
59-2	6512-6521	vakalarda	_	_	_	_	_	_	_	_	_	_	_	_	_	
59-3	6522-6530	kültürde	_	_	_	_	_	_	_	_	_	_	_	_	_	
59-4	6531-6539	üremenin	_	_	_	_	_	_	_	_	_	_	_	_	_	
59-5	6540-6545	kesin	_	_	_	_	_	_	_	_	_	_	_	_	_	
59-6	6546-6552	tanıda	_	_	_	_	_	_	_	_	_	_	_	_	_	
59-7	6553-6561	yardımcı	_	_	_	_	_	_	_	_	_	_	_	_	_	
59-8	6562-6568	olduğu	_	_	_	_	_	_	_	_	_	_	_	_	_	
59-9	6569-6584	unutulmamalıdır	_	_	_	_	*	_	*	_	*	*	_	*	*	
59-10	6584-6585	.	_	_	_	_	_	_	_	_	_	_	_	_	_	

#Text=Brusellozda kesin tanı, çeşitli klinik örneklerden, özellikle kan ve kemik iliğinden Brucella türlerinin izole edilmesiyle konmaktadır.
60-1	6586-6597	Brusellozda	_	_	_	_	_	_	_	_	_	_	_	_	_	
60-2	6598-6603	kesin	_	_	_	_	_	_	_	_	_	_	_	_	_	
60-3	6604-6608	tanı	_	_	_	_	_	_	_	_	_	_	_	_	_	
60-4	6608-6609	,	_	_	_	_	_	_	_	_	_	_	_	_	_	
60-5	6610-6617	çeşitli	_	_	_	_	_	_	_	_	_	_	_	_	_	
60-6	6618-6624	klinik	_	_	_	_	_	_	_	_	_	_	_	_	_	
60-7	6625-6636	örneklerden	_	_	_	_	_	_	_	_	_	_	_	_	_	
60-8	6636-6637	,	_	_	_	_	_	_	_	_	_	_	_	_	_	
60-9	6638-6647	özellikle	_	_	_	_	_	_	_	_	_	_	_	_	_	
60-10	6648-6651	kan	_	_	_	_	_	_	_	_	_	_	_	_	_	
60-11	6652-6654	ve	_	_	_	_	_	_	_	_	_	_	_	_	_	
60-12	6655-6660	kemik	*[14]	_	*[29]	_	_	_	_	_	_	_	_	_	_	
60-13	6661-6670	iliğinden	*[14]	_	*[29]	_	_	_	_	_	_	_	_	_	_	
60-14	6671-6679	Brucella	*[14]	_	_	_	_	_	_	_	_	_	_	_	_	
60-15	6680-6690	türlerinin	*[14]	_	_	_	_	_	_	_	_	_	_	_	_	
60-16	6691-6696	izole	*[14]	*[17]	_	_[32]	*	partOfEvent[32]	60-16[17]	isAnotherFocus[32]	60-12[29]	NegLexMarker[32]	partOfScope[32]	60-12[14]	*[32]	
60-17	6697-6708	edilmesiyle	*[14]	*[17]	_	_[32]	*	partOfEvent[32]	60-16[17]	isAnotherFocus[32]	60-12[29]	NegLexMarker[32]	partOfScope[32]	60-12[14]	*[32]	
60-18	6709-6720	konmaktadır	_	_	_	_	_	_	_	_	_	_	_	_	_	
60-19	6720-6721	.	_	_	_	_	_	_	_	_	_	_	_	_	_	

#Text=Sunulan olgunun da Rose Bengal testi pozitifti.
61-1	6722-6729	Sunulan	_	_	_	_	_	_	_	_	_	_	_	_	_	
61-2	6730-6737	olgunun	_	_	_	_	_	_	_	_	_	_	_	_	_	
61-3	6738-6740	da	_	_	_	_	_	_	_	_	_	_	_	_	_	
61-4	6741-6745	Rose	_	_	_	_	_	_	_	_	_	_	_	_	_	
61-5	6746-6752	Bengal	_	_	_	_	_	_	_	_	_	_	_	_	_	
61-6	6753-6758	testi	_	_	_	_	_	_	_	_	_	_	_	_	_	
61-7	6759-6768	pozitifti	_	_	_	_	_	_	_	_	_	_	_	_	_	
61-8	6768-6769	.	_	_	_	_	_	_	_	_	_	_	_	_	_	

#Text=Ancak Coombs’lu Wright testi 1/80 titrede pozitif olarak saptanması sonucu tanı kesinleştirilemedi ve serolojik tetkikler yanıltıcı oldu.
62-1	6770-6775	Ancak	_	_	_	_	_	_	_	_	_	_	_	_	_	
62-2	6776-6782	Coombs	_	_	_	_	_	_	_	_	_	_	_	_	_	
62-3	6782-6783	’	_	_	_	_	_	_	_	_	_	_	_	_	_	
62-4	6783-6785	lu	_	_	_	_	_	_	_	_	_	_	_	_	_	
62-5	6786-6792	Wright	_	_	_	_	_	_	_	_	_	_	_	_	_	
62-6	6793-6798	testi	_	_	_	_	_	_	_	_	_	_	_	_	_	
62-7	6799-6800	1	_	_	_	_	_	_	_	_	_	_	_	_	_	
62-8	6800-6801	/	_	_	_	_	_	_	_	_	_	_	_	_	_	
62-9	6801-6803	80	_	_	_	_	_	_	_	_	_	_	_	_	_	
62-10	6804-6811	titrede	_	_	_	_	_	_	_	_	_	_	_	_	_	
62-11	6812-6819	pozitif	_	_	_	_	_	_	_	_	_	_	_	_	_	
62-12	6820-6826	olarak	_	_	_	_	_	_	_	_	_	_	_	_	_	
62-13	6827-6837	saptanması	_	_	_	_	_	_	_	_	_	_	_	_	_	
62-14	6838-6844	sonucu	_	_	_	_	_	_	_	_	_	_	_	_	_	
62-15	6845-6849	tanı	_	_	_	_	_	_	_	_	_	_	_	_	_	
62-16	6850-6868	kesinleştirilemedi	_	_	_	_	*	_	*	_	*	*	_	*	*	
62-17	6869-6871	ve	_	_	_	_	_	_	_	_	_	_	_	_	_	
62-18	6872-6881	serolojik	_	_	_	_	_	_	_	_	_	_	_	_	_	
62-19	6882-6891	tetkikler	_	_	_	_	_	_	_	_	_	_	_	_	_	
62-20	6892-6901	yanıltıcı	_	_	_	_	_	_	_	_	_	_	_	_	_	
62-21	6902-6906	oldu	_	_	_	_	_	_	_	_	_	_	_	_	_	
62-22	6906-6907	.	_	_	_	_	_	_	_	_	_	_	_	_	_	

#Text=Hastanın kan ve safra yollarına konan dren kültürlerinde B.melitensis üremesi ile hasta tanı aldı.
63-1	6908-6916	Hastanın	_	_	_	_	_	_	_	_	_	_	_	_	_	
63-2	6917-6920	kan	_	_	_	_	_	_	_	_	_	_	_	_	_	
63-3	6921-6923	ve	_	_	_	_	_	_	_	_	_	_	_	_	_	
63-4	6924-6929	safra	_	_	_	_	_	_	_	_	_	_	_	_	_	
63-5	6930-6939	yollarına	_	_	_	_	_	_	_	_	_	_	_	_	_	
63-6	6940-6945	konan	_	_	_	_	_	_	_	_	_	_	_	_	_	
63-7	6946-6950	dren	_	_	_	_	_	_	_	_	_	_	_	_	_	
63-8	6951-6964	kültürlerinde	_	_	_	_	_	_	_	_	_	_	_	_	_	
63-9	6965-6977	B.melitensis	_	_	_	_	_	_	_	_	_	_	_	_	_	
63-10	6978-6985	üremesi	_	_	_	_	_	_	_	_	_	_	_	_	_	
63-11	6986-6989	ile	_	_	_	_	_	_	_	_	_	_	_	_	_	
63-12	6990-6995	hasta	_	_	_	_	_	_	_	_	_	_	_	_	_	
63-13	6996-7000	tanı	_	_	_	_	_	_	_	_	_	_	_	_	_	
63-14	7001-7005	aldı	_	_	_	_	_	_	_	_	_	_	_	_	_	
63-15	7005-7006	.	_	_	_	_	_	_	_	_	_	_	_	_	_	

#Text=Bu nedenle olgunun tanısında bir haftalık gecikme oldu.
64-1	7007-7009	Bu	_	_	_	_	_	_	_	_	_	_	_	_	_	
64-2	7010-7017	nedenle	_	_	_	_	_	_	_	_	_	_	_	_	_	
64-3	7018-7025	olgunun	_	_	_	_	_	_	_	_	_	_	_	_	_	
64-4	7026-7035	tanısında	_	_	_	_	_	_	_	_	_	_	_	_	_	
64-5	7036-7039	bir	_	_	_	_	_	_	_	_	_	_	_	_	_	
64-6	7040-7048	haftalık	_	_	_	_	_	_	_	_	_	_	_	_	_	
64-7	7049-7056	gecikme	_	_	_	_	_	_	_	_	_	_	_	_	_	
64-8	7057-7061	oldu	_	_	_	_	_	_	_	_	_	_	_	_	_	
64-9	7061-7062	.	_	_	_	_	_	_	_	_	_	_	_	_	_	

#Text=Bizim olgumuzda olduğu gibi, kolesistitte yer alan Brucella türleri genellikle B.melitensis’tir.
65-1	7063-7068	Bizim	_	_	_	_	_	_	_	_	_	_	_	_	_	
65-2	7069-7078	olgumuzda	_	_	_	_	_	_	_	_	_	_	_	_	_	
65-3	7079-7085	olduğu	_	_	_	_	_	_	_	_	_	_	_	_	_	
65-4	7086-7090	gibi	_	_	_	_	_	_	_	_	_	_	_	_	_	
65-5	7090-7091	,	_	_	_	_	_	_	_	_	_	_	_	_	_	
65-6	7092-7104	kolesistitte	_	_	_	_	_	_	_	_	_	_	_	_	_	
65-7	7105-7108	yer	_	_	_	_	_	_	_	_	_	_	_	_	_	
65-8	7109-7113	alan	_	_	_	_	_	_	_	_	_	_	_	_	_	
65-9	7114-7122	Brucella	_	_	_	_	_	_	_	_	_	_	_	_	_	
65-10	7123-7130	türleri	_	_	_	_	_	_	_	_	_	_	_	_	_	
65-11	7131-7141	genellikle	_	_	_	_	_	_	_	_	_	_	_	_	_	
65-12	7142-7154	B.melitensis	_	_	_	_	_	_	_	_	_	_	_	_	_	
65-13	7154-7155	’	_	_	_	_	_	_	_	_	_	_	_	_	_	
65-14	7155-7158	tir	_	_	_	_	_	_	_	_	_	_	_	_	_	
65-15	7158-7159	.	_	_	_	_	_	_	_	_	_	_	_	_	_	

#Text=Ancak Morris ve arkadaşları B.suis’ e bağlı bir kolesistit olgusunu bildirmiştir.
66-1	7160-7165	Ancak	_	_	_	_	_	_	_	_	_	_	_	_	_	
66-2	7166-7172	Morris	_	_	_	_	_	_	_	_	_	_	_	_	_	
66-3	7173-7175	ve	_	_	_	_	_	_	_	_	_	_	_	_	_	
66-4	7176-7187	arkadaşları	_	_	_	_	_	_	_	_	_	_	_	_	_	
66-5	7188-7194	B.suis	_	_	_	_	_	_	_	_	_	_	_	_	_	
66-6	7194-7195	’	_	_	_	_	_	_	_	_	_	_	_	_	_	
66-7	7196-7197	e	_	_	_	_	_	_	_	_	_	_	_	_	_	
66-8	7198-7203	bağlı	_	_	_	_	_	_	_	_	_	_	_	_	_	
66-9	7204-7207	bir	_	_	_	_	_	_	_	_	_	_	_	_	_	
66-10	7208-7218	kolesistit	_	_	_	_	_	_	_	_	_	_	_	_	_	
66-11	7219-7227	olgusunu	_	_	_	_	_	_	_	_	_	_	_	_	_	
66-12	7228-7240	bildirmiştir	_	_	_	_	_	_	_	_	_	_	_	_	_	
66-13	7240-7241	.	_	_	_	_	_	_	_	_	_	_	_	_	_	

#Text=Brusella kolesistiti genellikle taşlı kolesistittir, ancak literatürde akalküloz Brusella kolesistiti bildirimleri de mevcuttur.
67-1	7242-7250	Brusella	_	_	_	_	_	_	_	_	_	_	_	_	_	
67-2	7251-7262	kolesistiti	_	_	_	_	_	_	_	_	_	_	_	_	_	
67-3	7263-7273	genellikle	_	_	_	_	_	_	_	_	_	_	_	_	_	
67-4	7274-7279	taşlı	_	_	_	_	_	_	_	_	_	_	_	_	_	
67-5	7280-7293	kolesistittir	_	_	_	_	_	_	_	_	_	_	_	_	_	
67-6	7293-7294	,	_	_	_	_	_	_	_	_	_	_	_	_	_	
67-7	7295-7300	ancak	_	_	_	_	_	_	_	_	_	_	_	_	_	
67-8	7301-7312	literatürde	_	_	_	_	_	_	_	_	_	_	_	_	_	
67-9	7313-7322	akalküloz	_	_	_	_	_	_	_	_	_	_	_	_	_	
67-10	7323-7331	Brusella	_	_	_	_	_	_	_	_	_	_	_	_	_	
67-11	7332-7343	kolesistiti	_	_	_	_	_	_	_	_	_	_	_	_	_	
67-12	7344-7356	bildirimleri	_	_	_	_	_	_	_	_	_	_	_	_	_	
67-13	7357-7359	de	_	_	_	_	_	_	_	_	_	_	_	_	_	
67-14	7360-7369	mevcuttur	_	_	_	_	_	_	_	_	_	_	_	_	_	
67-15	7369-7370	.	_	_	_	_	_	_	_	_	_	_	_	_	_	

#Text=Literatürdeki akalküloz Brusella kolesistiti olgularının, genellikle immünsüpresif ve kronik nörolojik hastalığı olan vakalar olduğu bildirilmektedir.
68-1	7371-7384	Literatürdeki	_	_	_	_	_	_	_	_	_	_	_	_	_	
68-2	7385-7394	akalküloz	_	_	_	_	_	_	_	_	_	_	_	_	_	
68-3	7395-7403	Brusella	_	_	_	_	_	_	_	_	_	_	_	_	_	
68-4	7404-7415	kolesistiti	_	_	_	_	_	_	_	_	_	_	_	_	_	
68-5	7416-7427	olgularının	_	_	_	_	_	_	_	_	_	_	_	_	_	
68-6	7427-7428	,	_	_	_	_	_	_	_	_	_	_	_	_	_	
68-7	7429-7439	genellikle	_	_	_	_	_	_	_	_	_	_	_	_	_	
68-8	7440-7453	immünsüpresif	_	_	_	_	_	_	_	_	_	_	_	_	_	
68-9	7454-7456	ve	_	_	_	_	_	_	_	_	_	_	_	_	_	
68-10	7457-7463	kronik	_	_	_	_	_	_	_	_	_	_	_	_	_	
68-11	7464-7473	nörolojik	_	_	_	_	_	_	_	_	_	_	_	_	_	
68-12	7474-7483	hastalığı	_	_	_	_	_	_	_	_	_	_	_	_	_	
68-13	7484-7488	olan	_	_	_	_	_	_	_	_	_	_	_	_	_	
68-14	7489-7496	vakalar	_	_	_	_	_	_	_	_	_	_	_	_	_	
68-15	7497-7503	olduğu	_	_	_	_	_	_	_	_	_	_	_	_	_	
68-16	7504-7520	bildirilmektedir	_	_	_	_	_	_	_	_	_	_	_	_	_	
68-17	7520-7521	.	_	_	_	_	_	_	_	_	_	_	_	_	_	

#Text=Bizim olgumuzda da akalküloz kolesistit tablosu mevcuttu ancak hastanın bilinen veya tespit edilen kronik bir hastalığı ve immünsupresyonu yoktu.
69-1	7522-7527	Bizim	_	_	_	_	_	_	_	_	_	_	_	_	_	
69-2	7528-7537	olgumuzda	_	_	_	_	_	_	_	_	_	_	_	_	_	
69-3	7538-7540	da	_	_	_	_	_	_	_	_	_	_	_	_	_	
69-4	7541-7550	akalküloz	_	_	_	_	_	_	_	_	_	_	_	_	_	
69-5	7551-7561	kolesistit	_	_	_	_	_	_	_	_	_	_	_	_	_	
69-6	7562-7569	tablosu	_	_	_	_	_	_	_	_	_	_	_	_	_	
69-7	7570-7578	mevcuttu	_	_	_	_	_	_	_	_	_	_	_	_	_	
69-8	7579-7584	ancak	_	_	_	_	_	_	_	_	_	_	_	_	_	
69-9	7585-7593	hastanın	*[15]	_	*[30]	_	_	_	_	_	_	_	_	_	_	
69-10	7594-7601	bilinen	*[15]	_	*[30]	_	_	_	_	_	_	_	_	_	_	
69-11	7602-7606	veya	*[15]	_	*[30]	_	_	_	_	_	_	_	_	_	_	
69-12	7607-7613	tespit	*[15]	_	*[30]	_	_	_	_	_	_	_	_	_	_	
69-13	7614-7620	edilen	*[15]	_	*[30]	_	_	_	_	_	_	_	_	_	_	
69-14	7621-7627	kronik	*[15]	*[18]	*[30]	_	_	_	_	_	_	_	_	_	_	
69-15	7628-7631	bir	*[15]	*[18]	*[30]	_	_	_	_	_	_	_	_	_	_	
69-16	7632-7641	hastalığı	*[15]	*[18]	*[30]	_	_	_	_	_	_	_	_	_	_	
69-17	7642-7644	ve	*[15]	_	*[30]	_	_	_	_	_	_	_	_	_	_	
69-18	7645-7660	immünsupresyonu	*[15]	*	*[30]	_	_	_	_	_	_	_	_	_	_	
69-19	7661-7666	yoktu	_	_	_	_	*	partOfEvent;partOfEvent	69-18;69-14[18]	isAnotherFocus	69-9[30]	NegLexMarker	partOfScope	69-9[15]	*	
69-20	7666-7667	.	_	_	_	_	_	_	_	_	_	_	_	_	_	

#Text=Brusella kolesistiti tedavisinde, sıklıkla rifampisin ve doksisklin tedavisinin 6 haftaya tamamlandığı bildirilmektedir.
70-1	7668-7676	Brusella	_	_	_	_	_	_	_	_	_	_	_	_	_	
70-2	7677-7688	kolesistiti	_	_	_	_	_	_	_	_	_	_	_	_	_	
70-3	7689-7700	tedavisinde	_	_	_	_	_	_	_	_	_	_	_	_	_	
70-4	7700-7701	,	_	_	_	_	_	_	_	_	_	_	_	_	_	
70-5	7702-7710	sıklıkla	_	_	_	_	_	_	_	_	_	_	_	_	_	
70-6	7711-7721	rifampisin	_	_	_	_	_	_	_	_	_	_	_	_	_	
70-7	7722-7724	ve	_	_	_	_	_	_	_	_	_	_	_	_	_	
70-8	7725-7735	doksisklin	_	_	_	_	_	_	_	_	_	_	_	_	_	
70-9	7736-7747	tedavisinin	_	_	_	_	_	_	_	_	_	_	_	_	_	
70-10	7748-7749	6	_	_	_	_	_	_	_	_	_	_	_	_	_	
70-11	7750-7757	haftaya	_	_	_	_	_	_	_	_	_	_	_	_	_	
70-12	7758-7770	tamamlandığı	_	_	_	_	_	_	_	_	_	_	_	_	_	
70-13	7771-7787	bildirilmektedir	_	_	_	_	_	_	_	_	_	_	_	_	_	
70-14	7787-7788	.	_	_	_	_	_	_	_	_	_	_	_	_	_	

#Text=Ancak tetrasiklin ve streptomisin tedavisini öneren literatür bilgiside mevcuttur.
71-1	7789-7794	Ancak	_	_	_	_	_	_	_	_	_	_	_	_	_	
71-2	7795-7806	tetrasiklin	_	_	_	_	_	_	_	_	_	_	_	_	_	
71-3	7807-7809	ve	_	_	_	_	_	_	_	_	_	_	_	_	_	
71-4	7810-7822	streptomisin	_	_	_	_	_	_	_	_	_	_	_	_	_	
71-5	7823-7833	tedavisini	_	_	_	_	_	_	_	_	_	_	_	_	_	
71-6	7834-7840	öneren	_	_	_	_	_	_	_	_	_	_	_	_	_	
71-7	7841-7850	literatür	_	_	_	_	_	_	_	_	_	_	_	_	_	
71-8	7851-7860	bilgiside	_	_	_	_	_	_	_	_	_	_	_	_	_	
71-9	7861-7870	mevcuttur	_	_	_	_	_	_	_	_	_	_	_	_	_	
71-10	7870-7871	.	_	_	_	_	_	_	_	_	_	_	_	_	_	

#Text=Bizim olgumuz da doksisiklin ve rifampisin kombinasyon tedavisi almıştır.
72-1	7872-7877	Bizim	_	_	_	_	_	_	_	_	_	_	_	_	_	
72-2	7878-7885	olgumuz	_	_	_	_	_	_	_	_	_	_	_	_	_	
72-3	7886-7888	da	_	_	_	_	_	_	_	_	_	_	_	_	_	
72-4	7889-7900	doksisiklin	_	_	_	_	_	_	_	_	_	_	_	_	_	
72-5	7901-7903	ve	_	_	_	_	_	_	_	_	_	_	_	_	_	
72-6	7904-7914	rifampisin	_	_	_	_	_	_	_	_	_	_	_	_	_	
72-7	7915-7926	kombinasyon	_	_	_	_	_	_	_	_	_	_	_	_	_	
72-8	7927-7935	tedavisi	_	_	_	_	_	_	_	_	_	_	_	_	_	
72-9	7936-7944	almıştır	_	_	_	_	_	_	_	_	_	_	_	_	_	
72-10	7944-7945	.	_	_	_	_	_	_	_	_	_	_	_	_	_	

#Text=Akut kolesistitlerin etiyolojisinde çoğunlukla safra taşı rol oynamasına rağmen, özellikle endemik bölgede yaşayan, mesleki maruziyet öyküsü olan kişilerde, brusellozun multisistem tutulumu akılda tutulmalı ve brusellozu dışlamak için serolojik tetkiklerin negatif olması yeterli olmayacağından kan kültürleri mutlaka alınmalıdır.
73-1	7946-7950	Akut	_	_	_	_	_	_	_	_	_	_	_	_	_	
73-2	7951-7966	kolesistitlerin	_	_	_	_	_	_	_	_	_	_	_	_	_	
73-3	7967-7981	etiyolojisinde	_	_	_	_	_	_	_	_	_	_	_	_	_	
73-4	7982-7992	çoğunlukla	_	_	_	_	_	_	_	_	_	_	_	_	_	
73-5	7993-7998	safra	_	_	_	_	_	_	_	_	_	_	_	_	_	
73-6	7999-8003	taşı	_	_	_	_	_	_	_	_	_	_	_	_	_	
73-7	8004-8007	rol	_	_	_	_	_	_	_	_	_	_	_	_	_	
73-8	8008-8018	oynamasına	_	_	_	_	_	_	_	_	_	_	_	_	_	
73-9	8019-8025	rağmen	_	_	_	_	_	_	_	_	_	_	_	_	_	
73-10	8025-8026	,	_	_	_	_	_	_	_	_	_	_	_	_	_	
73-11	8027-8036	özellikle	_	_	_	_	_	_	_	_	_	_	_	_	_	
73-12	8037-8044	endemik	_	_	_	_	_	_	_	_	_	_	_	_	_	
73-13	8045-8052	bölgede	_	_	_	_	_	_	_	_	_	_	_	_	_	
73-14	8053-8060	yaşayan	_	_	_	_	_	_	_	_	_	_	_	_	_	
73-15	8060-8061	,	_	_	_	_	_	_	_	_	_	_	_	_	_	
73-16	8062-8069	mesleki	_	_	_	_	_	_	_	_	_	_	_	_	_	
73-17	8070-8079	maruziyet	_	_	_	_	_	_	_	_	_	_	_	_	_	
73-18	8080-8086	öyküsü	_	_	_	_	_	_	_	_	_	_	_	_	_	
73-19	8087-8091	olan	_	_	_	_	_	_	_	_	_	_	_	_	_	
73-20	8092-8101	kişilerde	_	_	_	_	_	_	_	_	_	_	_	_	_	
73-21	8101-8102	,	_	_	_	_	_	_	_	_	_	_	_	_	_	
73-22	8103-8114	brusellozun	_	_	_	_	_	_	_	_	_	_	_	_	_	
73-23	8115-8126	multisistem	_	_	_	_	_	_	_	_	_	_	_	_	_	
73-24	8127-8135	tutulumu	_	_	_	_	_	_	_	_	_	_	_	_	_	
73-25	8136-8142	akılda	_	_	_	_	_	_	_	_	_	_	_	_	_	
73-26	8143-8152	tutulmalı	_	_	_	_	_	_	_	_	_	_	_	_	_	
73-27	8153-8155	ve	_	_	_	_	_	_	_	_	_	_	_	_	_	
73-28	8156-8166	brusellozu	_	_	_	_	_	_	_	_	_	_	_	_	_	
73-29	8167-8175	dışlamak	_	_	_	_	_	_	_	_	_	_	_	_	_	
73-30	8176-8180	için	_	_	_	_	_	_	_	_	_	_	_	_	_	
73-31	8181-8190	serolojik	_	_	_	_	_	_	_	_	_	_	_	_	_	
73-32	8191-8202	tetkiklerin	_	_	_	_	_	_	_	_	_	_	_	_	_	
73-33	8203-8210	negatif	_	_	_	_	_	_	_	_	_	_	_	_	_	
73-34	8211-8217	olması	_	_	_	_	_	_	_	_	_	_	_	_	_	
73-35	8218-8225	yeterli	_	_	_	_	_	_	_	_	_	_	_	_	_	
73-36	8226-8240	olmayacağından	_	_	_	_	*	_	*	_	*	*	_	*	*	
73-37	8241-8244	kan	_	_	_	_	_	_	_	_	_	_	_	_	_	
73-38	8245-8255	kültürleri	_	_	_	_	_	_	_	_	_	_	_	_	_	
73-39	8256-8263	mutlaka	_	_	_	_	_	_	_	_	_	_	_	_	_	
73-40	8264-8275	alınmalıdır	_	_	_	_	_	_	_	_	_	_	_	_	_	
73-41	8275-8276	.	_	_	_	_	_	_	_	_	_	_	_	_	_	
