#FORMAT=WebAnno TSV 3.3


#Text=ÖZET
1-1	0-4	ÖZET	

#Text=Akkiz hemofili, faktör 8’e karşı otoantikor gelişmesi sonucu oluşan oldukça nadir görülen bir koagülasyon bozukluğudur.
2-1	5-10	Akkiz	
2-2	11-19	hemofili	
2-3	19-20	,	
2-4	21-27	faktör	
2-5	28-29	8	
2-6	29-30	’	
2-7	30-31	e	
2-8	32-37	karşı	
2-9	38-48	otoantikor	
2-10	49-58	gelişmesi	
2-11	59-65	sonucu	
2-12	66-72	oluşan	
2-13	73-80	oldukça	
2-14	81-86	nadir	
2-15	87-94	görülen	
2-16	95-98	bir	
2-17	99-110	koagülasyon	
2-18	111-123	bozukluğudur	
2-19	123-124	.	

#Text=Toplumda görülme sıklığı 1-4/1000000 olup sıklıkla ileri yaşlarda ortaya çıkmaktadır.
3-1	125-133	Toplumda	
3-2	134-141	görülme	
3-3	142-149	sıklığı	
3-4	150-151	1	
3-5	151-152	-	
3-6	152-153	4	
3-7	153-154	/	
3-8	154-161	1000000	
3-9	162-166	olup	
3-10	167-175	sıklıkla	
3-11	176-181	ileri	
3-12	182-190	yaşlarda	
3-13	191-197	ortaya	
3-14	198-209	çıkmaktadır	
3-15	209-210	.	

#Text=Hastalık 16 yaş altındaki çocuklarda 0.0045 /milyon; 85 yaş üzerinde 14.7 /milyon/yıl sıklığında görülür.
4-1	211-219	Hastalık	
4-2	220-222	16	
4-3	223-226	yaş	
4-4	227-236	altındaki	
4-5	237-247	çocuklarda	
4-6	248-254	0.0045	
4-7	255-256	/	
4-8	256-262	milyon	
4-9	262-263	;	
4-10	264-266	85	
4-11	267-270	yaş	
4-12	271-279	üzerinde	
4-13	280-284	14.7	
4-14	285-286	/	
4-15	286-292	milyon	
4-16	292-293	/	
4-17	293-296	yıl	
4-18	297-307	sıklığında	
4-19	308-315	görülür	
4-20	315-316	.	

#Text=Genellikle otoimmun, romatizmal veya malign hastalıklar, gebelik ve ilaçlar ile ilişkili oluşur.
5-1	317-327	Genellikle	
5-2	328-336	otoimmun	
5-3	336-337	,	
5-4	338-348	romatizmal	
5-5	349-353	veya	
5-6	354-360	malign	
5-7	361-372	hastalıklar	
5-8	372-373	,	
5-9	374-381	gebelik	
5-10	382-384	ve	
5-11	385-392	ilaçlar	
5-12	393-396	ile	
5-13	397-405	ilişkili	
5-14	406-412	oluşur	
5-15	412-413	.	

#Text=Hastaların yaklaşık yarısında etiyolojik faktör tespit edilemez.
6-1	414-424	Hastaların	
6-2	425-433	yaklaşık	
6-3	434-443	yarısında	
6-4	444-454	etiyolojik	
6-5	455-461	faktör	
6-6	462-468	tespit	
6-7	469-477	edilemez	
6-8	477-478	.	

#Text=Başlıca belirtisi kas içine oluşan spontan kanamaların varlığıdır.
7-1	479-486	Başlıca	
7-2	487-496	belirtisi	
7-3	497-500	kas	
7-4	501-506	içine	
7-5	507-513	oluşan	
7-6	514-521	spontan	
7-7	522-533	kanamaların	
7-8	534-544	varlığıdır	
7-9	544-545	.	

#Text=Burada akkiz hemofili hastasında gelişen bir hematom olgusu sunulmaktadır.
8-1	546-552	Burada	
8-2	553-558	akkiz	
8-3	559-567	hemofili	
8-4	568-578	hastasında	
8-5	579-586	gelişen	
8-6	587-590	bir	
8-7	591-598	hematom	
8-8	599-605	olgusu	
8-9	606-619	sunulmaktadır	
8-10	619-620	.	

#Text=GİRİŞ
9-1	621-626	GİRİŞ	

#Text=Akkiz hemofili faktör 8’e karşı otoantikor gelişmesi sonucu oluşan oldukça nadir görülen bir koagülasyon bozukluğudur.
10-1	627-632	Akkiz	
10-2	633-641	hemofili	
10-3	642-648	faktör	
10-4	649-650	8	
10-5	650-651	’	
10-6	651-652	e	
10-7	653-658	karşı	
10-8	659-669	otoantikor	
10-9	670-679	gelişmesi	
10-10	680-686	sonucu	
10-11	687-693	oluşan	
10-12	694-701	oldukça	
10-13	702-707	nadir	
10-14	708-715	görülen	
10-15	716-719	bir	
10-16	720-731	koagülasyon	
10-17	732-744	bozukluğudur	
10-18	744-745	.	

#Text=Toplumda görülme sıklığı 1-4/1000000 olup sıklıkla ileri yaşlarda ortaya çıkmaktadır.
11-1	746-754	Toplumda	
11-2	755-762	görülme	
11-3	763-770	sıklığı	
11-4	771-772	1	
11-5	772-773	-	
11-6	773-774	4	
11-7	774-775	/	
11-8	775-782	1000000	
11-9	783-787	olup	
11-10	788-796	sıklıkla	
11-11	797-802	ileri	
11-12	803-811	yaşlarda	
11-13	812-818	ortaya	
11-14	819-830	çıkmaktadır	
11-15	830-831	.	

#Text=Hastalık 16 yaş altındaki çocuklarda 0.0045 /milyon; 85 yaş üzerinde 14.7 /milyon/yıl sıklığında görülür.
12-1	832-840	Hastalık	
12-2	841-843	16	
12-3	844-847	yaş	
12-4	848-857	altındaki	
12-5	858-868	çocuklarda	
12-6	869-875	0.0045	
12-7	876-877	/	
12-8	877-883	milyon	
12-9	883-884	;	
12-10	885-887	85	
12-11	888-891	yaş	
12-12	892-900	üzerinde	
12-13	901-905	14.7	
12-14	906-907	/	
12-15	907-913	milyon	
12-16	913-914	/	
12-17	914-917	yıl	
12-18	918-928	sıklığında	
12-19	929-936	görülür	
12-20	936-937	.	

#Text=Genellikle otoimmun, romatizmal veya malign hastalıklar, gebelik ve ilaçlar ile ilişkili oluşur.
13-1	938-948	Genellikle	
13-2	949-957	otoimmun	
13-3	957-958	,	
13-4	959-969	romatizmal	
13-5	970-974	veya	
13-6	975-981	malign	
13-7	982-993	hastalıklar	
13-8	993-994	,	
13-9	995-1002	gebelik	
13-10	1003-1005	ve	
13-11	1006-1013	ilaçlar	
13-12	1014-1017	ile	
13-13	1018-1026	ilişkili	
13-14	1027-1033	oluşur	
13-15	1033-1034	.	

#Text=Hastaların yaklaşık yarısında etiyolojik faktör tespit edilemez.
14-1	1035-1045	Hastaların	
14-2	1046-1054	yaklaşık	
14-3	1055-1064	yarısında	
14-4	1065-1075	etiyolojik	
14-5	1076-1082	faktör	
14-6	1083-1089	tespit	
14-7	1090-1098	edilemez	
14-8	1098-1099	.	

#Text=Başlıca belirtisi kas içine oluşan spontan kanamaların varlığıdır.
15-1	1100-1107	Başlıca	
15-2	1108-1117	belirtisi	
15-3	1118-1121	kas	
15-4	1122-1127	içine	
15-5	1128-1134	oluşan	
15-6	1135-1142	spontan	
15-7	1143-1154	kanamaların	
15-8	1155-1165	varlığıdır	
15-9	1165-1166	.	

#Text=Burada akkiz hemofili hastasında gelişen bir hematom olgusu sunulmaktadır.
16-1	1167-1173	Burada	
16-2	1174-1179	akkiz	
16-3	1180-1188	hemofili	
16-4	1189-1199	hastasında	
16-5	1200-1207	gelişen	
16-6	1208-1211	bir	
16-7	1212-1219	hematom	
16-8	1220-1226	olgusu	
16-9	1227-1240	sunulmaktadır	
16-10	1240-1241	.	

#Text=Hastadan tıbbi verilerinin yayınlanabileceğine ilişkin yazılı onam belgesi alındı.
17-1	1242-1250	Hastadan	
17-2	1251-1256	tıbbi	
17-3	1257-1268	verilerinin	
17-4	1269-1288	yayınlanabileceğine	
17-5	1289-1296	ilişkin	
17-6	1297-1303	yazılı	
17-7	1304-1308	onam	
17-8	1309-1316	belgesi	
17-9	1317-1323	alındı	
17-10	1323-1324	.	

#Text=Elli altı yaşında kadın hasta, sağ ön kol 1/3 proksimalde ağrı, şişme ve hareket kısıtlılığı ile bir sağlık kuruluşunun acil servisine başvurduğunda sağ kalçaya intramuskuler olarak diklofenak uygulanıp eve gönderiliyor.
18-1	1325-1329	Elli	
18-2	1330-1334	altı	
18-3	1335-1342	yaşında	
18-4	1343-1348	kadın	
18-5	1349-1354	hasta	
18-6	1354-1355	,	
18-7	1356-1359	sağ	
18-8	1360-1362	ön	
18-9	1363-1366	kol	
18-10	1367-1368	1	
18-11	1368-1369	/	
18-12	1369-1370	3	
18-13	1371-1382	proksimalde	
18-14	1383-1387	ağrı	
18-15	1387-1388	,	
18-16	1389-1394	şişme	
18-17	1395-1397	ve	
18-18	1398-1405	hareket	
18-19	1406-1417	kısıtlılığı	
18-20	1418-1421	ile	
18-21	1422-1425	bir	
18-22	1426-1432	sağlık	
18-23	1433-1444	kuruluşunun	
18-24	1445-1449	acil	
18-25	1450-1459	servisine	
18-26	1460-1473	başvurduğunda	
18-27	1474-1477	sağ	
18-28	1478-1485	kalçaya	
18-29	1486-1499	intramuskuler	
18-30	1500-1506	olarak	
18-31	1507-1517	diklofenak	
18-32	1518-1527	uygulanıp	
18-33	1528-1531	eve	
18-34	1532-1544	gönderiliyor	
18-35	1544-1545	.	

#Text=Hasta evinde bir gün sonra ağrısı olan ön kol bölgesinde çürük ortaya çıkması ve kalçasında da enjeksiyon yapılan alanda sertlik, şiddetli ağrı ve morluk gelişmesi üzerine kliniğimize başvurdu.
19-1	1546-1551	Hasta	
19-2	1552-1558	evinde	
19-3	1559-1562	bir	
19-4	1563-1566	gün	
19-5	1567-1572	sonra	
19-6	1573-1579	ağrısı	
19-7	1580-1584	olan	
19-8	1585-1587	ön	
19-9	1588-1591	kol	
19-10	1592-1602	bölgesinde	
19-11	1603-1608	çürük	
19-12	1609-1615	ortaya	
19-13	1616-1623	çıkması	
19-14	1624-1626	ve	
19-15	1627-1637	kalçasında	
19-16	1638-1640	da	
19-17	1641-1651	enjeksiyon	
19-18	1652-1659	yapılan	
19-19	1660-1666	alanda	
19-20	1667-1674	sertlik	
19-21	1674-1675	,	
19-22	1676-1684	şiddetli	
19-23	1685-1689	ağrı	
19-24	1690-1692	ve	
19-25	1693-1699	morluk	
19-26	1700-1709	gelişmesi	
19-27	1710-1717	üzerine	
19-28	1718-1729	kliniğimize	
19-29	1730-1738	başvurdu	
19-30	1738-1739	.	

#Text=Yapılan muayenede hastanın sağ ön kol iç yüzde 8 cm genişliğinde uzun ekseni hemen tüm ön kolu kaplayacak büyüklükte ekimoz saptandı.
20-1	1740-1747	Yapılan	
20-2	1748-1757	muayenede	
20-3	1758-1766	hastanın	
20-4	1767-1770	sağ	
20-5	1771-1773	ön	
20-6	1774-1777	kol	
20-7	1778-1780	iç	
20-8	1781-1786	yüzde	
20-9	1787-1788	8	
20-10	1789-1791	cm	
20-11	1792-1804	genişliğinde	
20-12	1805-1809	uzun	
20-13	1810-1816	ekseni	
20-14	1817-1822	hemen	
20-15	1823-1826	tüm	
20-16	1827-1829	ön	
20-17	1830-1834	kolu	
20-18	1835-1845	kaplayacak	
20-19	1846-1856	büyüklükte	
20-20	1857-1863	ekimoz	
20-21	1864-1872	saptandı	
20-22	1872-1873	.	

#Text=Bu bölge palpasyon ile ağrılı idi.
21-1	1874-1876	Bu	
21-2	1877-1882	bölge	
21-3	1883-1892	palpasyon	
21-4	1893-1896	ile	
21-5	1897-1903	ağrılı	
21-6	1904-1907	idi	
21-7	1907-1908	.	

#Text=Ayrıca hastanın enjeksiyon yapılan sağ kalçasında 15 cm çapında yaygın ekimoz görüldü ve sertlik palpe edildi (Şekil-1).
22-1	1909-1915	Ayrıca	
22-2	1916-1924	hastanın	
22-3	1925-1935	enjeksiyon	
22-4	1936-1943	yapılan	
22-5	1944-1947	sağ	
22-6	1948-1958	kalçasında	
22-7	1959-1961	15	
22-8	1962-1964	cm	
22-9	1965-1972	çapında	
22-10	1973-1979	yaygın	
22-11	1980-1986	ekimoz	
22-12	1987-1994	görüldü	
22-13	1995-1997	ve	
22-14	1998-2005	sertlik	
22-15	2006-2011	palpe	
22-16	2012-2018	edildi	
22-17	2019-2020	(	
22-18	2020-2025	Şekil	
22-19	2025-2026	-	
22-20	2026-2027	1	
22-21	2027-2028	)	
22-22	2028-2029	.	

#Text=Diğer sistem muayeneleri olağan idi.
23-1	2030-2035	Diğer	
23-2	2036-2042	sistem	
23-3	2043-2054	muayeneleri	
23-4	2055-2061	olağan	
23-5	2062-2065	idi	
23-6	2065-2066	.	

#Text=Laboratuar bulgularında Hb 11.1 gr/dl, Htc %35,lökosit 3420 /mm3, nötrofil 2110 /mm3, trombosit 170.000 /mm3, protrombin zamanı 12.3 sn (INR0.97) (kontrol 1.4 sn, 0.97), aPTT 47 sn (kontrol 28 sn), miksing testi 39 sn (kontrol 26) olarak bulundu.
24-1	2067-2077	Laboratuar	
24-2	2078-2090	bulgularında	
24-3	2091-2093	Hb	
24-4	2094-2098	11.1	
24-5	2099-2101	gr	
24-6	2101-2102	/	
24-7	2102-2104	dl	
24-8	2104-2105	,	
24-9	2106-2109	Htc	
24-10	2110-2111	%	
24-11	2111-2113	35	
24-12	2113-2114	,	
24-13	2114-2121	lökosit	
24-14	2122-2126	3420	
24-15	2127-2128	/	
24-16	2128-2131	mm3	
24-17	2131-2132	,	
24-18	2133-2141	nötrofil	
24-19	2142-2146	2110	
24-20	2147-2148	/	
24-21	2148-2151	mm3	
24-22	2151-2152	,	
24-23	2153-2162	trombosit	
24-24	2163-2170	170.000	
24-25	2171-2172	/	
24-26	2172-2175	mm3	
24-27	2175-2176	,	
24-28	2177-2187	protrombin	
24-29	2188-2194	zamanı	
24-30	2195-2199	12.3	
24-31	2200-2202	sn	
24-32	2203-2204	(	
24-33	2204-2211	INR0.97	
24-34	2211-2212	)	
24-35	2213-2214	(	
24-36	2214-2221	kontrol	
24-37	2222-2225	1.4	
24-38	2226-2228	sn	
24-39	2228-2229	,	
24-40	2230-2234	0.97	
24-41	2234-2235	)	
24-42	2235-2236	,	
24-43	2237-2241	aPTT	
24-44	2242-2244	47	
24-45	2245-2247	sn	
24-46	2248-2249	(	
24-47	2249-2256	kontrol	
24-48	2257-2259	28	
24-49	2260-2262	sn	
24-50	2262-2263	)	
24-51	2263-2264	,	
24-52	2265-2272	miksing	
24-53	2273-2278	testi	
24-54	2279-2281	39	
24-55	2282-2284	sn	
24-56	2285-2286	(	
24-57	2286-2293	kontrol	
24-58	2294-2296	26	
24-59	2296-2297	)	
24-60	2298-2304	olarak	
24-61	2305-2312	bulundu	
24-62	2312-2313	.	

#Text=vWF antijeni %99 (kontrol %96), faktör 8 düzeyi belirgin olarak azalmıştı ( 1.2; normal değer:50-150), faktör 9 ve 11 düzeyi normal idi.
25-1	2314-2317	vWF	
25-2	2318-2326	antijeni	
25-3	2327-2328	%	
25-4	2328-2330	99	
25-5	2331-2332	(	
25-6	2332-2339	kontrol	
25-7	2340-2341	%	
25-8	2341-2343	96	
25-9	2343-2344	)	
25-10	2344-2345	,	
25-11	2346-2352	faktör	
25-12	2353-2354	8	
25-13	2355-2361	düzeyi	
25-14	2362-2370	belirgin	
25-15	2371-2377	olarak	
25-16	2378-2387	azalmıştı	
25-17	2388-2389	(	
25-18	2390-2393	1.2	
25-19	2393-2394	;	
25-20	2395-2401	normal	
25-21	2402-2407	değer	
25-22	2407-2408	:	
25-23	2408-2410	50	
25-24	2410-2411	-	
25-25	2411-2414	150	
25-26	2414-2415	)	
25-27	2415-2416	,	
25-28	2417-2423	faktör	
25-29	2424-2425	9	
25-30	2426-2428	ve	
25-31	2429-2431	11	
25-32	2432-2438	düzeyi	
25-33	2439-2445	normal	
25-34	2446-2449	idi	
25-35	2449-2450	.	

#Text=Faktör 8 inhibitör düzeyi 17.30 Bethesda ünitesi idi.
26-1	2451-2457	Faktör	
26-2	2458-2459	8	
26-3	2460-2469	inhibitör	
26-4	2470-2476	düzeyi	
26-5	2477-2482	17.30	
26-6	2483-2491	Bethesda	
26-7	2492-2499	ünitesi	
26-8	2500-2503	idi	
26-9	2503-2504	.	

#Text=İnhibitör test sonuçları çıkana dek hastaya 1Ü/10 kg olacak şekilde taze donmuş plazma (TDP) verildi.
27-1	2505-2514	İnhibitör	
27-2	2515-2519	test	
27-3	2520-2529	sonuçları	
27-4	2530-2536	çıkana	
27-5	2537-2540	dek	
27-6	2541-2548	hastaya	
27-7	2549-2551	1Ü	
27-8	2551-2552	/	
27-9	2552-2554	10	
27-10	2555-2557	kg	
27-11	2558-2564	olacak	
27-12	2565-2572	şekilde	
27-13	2573-2577	taze	
27-14	2578-2584	donmuş	
27-15	2585-2591	plazma	
27-16	2592-2593	(	
27-17	2593-2596	TDP	
27-18	2596-2597	)	
27-19	2598-2605	verildi	
27-20	2605-2606	.	

#Text=Bu tedaviye iki gün devam edildi.
28-1	2607-2609	Bu	
28-2	2610-2618	tedaviye	
28-3	2619-2622	iki	
28-4	2623-2626	gün	
28-5	2627-2632	devam	
28-6	2633-2639	edildi	
28-7	2639-2640	.	

#Text=TDP replasmanı seyrinde hastada nefes darlığı oluştu.
29-1	2641-2644	TDP	
29-2	2645-2655	replasmanı	
29-3	2656-2664	seyrinde	
29-4	2665-2672	hastada	
29-5	2673-2678	nefes	
29-6	2679-2686	darlığı	
29-7	2687-2693	oluştu	
29-8	2693-2694	.	

#Text=Fizik muayenede venöz dolgunluk, kalpte S3 ve bilateral akciğer bazallerinde inspiratuar raller mevcuttu.
30-1	2695-2700	Fizik	
30-2	2701-2710	muayenede	
30-3	2711-2716	venöz	
30-4	2717-2726	dolgunluk	
30-5	2726-2727	,	
30-6	2728-2734	kalpte	
30-7	2735-2737	S3	
30-8	2738-2740	ve	
30-9	2741-2750	bilateral	
30-10	2751-2758	akciğer	
30-11	2759-2771	bazallerinde	
30-12	2772-2783	inspiratuar	
30-13	2784-2790	raller	
30-14	2791-2799	mevcuttu	
30-15	2799-2800	.	

#Text=Kalp yetmezliği olarak değerlendirildi.
31-1	2801-2805	Kalp	
31-2	2806-2816	yetmezliği	
31-3	2817-2823	olarak	
31-4	2824-2839	değerlendirildi	
31-5	2839-2840	.	

#Text=TDP kesildi.
32-1	2841-2844	TDP	
32-2	2845-2852	kesildi	
32-3	2852-2853	.	

#Text=Furosemid periferik venöz basınca göre ayarlandı ve karvedilol 6.25 2x1/2 (beta bloker) ve prednizolon 1 mg/kg, endoksan 1 mg/kg ve aktive protrombin kompleks konsantresi başlandı.
33-1	2854-2863	Furosemid	
33-2	2864-2873	periferik	
33-3	2874-2879	venöz	
33-4	2880-2887	basınca	
33-5	2888-2892	göre	
33-6	2893-2902	ayarlandı	
33-7	2903-2905	ve	
33-8	2906-2916	karvedilol	
33-9	2917-2921	6.25	
33-10	2922-2925	2x1	
33-11	2925-2926	/	
33-12	2926-2927	2	
33-13	2928-2929	(	
33-14	2929-2933	beta	
33-15	2934-2940	bloker	
33-16	2940-2941	)	
33-17	2942-2944	ve	
33-18	2945-2956	prednizolon	
33-19	2957-2958	1	
33-20	2959-2961	mg	
33-21	2961-2962	/	
33-22	2962-2964	kg	
33-23	2964-2965	,	
33-24	2966-2974	endoksan	
33-25	2975-2976	1	
33-26	2977-2979	mg	
33-27	2979-2980	/	
33-28	2980-2982	kg	
33-29	2983-2985	ve	
33-30	2986-2992	aktive	
33-31	2993-3003	protrombin	
33-32	3004-3012	kompleks	
33-33	3013-3024	konsantresi	
33-34	3025-3033	başlandı	
33-35	3033-3034	.	

#Text=Doz günde iki kez 25 Ü/kg idi.
34-1	3035-3038	Doz	
34-2	3039-3044	günde	
34-3	3045-3048	iki	
34-4	3049-3052	kez	
34-5	3053-3055	25	
34-6	3056-3057	Ü	
34-7	3057-3058	/	
34-8	3058-3060	kg	
34-9	3061-3064	idi	
34-10	3064-3065	.	

#Text=aPTT tedavinin dördüncü günü 35 ve yedinci günü 32 sn (normal düzey: 24-32 sn) oldu.
35-1	3066-3070	aPTT	
35-2	3071-3080	tedavinin	
35-3	3081-3089	dördüncü	
35-4	3090-3094	günü	
35-5	3095-3097	35	
35-6	3098-3100	ve	
35-7	3101-3108	yedinci	
35-8	3109-3113	günü	
35-9	3114-3116	32	
35-10	3117-3119	sn	
35-11	3120-3121	(	
35-12	3121-3127	normal	
35-13	3128-3133	düzey	
35-14	3133-3134	:	
35-15	3135-3137	24	
35-16	3137-3138	-	
35-17	3138-3140	32	
35-18	3141-3143	sn	
35-19	3143-3144	)	
35-20	3145-3149	oldu	
35-21	3149-3150	.	

#Text=Aktive protrombin kompleks konsantresi verilişinin üçüncü günü kol ve kalça ağrısı azaldı.
36-1	3151-3157	Aktive	
36-2	3158-3168	protrombin	
36-3	3169-3177	kompleks	
36-4	3178-3189	konsantresi	
36-5	3190-3201	verilişinin	
36-6	3202-3208	üçüncü	
36-7	3209-3213	günü	
36-8	3214-3217	kol	
36-9	3218-3220	ve	
36-10	3221-3226	kalça	
36-11	3227-3233	ağrısı	
36-12	3234-3240	azaldı	
36-13	3240-3241	.	

#Text=Tedavinin altıncı günü hastanın belirgin bir ağrısı mevcut değildi ve hasta sekizinci günde taburcu edildi.
37-1	3242-3251	Tedavinin	
37-2	3252-3259	altıncı	
37-3	3260-3264	günü	
37-4	3265-3273	hastanın	
37-5	3274-3282	belirgin	
37-6	3283-3286	bir	
37-7	3287-3293	ağrısı	
37-8	3294-3300	mevcut	
37-9	3301-3308	değildi	
37-10	3309-3311	ve	
37-11	3312-3317	hasta	
37-12	3318-3327	sekizinci	
37-13	3328-3333	günde	
37-14	3334-3341	taburcu	
37-15	3342-3348	edildi	
37-16	3348-3349	.	

#Text=Akkiz hemofilide üç önemli özellik bulunur: 1- kalıtımsal özellik yoktur; 2- kadın ile erkek cinsiyet eşit oranda etkilenir; 3- konjenital hemofilide olduğu gibi hemartroz ön planda değildir.
38-1	3350-3355	Akkiz	
38-2	3356-3366	hemofilide	
38-3	3367-3369	üç	
38-4	3370-3376	önemli	
38-5	3377-3384	özellik	
38-6	3385-3392	bulunur	
38-7	3392-3393	:	
38-8	3394-3395	1	
38-9	3395-3396	-	
38-10	3397-3407	kalıtımsal	
38-11	3408-3415	özellik	
38-12	3416-3422	yoktur	
38-13	3422-3423	;	
38-14	3424-3425	2	
38-15	3425-3426	-	
38-16	3427-3432	kadın	
38-17	3433-3436	ile	
38-18	3437-3442	erkek	
38-19	3443-3451	cinsiyet	
38-20	3452-3456	eşit	
38-21	3457-3463	oranda	
38-22	3464-3473	etkilenir	
38-23	3473-3474	;	
38-24	3475-3476	3	
38-25	3476-3477	-	
38-26	3478-3488	konjenital	
38-27	3489-3499	hemofilide	
38-28	3500-3506	olduğu	
38-29	3507-3511	gibi	
38-30	3512-3521	hemartroz	
38-31	3522-3524	ön	
38-32	3525-3531	planda	
38-33	3532-3540	değildir	
38-34	3540-3541	.	

#Text=Hastalık ileri yaş gurubunda gözlenir.
39-1	3542-3550	Hastalık	
39-2	3551-3556	ileri	
39-3	3557-3560	yaş	
39-4	3561-3570	gurubunda	
39-5	3571-3579	gözlenir	
39-6	3579-3580	.	

#Text=Hastalar başlıca yumuşak doku kanamaları ile hekime başvurur.
40-1	3581-3589	Hastalar	
40-2	3590-3597	başlıca	
40-3	3598-3605	yumuşak	
40-4	3606-3610	doku	
40-5	3611-3621	kanamaları	
40-6	3622-3625	ile	
40-7	3626-3632	hekime	
40-8	3633-3641	başvurur	
40-9	3641-3642	.	

#Text=Akkiz hemofilide kas içi ve intraserebral kanamalar konjenital hemofiliye göre daha sık gözlenir.
41-1	3643-3648	Akkiz	
41-2	3649-3659	hemofilide	
41-3	3660-3663	kas	
41-4	3664-3667	içi	
41-5	3668-3670	ve	
41-6	3671-3684	intraserebral	
41-7	3685-3694	kanamalar	
41-8	3695-3705	konjenital	
41-9	3706-3716	hemofiliye	
41-10	3717-3721	göre	
41-11	3722-3726	daha	
41-12	3727-3730	sık	
41-13	3731-3739	gözlenir	
41-14	3739-3740	.	

#Text=Bir diğer önemli özellik ise inhibitör gelişen konjenital hemofilide yaşam süresi çok belirgin etkilenmemişken, akkiz hemofilide yaşam süresi kısalmıştır.
42-1	3741-3744	Bir	
42-2	3745-3750	diğer	
42-3	3751-3757	önemli	
42-4	3758-3765	özellik	
42-5	3766-3769	ise	
42-6	3770-3779	inhibitör	
42-7	3780-3787	gelişen	
42-8	3788-3798	konjenital	
42-9	3799-3809	hemofilide	
42-10	3810-3815	yaşam	
42-11	3816-3822	süresi	
42-12	3823-3826	çok	
42-13	3827-3835	belirgin	
42-14	3836-3851	etkilenmemişken	
42-15	3851-3852	,	
42-16	3853-3858	akkiz	
42-17	3859-3869	hemofilide	
42-18	3870-3875	yaşam	
42-19	3876-3882	süresi	
42-20	3883-3894	kısalmıştır	
42-21	3894-3895	.	

#Text=Yapılan üç çalışmada akkiz hemofilili hastalarda mortalite oranı %8-22 oranında saptanmıştır.
43-1	3896-3903	Yapılan	
43-2	3904-3906	üç	
43-3	3907-3916	çalışmada	
43-4	3917-3922	akkiz	
43-5	3923-3933	hemofilili	
43-6	3934-3944	hastalarda	
43-7	3945-3954	mortalite	
43-8	3955-3960	oranı	
43-9	3961-3962	%	
43-10	3962-3963	8	
43-11	3963-3964	-	
43-12	3964-3966	22	
43-13	3967-3975	oranında	
43-14	3976-3988	saptanmıştır	
43-15	3988-3989	.	

#Text=Akkiz hemofili olgularının %50’sinde etiyoloji saptanamamıştır.
44-1	3990-3995	Akkiz	
44-2	3996-4004	hemofili	
44-3	4005-4016	olgularının	
44-4	4017-4018	%	
44-5	4018-4020	50	
44-6	4020-4021	’	
44-7	4021-4026	sinde	
44-8	4027-4036	etiyoloji	
44-9	4037-4052	saptanamamıştır	
44-10	4052-4053	.	

#Text=Hastaların geri kalanında ise bağ dokusu hastalıkları (romatoid artrit ve Sjogren Sendromu), solid tümörler ve lenfoproliferatif hastalıklar, deri hastalıkları (pemfigus ve epidermiş bülloza gibi), ilaçlar (interferon ve penisilin), enfeksiyonlar, cerrahi ve graft versus host hastalığı rapor edilmiştir.
45-1	4054-4064	Hastaların	
45-2	4065-4069	geri	
45-3	4070-4079	kalanında	
45-4	4080-4083	ise	
45-5	4084-4087	bağ	
45-6	4088-4094	dokusu	
45-7	4095-4107	hastalıkları	
45-8	4108-4109	(	
45-9	4109-4117	romatoid	
45-10	4118-4124	artrit	
45-11	4125-4127	ve	
45-12	4128-4135	Sjogren	
45-13	4136-4144	Sendromu	
45-14	4144-4145	)	
45-15	4145-4146	,	
45-16	4147-4152	solid	
45-17	4153-4161	tümörler	
45-18	4162-4164	ve	
45-19	4165-4182	lenfoproliferatif	
45-20	4183-4194	hastalıklar	
45-21	4194-4195	,	
45-22	4196-4200	deri	
45-23	4201-4213	hastalıkları	
45-24	4214-4215	(	
45-25	4215-4223	pemfigus	
45-26	4224-4226	ve	
45-27	4227-4236	epidermiş	
45-28	4237-4244	bülloza	
45-29	4245-4249	gibi	
45-30	4249-4250	)	
45-31	4250-4251	,	
45-32	4252-4259	ilaçlar	
45-33	4260-4261	(	
45-34	4261-4271	interferon	
45-35	4272-4274	ve	
45-36	4275-4284	penisilin	
45-37	4284-4285	)	
45-38	4285-4286	,	
45-39	4287-4300	enfeksiyonlar	
45-40	4300-4301	,	
45-41	4302-4309	cerrahi	
45-42	4310-4312	ve	
45-43	4313-4318	graft	
45-44	4319-4325	versus	
45-45	4326-4330	host	
45-46	4331-4340	hastalığı	
45-47	4341-4346	rapor	
45-48	4347-4357	edilmiştir	
45-49	4357-4358	.	

#Text=Tanı aPTT de uzama yanında faktör 8’e karşı inhibitör varlığının gösterilmesi ile konulmaktadır.
46-1	4359-4363	Tanı	
46-2	4364-4368	aPTT	
46-3	4369-4371	de	
46-4	4372-4377	uzama	
46-5	4378-4385	yanında	
46-6	4386-4392	faktör	
46-7	4393-4394	8	
46-8	4394-4395	’	
46-9	4395-4396	e	
46-10	4397-4402	karşı	
46-11	4403-4412	inhibitör	
46-12	4413-4423	varlığının	
46-13	4424-4436	gösterilmesi	
46-14	4437-4440	ile	
46-15	4441-4454	konulmaktadır	
46-16	4454-4455	.	

#Text=Akkiz hemofili hastalarında eğer etiyoloji saptanır ise tedavi ona yöneliktir ancak etiyoloji tespit edilemeyen olgularda inhibitör varlığını yok etmek için mümkün olduğunca inhibitör varlığına karşı tedavi uygulanmalıdır.
47-1	4456-4461	Akkiz	
47-2	4462-4470	hemofili	
47-3	4471-4483	hastalarında	
47-4	4484-4488	eğer	
47-5	4489-4498	etiyoloji	
47-6	4499-4507	saptanır	
47-7	4508-4511	ise	
47-8	4512-4518	tedavi	
47-9	4519-4522	ona	
47-10	4523-4533	yöneliktir	
47-11	4534-4539	ancak	
47-12	4540-4549	etiyoloji	
47-13	4550-4556	tespit	
47-14	4557-4567	edilemeyen	
47-15	4568-4577	olgularda	
47-16	4578-4587	inhibitör	
47-17	4588-4597	varlığını	
47-18	4598-4601	yok	
47-19	4602-4607	etmek	
47-20	4608-4612	için	
47-21	4613-4619	mümkün	
47-22	4620-4629	olduğunca	
47-23	4630-4639	inhibitör	
47-24	4640-4649	varlığına	
47-25	4650-4655	karşı	
47-26	4656-4662	tedavi	
47-27	4663-4677	uygulanmalıdır	
47-28	4677-4678	.	

#Text=Akkiz hemofilili hastalarda laboratuvar sonuçları elde edilinceye kadar yaklaşımda 1-deamino-8-Darginin vazopressin (DDAVP) ve/veya TDP kullanılabilir.
48-1	4679-4684	Akkiz	
48-2	4685-4695	hemofilili	
48-3	4696-4706	hastalarda	
48-4	4707-4718	laboratuvar	
48-5	4719-4728	sonuçları	
48-6	4729-4733	elde	
48-7	4734-4744	edilinceye	
48-8	4745-4750	kadar	
48-9	4751-4761	yaklaşımda	
48-10	4762-4763	1	
48-11	4763-4764	-	
48-12	4764-4771	deamino	
48-13	4771-4772	-	
48-14	4772-4773	8	
48-15	4773-4774	-	
48-16	4774-4782	Darginin	
48-17	4783-4794	vazopressin	
48-18	4795-4796	(	
48-19	4796-4801	DDAVP	
48-20	4801-4802	)	
48-21	4803-4805	ve	
48-22	4805-4806	/	
48-23	4806-4810	veya	
48-24	4811-4814	TDP	
48-25	4815-4829	kullanılabilir	
48-26	4829-4830	.	

#Text=DDAVP’nin en büyük komplikasyonlarından bir tanesi hipertansif atakların varlığıdır.
49-1	4831-4836	DDAVP	
49-2	4836-4837	’	
49-3	4837-4840	nin	
49-4	4841-4843	en	
49-5	4844-4849	büyük	
49-6	4850-4870	komplikasyonlarından	
49-7	4871-4874	bir	
49-8	4875-4881	tanesi	
49-9	4882-4893	hipertansif	
49-10	4894-4903	atakların	
49-11	4904-4914	varlığıdır	
49-12	4914-4915	.	

#Text=TDP kullanımında ise bizim olgumuzda olduğu gibi bilhassa kilolu hastalarda yüksek oranda sıvı yüklenmesine bağlı kalp yetmezliği gibi komplikasyonlar gelişebilmektedir.
50-1	4916-4919	TDP	
50-2	4920-4932	kullanımında	
50-3	4933-4936	ise	
50-4	4937-4942	bizim	
50-5	4943-4952	olgumuzda	
50-6	4953-4959	olduğu	
50-7	4960-4964	gibi	
50-8	4965-4973	bilhassa	
50-9	4974-4980	kilolu	
50-10	4981-4991	hastalarda	
50-11	4992-4998	yüksek	
50-12	4999-5005	oranda	
50-13	5006-5010	sıvı	
50-14	5011-5023	yüklenmesine	
50-15	5024-5029	bağlı	
50-16	5030-5034	kalp	
50-17	5035-5045	yetmezliği	
50-18	5046-5050	gibi	
50-19	5051-5066	komplikasyonlar	
50-20	5067-5084	gelişebilmektedir	
50-21	5084-5085	.	

#Text=Hastalarda inhibitör varlığı nedeniyle faktör 8 tedavisi tek başına etkisizdir.
51-1	5086-5096	Hastalarda	
51-2	5097-5106	inhibitör	
51-3	5107-5114	varlığı	
51-4	5115-5124	nedeniyle	
51-5	5125-5131	faktör	
51-6	5132-5133	8	
51-7	5134-5142	tedavisi	
51-8	5143-5146	tek	
51-9	5147-5153	başına	
51-10	5154-5164	etkisizdir	
51-11	5164-5165	.	

#Text=Eğer faktör 8 tedavisi verilecekse inhibitör varlığını ortadan kaldıran immun absorbsiyon veya immunmodülatör ilaçlar ile beraber verilmelidir.
52-1	5166-5170	Eğer	
52-2	5171-5177	faktör	
52-3	5178-5179	8	
52-4	5180-5188	tedavisi	
52-5	5189-5200	verilecekse	
52-6	5201-5210	inhibitör	
52-7	5211-5220	varlığını	
52-8	5221-5228	ortadan	
52-9	5229-5237	kaldıran	
52-10	5238-5243	immun	
52-11	5244-5255	absorbsiyon	
52-12	5256-5260	veya	
52-13	5261-5275	immunmodülatör	
52-14	5276-5283	ilaçlar	
52-15	5284-5287	ile	
52-16	5288-5295	beraber	
52-17	5296-5308	verilmelidir	
52-18	5308-5309	.	

#Text=Biz olgumuzda faktör ve inhibitör sonuçlarının hemen sonrasında aktive protrombin kompleks konsantresi vermeyi tercih ettik.
53-1	5310-5313	Biz	
53-2	5314-5323	olgumuzda	
53-3	5324-5330	faktör	
53-4	5331-5333	ve	
53-5	5334-5343	inhibitör	
53-6	5344-5356	sonuçlarının	
53-7	5357-5362	hemen	
53-8	5363-5373	sonrasında	
53-9	5374-5380	aktive	
53-10	5381-5391	protrombin	
53-11	5392-5400	kompleks	
53-12	5401-5412	konsantresi	
53-13	5413-5420	vermeyi	
53-14	5421-5427	tercih	
53-15	5428-5433	ettik	
53-16	5433-5434	.	

#Text=Burada da ekonomik sebepler nedeniyle tedaviye düşük doz (25 Ü/kg) ile başlandı.
54-1	5435-5441	Burada	
54-2	5442-5444	da	
54-3	5445-5453	ekonomik	
54-4	5454-5462	sebepler	
54-5	5463-5472	nedeniyle	
54-6	5473-5481	tedaviye	
54-7	5482-5487	düşük	
54-8	5488-5491	doz	
54-9	5492-5493	(	
54-10	5493-5495	25	
54-11	5496-5497	Ü	
54-12	5497-5498	/	
54-13	5498-5500	kg	
54-14	5500-5501	)	
54-15	5502-5505	ile	
54-16	5506-5514	başlandı	
54-17	5514-5515	.	

#Text=Sonuç elde edilmesi üzerine bu dozda devam edildi.
55-1	5516-5521	Sonuç	
55-2	5522-5526	elde	
55-3	5527-5535	edilmesi	
55-4	5536-5543	üzerine	
55-5	5544-5546	bu	
55-6	5547-5552	dozda	
55-7	5553-5558	devam	
55-8	5559-5565	edildi	
55-9	5565-5566	.	

#Text=Hastaya inhibitör varlığını ortadan kaldırmak için prednizolon 1 mg/kg ve siklofosfamid 1 mg/kg başlandı.
56-1	5567-5574	Hastaya	
56-2	5575-5584	inhibitör	
56-3	5585-5594	varlığını	
56-4	5595-5602	ortadan	
56-5	5603-5612	kaldırmak	
56-6	5613-5617	için	
56-7	5618-5629	prednizolon	
56-8	5630-5631	1	
56-9	5632-5634	mg	
56-10	5634-5635	/	
56-11	5635-5637	kg	
56-12	5638-5640	ve	
56-13	5641-5654	siklofosfamid	
56-14	5655-5656	1	
56-15	5657-5659	mg	
56-16	5659-5660	/	
56-17	5660-5662	kg	
56-18	5663-5671	başlandı	
56-19	5671-5672	.	

#Text=Steroid dozu dördüncü haftadan sonra azaltılmaya başlandı.
57-1	5673-5680	Steroid	
57-2	5681-5685	dozu	
57-3	5686-5694	dördüncü	
57-4	5695-5703	haftadan	
57-5	5704-5709	sonra	
57-6	5710-5721	azaltılmaya	
57-7	5722-5730	başlandı	
57-8	5730-5731	.	

#Text=Tedavinin dördüncü ayında prednizolon ve siklofosfamid kesildi.
58-1	5732-5741	Tedavinin	
58-2	5742-5750	dördüncü	
58-3	5751-5757	ayında	
58-4	5758-5769	prednizolon	
58-5	5770-5772	ve	
58-6	5773-5786	siklofosfamid	
58-7	5787-5794	kesildi	
58-8	5794-5795	.	

#Text=Tedavi başladıktan sonra 6 ay geçen hastada aPTT sonuçları normal idi.
59-1	5796-5802	Tedavi	
59-2	5803-5814	başladıktan	
59-3	5815-5820	sonra	
59-4	5821-5822	6	
59-5	5823-5825	ay	
59-6	5826-5831	geçen	
59-7	5832-5839	hastada	
59-8	5840-5844	aPTT	
59-9	5845-5854	sonuçları	
59-10	5855-5861	normal	
59-11	5862-5865	idi	
59-12	5865-5866	.	

#Text=Ağrı nedeni ile hastaneye başvuran olgularda mutlaka ağrılı bölge gözden geçirilmeli ve palpe edilmelidir.
60-1	5867-5871	Ağrı	
60-2	5872-5878	nedeni	
60-3	5879-5882	ile	
60-4	5883-5892	hastaneye	
60-5	5893-5901	başvuran	
60-6	5902-5911	olgularda	
60-7	5912-5919	mutlaka	
60-8	5920-5926	ağrılı	
60-9	5927-5932	bölge	
60-10	5933-5939	gözden	
60-11	5940-5951	geçirilmeli	
60-12	5952-5954	ve	
60-13	5955-5960	palpe	
60-14	5961-5972	edilmelidir	
60-15	5972-5973	.	

#Text=Böylelikle hastalarda olası bir kas içi hematom saptanabilir.
61-1	5974-5984	Böylelikle	
61-2	5985-5995	hastalarda	
61-3	5996-6001	olası	
61-4	6002-6005	bir	
61-5	6006-6009	kas	
61-6	6010-6013	içi	
61-7	6014-6021	hematom	
61-8	6022-6034	saptanabilir	
61-9	6034-6035	.	

#Text=Ağrı etiyolojisi hakkında fikir sahibi olunmadan hiçbir hastaya bilhassa intramuskuler enjeksiyon yapılmamalıdır.
62-1	6036-6040	Ağrı	
62-2	6041-6052	etiyolojisi	
62-3	6053-6061	hakkında	
62-4	6062-6067	fikir	
62-5	6068-6074	sahibi	
62-6	6075-6084	olunmadan	
62-7	6085-6091	hiçbir	
62-8	6092-6099	hastaya	
62-9	6100-6108	bilhassa	
62-10	6109-6122	intramuskuler	
62-11	6123-6133	enjeksiyon	
62-12	6134-6148	yapılmamalıdır	
62-13	6148-6149	.	

#Text=Bizim olgumuzda da ağrı etiyolojisi saptanmadan yapılan intramuskuler enjeksiyon hastanın sağ kolunda mevcut olan hematomdan daha fazla olarak kalça bölgesinde hematom gelişmesine ve ağrıya neden olmuştur.
63-1	6150-6155	Bizim	
63-2	6156-6165	olgumuzda	
63-3	6166-6168	da	
63-4	6169-6173	ağrı	
63-5	6174-6185	etiyolojisi	
63-6	6186-6197	saptanmadan	
63-7	6198-6205	yapılan	
63-8	6206-6219	intramuskuler	
63-9	6220-6230	enjeksiyon	
63-10	6231-6239	hastanın	
63-11	6240-6243	sağ	
63-12	6244-6251	kolunda	
63-13	6252-6258	mevcut	
63-14	6259-6263	olan	
63-15	6264-6274	hematomdan	
63-16	6275-6279	daha	
63-17	6280-6285	fazla	
63-18	6286-6292	olarak	
63-19	6293-6298	kalça	
63-20	6299-6309	bölgesinde	
63-21	6310-6317	hematom	
63-22	6318-6329	gelişmesine	
63-23	6330-6332	ve	
63-24	6333-6339	ağrıya	
63-25	6340-6345	neden	
63-26	6346-6354	olmuştur	
63-27	6354-6355	.	

#Text=Daha sonra ön kolda olduğu gibi kalça bölgesinde de hematom ile ilişkili yaygın ekimoz gelişmiştir (Şekil-1).
64-1	6356-6360	Daha	
64-2	6361-6366	sonra	
64-3	6367-6369	ön	
64-4	6370-6375	kolda	
64-5	6376-6382	olduğu	
64-6	6383-6387	gibi	
64-7	6388-6393	kalça	
64-8	6394-6404	bölgesinde	
64-9	6405-6407	de	
64-10	6408-6415	hematom	
64-11	6416-6419	ile	
64-12	6420-6428	ilişkili	
64-13	6429-6435	yaygın	
64-14	6436-6442	ekimoz	
64-15	6443-6454	gelişmiştir	
64-16	6455-6456	(	
64-17	6456-6461	Şekil	
64-18	6461-6462	-	
64-19	6462-6463	1	
64-20	6463-6464	)	
64-21	6464-6465	.	

#Text=Kas ağrısı nedeni ile hastaneye başvuran hastalarda ağrı yapabilecek başka nedenler yanında hemorajik diyatez ilişkili hematomlar da hatırlanmalı ve hasta bu yönden sorgulanmalıdır.
65-1	6466-6469	Kas	
65-2	6470-6476	ağrısı	
65-3	6477-6483	nedeni	
65-4	6484-6487	ile	
65-5	6488-6497	hastaneye	
65-6	6498-6506	başvuran	
65-7	6507-6517	hastalarda	
65-8	6518-6522	ağrı	
65-9	6523-6534	yapabilecek	
65-10	6535-6540	başka	
65-11	6541-6549	nedenler	
65-12	6550-6557	yanında	
65-13	6558-6567	hemorajik	
65-14	6568-6575	diyatez	
65-15	6576-6584	ilişkili	
65-16	6585-6595	hematomlar	
65-17	6596-6598	da	
65-18	6599-6611	hatırlanmalı	
65-19	6612-6614	ve	
65-20	6615-6620	hasta	
65-21	6621-6623	bu	
65-22	6624-6630	yönden	
65-23	6631-6646	sorgulanmalıdır	
65-24	6646-6647	.	

#Text=Tanıda aPTT’nin uzun olması ve miksing testinin pozitif olması hasta başında yapılabilecek kolay testler olması nedeniyle çok önemlidir.
66-1	6648-6654	Tanıda	
66-2	6655-6659	aPTT	
66-3	6659-6660	’	
66-4	6660-6663	nin	
66-5	6664-6668	uzun	
66-6	6669-6675	olması	
66-7	6676-6678	ve	
66-8	6679-6686	miksing	
66-9	6687-6695	testinin	
66-10	6696-6703	pozitif	
66-11	6704-6710	olması	
66-12	6711-6716	hasta	
66-13	6717-6724	başında	
66-14	6725-6738	yapılabilecek	
66-15	6739-6744	kolay	
66-16	6745-6752	testler	
66-17	6753-6759	olması	
66-18	6760-6769	nedeniyle	
66-19	6770-6773	çok	
66-20	6774-6783	önemlidir	
66-21	6783-6784	.	

#Text=Sonuç olarak; akkiz hemofili kendini ileri yaşlarda ani oluşan ekimoz ve/veya doku içine kanamalar ile gösterebilen nadir bir hastalıktır.
67-1	6785-6790	Sonuç	
67-2	6791-6797	olarak	
67-3	6797-6798	;	
67-4	6799-6804	akkiz	
67-5	6805-6813	hemofili	
67-6	6814-6821	kendini	
67-7	6822-6827	ileri	
67-8	6828-6836	yaşlarda	
67-9	6837-6840	ani	
67-10	6841-6847	oluşan	
67-11	6848-6854	ekimoz	
67-12	6855-6857	ve	
67-13	6857-6858	/	
67-14	6858-6862	veya	
67-15	6863-6867	doku	
67-16	6868-6873	içine	
67-17	6874-6883	kanamalar	
67-18	6884-6887	ile	
67-19	6888-6900	gösterebilen	
67-20	6901-6906	nadir	
67-21	6907-6910	bir	
67-22	6911-6922	hastalıktır	
67-23	6922-6923	.	

#Text=Ani ortaya çıkan, kendini şişlik ile gösteren ve özellikle alınacak kısa bir anamnezle travma öyküsü olmadan oluşan ekimoz ve kas ağrıları varlığında akkiz hemofili de düşünülmelidir.
68-1	6924-6927	Ani	
68-2	6928-6934	ortaya	
68-3	6935-6940	çıkan	
68-4	6940-6941	,	
68-5	6942-6949	kendini	
68-6	6950-6956	şişlik	
68-7	6957-6960	ile	
68-8	6961-6969	gösteren	
68-9	6970-6972	ve	
68-10	6973-6982	özellikle	
68-11	6983-6991	alınacak	
68-12	6992-6996	kısa	
68-13	6997-7000	bir	
68-14	7001-7010	anamnezle	
68-15	7011-7017	travma	
68-16	7018-7024	öyküsü	
68-17	7025-7032	olmadan	
68-18	7033-7039	oluşan	
68-19	7040-7046	ekimoz	
68-20	7047-7049	ve	
68-21	7050-7053	kas	
68-22	7054-7062	ağrıları	
68-23	7063-7073	varlığında	
68-24	7074-7079	akkiz	
68-25	7080-7088	hemofili	
68-26	7089-7091	de	
68-27	7092-7106	düşünülmelidir	
68-28	7106-7107	.	
