#FORMAT=WebAnno TSV 3.3


#Text=ÖZET
1-1	0-4	ÖZET	

#Text=Serotonin sendromu merkezi ve periferik sinir sisteminde serotonin reseptörlerinin aşırı uyarılması sonucu gelişen ölümcül olabilen bir durumdur.
2-1	5-14	Serotonin	
2-2	15-23	sendromu	
2-3	24-31	merkezi	
2-4	32-34	ve	
2-5	35-44	periferik	
2-6	45-50	sinir	
2-7	51-61	sisteminde	
2-8	62-71	serotonin	
2-9	72-87	reseptörlerinin	
2-10	88-93	aşırı	
2-11	94-104	uyarılması	
2-12	105-111	sonucu	
2-13	112-119	gelişen	
2-14	120-127	ölümcül	
2-15	128-136	olabilen	
2-16	137-140	bir	
2-17	141-149	durumdur	
2-18	149-150	.	

#Text=Serotonin sendromu, serotonin sentezininin veya salınımının artması, metabolizmasının azalması, geri alımının inhibisyonu ve/veya serotonin reseptörlerine direk agonistik gibi nedenlere bağlı olarak artmış serotonin miktarına bağlı olarak gelişir.
3-1	151-160	Serotonin	
3-2	161-169	sendromu	
3-3	169-170	,	
3-4	171-180	serotonin	
3-5	181-193	sentezininin	
3-6	194-198	veya	
3-7	199-210	salınımının	
3-8	211-218	artması	
3-9	218-219	,	
3-10	220-236	metabolizmasının	
3-11	237-245	azalması	
3-12	245-246	,	
3-13	247-251	geri	
3-14	252-260	alımının	
3-15	261-272	inhibisyonu	
3-16	273-275	ve	
3-17	275-276	/	
3-18	276-280	veya	
3-19	281-290	serotonin	
3-20	291-305	reseptörlerine	
3-21	306-311	direk	
3-22	312-321	agonistik	
3-23	322-326	gibi	
3-24	327-336	nedenlere	
3-25	337-342	bağlı	
3-26	343-349	olarak	
3-27	350-356	artmış	
3-28	357-366	serotonin	
3-29	367-376	miktarına	
3-30	377-382	bağlı	
3-31	383-389	olarak	
3-32	390-397	gelişir	
3-33	397-398	.	

#Text=Bu sendrom en sıklıkla sorumlu ilacın aşırı dozu ve/veya ilaç etkileşimine bağlı olarak gelişebilir.
4-1	399-401	Bu	
4-2	402-409	sendrom	
4-3	410-412	en	
4-4	413-421	sıklıkla	
4-5	422-429	sorumlu	
4-6	430-436	ilacın	
4-7	437-442	aşırı	
4-8	443-447	dozu	
4-9	448-450	ve	
4-10	450-451	/	
4-11	451-455	veya	
4-12	456-460	ilaç	
4-13	461-473	etkileşimine	
4-14	474-479	bağlı	
4-15	480-486	olarak	
4-16	487-498	gelişebilir	
4-17	498-499	.	

#Text=Literatürde nadir de olsa linezolide bağlı serotonin sendromu vakaları bildirilmiştir.
5-1	500-511	Literatürde	
5-2	512-517	nadir	
5-3	518-520	de	
5-4	521-525	olsa	
5-5	526-536	linezolide	
5-6	537-542	bağlı	
5-7	543-552	serotonin	
5-8	553-561	sendromu	
5-9	562-570	vakaları	
5-10	571-585	bildirilmiştir	
5-11	585-586	.	

#Text=Bu sunumunda diyabetik ayak enfeksiyonu nedeniyle linezolid tedavisi alan, major depresyon nedeniyle esitalopram tedavisi de kullanan hastada gelişen Serotonin sendromu vakası sunulmak istendi.
6-1	587-589	Bu	
6-2	590-599	sunumunda	
6-3	600-609	diyabetik	
6-4	610-614	ayak	
6-5	615-626	enfeksiyonu	
6-6	627-636	nedeniyle	
6-7	637-646	linezolid	
6-8	647-655	tedavisi	
6-9	656-660	alan	
6-10	660-661	,	
6-11	662-667	major	
6-12	668-677	depresyon	
6-13	678-687	nedeniyle	
6-14	688-699	esitalopram	
6-15	700-708	tedavisi	
6-16	709-711	de	
6-17	712-720	kullanan	
6-18	721-728	hastada	
6-19	729-736	gelişen	
6-20	737-746	Serotonin	
6-21	747-755	sendromu	
6-22	756-762	vakası	
6-23	763-771	sunulmak	
6-24	772-779	istendi	
6-25	779-780	.	
