#FORMAT=WebAnno TSV 3.3
#T_SP=webanno.custom.NegationMarker|ROLE_webanno.custom.NegationMarker:coordinationparticle_webanno.custom.NegationMarkerCoordinationparticleLink|webanno.custom.CoordinationParticle|ROLE_webanno.custom.NegationMarker:event_webanno.custom.NegationMarkerEventLink|webanno.custom.NegationEvent|ROLE_webanno.custom.NegationMarker:focus_webanno.custom.NegationMarkerFocusLink|webanno.custom.NegationFocus|markerType|ROLE_webanno.custom.NegationMarker:scope_webanno.custom.NegationMarkerScopeLink|webanno.custom.Negation|value


#Text=ÖZET
1-1	0-4	ÖZET	_	_	_	_	_	_	_	_	_	_	

#Text=Serotonin sendromu merkezi ve periferik sinir sisteminde serotonin reseptörlerinin aşırı uyarılması sonucu gelişen ölümcül olabilen bir durumdur.
2-1	5-14	Serotonin	_	_	_	_	_	_	_	_	_	_	
2-2	15-23	sendromu	_	_	_	_	_	_	_	_	_	_	
2-3	24-31	merkezi	_	_	_	_	_	_	_	_	_	_	
2-4	32-34	ve	_	_	_	_	_	_	_	_	_	_	
2-5	35-44	periferik	_	_	_	_	_	_	_	_	_	_	
2-6	45-50	sinir	_	_	_	_	_	_	_	_	_	_	
2-7	51-61	sisteminde	_	_	_	_	_	_	_	_	_	_	
2-8	62-71	serotonin	_	_	_	_	_	_	_	_	_	_	
2-9	72-87	reseptörlerinin	_	_	_	_	_	_	_	_	_	_	
2-10	88-93	aşırı	_	_	_	_	_	_	_	_	_	_	
2-11	94-104	uyarılması	_	_	_	_	_	_	_	_	_	_	
2-12	105-111	sonucu	_	_	_	_	_	_	_	_	_	_	
2-13	112-119	gelişen	_	_	_	_	_	_	_	_	_	_	
2-14	120-127	ölümcül	_	_	_	_	_	_	_	_	_	_	
2-15	128-136	olabilen	_	_	_	_	_	_	_	_	_	_	
2-16	137-140	bir	_	_	_	_	_	_	_	_	_	_	
2-17	141-149	durumdur	_	_	_	_	_	_	_	_	_	_	
2-18	149-150	.	_	_	_	_	_	_	_	_	_	_	

#Text=Serotonin sendromu, serotonin sentezininin veya salınımının artması, metabolizmasının azalması, geri alımının inhibisyonu ve/veya serotonin reseptörlerine direk agonistik gibi nedenlere bağlı olarak artmış serotonin miktarına bağlı olarak gelişir.
3-1	151-160	Serotonin	_	_	_	_	_	_	_	_	_	_	
3-2	161-169	sendromu	_	_	_	_	_	_	_	_	_	_	
3-3	169-170	,	_	_	_	_	_	_	_	_	_	_	
3-4	171-180	serotonin	_	_	_	_	_	_	_	_	_	_	
3-5	181-193	sentezininin	_	_	_	_	_	_	_	_	_	_	
3-6	194-198	veya	_	_	_	_	_	_	_	_	_	_	
3-7	199-210	salınımının	_	_	_	_	_	_	_	_	_	_	
3-8	211-218	artması	_	_	_	_	_	_	_	_	_	_	
3-9	218-219	,	_	_	_	_	_	_	_	_	_	_	
3-10	220-236	metabolizmasının	_	_	_	_	_	_	_	_	_	_	
3-11	237-245	azalması	_	_	_	_	_	_	_	_	_	_	
3-12	245-246	,	_	_	_	_	_	_	_	_	_	_	
3-13	247-251	geri	_	_	_	_	_	_	_	_	_	_	
3-14	252-260	alımının	_	_	_	_	_	_	_	_	_	_	
3-15	261-272	inhibisyonu	_	*	_	*	_	*	*	_	*	*	
3-16	273-275	ve	_	_	_	_	_	_	_	_	_	_	
3-17	275-276	/	_	_	_	_	_	_	_	_	_	_	
3-18	276-280	veya	_	_	_	_	_	_	_	_	_	_	
3-19	281-290	serotonin	_	_	_	_	_	_	_	_	_	_	
3-20	291-305	reseptörlerine	_	_	_	_	_	_	_	_	_	_	
3-21	306-311	direk	_	_	_	_	_	_	_	_	_	_	
3-22	312-321	agonistik	_	_	_	_	_	_	_	_	_	_	
3-23	322-326	gibi	_	_	_	_	_	_	_	_	_	_	
3-24	327-336	nedenlere	_	_	_	_	_	_	_	_	_	_	
3-25	337-342	bağlı	_	_	_	_	_	_	_	_	_	_	
3-26	343-349	olarak	_	_	_	_	_	_	_	_	_	_	
3-27	350-356	artmış	_	_	_	_	_	_	_	_	_	_	
3-28	357-366	serotonin	_	_	_	_	_	_	_	_	_	_	
3-29	367-376	miktarına	_	_	_	_	_	_	_	_	_	_	
3-30	377-382	bağlı	_	_	_	_	_	_	_	_	_	_	
3-31	383-389	olarak	_	_	_	_	_	_	_	_	_	_	
3-32	390-397	gelişir	_	_	_	_	_	_	_	_	_	_	
3-33	397-398	.	_	_	_	_	_	_	_	_	_	_	

#Text=Bu sendrom en sıklıkla sorumlu ilacın aşırı dozu ve/veya ilaç etkileşimine bağlı olarak gelişebilir.
4-1	399-401	Bu	_	_	_	_	_	_	_	_	_	_	
4-2	402-409	sendrom	_	_	_	_	_	_	_	_	_	_	
4-3	410-412	en	_	_	_	_	_	_	_	_	_	_	
4-4	413-421	sıklıkla	_	_	_	_	_	_	_	_	_	_	
4-5	422-429	sorumlu	_	_	_	_	_	_	_	_	_	_	
4-6	430-436	ilacın	_	_	_	_	_	_	_	_	_	_	
4-7	437-442	aşırı	_	_	_	_	_	_	_	_	_	_	
4-8	443-447	dozu	_	_	_	_	_	_	_	_	_	_	
4-9	448-450	ve	_	_	_	_	_	_	_	_	_	_	
4-10	450-451	/	_	_	_	_	_	_	_	_	_	_	
4-11	451-455	veya	_	_	_	_	_	_	_	_	_	_	
4-12	456-460	ilaç	_	_	_	_	_	_	_	_	_	_	
4-13	461-473	etkileşimine	_	_	_	_	_	_	_	_	_	_	
4-14	474-479	bağlı	_	_	_	_	_	_	_	_	_	_	
4-15	480-486	olarak	_	_	_	_	_	_	_	_	_	_	
4-16	487-498	gelişebilir	_	_	_	_	_	_	_	_	_	_	
4-17	498-499	.	_	_	_	_	_	_	_	_	_	_	

#Text=Literatürde nadir de olsa linezolide bağlı serotonin sendromu vakaları bildirilmiştir.
5-1	500-511	Literatürde	_	_	_	_	_	_	_	_	_	_	
5-2	512-517	nadir	_	_	_	_	_	_	_	_	_	_	
5-3	518-520	de	_	_	_	_	_	_	_	_	_	_	
5-4	521-525	olsa	_	_	_	_	_	_	_	_	_	_	
5-5	526-536	linezolide	_	_	_	_	_	_	_	_	_	_	
5-6	537-542	bağlı	_	_	_	_	_	_	_	_	_	_	
5-7	543-552	serotonin	_	_	_	_	_	_	_	_	_	_	
5-8	553-561	sendromu	_	_	_	_	_	_	_	_	_	_	
5-9	562-570	vakaları	_	_	_	_	_	_	_	_	_	_	
5-10	571-585	bildirilmiştir	_	_	_	_	_	_	_	_	_	_	
5-11	585-586	.	_	_	_	_	_	_	_	_	_	_	

#Text=Bu sunumunda diyabetik ayak enfeksiyonu nedeniyle linezolid tedavisi alan, major depresyon nedeniyle esitalopram tedavisi de kullanan hastada gelişen Serotonin sendromu vakası sunulmak istendi.
6-1	587-589	Bu	_	_	_	_	_	_	_	_	_	_	
6-2	590-599	sunumunda	_	_	_	_	_	_	_	_	_	_	
6-3	600-609	diyabetik	_	_	_	_	_	_	_	_	_	_	
6-4	610-614	ayak	_	_	_	_	_	_	_	_	_	_	
6-5	615-626	enfeksiyonu	_	_	_	_	_	_	_	_	_	_	
6-6	627-636	nedeniyle	_	_	_	_	_	_	_	_	_	_	
6-7	637-646	linezolid	_	_	_	_	_	_	_	_	_	_	
6-8	647-655	tedavisi	_	_	_	_	_	_	_	_	_	_	
6-9	656-660	alan	_	_	_	_	_	_	_	_	_	_	
6-10	660-661	,	_	_	_	_	_	_	_	_	_	_	
6-11	662-667	major	_	_	_	_	_	_	_	_	_	_	
6-12	668-677	depresyon	_	_	_	_	_	_	_	_	_	_	
6-13	678-687	nedeniyle	_	_	_	_	_	_	_	_	_	_	
6-14	688-699	esitalopram	_	_	_	_	_	_	_	_	_	_	
6-15	700-708	tedavisi	_	_	_	_	_	_	_	_	_	_	
6-16	709-711	de	_	_	_	_	_	_	_	_	_	_	
6-17	712-720	kullanan	_	_	_	_	_	_	_	_	_	_	
6-18	721-728	hastada	_	_	_	_	_	_	_	_	_	_	
6-19	729-736	gelişen	_	_	_	_	_	_	_	_	_	_	
6-20	737-746	Serotonin	_	_	_	_	_	_	_	_	_	_	
6-21	747-755	sendromu	_	_	_	_	_	_	_	_	_	_	
6-22	756-762	vakası	_	_	_	_	_	_	_	_	_	_	
6-23	763-771	sunulmak	_	_	_	_	_	_	_	_	_	_	
6-24	772-779	istendi	_	_	_	_	_	_	_	_	_	_	
6-25	779-780	.	_	_	_	_	_	_	_	_	_	_	
