#FORMAT=WebAnno TSV 3.3


#Text=ÖZET
1-1	0-4	ÖZET	

#Text=Dolgular, yüzeyel kırışıkların görünümünü azaltmak, yüzün derin kırışıklık ve kıvrımlarını yumuşatmanın yanı sıra atrofik skar, dudak büyütme, lipoatrofi veya yaşlanmaya bağlı yağ kaybedilen bölgelere hacim kazandırmak amacıyla uygulanabilmektedir.
2-1	5-13	Dolgular	
2-2	13-14	,	
2-3	15-22	yüzeyel	
2-4	23-35	kırışıkların	
2-5	36-46	görünümünü	
2-6	47-55	azaltmak	
2-7	55-56	,	
2-8	57-62	yüzün	
2-9	63-68	derin	
2-10	69-79	kırışıklık	
2-11	80-82	ve	
2-12	83-95	kıvrımlarını	
2-13	96-108	yumuşatmanın	
2-14	109-113	yanı	
2-15	114-118	sıra	
2-16	119-126	atrofik	
2-17	127-131	skar	
2-18	131-132	,	
2-19	133-138	dudak	
2-20	139-146	büyütme	
2-21	146-147	,	
2-22	148-158	lipoatrofi	
2-23	159-163	veya	
2-24	164-174	yaşlanmaya	
2-25	175-180	bağlı	
2-26	181-184	yağ	
2-27	185-195	kaybedilen	
2-28	196-205	bölgelere	
2-29	206-211	hacim	
2-30	212-223	kazandırmak	
2-31	224-232	amacıyla	
2-32	233-252	uygulanabilmektedir	
2-33	252-253	.	

#Text=Dermal dolgu uygulaması sonrası gecikmiş nodül gelişimi hipersensitivite reaksiyonu, biyofilm gelişimi, yumuşak doku enfeksiyonu veya yabancı cisim granülomu gelişimine bağlı görülebilir ve kalıcı dolgu uygulamalarında geçici dolguya göre daha sık görülürler.
3-1	254-260	Dermal	
3-2	261-266	dolgu	
3-3	267-277	uygulaması	
3-4	278-285	sonrası	
3-5	286-294	gecikmiş	
3-6	295-300	nodül	
3-7	301-309	gelişimi	
3-8	310-326	hipersensitivite	
3-9	327-337	reaksiyonu	
3-10	337-338	,	
3-11	339-347	biyofilm	
3-12	348-356	gelişimi	
3-13	356-357	,	
3-14	358-365	yumuşak	
3-15	366-370	doku	
3-16	371-382	enfeksiyonu	
3-17	383-387	veya	
3-18	388-395	yabancı	
3-19	396-401	cisim	
3-20	402-411	granülomu	
3-21	412-422	gelişimine	
3-22	423-428	bağlı	
3-23	429-440	görülebilir	
3-24	441-443	ve	
3-25	444-450	kalıcı	
3-26	451-456	dolgu	
3-27	457-472	uygulamalarında	
3-28	473-479	geçici	
3-29	480-487	dolguya	
3-30	488-492	göre	
3-31	493-497	daha	
3-32	498-501	sık	
3-33	502-512	görülürler	
3-34	512-513	.	

#Text=Burada kalıcı dermal dolgu uygulaması sonrası fluktuasyon gösteren geç nodül gelişimi olan ve altı hafta doksisiklin ve siprofloksasin kullanımından sonra iki kez lezyon içine kortikosteroid uygulaması ve kolşisin tedavisiyle kontrol altına alınan bir olgu, dermal dolgu uygulamalarının komplikasyonlarına dikkat çekmek amacıyla sunulmaktadır.
4-1	514-520	Burada	
4-2	521-527	kalıcı	
4-3	528-534	dermal	
4-4	535-540	dolgu	
4-5	541-551	uygulaması	
4-6	552-559	sonrası	
4-7	560-571	fluktuasyon	
4-8	572-580	gösteren	
4-9	581-584	geç	
4-10	585-590	nodül	
4-11	591-599	gelişimi	
4-12	600-604	olan	
4-13	605-607	ve	
4-14	608-612	altı	
4-15	613-618	hafta	
4-16	619-630	doksisiklin	
4-17	631-633	ve	
4-18	634-648	siprofloksasin	
4-19	649-662	kullanımından	
4-20	663-668	sonra	
4-21	669-672	iki	
4-22	673-676	kez	
4-23	677-683	lezyon	
4-24	684-689	içine	
4-25	690-704	kortikosteroid	
4-26	705-715	uygulaması	
4-27	716-718	ve	
4-28	719-727	kolşisin	
4-29	728-739	tedavisiyle	
4-30	740-747	kontrol	
4-31	748-754	altına	
4-32	755-761	alınan	
4-33	762-765	bir	
4-34	766-770	olgu	
4-35	770-771	,	
4-36	772-778	dermal	
4-37	779-784	dolgu	
4-38	785-800	uygulamalarının	
4-39	801-819	komplikasyonlarına	
4-40	820-826	dikkat	
4-41	827-833	çekmek	
4-42	834-842	amacıyla	
4-43	843-856	sunulmaktadır	
4-44	856-857	.	

#Text=GİRİŞ
5-1	858-863	GİRİŞ	

#Text=Dolgular, yüzeyel kırışıkların görünümünü azaltmak, yüzün derin kırışıklık ve kıvrımlarını yumuşatmanın yanı sıra atrofik skar, dudak büyütme, lipoatrofi veya yaşlanmaya bağlı yağ kaybedilen bölgelere hacim kazandırmak amacıyla uygulanabilmektedir.
6-1	864-872	Dolgular	
6-2	872-873	,	
6-3	874-881	yüzeyel	
6-4	882-894	kırışıkların	
6-5	895-905	görünümünü	
6-6	906-914	azaltmak	
6-7	914-915	,	
6-8	916-921	yüzün	
6-9	922-927	derin	
6-10	928-938	kırışıklık	
6-11	939-941	ve	
6-12	942-954	kıvrımlarını	
6-13	955-967	yumuşatmanın	
6-14	968-972	yanı	
6-15	973-977	sıra	
6-16	978-985	atrofik	
6-17	986-990	skar	
6-18	990-991	,	
6-19	992-997	dudak	
6-20	998-1005	büyütme	
6-21	1005-1006	,	
6-22	1007-1017	lipoatrofi	
6-23	1018-1022	veya	
6-24	1023-1033	yaşlanmaya	
6-25	1034-1039	bağlı	
6-26	1040-1043	yağ	
6-27	1044-1054	kaybedilen	
6-28	1055-1064	bölgelere	
6-29	1065-1070	hacim	
6-30	1071-1082	kazandırmak	
6-31	1083-1091	amacıyla	
6-32	1092-1111	uygulanabilmektedir	
6-33	1111-1112	.	

#Text=Dolgu maddesi uygulaması sonrası görülebilecek komplikasyonlar; enjeksiyon yeri reaksiyonları, hipersensitivite reaksiyonları, enfeksiyon, nekroz gelişimi, papülnodül oluşumu, Tyndall etkisi, dolgunun yer değiştirmesi olarak sayılabilir.
7-1	1113-1118	Dolgu	
7-2	1119-1126	maddesi	
7-3	1127-1137	uygulaması	
7-4	1138-1145	sonrası	
7-5	1146-1159	görülebilecek	
7-6	1160-1175	komplikasyonlar	
7-7	1175-1176	;	
7-8	1177-1187	enjeksiyon	
7-9	1188-1192	yeri	
7-10	1193-1206	reaksiyonları	
7-11	1206-1207	,	
7-12	1208-1224	hipersensitivite	
7-13	1225-1238	reaksiyonları	
7-14	1238-1239	,	
7-15	1240-1250	enfeksiyon	
7-16	1250-1251	,	
7-17	1252-1258	nekroz	
7-18	1259-1267	gelişimi	
7-19	1267-1268	,	
7-20	1269-1279	papülnodül	
7-21	1280-1287	oluşumu	
7-22	1287-1288	,	
7-23	1289-1296	Tyndall	
7-24	1297-1303	etkisi	
7-25	1303-1304	,	
7-26	1305-1313	dolgunun	
7-27	1314-1317	yer	
7-28	1318-1330	değiştirmesi	
7-29	1331-1337	olarak	
7-30	1338-1349	sayılabilir	
7-31	1349-1350	.	

#Text=İÇERİK
8-1	1351-1357	İÇERİK	

#Text=Elli bir yaşında kadın hasta yüzünde şişlikler nedeniyle başvurdu.
9-1	1358-1362	Elli	
9-2	1363-1366	bir	
9-3	1367-1374	yaşında	
9-4	1375-1380	kadın	
9-5	1381-1386	hasta	
9-6	1387-1394	yüzünde	
9-7	1395-1404	şişlikler	
9-8	1405-1414	nedeniyle	
9-9	1415-1423	başvurdu	
9-10	1423-1424	.	

#Text=Öyküsünden yaklaşık beş ay önce nazolabial oluklara dış merkezde dolgu enjeksiyonu yapıldıktan yaklaşık bir buçuk ay sonra yüzünde kızarıklık, şişlik, iltihaplanma ve kanama geliştiği öğrenildi.
10-1	1425-1435	Öyküsünden	
10-2	1436-1444	yaklaşık	
10-3	1445-1448	beş	
10-4	1449-1451	ay	
10-5	1452-1456	önce	
10-6	1457-1467	nazolabial	
10-7	1468-1476	oluklara	
10-8	1477-1480	dış	
10-9	1481-1489	merkezde	
10-10	1490-1495	dolgu	
10-11	1496-1507	enjeksiyonu	
10-12	1508-1519	yapıldıktan	
10-13	1520-1528	yaklaşık	
10-14	1529-1532	bir	
10-15	1533-1538	buçuk	
10-16	1539-1541	ay	
10-17	1542-1547	sonra	
10-18	1548-1555	yüzünde	
10-19	1556-1566	kızarıklık	
10-20	1566-1567	,	
10-21	1568-1574	şişlik	
10-22	1574-1575	,	
10-23	1576-1588	iltihaplanma	
10-24	1589-1591	ve	
10-25	1592-1598	kanama	
10-26	1599-1608	geliştiği	
10-27	1609-1618	öğrenildi	
10-28	1618-1619	.	

#Text=Dolgu enjeksiyonundan yaklaşık beş ay sonra tarafımıza başvuran hastanın özgeçmiş sorgusunda hipertansiyon ve gastrit öyküsü vardı.
11-1	1620-1625	Dolgu	
11-2	1626-1641	enjeksiyonundan	
11-3	1642-1650	yaklaşık	
11-4	1651-1654	beş	
11-5	1655-1657	ay	
11-6	1658-1663	sonra	
11-7	1664-1674	tarafımıza	
11-8	1675-1683	başvuran	
11-9	1684-1692	hastanın	
11-10	1693-1701	özgeçmiş	
11-11	1702-1712	sorgusunda	
11-12	1713-1726	hipertansiyon	
11-13	1727-1729	ve	
11-14	1730-1737	gastrit	
11-15	1738-1744	öyküsü	
11-16	1745-1750	vardı	
11-17	1750-1751	.	

#Text=Soy geçmişinde özellik yoktu.
12-1	1752-1755	Soy	
12-2	1756-1766	geçmişinde	
12-3	1767-1774	özellik	
12-4	1775-1780	yoktu	
12-5	1780-1781	.	

#Text=Dermatolojik bakısında her iki nazolabial olukta eritemli, palpasyonla hassas, ısı artışının izlendiği nodüller saptandı.
13-1	1782-1794	Dermatolojik	
13-2	1795-1804	bakısında	
13-3	1805-1808	her	
13-4	1809-1812	iki	
13-5	1813-1823	nazolabial	
13-6	1824-1830	olukta	
13-7	1831-1839	eritemli	
13-8	1839-1840	,	
13-9	1841-1852	palpasyonla	
13-10	1853-1859	hassas	
13-11	1859-1860	,	
13-12	1861-1864	ısı	
13-13	1865-1874	artışının	
13-14	1875-1884	izlendiği	
13-15	1885-1893	nodüller	
13-16	1894-1902	saptandı	
13-17	1902-1903	.	

#Text=Rutin laboratuvar tetkikleri, C reaktif proteinin (CRP) 0.95 mg/dl olması dışında normaldi.
14-1	1904-1909	Rutin	
14-2	1910-1921	laboratuvar	
14-3	1922-1932	tetkikleri	
14-4	1932-1933	,	
14-5	1934-1935	C	
14-6	1936-1943	reaktif	
14-7	1944-1953	proteinin	
14-8	1954-1955	(	
14-9	1955-1958	CRP	
14-10	1958-1959	)	
14-11	1960-1964	0.95	
14-12	1965-1967	mg	
14-13	1967-1968	/	
14-14	1968-1970	dl	
14-15	1971-1977	olması	
14-16	1978-1985	dışında	
14-17	1986-1994	normaldi	
14-18	1994-1995	.	

#Text=Lezyonlu alandan alınan bakteriyolojik doku, sürüntü kültüründe ve mikobakteriyolojik doku kültüründe üreme olmadı.
15-1	1996-2004	Lezyonlu	
15-2	2005-2012	alandan	
15-3	2013-2019	alınan	
15-4	2020-2034	bakteriyolojik	
15-5	2035-2039	doku	
15-6	2039-2040	,	
15-7	2041-2048	sürüntü	
15-8	2049-2059	kültüründe	
15-9	2060-2062	ve	
15-10	2063-2081	mikobakteriyolojik	
15-11	2082-2086	doku	
15-12	2087-2097	kültüründe	
15-13	2098-2103	üreme	
15-14	2104-2110	olmadı	
15-15	2110-2111	.	

#Text=Sağmalar alandaki lezyondan alınan biyopsi materyalinin histopatolojik incelemesinde subkutan yağ doku seviyesinde nekroz bulguları yanı sıra dermiste perivasküler ve interstisyel polimorf nüveli lökositleri de içeren lenfosit ağırlıklı mikst yangısal hücre infiltrasyonu görüldü.
16-1	2112-2120	Sağmalar	
16-2	2121-2129	alandaki	
16-3	2130-2139	lezyondan	
16-4	2140-2146	alınan	
16-5	2147-2154	biyopsi	
16-6	2155-2167	materyalinin	
16-7	2168-2182	histopatolojik	
16-8	2183-2196	incelemesinde	
16-9	2197-2205	subkutan	
16-10	2206-2209	yağ	
16-11	2210-2214	doku	
16-12	2215-2226	seviyesinde	
16-13	2227-2233	nekroz	
16-14	2234-2243	bulguları	
16-15	2244-2248	yanı	
16-16	2249-2253	sıra	
16-17	2254-2262	dermiste	
16-18	2263-2275	perivasküler	
16-19	2276-2278	ve	
16-20	2279-2291	interstisyel	
16-21	2292-2300	polimorf	
16-22	2301-2307	nüveli	
16-23	2308-2319	lökositleri	
16-24	2320-2322	de	
16-25	2323-2329	içeren	
16-26	2330-2338	lenfosit	
16-27	2339-2348	ağırlıklı	
16-28	2349-2354	mikst	
16-29	2355-2363	yangısal	
16-30	2364-2369	hücre	
16-31	2370-2383	infiltrasyonu	
16-32	2384-2391	görüldü	
16-33	2391-2392	.	

#Text=Metronidazol ve ornidazol alerjisi tarif eden hastaya ilk üç gün 200 mg/gün sonra 100 mg/gün doksisiklin ve sipro floksasin 500mg tablet 2x1 başlandı.
17-1	2393-2405	Metronidazol	
17-2	2406-2408	ve	
17-3	2409-2418	ornidazol	
17-4	2419-2427	alerjisi	
17-5	2428-2433	tarif	
17-6	2434-2438	eden	
17-7	2439-2446	hastaya	
17-8	2447-2450	ilk	
17-9	2451-2453	üç	
17-10	2454-2457	gün	
17-11	2458-2461	200	
17-12	2462-2464	mg	
17-13	2464-2465	/	
17-14	2465-2468	gün	
17-15	2469-2474	sonra	
17-16	2475-2478	100	
17-17	2479-2481	mg	
17-18	2481-2482	/	
17-19	2482-2485	gün	
17-20	2486-2497	doksisiklin	
17-21	2498-2500	ve	
17-22	2501-2506	sipro	
17-23	2507-2516	floksasin	
17-24	2517-2522	500mg	
17-25	2523-2529	tablet	
17-26	2530-2533	2x1	
17-27	2534-2542	başlandı	
17-28	2542-2543	.	

#Text=Antibiyoterapinin altıncı haftasında lezyonların akıntısı ve eriteminin gerilemesi üzerine lezyon içine altı hafta arayla iki kez 4 mg/ml (1/9 oranında) kortikosteroid tedavisi uygulandı.
18-1	2544-2561	Antibiyoterapinin	
18-2	2562-2569	altıncı	
18-3	2570-2580	haftasında	
18-4	2581-2592	lezyonların	
18-5	2593-2601	akıntısı	
18-6	2602-2604	ve	
18-7	2605-2615	eriteminin	
18-8	2616-2626	gerilemesi	
18-9	2627-2634	üzerine	
18-10	2635-2641	lezyon	
18-11	2642-2647	içine	
18-12	2648-2652	altı	
18-13	2653-2658	hafta	
18-14	2659-2665	arayla	
18-15	2666-2669	iki	
18-16	2670-2673	kez	
18-17	2674-2675	4	
18-18	2676-2678	mg	
18-19	2678-2679	/	
18-20	2679-2681	ml	
18-21	2682-2683	(	
18-22	2683-2684	1	
18-23	2684-2685	/	
18-24	2685-2686	9	
18-25	2687-2695	oranında	
18-26	2695-2696	)	
18-27	2697-2711	kortikosteroid	
18-28	2712-2720	tedavisi	
18-29	2721-2730	uygulandı	
18-30	2730-2731	.	

#Text=Tedaviye kolşisin tablet 0.5 mg 2x1 eklendi.
19-1	2732-2740	Tedaviye	
19-2	2741-2749	kolşisin	
19-3	2750-2756	tablet	
19-4	2757-2760	0.5	
19-5	2761-2763	mg	
19-6	2764-2767	2x1	
19-7	2768-2775	eklendi	
19-8	2775-2776	.	

#Text=Takipte CRP değeri 0.12 mg/dl’ye geriledi.
20-1	2777-2784	Takipte	
20-2	2785-2788	CRP	
20-3	2789-2795	değeri	
20-4	2796-2800	0.12	
20-5	2801-2803	mg	
20-6	2803-2804	/	
20-7	2804-2806	dl	
20-8	2806-2807	’	
20-9	2807-2809	ye	
20-10	2810-2818	geriledi	
20-11	2818-2819	.	

#Text=Kolşisin tedavisinin dokuzuncu ay takibinde lezyonlarda tam düzelme gözlendi.
21-1	2820-2828	Kolşisin	
21-2	2829-2840	tedavisinin	
21-3	2841-2850	dokuzuncu	
21-4	2851-2853	ay	
21-5	2854-2863	takibinde	
21-6	2864-2875	lezyonlarda	
21-7	2876-2879	tam	
21-8	2880-2887	düzelme	
21-9	2888-2896	gözlendi	
21-10	2896-2897	.	

#Text=Hastaya dış merkezde uygulanan dolgu ürününün %2 katyon poliamid ve %98 oranında %0,9 sodyum klorürden oluşan serum fizyolojik içerdiği belirtilmektedir.
22-1	2898-2905	Hastaya	
22-2	2906-2909	dış	
22-3	2910-2918	merkezde	
22-4	2919-2928	uygulanan	
22-5	2929-2934	dolgu	
22-6	2935-2943	ürününün	
22-7	2944-2945	%	
22-8	2945-2946	2	
22-9	2947-2953	katyon	
22-10	2954-2962	poliamid	
22-11	2963-2965	ve	
22-12	2966-2967	%	
22-13	2967-2969	98	
22-14	2970-2978	oranında	
22-15	2979-2980	%	
22-16	2980-2983	0,9	
22-17	2984-2990	sodyum	
22-18	2991-3000	klorürden	
22-19	3001-3007	oluşan	
22-20	3008-3013	serum	
22-21	3014-3024	fizyolojik	
22-22	3025-3033	içerdiği	
22-23	3034-3050	belirtilmektedir	
22-24	3050-3051	.	

#Text=2016 yılında Kore Akademik Estetik ve Rekonstrüktif Meme Cerrahisi Topluluğu Kore Gıda ve İlaç Dairesi başvuru evrakında aynı ürünün içeriğinin %2 poliakrilamid (akrilamid-ko-N,N’metilen-bisakrilamid) ve %98 oranında %0,9 sodyum klorür solüsyonundan oluştuğunu belirtmiştir.
23-1	3052-3056	2016	
23-2	3057-3064	yılında	
23-3	3065-3069	Kore	
23-4	3070-3078	Akademik	
23-5	3079-3086	Estetik	
23-6	3087-3089	ve	
23-7	3090-3103	Rekonstrüktif	
23-8	3104-3108	Meme	
23-9	3109-3118	Cerrahisi	
23-10	3119-3128	Topluluğu	
23-11	3129-3133	Kore	
23-12	3134-3138	Gıda	
23-13	3139-3141	ve	
23-14	3142-3146	İlaç	
23-15	3147-3154	Dairesi	
23-16	3155-3162	başvuru	
23-17	3163-3172	evrakında	
23-18	3173-3177	aynı	
23-19	3178-3184	ürünün	
23-20	3185-3195	içeriğinin	
23-21	3196-3197	%	
23-22	3197-3198	2	
23-23	3199-3212	poliakrilamid	
23-24	3213-3214	(	
23-25	3214-3228	akrilamid-ko-N	
23-26	3228-3229	,	
23-27	3229-3230	N	
23-28	3230-3231	’	
23-29	3231-3251	metilen-bisakrilamid	
23-30	3251-3252	)	
23-31	3253-3255	ve	
23-32	3256-3257	%	
23-33	3257-3259	98	
23-34	3260-3268	oranında	
23-35	3269-3270	%	
23-36	3270-3273	0,9	
23-37	3274-3280	sodyum	
23-38	3281-3287	klorür	
23-39	3288-3301	solüsyonundan	
23-40	3302-3312	oluştuğunu	
23-41	3313-3325	belirtmiştir	
23-42	3325-3326	.	

#Text=Poliakrilamid içerikli dolgular kalıcı dolgular olarak sınıflandırılmaktadır.
24-1	3327-3340	Poliakrilamid	
24-2	3341-3349	içerikli	
24-3	3350-3358	dolgular	
24-4	3359-3365	kalıcı	
24-5	3366-3374	dolgular	
24-6	3375-3381	olarak	
24-7	3382-3403	sınıflandırılmaktadır	
24-8	3403-3404	.	

#Text=Dolgu uygulaması sonrası görülebilecek komplikasyonlar erken ve geç komplikasyonlar olarak ikiye ayrılır.
25-1	3405-3410	Dolgu	
25-2	3411-3421	uygulaması	
25-3	3422-3429	sonrası	
25-4	3430-3443	görülebilecek	
25-5	3444-3459	komplikasyonlar	
25-6	3460-3465	erken	
25-7	3466-3468	ve	
25-8	3469-3472	geç	
25-9	3473-3488	komplikasyonlar	
25-10	3489-3495	olarak	
25-11	3496-3501	ikiye	
25-12	3502-3509	ayrılır	
25-13	3509-3510	.	

#Text=Erken dönemde gelişebilecek olan istenmeyen etkiler; enjeksiyon yeri reaksiyonları, stafilokoksik veya streptokoksik enfeksiyon gelişimi, Tip-1 hipersensitivite reaksiyonları, inflamatuvar olmayan nodül gelişimi, Tyndall etkisi ve vasküler oklüzyondur.
26-1	3511-3516	Erken	
26-2	3517-3524	dönemde	
26-3	3525-3538	gelişebilecek	
26-4	3539-3543	olan	
26-5	3544-3554	istenmeyen	
26-6	3555-3562	etkiler	
26-7	3562-3563	;	
26-8	3564-3574	enjeksiyon	
26-9	3575-3579	yeri	
26-10	3580-3593	reaksiyonları	
26-11	3593-3594	,	
26-12	3595-3608	stafilokoksik	
26-13	3609-3613	veya	
26-14	3614-3627	streptokoksik	
26-15	3628-3638	enfeksiyon	
26-16	3639-3647	gelişimi	
26-17	3647-3648	,	
26-18	3649-3652	Tip	
26-19	3652-3653	-	
26-20	3653-3654	1	
26-21	3655-3671	hipersensitivite	
26-22	3672-3685	reaksiyonları	
26-23	3685-3686	,	
26-24	3687-3699	inflamatuvar	
26-25	3700-3707	olmayan	
26-26	3708-3713	nodül	
26-27	3714-3722	gelişimi	
26-28	3722-3723	,	
26-29	3724-3731	Tyndall	
26-30	3732-3738	etkisi	
26-31	3739-3741	ve	
26-32	3742-3750	vasküler	
26-33	3751-3762	oklüzyondur	
26-34	3762-3763	.	

#Text=Erken yan etkiler işlem uygulandıktan sonra birkaç gün içinde görülürken, geç yan etkiler işlemden haftalar sonra gelişir.
27-1	3764-3769	Erken	
27-2	3770-3773	yan	
27-3	3774-3781	etkiler	
27-4	3782-3787	işlem	
27-5	3788-3801	uygulandıktan	
27-6	3802-3807	sonra	
27-7	3808-3814	birkaç	
27-8	3815-3818	gün	
27-9	3819-3825	içinde	
27-10	3826-3836	görülürken	
27-11	3836-3837	,	
27-12	3838-3841	geç	
27-13	3842-3845	yan	
27-14	3846-3853	etkiler	
27-15	3854-3862	işlemden	
27-16	3863-3871	haftalar	
27-17	3872-3877	sonra	
27-18	3878-3885	gelişir	
27-19	3885-3886	.	

#Text=Malar ödem gelişimi, kalıcı renk değişikliği, Tip-4 hipersensitivite reaksiyonları, inflamatuvar nodül ve yabancı cisim granülomu, mikobakteri ve biyofilm gelişimi ile ilişkili enfeksiyon gelişimi, dolgunun yer değiştirmesi ise geç dönem komplikasyonları oluşturmaktadır.
28-1	3887-3892	Malar	
28-2	3893-3897	ödem	
28-3	3898-3906	gelişimi	
28-4	3906-3907	,	
28-5	3908-3914	kalıcı	
28-6	3915-3919	renk	
28-7	3920-3931	değişikliği	
28-8	3931-3932	,	
28-9	3933-3936	Tip	
28-10	3936-3937	-	
28-11	3937-3938	4	
28-12	3939-3955	hipersensitivite	
28-13	3956-3969	reaksiyonları	
28-14	3969-3970	,	
28-15	3971-3983	inflamatuvar	
28-16	3984-3989	nodül	
28-17	3990-3992	ve	
28-18	3993-4000	yabancı	
28-19	4001-4006	cisim	
28-20	4007-4016	granülomu	
28-21	4016-4017	,	
28-22	4018-4029	mikobakteri	
28-23	4030-4032	ve	
28-24	4033-4041	biyofilm	
28-25	4042-4050	gelişimi	
28-26	4051-4054	ile	
28-27	4055-4063	ilişkili	
28-28	4064-4074	enfeksiyon	
28-29	4075-4083	gelişimi	
28-30	4083-4084	,	
28-31	4085-4093	dolgunun	
28-32	4094-4097	yer	
28-33	4098-4110	değiştirmesi	
28-34	4111-4114	ise	
28-35	4115-4118	geç	
28-36	4119-4124	dönem	
28-37	4125-4141	komplikasyonları	
28-38	4142-4157	oluşturmaktadır	
28-39	4157-4158	.	

#Text=İşlem sonrası gelişen eritem ve ödemin tedavisinde genellikle soğuk uygulama yeterliyken, eritem gelişimi daha nadir görülen bir komplikasyon olan hipersensitivite reaksiyonu ile ilişkili ise antihistaminik ve sistemik steroid kullanımı gerekir.
29-1	4159-4164	İşlem	
29-2	4165-4172	sonrası	
29-3	4173-4180	gelişen	
29-4	4181-4187	eritem	
29-5	4188-4190	ve	
29-6	4191-4197	ödemin	
29-7	4198-4209	tedavisinde	
29-8	4210-4220	genellikle	
29-9	4221-4226	soğuk	
29-10	4227-4235	uygulama	
29-11	4236-4247	yeterliyken	
29-12	4247-4248	,	
29-13	4249-4255	eritem	
29-14	4256-4264	gelişimi	
29-15	4265-4269	daha	
29-16	4270-4275	nadir	
29-17	4276-4283	görülen	
29-18	4284-4287	bir	
29-19	4288-4300	komplikasyon	
29-20	4301-4305	olan	
29-21	4306-4322	hipersensitivite	
29-22	4323-4333	reaksiyonu	
29-23	4334-4337	ile	
29-24	4338-4346	ilişkili	
29-25	4347-4350	ise	
29-26	4351-4365	antihistaminik	
29-27	4366-4368	ve	
29-28	4369-4377	sistemik	
29-29	4378-4385	steroid	
29-30	4386-4395	kullanımı	
29-31	4396-4403	gerekir	
29-32	4403-4404	.	

#Text=Bu tedavilerle gerilemeyen kronik ödem durumunda hiyalüronidaz uygulaması gerekebilir.
30-1	4405-4407	Bu	
30-2	4408-4419	tedavilerle	
30-3	4420-4431	gerilemeyen	
30-4	4432-4438	kronik	
30-5	4439-4443	ödem	
30-6	4444-4453	durumunda	
30-7	4454-4467	hiyalüronidaz	
30-8	4468-4478	uygulaması	
30-9	4479-4490	gerekebilir	
30-10	4490-4491	.	

#Text=Pigmentasyon değişiklikleri genellikle deri tipi daha koyu olan bireylerde ekimoz sonrası post-inflamatuvar olarak ya da dolgunun yüzeysel yerleşimine bağlı olarak Tyndall etkisi ile görülür.
31-1	4492-4504	Pigmentasyon	
31-2	4505-4519	değişiklikleri	
31-3	4520-4530	genellikle	
31-4	4531-4535	deri	
31-5	4536-4540	tipi	
31-6	4541-4545	daha	
31-7	4546-4550	koyu	
31-8	4551-4555	olan	
31-9	4556-4566	bireylerde	
31-10	4567-4573	ekimoz	
31-11	4574-4581	sonrası	
31-12	4582-4599	post-inflamatuvar	
31-13	4600-4606	olarak	
31-14	4607-4609	ya	
31-15	4610-4612	da	
31-16	4613-4621	dolgunun	
31-17	4622-4630	yüzeysel	
31-18	4631-4642	yerleşimine	
31-19	4643-4648	bağlı	
31-20	4649-4655	olarak	
31-21	4656-4663	Tyndall	
31-22	4664-4670	etkisi	
31-23	4671-4674	ile	
31-24	4675-4682	görülür	
31-25	4682-4683	.	

#Text=Tedavide güneşten korunma, tretinoin ve hidrokinon gibi topikal ürünler, kimyasal peeling ve yoğun atımlı ışık (IPL) veya Q anahtarlı ND-YAG lazer kullanılabilir.
32-1	4684-4692	Tedavide	
32-2	4693-4701	güneşten	
32-3	4702-4709	korunma	
32-4	4709-4710	,	
32-5	4711-4720	tretinoin	
32-6	4721-4723	ve	
32-7	4724-4734	hidrokinon	
32-8	4735-4739	gibi	
32-9	4740-4747	topikal	
32-10	4748-4755	ürünler	
32-11	4755-4756	,	
32-12	4757-4765	kimyasal	
32-13	4766-4773	peeling	
32-14	4774-4776	ve	
32-15	4777-4782	yoğun	
32-16	4783-4789	atımlı	
32-17	4790-4794	ışık	
32-18	4795-4796	(	
32-19	4796-4799	IPL	
32-20	4799-4800	)	
32-21	4801-4805	veya	
32-22	4806-4807	Q	
32-23	4808-4817	anahtarlı	
32-24	4818-4824	ND-YAG	
32-25	4825-4830	lazer	
32-26	4831-4845	kullanılabilir	
32-27	4845-4846	.	

#Text=Tyndall etkisine bağlı ise iğne ile delinerek dolgu materyalinin çıkarılması önerilir.
33-1	4847-4854	Tyndall	
33-2	4855-4863	etkisine	
33-3	4864-4869	bağlı	
33-4	4870-4873	ise	
33-5	4874-4878	iğne	
33-6	4879-4882	ile	
33-7	4883-4892	delinerek	
33-8	4893-4898	dolgu	
33-9	4899-4911	materyalinin	
33-10	4912-4923	çıkarılması	
33-11	4924-4932	önerilir	
33-12	4932-4933	.	

#Text=Vasküler oklüzyon en çok korkulan dolgu komplikasyonlarından biridir.
34-1	4934-4942	Vasküler	
34-2	4943-4951	oklüzyon	
34-3	4952-4954	en	
34-4	4955-4958	çok	
34-5	4959-4967	korkulan	
34-6	4968-4973	dolgu	
34-7	4974-4994	komplikasyonlarından	
34-8	4995-5002	biridir	
34-9	5002-5003	.	

#Text=Damar içi enjeksiyona ya da dolgunun damara dıştan basısına bağlı görülebilir.
35-1	5004-5009	Damar	
35-2	5010-5013	içi	
35-3	5014-5025	enjeksiyona	
35-4	5026-5028	ya	
35-5	5029-5031	da	
35-6	5032-5040	dolgunun	
35-7	5041-5047	damara	
35-8	5048-5054	dıştan	
35-9	5055-5063	basısına	
35-10	5064-5069	bağlı	
35-11	5070-5081	görülebilir	
35-12	5081-5082	.	

#Text=Doku nekrozu ve retinal arter tutulumu durumunda görme kaybına neden olabilir.
36-1	5083-5087	Doku	
36-2	5088-5095	nekrozu	
36-3	5096-5098	ve	
36-4	5099-5106	retinal	
36-5	5107-5112	arter	
36-6	5113-5121	tutulumu	
36-7	5122-5131	durumunda	
36-8	5132-5137	görme	
36-9	5138-5145	kaybına	
36-10	5146-5151	neden	
36-11	5152-5160	olabilir	
36-12	5160-5161	.	

#Text=Hiyalüronik asit (HA) uygulaması yapıldıysa acilen hiyalüronidaz uygulanarak dolgunun eritilmesi, dolgu yapılan bölgeye sıcak kompres ve sert masaj uygulanması, aspirin başlanması , topikal nitrogliserin uygulanması ve hastanın yakın takibi önerilir.
37-1	5162-5173	Hiyalüronik	
37-2	5174-5178	asit	
37-3	5179-5180	(	
37-4	5180-5182	HA	
37-5	5182-5183	)	
37-6	5184-5194	uygulaması	
37-7	5195-5205	yapıldıysa	
37-8	5206-5212	acilen	
37-9	5213-5226	hiyalüronidaz	
37-10	5227-5238	uygulanarak	
37-11	5239-5247	dolgunun	
37-12	5248-5258	eritilmesi	
37-13	5258-5259	,	
37-14	5260-5265	dolgu	
37-15	5266-5273	yapılan	
37-16	5274-5281	bölgeye	
37-17	5282-5287	sıcak	
37-18	5288-5295	kompres	
37-19	5296-5298	ve	
37-20	5299-5303	sert	
37-21	5304-5309	masaj	
37-22	5310-5321	uygulanması	
37-23	5321-5322	,	
37-24	5323-5330	aspirin	
37-25	5331-5341	başlanması	
37-26	5342-5343	,	
37-27	5344-5351	topikal	
37-28	5352-5365	nitrogliserin	
37-29	5366-5377	uygulanması	
37-30	5378-5380	ve	
37-31	5381-5389	hastanın	
37-32	5390-5395	yakın	
37-33	5396-5402	takibi	
37-34	5403-5411	önerilir	
37-35	5411-5412	.	

#Text=Enjektör yerine kanülle dolgu uygulaması intravasküler uygulama riskini azaltmaktadır.
38-1	5413-5421	Enjektör	
38-2	5422-5428	yerine	
38-3	5429-5436	kanülle	
38-4	5437-5442	dolgu	
38-5	5443-5453	uygulaması	
38-6	5454-5467	intravasküler	
38-7	5468-5476	uygulama	
38-8	5477-5484	riskini	
38-9	5485-5498	azaltmaktadır	
38-10	5498-5499	.	

#Text=Kollajen ve HA gibi biyolojik olarak çözünebilen dolgu maddelerinin, dolgu ürünleri belli bir süre içinde kendiliğinden kaybolduğu için geç komplikasyonlara neden olma olasılığı daha düşüktür.
39-1	5500-5508	Kollajen	
39-2	5509-5511	ve	
39-3	5512-5514	HA	
39-4	5515-5519	gibi	
39-5	5520-5529	biyolojik	
39-6	5530-5536	olarak	
39-7	5537-5548	çözünebilen	
39-8	5549-5554	dolgu	
39-9	5555-5567	maddelerinin	
39-10	5567-5568	,	
39-11	5569-5574	dolgu	
39-12	5575-5583	ürünleri	
39-13	5584-5589	belli	
39-14	5590-5593	bir	
39-15	5594-5598	süre	
39-16	5599-5605	içinde	
39-17	5606-5619	kendiliğinden	
39-18	5620-5630	kaybolduğu	
39-19	5631-5635	için	
39-20	5636-5639	geç	
39-21	5640-5656	komplikasyonlara	
39-22	5657-5662	neden	
39-23	5663-5667	olma	
39-24	5668-5677	olasılığı	
39-25	5678-5682	daha	
39-26	5683-5691	düşüktür	
39-27	5691-5692	.	

#Text=Öte yandan, emilemeyen dolgu maddeleri sıklıkla ciddi kalıcı reaksiyonlara neden olur.
40-1	5693-5696	Öte	
40-2	5697-5703	yandan	
40-3	5703-5704	,	
40-4	5705-5715	emilemeyen	
40-5	5716-5721	dolgu	
40-6	5722-5731	maddeleri	
40-7	5732-5740	sıklıkla	
40-8	5741-5746	ciddi	
40-9	5747-5753	kalıcı	
40-10	5754-5767	reaksiyonlara	
40-11	5768-5773	neden	
40-12	5774-5778	olur	
40-13	5778-5779	.	

#Text=Poliakrilamid hidrojel dolgu uygulaması sonrasında lokalize bakteriyel enfeksiyona bağlı nodüller, makrofaj, yabancı cisim dev hücreleri, lenfositler ve bazofilik multivakuole materyali çevreleyen eritrositler şeklinde poliakrilamid hidrojel granülomları görülebilir.
41-1	5780-5793	Poliakrilamid	
41-2	5794-5802	hidrojel	
41-3	5803-5808	dolgu	
41-4	5809-5819	uygulaması	
41-5	5820-5830	sonrasında	
41-6	5831-5839	lokalize	
41-7	5840-5850	bakteriyel	
41-8	5851-5862	enfeksiyona	
41-9	5863-5868	bağlı	
41-10	5869-5877	nodüller	
41-11	5877-5878	,	
41-12	5879-5887	makrofaj	
41-13	5887-5888	,	
41-14	5889-5896	yabancı	
41-15	5897-5902	cisim	
41-16	5903-5906	dev	
41-17	5907-5916	hücreleri	
41-18	5916-5917	,	
41-19	5918-5929	lenfositler	
41-20	5930-5932	ve	
41-21	5933-5942	bazofilik	
41-22	5943-5955	multivakuole	
41-23	5956-5965	materyali	
41-24	5966-5976	çevreleyen	
41-25	5977-5989	eritrositler	
41-26	5990-5998	şeklinde	
41-27	5999-6012	poliakrilamid	
41-28	6013-6021	hidrojel	
41-29	6022-6034	granülomları	
41-30	6035-6046	görülebilir	
41-31	6046-6047	.	

#Text=HA’ya bağlı gelişen granülomlara göre daha fazla hücresel infiltrat içerir.
42-1	6048-6050	HA	
42-2	6050-6051	’	
42-3	6051-6053	ya	
42-4	6054-6059	bağlı	
42-5	6060-6067	gelişen	
42-6	6068-6080	granülomlara	
42-7	6081-6085	göre	
42-8	6086-6090	daha	
42-9	6091-6096	fazla	
42-10	6097-6105	hücresel	
42-11	6106-6115	infiltrat	
42-12	6116-6122	içerir	
42-13	6122-6123	.	

#Text=Poliakrilamid hidrojel Alcian mavisi ile pozitif boyanır ve polarize mikroskop altında çift kırılgan değildir.
43-1	6124-6137	Poliakrilamid	
43-2	6138-6146	hidrojel	
43-3	6147-6153	Alcian	
43-4	6154-6160	mavisi	
43-5	6161-6164	ile	
43-6	6165-6172	pozitif	
43-7	6173-6180	boyanır	
43-8	6181-6183	ve	
43-9	6184-6192	polarize	
43-10	6193-6202	mikroskop	
43-11	6203-6210	altında	
43-12	6211-6215	çift	
43-13	6216-6224	kırılgan	
43-14	6225-6233	değildir	
43-15	6233-6234	.	

#Text=Dolgu uygulamaları sonrası nodül gelişimi erken ve orta/geç olarak ikiye ayrılabilir.
44-1	6235-6240	Dolgu	
44-2	6241-6253	uygulamaları	
44-3	6254-6261	sonrası	
44-4	6262-6267	nodül	
44-5	6268-6276	gelişimi	
44-6	6277-6282	erken	
44-7	6283-6285	ve	
44-8	6286-6290	orta	
44-9	6290-6291	/	
44-10	6291-6294	geç	
44-11	6295-6301	olarak	
44-12	6302-6307	ikiye	
44-13	6308-6319	ayrılabilir	
44-14	6319-6320	.	

#Text=İki haftadan daha erken meydana gelen nodüler komplikasyonlar yanlış dolgu yerleşimi ile ilişkili olabilir, ancak ağrı ve fluktuasyonun eşlik etmesi enfeksiyonu gösterebilir.
45-1	6321-6324	İki	
45-2	6325-6333	haftadan	
45-3	6334-6338	daha	
45-4	6339-6344	erken	
45-5	6345-6352	meydana	
45-6	6353-6358	gelen	
45-7	6359-6366	nodüler	
45-8	6367-6382	komplikasyonlar	
45-9	6383-6389	yanlış	
45-10	6390-6395	dolgu	
45-11	6396-6405	yerleşimi	
45-12	6406-6409	ile	
45-13	6410-6418	ilişkili	
45-14	6419-6427	olabilir	
45-15	6427-6428	,	
45-16	6429-6434	ancak	
45-17	6435-6439	ağrı	
45-18	6440-6442	ve	
45-19	6443-6456	fluktuasyonun	
45-20	6457-6462	eşlik	
45-21	6463-6469	etmesi	
45-22	6470-6481	enfeksiyonu	
45-23	6482-6494	gösterebilir	
45-24	6494-6495	.	

#Text=Enjeksiyondan iki hafta ila bir yıl sonra ortaya çıkan gecikmiş nodüller ile karakterize orta ve geç nodül komplikasyonları ve bir yıldan sonra ortaya çıkan gecikmiş nodüller, dolgu maddesine immün yanıt veya enfeksiyöz granülomlara bağlı olabilir.
46-1	6496-6509	Enjeksiyondan	
46-2	6510-6513	iki	
46-3	6514-6519	hafta	
46-4	6520-6523	ila	
46-5	6524-6527	bir	
46-6	6528-6531	yıl	
46-7	6532-6537	sonra	
46-8	6538-6544	ortaya	
46-9	6545-6550	çıkan	
46-10	6551-6559	gecikmiş	
46-11	6560-6568	nodüller	
46-12	6569-6572	ile	
46-13	6573-6584	karakterize	
46-14	6585-6589	orta	
46-15	6590-6592	ve	
46-16	6593-6596	geç	
46-17	6597-6602	nodül	
46-18	6603-6619	komplikasyonları	
46-19	6620-6622	ve	
46-20	6623-6626	bir	
46-21	6627-6633	yıldan	
46-22	6634-6639	sonra	
46-23	6640-6646	ortaya	
46-24	6647-6652	çıkan	
46-25	6653-6661	gecikmiş	
46-26	6662-6670	nodüller	
46-27	6670-6671	,	
46-28	6672-6677	dolgu	
46-29	6678-6687	maddesine	
46-30	6688-6693	immün	
46-31	6694-6699	yanıt	
46-32	6700-6704	veya	
46-33	6705-6715	enfeksiyöz	
46-34	6716-6728	granülomlara	
46-35	6729-6734	bağlı	
46-36	6735-6743	olabilir	
46-37	6743-6744	.	

#Text=Gecikmiş nodül gelişimi hipersensitivite reaksiyonu, biyofilm gelişimi, yumuşak doku enfeksiyonu veya yabancı cisim granülomu gelişimine bağlı görülebilir ve kalıcı dolgu uygulamalarında geçici dolguya göre daha sık görülürler.
47-1	6745-6753	Gecikmiş	
47-2	6754-6759	nodül	
47-3	6760-6768	gelişimi	
47-4	6769-6785	hipersensitivite	
47-5	6786-6796	reaksiyonu	
47-6	6796-6797	,	
47-7	6798-6806	biyofilm	
47-8	6807-6815	gelişimi	
47-9	6815-6816	,	
47-10	6817-6824	yumuşak	
47-11	6825-6829	doku	
47-12	6830-6841	enfeksiyonu	
47-13	6842-6846	veya	
47-14	6847-6854	yabancı	
47-15	6855-6860	cisim	
47-16	6861-6870	granülomu	
47-17	6871-6881	gelişimine	
47-18	6882-6887	bağlı	
47-19	6888-6899	görülebilir	
47-20	6900-6902	ve	
47-21	6903-6909	kalıcı	
47-22	6910-6915	dolgu	
47-23	6916-6931	uygulamalarında	
47-24	6932-6938	geçici	
47-25	6939-6946	dolguya	
47-26	6947-6951	göre	
47-27	6952-6956	daha	
47-28	6957-6960	sık	
47-29	6961-6971	görülürler	
47-30	6971-6972	.	

#Text=Enfeksiyöz gecikmiş nodüller biyofilmlere bağlı olabilse de daha az olarak atipik mikobakterilere bağlı da gelişebilir.
48-1	6973-6983	Enfeksiyöz	
48-2	6984-6992	gecikmiş	
48-3	6993-7001	nodüller	
48-4	7002-7014	biyofilmlere	
48-5	7015-7020	bağlı	
48-6	7021-7029	olabilse	
48-7	7030-7032	de	
48-8	7033-7037	daha	
48-9	7038-7040	az	
48-10	7041-7047	olarak	
48-11	7048-7054	atipik	
48-12	7055-7070	mikobakterilere	
48-13	7071-7076	bağlı	
48-14	7077-7079	da	
48-15	7080-7091	gelişebilir	
48-16	7091-7092	.	

#Text=Dolgu uygulaması sonrası gecikmiş tipte komplikasyon gelişimi olduğunda ödeme fluktuasyon eşlik ediyorsa lezyona insizyon ve drenaj yapılması ve kültür antibiyogram yapılması, kültürde üreme varsa antibiyograma göre antibiyotik kullanımı, yoksa 2-6 hafta süreyle makrolid ve kinolon kullanımı önerilir.
49-1	7093-7098	Dolgu	
49-2	7099-7109	uygulaması	
49-3	7110-7117	sonrası	
49-4	7118-7126	gecikmiş	
49-5	7127-7132	tipte	
49-6	7133-7145	komplikasyon	
49-7	7146-7154	gelişimi	
49-8	7155-7164	olduğunda	
49-9	7165-7170	ödeme	
49-10	7171-7182	fluktuasyon	
49-11	7183-7188	eşlik	
49-12	7189-7197	ediyorsa	
49-13	7198-7205	lezyona	
49-14	7206-7214	insizyon	
49-15	7215-7217	ve	
49-16	7218-7224	drenaj	
49-17	7225-7234	yapılması	
49-18	7235-7237	ve	
49-19	7238-7244	kültür	
49-20	7245-7257	antibiyogram	
49-21	7258-7267	yapılması	
49-22	7267-7268	,	
49-23	7269-7277	kültürde	
49-24	7278-7283	üreme	
49-25	7284-7289	varsa	
49-26	7290-7303	antibiyograma	
49-27	7304-7308	göre	
49-28	7309-7320	antibiyotik	
49-29	7321-7330	kullanımı	
49-30	7330-7331	,	
49-31	7332-7337	yoksa	
49-32	7338-7339	2	
49-33	7339-7340	-	
49-34	7340-7341	6	
49-35	7342-7347	hafta	
49-36	7348-7355	süreyle	
49-37	7356-7364	makrolid	
49-38	7365-7367	ve	
49-39	7368-7375	kinolon	
49-40	7376-7385	kullanımı	
49-41	7386-7394	önerilir	
49-42	7394-7395	.	

#Text=Gerileme olmazsa kronik inflamasyonu baskılamak için intralezyonel triamsinolon asetonid uygulaması ve son basamakta ise eksizyon yapılması önerilmektedir.
50-1	7396-7404	Gerileme	
50-2	7405-7412	olmazsa	
50-3	7413-7419	kronik	
50-4	7420-7432	inflamasyonu	
50-5	7433-7443	baskılamak	
50-6	7444-7448	için	
50-7	7449-7462	intralezyonel	
50-8	7463-7475	triamsinolon	
50-9	7476-7484	asetonid	
50-10	7485-7495	uygulaması	
50-11	7496-7498	ve	
50-12	7499-7502	son	
50-13	7503-7512	basamakta	
50-14	7513-7516	ise	
50-15	7517-7525	eksizyon	
50-16	7526-7535	yapılması	
50-17	7536-7550	önerilmektedir	
50-18	7550-7551	.	

#Text=Literatürde içeriğin bilinmediği dermal dolgu uygulamasından dört ay sonra nodül gelişen ve intralezyonel steroid ile gerilemeyen olguda kolşisin tedavi sonrası nodüllerin gerilediği bildirilmiştir.
51-1	7552-7563	Literatürde	
51-2	7564-7572	içeriğin	
51-3	7573-7584	bilinmediği	
51-4	7585-7591	dermal	
51-5	7592-7597	dolgu	
51-6	7598-7612	uygulamasından	
51-7	7613-7617	dört	
51-8	7618-7620	ay	
51-9	7621-7626	sonra	
51-10	7627-7632	nodül	
51-11	7633-7640	gelişen	
51-12	7641-7643	ve	
51-13	7644-7657	intralezyonel	
51-14	7658-7665	steroid	
51-15	7666-7669	ile	
51-16	7670-7681	gerilemeyen	
51-17	7682-7688	olguda	
51-18	7689-7697	kolşisin	
51-19	7698-7704	tedavi	
51-20	7705-7712	sonrası	
51-21	7713-7723	nodüllerin	
51-22	7724-7734	gerilediği	
51-23	7735-7749	bildirilmiştir	
51-24	7749-7750	.	

#Text=Burada kalıcı dermal dolgu uygulaması sonrası fluktuasyon gösteren geç nodül gelişimi olan ve altı hafta doksisiklin ve siprofloksasin kullanımından sonra iki kez intralezyonel kortikosteroid ve kolşisin tablet uygulanarak başarıyla tedavi edilen bir olgu dermal dolgu uygulamalarının komplikasyonlarına dikkat çekmek amacıyla sunulmaktadır.
52-1	7751-7757	Burada	
52-2	7758-7764	kalıcı	
52-3	7765-7771	dermal	
52-4	7772-7777	dolgu	
52-5	7778-7788	uygulaması	
52-6	7789-7796	sonrası	
52-7	7797-7808	fluktuasyon	
52-8	7809-7817	gösteren	
52-9	7818-7821	geç	
52-10	7822-7827	nodül	
52-11	7828-7836	gelişimi	
52-12	7837-7841	olan	
52-13	7842-7844	ve	
52-14	7845-7849	altı	
52-15	7850-7855	hafta	
52-16	7856-7867	doksisiklin	
52-17	7868-7870	ve	
52-18	7871-7885	siprofloksasin	
52-19	7886-7899	kullanımından	
52-20	7900-7905	sonra	
52-21	7906-7909	iki	
52-22	7910-7913	kez	
52-23	7914-7927	intralezyonel	
52-24	7928-7942	kortikosteroid	
52-25	7943-7945	ve	
52-26	7946-7954	kolşisin	
52-27	7955-7961	tablet	
52-28	7962-7973	uygulanarak	
52-29	7974-7983	başarıyla	
52-30	7984-7990	tedavi	
52-31	7991-7997	edilen	
52-32	7998-8001	bir	
52-33	8002-8006	olgu	
52-34	8007-8013	dermal	
52-35	8014-8019	dolgu	
52-36	8020-8035	uygulamalarının	
52-37	8036-8054	komplikasyonlarına	
52-38	8055-8061	dikkat	
52-39	8062-8068	çekmek	
52-40	8069-8077	amacıyla	
52-41	8078-8091	sunulmaktadır	
52-42	8091-8092	.	
