#FORMAT=WebAnno TSV 3.3
#T_SP=webanno.custom.CoordinationParticle|
#T_SP=webanno.custom.Negation|
#T_SP=webanno.custom.NegationEvent|
#T_SP=webanno.custom.NegationFocus|
#T_SP=webanno.custom.Tart|Not
#T_SP=webanno.custom.NegationMarker|ROLE_webanno.custom.NegationMarker:coordinationparticle_webanno.custom.NegationMarkerCoordinationparticleLink|webanno.custom.CoordinationParticle|ROLE_webanno.custom.NegationMarker:event_webanno.custom.NegationMarkerEventLink|webanno.custom.NegationEvent|ROLE_webanno.custom.NegationMarker:focus_webanno.custom.NegationMarkerFocusLink|webanno.custom.NegationFocus|markerType|ROLE_webanno.custom.NegationMarker:scope_webanno.custom.NegationMarkerScopeLink|webanno.custom.Negation|value


#Text=ÖZET
1-1	0-4	ÖZET	_	_	_	_	_	_	_	_	_	_	_	_	_	_	_	

#Text=Dolgular, yüzeyel kırışıkların görünümünü azaltmak, yüzün derin kırışıklık ve kıvrımlarını yumuşatmanın yanı sıra atrofik skar, dudak büyütme, lipoatrofi veya yaşlanmaya bağlı yağ kaybedilen bölgelere hacim kazandırmak amacıyla uygulanabilmektedir.
2-1	5-13	Dolgular	_	_	_	_	_	_	_	_	_	_	_	_	_	_	_	
2-2	13-14	,	_	_	_	_	_	_	_	_	_	_	_	_	_	_	_	
2-3	15-22	yüzeyel	_	_	_	_	_	_	_	_	_	_	_	_	_	_	_	
2-4	23-35	kırışıkların	_	_	_	_	_	_	_	_	_	_	_	_	_	_	_	
2-5	36-46	görünümünü	_	_	_	_	_	_	_	_	_	_	_	_	_	_	_	
2-6	47-55	azaltmak	_	_	_	_	_	_	_	_	_	_	_	_	_	_	_	
2-7	55-56	,	_	_	_	_	_	_	_	_	_	_	_	_	_	_	_	
2-8	57-62	yüzün	_	_	_	_	_	_	_	_	_	_	_	_	_	_	_	
2-9	63-68	derin	_	_	_	_	_	_	_	_	_	_	_	_	_	_	_	
2-10	69-79	kırışıklık	_	_	_	_	_	_	_	_	_	_	_	_	_	_	_	
2-11	80-82	ve	_	_	_	_	_	_	_	_	_	_	_	_	_	_	_	
2-12	83-95	kıvrımlarını	_	_	_	_	_	_	_	_	_	_	_	_	_	_	_	
2-13	96-108	yumuşatmanın	_	_	_	_	_	_	_	_	_	_	_	_	_	_	_	
2-14	109-113	yanı	_	_	_	_	_	_	_	_	_	_	_	_	_	_	_	
2-15	114-118	sıra	_	_	_	_	_	_	_	_	_	_	_	_	_	_	_	
2-16	119-126	atrofik	_	_	_	_	_	_	_	_	_	_	_	_	_	_	_	
2-17	127-131	skar	_	_	_	_	_	_	_	_	_	_	_	_	_	_	_	
2-18	131-132	,	_	_	_	_	_	_	_	_	_	_	_	_	_	_	_	
2-19	133-138	dudak	_	_	_	_	_	_	_	_	_	_	_	_	_	_	_	
2-20	139-146	büyütme	_	_	_	_	_	_	_	_	_	_	_	_	_	_	_	
2-21	146-147	,	_	_	_	_	_	_	_	_	_	_	_	_	_	_	_	
2-22	148-158	lipoatrofi	_	_	_	_	_	_	_	_	_	_	_	_	_	_	_	
2-23	159-163	veya	_	_	_	_	_	_	_	_	_	_	_	_	_	_	_	
2-24	164-174	yaşlanmaya	_	_	_	_	_	_	_	_	_	_	_	_	_	_	_	
2-25	175-180	bağlı	_	_	_	_	_	_	_	_	_	_	_	_	_	_	_	
2-26	181-184	yağ	_	_	_	_	_	_	_	_	_	_	_	_	_	_	_	
2-27	185-195	kaybedilen	_	_	_	_	Burada negation mı?	_	_	_	_	_	_	_	_	_	_	
2-28	196-205	bölgelere	_	_	_	_	_	_	_	_	_	_	_	_	_	_	_	
2-29	206-211	hacim	_	_	_	_	_	_	_	_	_	_	_	_	_	_	_	
2-30	212-223	kazandırmak	_	_	_	_	_	_	_	_	_	_	_	_	_	_	_	
2-31	224-232	amacıyla	_	_	_	_	_	_	_	_	_	_	_	_	_	_	_	
2-32	233-252	uygulanabilmektedir	_	_	_	_	_	_	_	_	_	_	_	_	_	_	_	
2-33	252-253	.	_	_	_	_	_	_	_	_	_	_	_	_	_	_	_	

#Text=Dermal dolgu uygulaması sonrası gecikmiş nodül gelişimi hipersensitivite reaksiyonu, biyofilm gelişimi, yumuşak doku enfeksiyonu veya yabancı cisim granülomu gelişimine bağlı görülebilir ve kalıcı dolgu uygulamalarında geçici dolguya göre daha sık görülürler.
3-1	254-260	Dermal	_	_	_	_	_	_	_	_	_	_	_	_	_	_	_	
3-2	261-266	dolgu	_	_	_	_	_	_	_	_	_	_	_	_	_	_	_	
3-3	267-277	uygulaması	_	_	_	_	_	_	_	_	_	_	_	_	_	_	_	
3-4	278-285	sonrası	_	_	_	_	_	_	_	_	_	_	_	_	_	_	_	
3-5	286-294	gecikmiş	_	_	_	_	_	_	_	_	_	_	_	_	_	_	_	
3-6	295-300	nodül	_	_	_	_	_	_	_	_	_	_	_	_	_	_	_	
3-7	301-309	gelişimi	_	_	_	_	_	_	_	_	_	_	_	_	_	_	_	
3-8	310-326	hipersensitivite	_	_	_	_	_	_	_	_	_	_	_	_	_	_	_	
3-9	327-337	reaksiyonu	_	_	_	_	_	_	_	_	_	_	_	_	_	_	_	
3-10	337-338	,	_	_	_	_	_	_	_	_	_	_	_	_	_	_	_	
3-11	339-347	biyofilm	_	_	_	_	_	_	_	_	_	_	_	_	_	_	_	
3-12	348-356	gelişimi	_	_	_	_	_	_	_	_	_	_	_	_	_	_	_	
3-13	356-357	,	_	_	_	_	_	_	_	_	_	_	_	_	_	_	_	
3-14	358-365	yumuşak	_	_	_	_	_	_	_	_	_	_	_	_	_	_	_	
3-15	366-370	doku	_	_	_	_	_	_	_	_	_	_	_	_	_	_	_	
3-16	371-382	enfeksiyonu	_	_	_	_	_	_	_	_	_	_	_	_	_	_	_	
3-17	383-387	veya	_	_	_	_	_	_	_	_	_	_	_	_	_	_	_	
3-18	388-395	yabancı	_	_	_	_	_	_	_	_	_	_	_	_	_	_	_	
3-19	396-401	cisim	_	_	_	_	_	_	_	_	_	_	_	_	_	_	_	
3-20	402-411	granülomu	_	_	_	_	_	_	_	_	_	_	_	_	_	_	_	
3-21	412-422	gelişimine	_	_	_	_	_	_	_	_	_	_	_	_	_	_	_	
3-22	423-428	bağlı	_	_	_	_	_	_	_	_	_	_	_	_	_	_	_	
3-23	429-440	görülebilir	_	_	_	_	_	_	_	_	_	_	_	_	_	_	_	
3-24	441-443	ve	_	_	_	_	_	_	_	_	_	_	_	_	_	_	_	
3-25	444-450	kalıcı	_	_	_	_	_	_	_	_	_	_	_	_	_	_	_	
3-26	451-456	dolgu	_	_	_	_	_	_	_	_	_	_	_	_	_	_	_	
3-27	457-472	uygulamalarında	_	_	_	_	_	_	_	_	_	_	_	_	_	_	_	
3-28	473-479	geçici	_	_	_	_	_	_	_	_	_	_	_	_	_	_	_	
3-29	480-487	dolguya	_	_	_	_	_	_	_	_	_	_	_	_	_	_	_	
3-30	488-492	göre	_	_	_	_	_	_	_	_	_	_	_	_	_	_	_	
3-31	493-497	daha	_	_	_	_	_	_	_	_	_	_	_	_	_	_	_	
3-32	498-501	sık	_	_	_	_	_	_	_	_	_	_	_	_	_	_	_	
3-33	502-512	görülürler	_	_	_	_	_	_	_	_	_	_	_	_	_	_	_	
3-34	512-513	.	_	_	_	_	_	_	_	_	_	_	_	_	_	_	_	

#Text=Burada kalıcı dermal dolgu uygulaması sonrası fluktuasyon gösteren geç nodül gelişimi olan ve altı hafta doksisiklin ve siprofloksasin kullanımından sonra iki kez lezyon içine kortikosteroid uygulaması ve kolşisin tedavisiyle kontrol altına alınan bir olgu, dermal dolgu uygulamalarının komplikasyonlarına dikkat çekmek amacıyla sunulmaktadır.
4-1	514-520	Burada	_	_	_	_	_	_	_	_	_	_	_	_	_	_	_	
4-2	521-527	kalıcı	_	_	_	_	_	_	_	_	_	_	_	_	_	_	_	
4-3	528-534	dermal	_	_	_	_	_	_	_	_	_	_	_	_	_	_	_	
4-4	535-540	dolgu	_	_	_	_	_	_	_	_	_	_	_	_	_	_	_	
4-5	541-551	uygulaması	_	_	_	_	_	_	_	_	_	_	_	_	_	_	_	
4-6	552-559	sonrası	_	_	_	_	_	_	_	_	_	_	_	_	_	_	_	
4-7	560-571	fluktuasyon	_	_	_	_	_	_	_	_	_	_	_	_	_	_	_	
4-8	572-580	gösteren	_	_	_	_	_	_	_	_	_	_	_	_	_	_	_	
4-9	581-584	geç	_	_	_	_	_	_	_	_	_	_	_	_	_	_	_	
4-10	585-590	nodül	_	_	_	_	_	_	_	_	_	_	_	_	_	_	_	
4-11	591-599	gelişimi	_	_	_	_	_	_	_	_	_	_	_	_	_	_	_	
4-12	600-604	olan	_	_	_	_	_	_	_	_	_	_	_	_	_	_	_	
4-13	605-607	ve	_	_	_	_	_	_	_	_	_	_	_	_	_	_	_	
4-14	608-612	altı	_	_	_	_	_	_	_	_	_	_	_	_	_	_	_	
4-15	613-618	hafta	_	_	_	_	_	_	_	_	_	_	_	_	_	_	_	
4-16	619-630	doksisiklin	_	_	_	_	_	_	_	_	_	_	_	_	_	_	_	
4-17	631-633	ve	_	_	_	_	_	_	_	_	_	_	_	_	_	_	_	
4-18	634-648	siprofloksasin	_	_	_	_	_	_	_	_	_	_	_	_	_	_	_	
4-19	649-662	kullanımından	_	_	_	_	_	_	_	_	_	_	_	_	_	_	_	
4-20	663-668	sonra	_	_	_	_	_	_	_	_	_	_	_	_	_	_	_	
4-21	669-672	iki	_	_	_	_	_	_	_	_	_	_	_	_	_	_	_	
4-22	673-676	kez	_	_	_	_	_	_	_	_	_	_	_	_	_	_	_	
4-23	677-683	lezyon	_	_	_	_	_	_	_	_	_	_	_	_	_	_	_	
4-24	684-689	içine	_	_	_	_	_	_	_	_	_	_	_	_	_	_	_	
4-25	690-704	kortikosteroid	_	_	_	_	_	_	_	_	_	_	_	_	_	_	_	
4-26	705-715	uygulaması	_	_	_	_	_	_	_	_	_	_	_	_	_	_	_	
4-27	716-718	ve	_	_	_	_	_	_	_	_	_	_	_	_	_	_	_	
4-28	719-727	kolşisin	_	_	_	_	_	_	_	_	_	_	_	_	_	_	_	
4-29	728-739	tedavisiyle	_	_	_	_	_	_	_	_	_	_	_	_	_	_	_	
4-30	740-747	kontrol	_	_	_	_	_	_	_	_	_	_	_	_	_	_	_	
4-31	748-754	altına	_	_	_	_	_	_	_	_	_	_	_	_	_	_	_	
4-32	755-761	alınan	_	_	_	_	_	_	_	_	_	_	_	_	_	_	_	
4-33	762-765	bir	_	_	_	_	_	_	_	_	_	_	_	_	_	_	_	
4-34	766-770	olgu	_	_	_	_	_	_	_	_	_	_	_	_	_	_	_	
4-35	770-771	,	_	_	_	_	_	_	_	_	_	_	_	_	_	_	_	
4-36	772-778	dermal	_	_	_	_	_	_	_	_	_	_	_	_	_	_	_	
4-37	779-784	dolgu	_	_	_	_	_	_	_	_	_	_	_	_	_	_	_	
4-38	785-800	uygulamalarının	_	_	_	_	_	_	_	_	_	_	_	_	_	_	_	
4-39	801-819	komplikasyonlarına	_	_	_	_	_	_	_	_	_	_	_	_	_	_	_	
4-40	820-826	dikkat	_	_	_	_	_	_	_	_	_	_	_	_	_	_	_	
4-41	827-833	çekmek	_	_	_	_	_	_	_	_	_	_	_	_	_	_	_	
4-42	834-842	amacıyla	_	_	_	_	_	_	_	_	_	_	_	_	_	_	_	
4-43	843-856	sunulmaktadır	_	_	_	_	_	_	_	_	_	_	_	_	_	_	_	
4-44	856-857	.	_	_	_	_	_	_	_	_	_	_	_	_	_	_	_	

#Text=GİRİŞ
5-1	858-863	GİRİŞ	_	_	_	_	_	_	_	_	_	_	_	_	_	_	_	

#Text=Dolgular, yüzeyel kırışıkların görünümünü azaltmak, yüzün derin kırışıklık ve kıvrımlarını yumuşatmanın yanı sıra atrofik skar, dudak büyütme, lipoatrofi veya yaşlanmaya bağlı yağ kaybedilen bölgelere hacim kazandırmak amacıyla uygulanabilmektedir.
6-1	864-872	Dolgular	_	_	_	_	_	_	_	_	_	_	_	_	_	_	_	
6-2	872-873	,	_	_	_	_	_	_	_	_	_	_	_	_	_	_	_	
6-3	874-881	yüzeyel	_	_	_	_	_	_	_	_	_	_	_	_	_	_	_	
6-4	882-894	kırışıkların	_	_	_	_	_	_	_	_	_	_	_	_	_	_	_	
6-5	895-905	görünümünü	_	_	_	_	_	_	_	_	_	_	_	_	_	_	_	
6-6	906-914	azaltmak	_	_	_	_	_	_	_	_	_	_	_	_	_	_	_	
6-7	914-915	,	_	_	_	_	_	_	_	_	_	_	_	_	_	_	_	
6-8	916-921	yüzün	_	_	_	_	_	_	_	_	_	_	_	_	_	_	_	
6-9	922-927	derin	_	_	_	_	_	_	_	_	_	_	_	_	_	_	_	
6-10	928-938	kırışıklık	_	_	_	_	_	_	_	_	_	_	_	_	_	_	_	
6-11	939-941	ve	_	_	_	_	_	_	_	_	_	_	_	_	_	_	_	
6-12	942-954	kıvrımlarını	_	_	_	_	_	_	_	_	_	_	_	_	_	_	_	
6-13	955-967	yumuşatmanın	_	_	_	_	_	_	_	_	_	_	_	_	_	_	_	
6-14	968-972	yanı	_	_	_	_	_	_	_	_	_	_	_	_	_	_	_	
6-15	973-977	sıra	_	_	_	_	_	_	_	_	_	_	_	_	_	_	_	
6-16	978-985	atrofik	_	_	_	_	_	_	_	_	_	_	_	_	_	_	_	
6-17	986-990	skar	_	_	_	_	_	_	_	_	_	_	_	_	_	_	_	
6-18	990-991	,	_	_	_	_	_	_	_	_	_	_	_	_	_	_	_	
6-19	992-997	dudak	_	_	_	_	_	_	_	_	_	_	_	_	_	_	_	
6-20	998-1005	büyütme	_	_	_	_	_	_	_	_	_	_	_	_	_	_	_	
6-21	1005-1006	,	_	_	_	_	_	_	_	_	_	_	_	_	_	_	_	
6-22	1007-1017	lipoatrofi	_	_	_	_	_	_	_	_	_	_	_	_	_	_	_	
6-23	1018-1022	veya	_	_	_	_	_	_	_	_	_	_	_	_	_	_	_	
6-24	1023-1033	yaşlanmaya	_	_	_	_	_	_	_	_	_	_	_	_	_	_	_	
6-25	1034-1039	bağlı	_	_	_	_	_	_	_	_	_	_	_	_	_	_	_	
6-26	1040-1043	yağ	_	_	_	_	_	_	_	_	_	_	_	_	_	_	_	
6-27	1044-1054	kaybedilen	_	_	_	_	_	_	_	_	_	_	_	_	_	_	_	
6-28	1055-1064	bölgelere	_	_	_	_	_	_	_	_	_	_	_	_	_	_	_	
6-29	1065-1070	hacim	_	_	_	_	_	_	_	_	_	_	_	_	_	_	_	
6-30	1071-1082	kazandırmak	_	_	_	_	_	_	_	_	_	_	_	_	_	_	_	
6-31	1083-1091	amacıyla	_	_	_	_	_	_	_	_	_	_	_	_	_	_	_	
6-32	1092-1111	uygulanabilmektedir	_	_	_	_	_	_	_	_	_	_	_	_	_	_	_	
6-33	1111-1112	.	_	_	_	_	_	_	_	_	_	_	_	_	_	_	_	

#Text=Dolgu maddesi uygulaması sonrası görülebilecek komplikasyonlar; enjeksiyon yeri reaksiyonları, hipersensitivite reaksiyonları, enfeksiyon, nekroz gelişimi, papülnodül oluşumu, Tyndall etkisi, dolgunun yer değiştirmesi olarak sayılabilir.
7-1	1113-1118	Dolgu	_	_	_	_	_	_	_	_	_	_	_	_	_	_	_	
7-2	1119-1126	maddesi	_	_	_	_	_	_	_	_	_	_	_	_	_	_	_	
7-3	1127-1137	uygulaması	_	_	_	_	_	_	_	_	_	_	_	_	_	_	_	
7-4	1138-1145	sonrası	_	_	_	_	_	_	_	_	_	_	_	_	_	_	_	
7-5	1146-1159	görülebilecek	_	_	_	_	_	_	_	_	_	_	_	_	_	_	_	
7-6	1160-1175	komplikasyonlar	_	_	_	_	_	_	_	_	_	_	_	_	_	_	_	
7-7	1175-1176	;	_	_	_	_	_	_	_	_	_	_	_	_	_	_	_	
7-8	1177-1187	enjeksiyon	_	_	_	_	_	_	_	_	_	_	_	_	_	_	_	
7-9	1188-1192	yeri	_	_	_	_	_	_	_	_	_	_	_	_	_	_	_	
7-10	1193-1206	reaksiyonları	_	_	_	_	_	_	_	_	_	_	_	_	_	_	_	
7-11	1206-1207	,	_	_	_	_	_	_	_	_	_	_	_	_	_	_	_	
7-12	1208-1224	hipersensitivite	_	_	_	_	_	_	_	_	_	_	_	_	_	_	_	
7-13	1225-1238	reaksiyonları	_	_	_	_	_	_	_	_	_	_	_	_	_	_	_	
7-14	1238-1239	,	_	_	_	_	_	_	_	_	_	_	_	_	_	_	_	
7-15	1240-1250	enfeksiyon	_	_	_	_	_	_	_	_	_	_	_	_	_	_	_	
7-16	1250-1251	,	_	_	_	_	_	_	_	_	_	_	_	_	_	_	_	
7-17	1252-1258	nekroz	_	_	_	_	_	_	_	_	_	_	_	_	_	_	_	
7-18	1259-1267	gelişimi	_	_	_	_	_	_	_	_	_	_	_	_	_	_	_	
7-19	1267-1268	,	_	_	_	_	_	_	_	_	_	_	_	_	_	_	_	
7-20	1269-1279	papülnodül	_	_	_	_	_	_	_	_	_	_	_	_	_	_	_	
7-21	1280-1287	oluşumu	_	_	_	_	_	_	_	_	_	_	_	_	_	_	_	
7-22	1287-1288	,	_	_	_	_	_	_	_	_	_	_	_	_	_	_	_	
7-23	1289-1296	Tyndall	_	_	_	_	_	_	_	_	_	_	_	_	_	_	_	
7-24	1297-1303	etkisi	_	_	_	_	_	_	_	_	_	_	_	_	_	_	_	
7-25	1303-1304	,	_	_	_	_	_	_	_	_	_	_	_	_	_	_	_	
7-26	1305-1313	dolgunun	_	_	_	_	_	_	_	_	_	_	_	_	_	_	_	
7-27	1314-1317	yer	_	_	_	_	_	_	_	_	_	_	_	_	_	_	_	
7-28	1318-1330	değiştirmesi	_	_	_	_	_	_	_	_	_	_	_	_	_	_	_	
7-29	1331-1337	olarak	_	_	_	_	_	_	_	_	_	_	_	_	_	_	_	
7-30	1338-1349	sayılabilir	_	_	_	_	_	_	_	_	_	_	_	_	_	_	_	
7-31	1349-1350	.	_	_	_	_	_	_	_	_	_	_	_	_	_	_	_	

#Text=İÇERİK
8-1	1351-1357	İÇERİK	_	_	_	_	_	_	_	_	_	_	_	_	_	_	_	

#Text=Elli bir yaşında kadın hasta yüzünde şişlikler nedeniyle başvurdu.
9-1	1358-1362	Elli	_	_	_	_	_	_	_	_	_	_	_	_	_	_	_	
9-2	1363-1366	bir	_	_	_	_	_	_	_	_	_	_	_	_	_	_	_	
9-3	1367-1374	yaşında	_	_	_	_	_	_	_	_	_	_	_	_	_	_	_	
9-4	1375-1380	kadın	_	_	_	_	_	_	_	_	_	_	_	_	_	_	_	
9-5	1381-1386	hasta	_	_	_	_	_	_	_	_	_	_	_	_	_	_	_	
9-6	1387-1394	yüzünde	_	_	_	_	_	_	_	_	_	_	_	_	_	_	_	
9-7	1395-1404	şişlikler	_	_	_	_	_	_	_	_	_	_	_	_	_	_	_	
9-8	1405-1414	nedeniyle	_	_	_	_	_	_	_	_	_	_	_	_	_	_	_	
9-9	1415-1423	başvurdu	_	_	_	_	_	_	_	_	_	_	_	_	_	_	_	
9-10	1423-1424	.	_	_	_	_	_	_	_	_	_	_	_	_	_	_	_	

#Text=Öyküsünden yaklaşık beş ay önce nazolabial oluklara dış merkezde dolgu enjeksiyonu yapıldıktan yaklaşık bir buçuk ay sonra yüzünde kızarıklık, şişlik, iltihaplanma ve kanama geliştiği öğrenildi.
10-1	1425-1435	Öyküsünden	_	_	_	_	_	_	_	_	_	_	_	_	_	_	_	
10-2	1436-1444	yaklaşık	_	_	_	_	_	_	_	_	_	_	_	_	_	_	_	
10-3	1445-1448	beş	_	_	_	_	_	_	_	_	_	_	_	_	_	_	_	
10-4	1449-1451	ay	_	_	_	_	_	_	_	_	_	_	_	_	_	_	_	
10-5	1452-1456	önce	_	_	_	_	_	_	_	_	_	_	_	_	_	_	_	
10-6	1457-1467	nazolabial	_	_	_	_	_	_	_	_	_	_	_	_	_	_	_	
10-7	1468-1476	oluklara	_	_	_	_	_	_	_	_	_	_	_	_	_	_	_	
10-8	1477-1480	dış	_	_	_	_	_	_	_	_	_	_	_	_	_	_	_	
10-9	1481-1489	merkezde	_	_	_	_	_	_	_	_	_	_	_	_	_	_	_	
10-10	1490-1495	dolgu	_	_	_	_	_	_	_	_	_	_	_	_	_	_	_	
10-11	1496-1507	enjeksiyonu	_	_	_	_	_	_	_	_	_	_	_	_	_	_	_	
10-12	1508-1519	yapıldıktan	_	_	_	_	_	_	_	_	_	_	_	_	_	_	_	
10-13	1520-1528	yaklaşık	_	_	_	_	_	_	_	_	_	_	_	_	_	_	_	
10-14	1529-1532	bir	_	_	_	_	_	_	_	_	_	_	_	_	_	_	_	
10-15	1533-1538	buçuk	_	_	_	_	_	_	_	_	_	_	_	_	_	_	_	
10-16	1539-1541	ay	_	_	_	_	_	_	_	_	_	_	_	_	_	_	_	
10-17	1542-1547	sonra	_	_	_	_	_	_	_	_	_	_	_	_	_	_	_	
10-18	1548-1555	yüzünde	_	_	_	_	_	_	_	_	_	_	_	_	_	_	_	
10-19	1556-1566	kızarıklık	_	_	_	_	_	_	_	_	_	_	_	_	_	_	_	
10-20	1566-1567	,	_	_	_	_	_	_	_	_	_	_	_	_	_	_	_	
10-21	1568-1574	şişlik	_	_	_	_	_	_	_	_	_	_	_	_	_	_	_	
10-22	1574-1575	,	_	_	_	_	_	_	_	_	_	_	_	_	_	_	_	
10-23	1576-1588	iltihaplanma	_	_	_	_	_	_	_	_	_	_	_	_	_	_	_	
10-24	1589-1591	ve	_	_	_	_	_	_	_	_	_	_	_	_	_	_	_	
10-25	1592-1598	kanama	_	_	_	_	_	_	_	_	_	_	_	_	_	_	_	
10-26	1599-1608	geliştiği	_	_	_	_	_	_	_	_	_	_	_	_	_	_	_	
10-27	1609-1618	öğrenildi	_	_	_	_	_	_	_	_	_	_	_	_	_	_	_	
10-28	1618-1619	.	_	_	_	_	_	_	_	_	_	_	_	_	_	_	_	

#Text=Dolgu enjeksiyonundan yaklaşık beş ay sonra tarafımıza başvuran hastanın özgeçmiş sorgusunda hipertansiyon ve gastrit öyküsü vardı.
11-1	1620-1625	Dolgu	_	_	_	_	_	_	_	_	_	_	_	_	_	_	_	
11-2	1626-1641	enjeksiyonundan	_	_	_	_	_	_	_	_	_	_	_	_	_	_	_	
11-3	1642-1650	yaklaşık	_	_	_	_	_	_	_	_	_	_	_	_	_	_	_	
11-4	1651-1654	beş	_	_	_	_	_	_	_	_	_	_	_	_	_	_	_	
11-5	1655-1657	ay	_	_	_	_	_	_	_	_	_	_	_	_	_	_	_	
11-6	1658-1663	sonra	_	_	_	_	_	_	_	_	_	_	_	_	_	_	_	
11-7	1664-1674	tarafımıza	_	_	_	_	_	_	_	_	_	_	_	_	_	_	_	
11-8	1675-1683	başvuran	_	_	_	_	_	_	_	_	_	_	_	_	_	_	_	
11-9	1684-1692	hastanın	_	_	_	_	_	_	_	_	_	_	_	_	_	_	_	
11-10	1693-1701	özgeçmiş	_	_	_	_	_	_	_	_	_	_	_	_	_	_	_	
11-11	1702-1712	sorgusunda	_	_	_	_	_	_	_	_	_	_	_	_	_	_	_	
11-12	1713-1726	hipertansiyon	_	_	_	_	_	_	_	_	_	_	_	_	_	_	_	
11-13	1727-1729	ve	_	_	_	_	_	_	_	_	_	_	_	_	_	_	_	
11-14	1730-1737	gastrit	_	_	_	_	_	_	_	_	_	_	_	_	_	_	_	
11-15	1738-1744	öyküsü	_	_	_	_	_	_	_	_	_	_	_	_	_	_	_	
11-16	1745-1750	vardı	_	_	_	_	_	_	_	_	_	_	_	_	_	_	_	
11-17	1750-1751	.	_	_	_	_	_	_	_	_	_	_	_	_	_	_	_	

#Text=Soy geçmişinde özellik yoktu.
12-1	1752-1755	Soy	_	*[1]	_	*[16]	_	_	_	_	_	_	_	_	_	_	_	
12-2	1756-1766	geçmişinde	_	*[1]	_	*[16]	_	_	_	_	_	_	_	_	_	_	_	
12-3	1767-1774	özellik	_	*[1]	*	_	_	_	_	_	_	_	_	_	_	_	_	
12-4	1775-1780	yoktu	_	_	_	_	_	_	*	partOfEvent	12-3	isAnotherFocus	12-1[16]	NegLexMarker	partOfScope	12-1[1]	*	
12-5	1780-1781	.	_	_	_	_	_	_	_	_	_	_	_	_	_	_	_	

#Text=Dermatolojik bakısında her iki nazolabial olukta eritemli, palpasyonla hassas, ısı artışının izlendiği nodüller saptandı.
13-1	1782-1794	Dermatolojik	_	_	_	_	_	_	_	_	_	_	_	_	_	_	_	
13-2	1795-1804	bakısında	_	_	_	_	_	_	_	_	_	_	_	_	_	_	_	
13-3	1805-1808	her	_	_	_	_	_	_	_	_	_	_	_	_	_	_	_	
13-4	1809-1812	iki	_	_	_	_	_	_	_	_	_	_	_	_	_	_	_	
13-5	1813-1823	nazolabial	_	_	_	_	_	_	_	_	_	_	_	_	_	_	_	
13-6	1824-1830	olukta	_	_	_	_	_	_	_	_	_	_	_	_	_	_	_	
13-7	1831-1839	eritemli	_	_	_	_	_	_	_	_	_	_	_	_	_	_	_	
13-8	1839-1840	,	_	_	_	_	_	_	_	_	_	_	_	_	_	_	_	
13-9	1841-1852	palpasyonla	_	_	_	_	_	_	_	_	_	_	_	_	_	_	_	
13-10	1853-1859	hassas	_	_	_	_	_	_	_	_	_	_	_	_	_	_	_	
13-11	1859-1860	,	_	_	_	_	_	_	_	_	_	_	_	_	_	_	_	
13-12	1861-1864	ısı	_	_	_	_	_	_	_	_	_	_	_	_	_	_	_	
13-13	1865-1874	artışının	_	_	_	_	_	_	_	_	_	_	_	_	_	_	_	
13-14	1875-1884	izlendiği	_	_	_	_	_	_	_	_	_	_	_	_	_	_	_	
13-15	1885-1893	nodüller	_	_	_	_	_	_	_	_	_	_	_	_	_	_	_	
13-16	1894-1902	saptandı	_	_	_	_	_	_	_	_	_	_	_	_	_	_	_	
13-17	1902-1903	.	_	_	_	_	_	_	_	_	_	_	_	_	_	_	_	

#Text=Rutin laboratuvar tetkikleri, C reaktif proteinin (CRP) 0.95 mg/dl olması dışında normaldi.
14-1	1904-1909	Rutin	_	_	_	_	_	_	_	_	_	_	_	_	_	_	_	
14-2	1910-1921	laboratuvar	_	_	_	_	_	_	_	_	_	_	_	_	_	_	_	
14-3	1922-1932	tetkikleri	_	_	_	_	_	_	_	_	_	_	_	_	_	_	_	
14-4	1932-1933	,	_	_	_	_	_	_	_	_	_	_	_	_	_	_	_	
14-5	1934-1935	C	_	_	_	_	_	_	_	_	_	_	_	_	_	_	_	
14-6	1936-1943	reaktif	_	_	_	_	_	_	_	_	_	_	_	_	_	_	_	
14-7	1944-1953	proteinin	_	_	_	_	_	_	_	_	_	_	_	_	_	_	_	
14-8	1954-1955	(	_	_	_	_	_	_	_	_	_	_	_	_	_	_	_	
14-9	1955-1958	CRP	_	_	_	_	_	_	_	_	_	_	_	_	_	_	_	
14-10	1958-1959	)	_	_	_	_	_	_	_	_	_	_	_	_	_	_	_	
14-11	1960-1964	0.95	_	_	_	_	_	_	_	_	_	_	_	_	_	_	_	
14-12	1965-1967	mg	_	_	_	_	_	_	_	_	_	_	_	_	_	_	_	
14-13	1967-1968	/	_	_	_	_	_	_	_	_	_	_	_	_	_	_	_	
14-14	1968-1970	dl	_	_	_	_	_	_	_	_	_	_	_	_	_	_	_	
14-15	1971-1977	olması	_	_	_	_	_	_	_	_	_	_	_	_	_	_	_	
14-16	1978-1985	dışında	_	_	_	_	*	_	_	_	_	_	_	_	_	_	_	
14-17	1986-1994	normaldi	_	_	_	_	_	_	_	_	_	_	_	_	_	_	_	
14-18	1994-1995	.	_	_	_	_	_	_	_	_	_	_	_	_	_	_	_	

#Text=Lezyonlu alandan alınan bakteriyolojik doku, sürüntü kültüründe ve mikobakteriyolojik doku kültüründe üreme olmadı.
15-1	1996-2004	Lezyonlu	_	*[2]	_	*[17]	"de" eki ellipsis yapmış sanki, ek etiketlemek için geçerli bir neden daha olabilir mi?[26]	_	_	_	_	_	_	_	_	_	_	
15-2	2005-2012	alandan	_	*[2]	_	*[17]	"de" eki ellipsis yapmış sanki, ek etiketlemek için geçerli bir neden daha olabilir mi?[26]	_	_	_	_	_	_	_	_	_	_	
15-3	2013-2019	alınan	_	*[2]	_	*[17]	"de" eki ellipsis yapmış sanki, ek etiketlemek için geçerli bir neden daha olabilir mi?[26]	_	_	_	_	_	_	_	_	_	_	
15-4	2020-2034	bakteriyolojik	_	*[2]	_	*[17]	"de" eki ellipsis yapmış sanki, ek etiketlemek için geçerli bir neden daha olabilir mi?[26]	_	_	_	_	_	_	_	_	_	_	
15-5	2035-2039	doku	_	*[2]	_	*[17]	"de" eki ellipsis yapmış sanki, ek etiketlemek için geçerli bir neden daha olabilir mi?[26]	_	_	_	_	_	_	_	_	_	_	
15-6	2039-2040	,	_	*[2]	_	_	_	_	_	_	_	_	_	_	_	_	_	
15-7	2041-2048	sürüntü	_	*[2]	_	*[18]	_	_	_	_	_	_	_	_	_	_	_	
15-8	2049-2059	kültüründe	_	*[2]	_	*[18]	_	_	_	_	_	_	_	_	_	_	_	
15-9	2060-2062	ve	*	*[2]	_	_	_	_	_	_	_	_	_	_	_	_	_	
15-10	2063-2081	mikobakteriyolojik	_	*[2]	_	_	_	coordination particle[25]	15-9	_[25]	*	_[25]	*	*[25]	_[25]	*	*[25]	
15-11	2082-2086	doku	_	*[2]	_	_	_	coordination particle[25]	15-9	_[25]	*	_[25]	*	*[25]	_[25]	*	*[25]	
15-12	2087-2097	kültüründe	_	*[2]	_	_	_	coordination particle[25]	15-9	_[25]	*	_[25]	*	*[25]	_[25]	*	*[25]	
15-13	2098-2103	üreme	_	*[2]	*	_	_	_	_	_	_	_	_	_	_	_	_	
15-14	2104-2110	olmadı	_	*[2]	_	_	Üreme yoktu denilebiliyor. O zaman yardımcı fiil değil mi?	_	*	partOfEvent	15-13	isAnotherFocus;isAnotherFocus	15-1[17];15-7[18]	NegMorMarker	partOfScope	15-1[2]	*	
15-15	2110-2111	.	_	_	_	_	_	_	_	_	_	_	_	_	_	_	_	

#Text=Sağmalar alandaki lezyondan alınan biyopsi materyalinin histopatolojik incelemesinde subkutan yağ doku seviyesinde nekroz bulguları yanı sıra dermiste perivasküler ve interstisyel polimorf nüveli lökositleri de içeren lenfosit ağırlıklı mikst yangısal hücre infiltrasyonu görüldü.
16-1	2112-2120	Sağmalar	_	_	_	_	_	_	_	_	_	_	_	_	_	_	_	
16-2	2121-2129	alandaki	_	_	_	_	_	_	_	_	_	_	_	_	_	_	_	
16-3	2130-2139	lezyondan	_	_	_	_	_	_	_	_	_	_	_	_	_	_	_	
16-4	2140-2146	alınan	_	_	_	_	_	_	_	_	_	_	_	_	_	_	_	
16-5	2147-2154	biyopsi	_	_	_	_	_	_	_	_	_	_	_	_	_	_	_	
16-6	2155-2167	materyalinin	_	_	_	_	_	_	_	_	_	_	_	_	_	_	_	
16-7	2168-2182	histopatolojik	_	_	_	_	_	_	_	_	_	_	_	_	_	_	_	
16-8	2183-2196	incelemesinde	_	_	_	_	_	_	_	_	_	_	_	_	_	_	_	
16-9	2197-2205	subkutan	_	_	_	_	_	_	_	_	_	_	_	_	_	_	_	
16-10	2206-2209	yağ	_	_	_	_	_	_	_	_	_	_	_	_	_	_	_	
16-11	2210-2214	doku	_	_	_	_	_	_	_	_	_	_	_	_	_	_	_	
16-12	2215-2226	seviyesinde	_	_	_	_	_	_	_	_	_	_	_	_	_	_	_	
16-13	2227-2233	nekroz	_	_	_	_	_	_	_	_	_	_	_	_	_	_	_	
16-14	2234-2243	bulguları	_	_	_	_	_	_	_	_	_	_	_	_	_	_	_	
16-15	2244-2248	yanı	_	_	_	_	_	_	_	_	_	_	_	_	_	_	_	
16-16	2249-2253	sıra	_	_	_	_	_	_	_	_	_	_	_	_	_	_	_	
16-17	2254-2262	dermiste	_	_	_	_	_	_	_	_	_	_	_	_	_	_	_	
16-18	2263-2275	perivasküler	_	_	_	_	_	_	_	_	_	_	_	_	_	_	_	
16-19	2276-2278	ve	_	_	_	_	_	_	_	_	_	_	_	_	_	_	_	
16-20	2279-2291	interstisyel	_	_	_	_	_	_	_	_	_	_	_	_	_	_	_	
16-21	2292-2300	polimorf	_	_	_	_	_	_	_	_	_	_	_	_	_	_	_	
16-22	2301-2307	nüveli	_	_	_	_	_	_	_	_	_	_	_	_	_	_	_	
16-23	2308-2319	lökositleri	_	_	_	_	_	_	_	_	_	_	_	_	_	_	_	
16-24	2320-2322	de	_	_	_	_	_	_	_	_	_	_	_	_	_	_	_	
16-25	2323-2329	içeren	_	_	_	_	_	_	_	_	_	_	_	_	_	_	_	
16-26	2330-2338	lenfosit	_	_	_	_	_	_	_	_	_	_	_	_	_	_	_	
16-27	2339-2348	ağırlıklı	_	_	_	_	_	_	_	_	_	_	_	_	_	_	_	
16-28	2349-2354	mikst	_	_	_	_	_	_	_	_	_	_	_	_	_	_	_	
16-29	2355-2363	yangısal	_	_	_	_	_	_	_	_	_	_	_	_	_	_	_	
16-30	2364-2369	hücre	_	_	_	_	_	_	_	_	_	_	_	_	_	_	_	
16-31	2370-2383	infiltrasyonu	_	_	_	_	_	_	_	_	_	_	_	_	_	_	_	
16-32	2384-2391	görüldü	_	_	_	_	_	_	_	_	_	_	_	_	_	_	_	
16-33	2391-2392	.	_	_	_	_	_	_	_	_	_	_	_	_	_	_	_	

#Text=Metronidazol ve ornidazol alerjisi tarif eden hastaya ilk üç gün 200 mg/gün sonra 100 mg/gün doksisiklin ve sipro floksasin 500mg tablet 2x1 başlandı.
17-1	2393-2405	Metronidazol	_	_	_	_	_	_	_	_	_	_	_	_	_	_	_	
17-2	2406-2408	ve	_	_	_	_	_	_	_	_	_	_	_	_	_	_	_	
17-3	2409-2418	ornidazol	_	_	_	_	_	_	_	_	_	_	_	_	_	_	_	
17-4	2419-2427	alerjisi	_	_	_	_	_	_	_	_	_	_	_	_	_	_	_	
17-5	2428-2433	tarif	_	_	_	_	_	_	_	_	_	_	_	_	_	_	_	
17-6	2434-2438	eden	_	_	_	_	_	_	_	_	_	_	_	_	_	_	_	
17-7	2439-2446	hastaya	_	_	_	_	_	_	_	_	_	_	_	_	_	_	_	
17-8	2447-2450	ilk	_	_	_	_	_	_	_	_	_	_	_	_	_	_	_	
17-9	2451-2453	üç	_	_	_	_	_	_	_	_	_	_	_	_	_	_	_	
17-10	2454-2457	gün	_	_	_	_	_	_	_	_	_	_	_	_	_	_	_	
17-11	2458-2461	200	_	_	_	_	_	_	_	_	_	_	_	_	_	_	_	
17-12	2462-2464	mg	_	_	_	_	_	_	_	_	_	_	_	_	_	_	_	
17-13	2464-2465	/	_	_	_	_	_	_	_	_	_	_	_	_	_	_	_	
17-14	2465-2468	gün	_	_	_	_	_	_	_	_	_	_	_	_	_	_	_	
17-15	2469-2474	sonra	_	_	_	_	_	_	_	_	_	_	_	_	_	_	_	
17-16	2475-2478	100	_	_	_	_	_	_	_	_	_	_	_	_	_	_	_	
17-17	2479-2481	mg	_	_	_	_	_	_	_	_	_	_	_	_	_	_	_	
17-18	2481-2482	/	_	_	_	_	_	_	_	_	_	_	_	_	_	_	_	
17-19	2482-2485	gün	_	_	_	_	_	_	_	_	_	_	_	_	_	_	_	
17-20	2486-2497	doksisiklin	_	_	_	_	_	_	_	_	_	_	_	_	_	_	_	
17-21	2498-2500	ve	_	_	_	_	_	_	_	_	_	_	_	_	_	_	_	
17-22	2501-2506	sipro	_	_	_	_	_	_	_	_	_	_	_	_	_	_	_	
17-23	2507-2516	floksasin	_	_	_	_	_	_	_	_	_	_	_	_	_	_	_	
17-24	2517-2522	500mg	_	_	_	_	_	_	_	_	_	_	_	_	_	_	_	
17-25	2523-2529	tablet	_	_	_	_	_	_	_	_	_	_	_	_	_	_	_	
17-26	2530-2533	2x1	_	_	_	_	_	_	_	_	_	_	_	_	_	_	_	
17-27	2534-2542	başlandı	_	_	_	_	_	_	_	_	_	_	_	_	_	_	_	
17-28	2542-2543	.	_	_	_	_	_	_	_	_	_	_	_	_	_	_	_	

#Text=Antibiyoterapinin altıncı haftasında lezyonların akıntısı ve eriteminin gerilemesi üzerine lezyon içine altı hafta arayla iki kez 4 mg/ml (1/9 oranında) kortikosteroid tedavisi uygulandı.
18-1	2544-2561	Antibiyoterapinin	_	_	_	_	_	_	_	_	_	_	_	_	_	_	_	
18-2	2562-2569	altıncı	_	_	_	_	_	_	_	_	_	_	_	_	_	_	_	
18-3	2570-2580	haftasında	_	_	_	_	_	_	_	_	_	_	_	_	_	_	_	
18-4	2581-2592	lezyonların	_	_	_	_	_	_	_	_	_	_	_	_	_	_	_	
18-5	2593-2601	akıntısı	_	_	_	_	_	_	_	_	_	_	_	_	_	_	_	
18-6	2602-2604	ve	_	_	_	_	_	_	_	_	_	_	_	_	_	_	_	
18-7	2605-2615	eriteminin	_	_	_	_	_	_	_	_	_	_	_	_	_	_	_	
18-8	2616-2626	gerilemesi	_	_	_	_	_	_	_	_	_	_	_	_	_	_	_	
18-9	2627-2634	üzerine	_	_	_	_	_	_	_	_	_	_	_	_	_	_	_	
18-10	2635-2641	lezyon	_	_	_	_	_	_	_	_	_	_	_	_	_	_	_	
18-11	2642-2647	içine	_	_	_	_	_	_	_	_	_	_	_	_	_	_	_	
18-12	2648-2652	altı	_	_	_	_	_	_	_	_	_	_	_	_	_	_	_	
18-13	2653-2658	hafta	_	_	_	_	_	_	_	_	_	_	_	_	_	_	_	
18-14	2659-2665	arayla	_	_	_	_	_	_	_	_	_	_	_	_	_	_	_	
18-15	2666-2669	iki	_	_	_	_	_	_	_	_	_	_	_	_	_	_	_	
18-16	2670-2673	kez	_	_	_	_	_	_	_	_	_	_	_	_	_	_	_	
18-17	2674-2675	4	_	_	_	_	_	_	_	_	_	_	_	_	_	_	_	
18-18	2676-2678	mg	_	_	_	_	_	_	_	_	_	_	_	_	_	_	_	
18-19	2678-2679	/	_	_	_	_	_	_	_	_	_	_	_	_	_	_	_	
18-20	2679-2681	ml	_	_	_	_	_	_	_	_	_	_	_	_	_	_	_	
18-21	2682-2683	(	_	_	_	_	_	_	_	_	_	_	_	_	_	_	_	
18-22	2683-2684	1	_	_	_	_	_	_	_	_	_	_	_	_	_	_	_	
18-23	2684-2685	/	_	_	_	_	_	_	_	_	_	_	_	_	_	_	_	
18-24	2685-2686	9	_	_	_	_	_	_	_	_	_	_	_	_	_	_	_	
18-25	2687-2695	oranında	_	_	_	_	_	_	_	_	_	_	_	_	_	_	_	
18-26	2695-2696	)	_	_	_	_	_	_	_	_	_	_	_	_	_	_	_	
18-27	2697-2711	kortikosteroid	_	_	_	_	_	_	_	_	_	_	_	_	_	_	_	
18-28	2712-2720	tedavisi	_	_	_	_	_	_	_	_	_	_	_	_	_	_	_	
18-29	2721-2730	uygulandı	_	_	_	_	_	_	_	_	_	_	_	_	_	_	_	
18-30	2730-2731	.	_	_	_	_	_	_	_	_	_	_	_	_	_	_	_	

#Text=Tedaviye kolşisin tablet 0.5 mg 2x1 eklendi.
19-1	2732-2740	Tedaviye	_	_	_	_	_	_	_	_	_	_	_	_	_	_	_	
19-2	2741-2749	kolşisin	_	_	_	_	_	_	_	_	_	_	_	_	_	_	_	
19-3	2750-2756	tablet	_	_	_	_	_	_	_	_	_	_	_	_	_	_	_	
19-4	2757-2760	0.5	_	_	_	_	_	_	_	_	_	_	_	_	_	_	_	
19-5	2761-2763	mg	_	_	_	_	_	_	_	_	_	_	_	_	_	_	_	
19-6	2764-2767	2x1	_	_	_	_	_	_	_	_	_	_	_	_	_	_	_	
19-7	2768-2775	eklendi	_	_	_	_	_	_	_	_	_	_	_	_	_	_	_	
19-8	2775-2776	.	_	_	_	_	_	_	_	_	_	_	_	_	_	_	_	

#Text=Takipte CRP değeri 0.12 mg/dl’ye geriledi.
20-1	2777-2784	Takipte	_	_	_	_	_	_	_	_	_	_	_	_	_	_	_	
20-2	2785-2788	CRP	_	_	_	_	_	_	_	_	_	_	_	_	_	_	_	
20-3	2789-2795	değeri	_	_	_	_	_	_	_	_	_	_	_	_	_	_	_	
20-4	2796-2800	0.12	_	_	_	_	_	_	_	_	_	_	_	_	_	_	_	
20-5	2801-2803	mg	_	_	_	_	_	_	_	_	_	_	_	_	_	_	_	
20-6	2803-2804	/	_	_	_	_	_	_	_	_	_	_	_	_	_	_	_	
20-7	2804-2806	dl	_	_	_	_	_	_	_	_	_	_	_	_	_	_	_	
20-8	2806-2807	’	_	_	_	_	_	_	_	_	_	_	_	_	_	_	_	
20-9	2807-2809	ye	_	_	_	_	_	_	_	_	_	_	_	_	_	_	_	
20-10	2810-2818	geriledi	_	_	_	_	_	_	_	_	_	_	_	_	_	_	_	
20-11	2818-2819	.	_	_	_	_	_	_	_	_	_	_	_	_	_	_	_	

#Text=Kolşisin tedavisinin dokuzuncu ay takibinde lezyonlarda tam düzelme gözlendi.
21-1	2820-2828	Kolşisin	_	_	_	_	_	_	_	_	_	_	_	_	_	_	_	
21-2	2829-2840	tedavisinin	_	_	_	_	_	_	_	_	_	_	_	_	_	_	_	
21-3	2841-2850	dokuzuncu	_	_	_	_	_	_	_	_	_	_	_	_	_	_	_	
21-4	2851-2853	ay	_	_	_	_	_	_	_	_	_	_	_	_	_	_	_	
21-5	2854-2863	takibinde	_	_	_	_	_	_	_	_	_	_	_	_	_	_	_	
21-6	2864-2875	lezyonlarda	_	_	_	_	_	_	_	_	_	_	_	_	_	_	_	
21-7	2876-2879	tam	_	_	_	_	_	_	_	_	_	_	_	_	_	_	_	
21-8	2880-2887	düzelme	_	_	_	_	_	_	_	_	_	_	_	_	_	_	_	
21-9	2888-2896	gözlendi	_	_	_	_	_	_	_	_	_	_	_	_	_	_	_	
21-10	2896-2897	.	_	_	_	_	_	_	_	_	_	_	_	_	_	_	_	

#Text=Hastaya dış merkezde uygulanan dolgu ürününün %2 katyon poliamid ve %98 oranında %0,9 sodyum klorürden oluşan serum fizyolojik içerdiği belirtilmektedir.
22-1	2898-2905	Hastaya	_	_	_	_	_	_	_	_	_	_	_	_	_	_	_	
22-2	2906-2909	dış	_	_	_	_	_	_	_	_	_	_	_	_	_	_	_	
22-3	2910-2918	merkezde	_	_	_	_	_	_	_	_	_	_	_	_	_	_	_	
22-4	2919-2928	uygulanan	_	_	_	_	_	_	_	_	_	_	_	_	_	_	_	
22-5	2929-2934	dolgu	_	_	_	_	_	_	_	_	_	_	_	_	_	_	_	
22-6	2935-2943	ürününün	_	_	_	_	_	_	_	_	_	_	_	_	_	_	_	
22-7	2944-2945	%	_	_	_	_	_	_	_	_	_	_	_	_	_	_	_	
22-8	2945-2946	2	_	_	_	_	_	_	_	_	_	_	_	_	_	_	_	
22-9	2947-2953	katyon	_	_	_	_	_	_	_	_	_	_	_	_	_	_	_	
22-10	2954-2962	poliamid	_	_	_	_	_	_	_	_	_	_	_	_	_	_	_	
22-11	2963-2965	ve	_	_	_	_	_	_	_	_	_	_	_	_	_	_	_	
22-12	2966-2967	%	_	_	_	_	_	_	_	_	_	_	_	_	_	_	_	
22-13	2967-2969	98	_	_	_	_	_	_	_	_	_	_	_	_	_	_	_	
22-14	2970-2978	oranında	_	_	_	_	_	_	_	_	_	_	_	_	_	_	_	
22-15	2979-2980	%	_	_	_	_	_	_	_	_	_	_	_	_	_	_	_	
22-16	2980-2983	0,9	_	_	_	_	_	_	_	_	_	_	_	_	_	_	_	
22-17	2984-2990	sodyum	_	_	_	_	_	_	_	_	_	_	_	_	_	_	_	
22-18	2991-3000	klorürden	_	_	_	_	_	_	_	_	_	_	_	_	_	_	_	
22-19	3001-3007	oluşan	_	_	_	_	_	_	_	_	_	_	_	_	_	_	_	
22-20	3008-3013	serum	_	_	_	_	_	_	_	_	_	_	_	_	_	_	_	
22-21	3014-3024	fizyolojik	_	_	_	_	_	_	_	_	_	_	_	_	_	_	_	
22-22	3025-3033	içerdiği	_	_	_	_	_	_	_	_	_	_	_	_	_	_	_	
22-23	3034-3050	belirtilmektedir	_	_	_	_	_	_	_	_	_	_	_	_	_	_	_	
22-24	3050-3051	.	_	_	_	_	_	_	_	_	_	_	_	_	_	_	_	

#Text=2016 yılında Kore Akademik Estetik ve Rekonstrüktif Meme Cerrahisi Topluluğu Kore Gıda ve İlaç Dairesi başvuru evrakında aynı ürünün içeriğinin %2 poliakrilamid (akrilamid-ko-N,N’metilen-bisakrilamid) ve %98 oranında %0,9 sodyum klorür solüsyonundan oluştuğunu belirtmiştir.
23-1	3052-3056	2016	_	_	_	_	_	_	_	_	_	_	_	_	_	_	_	
23-2	3057-3064	yılında	_	_	_	_	_	_	_	_	_	_	_	_	_	_	_	
23-3	3065-3069	Kore	_	_	_	_	_	_	_	_	_	_	_	_	_	_	_	
23-4	3070-3078	Akademik	_	_	_	_	_	_	_	_	_	_	_	_	_	_	_	
23-5	3079-3086	Estetik	_	_	_	_	_	_	_	_	_	_	_	_	_	_	_	
23-6	3087-3089	ve	_	_	_	_	_	_	_	_	_	_	_	_	_	_	_	
23-7	3090-3103	Rekonstrüktif	_	_	_	_	_	_	_	_	_	_	_	_	_	_	_	
23-8	3104-3108	Meme	_	_	_	_	_	_	_	_	_	_	_	_	_	_	_	
23-9	3109-3118	Cerrahisi	_	_	_	_	_	_	_	_	_	_	_	_	_	_	_	
23-10	3119-3128	Topluluğu	_	_	_	_	_	_	_	_	_	_	_	_	_	_	_	
23-11	3129-3133	Kore	_	_	_	_	_	_	_	_	_	_	_	_	_	_	_	
23-12	3134-3138	Gıda	_	_	_	_	_	_	_	_	_	_	_	_	_	_	_	
23-13	3139-3141	ve	_	_	_	_	_	_	_	_	_	_	_	_	_	_	_	
23-14	3142-3146	İlaç	_	_	_	_	_	_	_	_	_	_	_	_	_	_	_	
23-15	3147-3154	Dairesi	_	_	_	_	_	_	_	_	_	_	_	_	_	_	_	
23-16	3155-3162	başvuru	_	_	_	_	_	_	_	_	_	_	_	_	_	_	_	
23-17	3163-3172	evrakında	_	_	_	_	_	_	_	_	_	_	_	_	_	_	_	
23-18	3173-3177	aynı	_	_	_	_	_	_	_	_	_	_	_	_	_	_	_	
23-19	3178-3184	ürünün	_	_	_	_	_	_	_	_	_	_	_	_	_	_	_	
23-20	3185-3195	içeriğinin	_	_	_	_	_	_	_	_	_	_	_	_	_	_	_	
23-21	3196-3197	%	_	_	_	_	_	_	_	_	_	_	_	_	_	_	_	
23-22	3197-3198	2	_	_	_	_	_	_	_	_	_	_	_	_	_	_	_	
23-23	3199-3212	poliakrilamid	_	_	_	_	_	_	_	_	_	_	_	_	_	_	_	
23-24	3213-3214	(	_	_	_	_	_	_	_	_	_	_	_	_	_	_	_	
23-25	3214-3228	akrilamid-ko-N	_	_	_	_	_	_	_	_	_	_	_	_	_	_	_	
23-26	3228-3229	,	_	_	_	_	_	_	_	_	_	_	_	_	_	_	_	
23-27	3229-3230	N	_	_	_	_	_	_	_	_	_	_	_	_	_	_	_	
23-28	3230-3231	’	_	_	_	_	_	_	_	_	_	_	_	_	_	_	_	
23-29	3231-3251	metilen-bisakrilamid	_	_	_	_	_	_	_	_	_	_	_	_	_	_	_	
23-30	3251-3252	)	_	_	_	_	_	_	_	_	_	_	_	_	_	_	_	
23-31	3253-3255	ve	_	_	_	_	_	_	_	_	_	_	_	_	_	_	_	
23-32	3256-3257	%	_	_	_	_	_	_	_	_	_	_	_	_	_	_	_	
23-33	3257-3259	98	_	_	_	_	_	_	_	_	_	_	_	_	_	_	_	
23-34	3260-3268	oranında	_	_	_	_	_	_	_	_	_	_	_	_	_	_	_	
23-35	3269-3270	%	_	_	_	_	_	_	_	_	_	_	_	_	_	_	_	
23-36	3270-3273	0,9	_	_	_	_	_	_	_	_	_	_	_	_	_	_	_	
23-37	3274-3280	sodyum	_	_	_	_	_	_	_	_	_	_	_	_	_	_	_	
23-38	3281-3287	klorür	_	_	_	_	_	_	_	_	_	_	_	_	_	_	_	
23-39	3288-3301	solüsyonundan	_	_	_	_	_	_	_	_	_	_	_	_	_	_	_	
23-40	3302-3312	oluştuğunu	_	_	_	_	_	_	_	_	_	_	_	_	_	_	_	
23-41	3313-3325	belirtmiştir	_	_	_	_	_	_	_	_	_	_	_	_	_	_	_	
23-42	3325-3326	.	_	_	_	_	_	_	_	_	_	_	_	_	_	_	_	

#Text=Poliakrilamid içerikli dolgular kalıcı dolgular olarak sınıflandırılmaktadır.
24-1	3327-3340	Poliakrilamid	_	_	_	_	_	_	_	_	_	_	_	_	_	_	_	
24-2	3341-3349	içerikli	_	_	_	_	_	_	_	_	_	_	_	_	_	_	_	
24-3	3350-3358	dolgular	_	_	_	_	_	_	_	_	_	_	_	_	_	_	_	
24-4	3359-3365	kalıcı	_	_	_	_	_	_	_	_	_	_	_	_	_	_	_	
24-5	3366-3374	dolgular	_	_	_	_	_	_	_	_	_	_	_	_	_	_	_	
24-6	3375-3381	olarak	_	_	_	_	_	_	_	_	_	_	_	_	_	_	_	
24-7	3382-3403	sınıflandırılmaktadır	_	_	_	_	_	_	_	_	_	_	_	_	_	_	_	
24-8	3403-3404	.	_	_	_	_	_	_	_	_	_	_	_	_	_	_	_	

#Text=Dolgu uygulaması sonrası görülebilecek komplikasyonlar erken ve geç komplikasyonlar olarak ikiye ayrılır.
25-1	3405-3410	Dolgu	_	_	_	_	_	_	_	_	_	_	_	_	_	_	_	
25-2	3411-3421	uygulaması	_	_	_	_	_	_	_	_	_	_	_	_	_	_	_	
25-3	3422-3429	sonrası	_	_	_	_	_	_	_	_	_	_	_	_	_	_	_	
25-4	3430-3443	görülebilecek	_	_	_	_	_	_	_	_	_	_	_	_	_	_	_	
25-5	3444-3459	komplikasyonlar	_	_	_	_	_	_	_	_	_	_	_	_	_	_	_	
25-6	3460-3465	erken	_	_	_	_	_	_	_	_	_	_	_	_	_	_	_	
25-7	3466-3468	ve	_	_	_	_	_	_	_	_	_	_	_	_	_	_	_	
25-8	3469-3472	geç	_	_	_	_	_	_	_	_	_	_	_	_	_	_	_	
25-9	3473-3488	komplikasyonlar	_	_	_	_	_	_	_	_	_	_	_	_	_	_	_	
25-10	3489-3495	olarak	_	_	_	_	_	_	_	_	_	_	_	_	_	_	_	
25-11	3496-3501	ikiye	_	_	_	_	_	_	_	_	_	_	_	_	_	_	_	
25-12	3502-3509	ayrılır	_	_	_	_	_	_	_	_	_	_	_	_	_	_	_	
25-13	3509-3510	.	_	_	_	_	_	_	_	_	_	_	_	_	_	_	_	

#Text=Erken dönemde gelişebilecek olan istenmeyen etkiler; enjeksiyon yeri reaksiyonları, stafilokoksik veya streptokoksik enfeksiyon gelişimi, Tip-1 hipersensitivite reaksiyonları, inflamatuvar olmayan nodül gelişimi, Tyndall etkisi ve vasküler oklüzyondur.
26-1	3511-3516	Erken	_	*[3]	_	*[19]	_	_	_	_	_	_	_	_	_	_	_	
26-2	3517-3524	dönemde	_	*[3]	_	*[19]	_	_	_	_	_	_	_	_	_	_	_	
26-3	3525-3538	gelişebilecek	_	*[3]	_	*[19]	_	_	_	_	_	_	_	_	_	_	_	
26-4	3539-3543	olan	_	*[3]	_	*[19]	_	_	_	_	_	_	_	_	_	_	_	
26-5	3544-3554	istenmeyen	_	*[3]	*	_	_	_	*	partOfEvent	26-5	isAnotherFocus	26-1[19]	NegMorMarker	partOfScope	26-1[3]	*	
26-6	3555-3562	etkiler	_	*[3]	_	_	_	_	_	_	_	_	_	_	_	_	_	
26-7	3562-3563	;	_	_	_	_	_	_	_	_	_	_	_	_	_	_	_	
26-8	3564-3574	enjeksiyon	_	_	_	_	_	_	_	_	_	_	_	_	_	_	_	
26-9	3575-3579	yeri	_	_	_	_	_	_	_	_	_	_	_	_	_	_	_	
26-10	3580-3593	reaksiyonları	_	_	_	_	_	_	_	_	_	_	_	_	_	_	_	
26-11	3593-3594	,	_	_	_	_	_	_	_	_	_	_	_	_	_	_	_	
26-12	3595-3608	stafilokoksik	_	_	_	_	_	_	_	_	_	_	_	_	_	_	_	
26-13	3609-3613	veya	_	_	_	_	_	_	_	_	_	_	_	_	_	_	_	
26-14	3614-3627	streptokoksik	_	_	_	_	_	_	_	_	_	_	_	_	_	_	_	
26-15	3628-3638	enfeksiyon	_	_	_	_	_	_	_	_	_	_	_	_	_	_	_	
26-16	3639-3647	gelişimi	_	_	_	_	_	_	_	_	_	_	_	_	_	_	_	
26-17	3647-3648	,	_	_	_	_	_	_	_	_	_	_	_	_	_	_	_	
26-18	3649-3652	Tip	_	_	_	_	_	_	_	_	_	_	_	_	_	_	_	
26-19	3652-3653	-	_	_	_	_	_	_	_	_	_	_	_	_	_	_	_	
26-20	3653-3654	1	_	_	_	_	_	_	_	_	_	_	_	_	_	_	_	
26-21	3655-3671	hipersensitivite	_	_	_	_	_	_	_	_	_	_	_	_	_	_	_	
26-22	3672-3685	reaksiyonları	_	_	_	_	_	_	_	_	_	_	_	_	_	_	_	
26-23	3685-3686	,	_	_	_	_	_	_	_	_	_	_	_	_	_	_	_	
26-24	3687-3699	inflamatuvar	_	_	_	_	_	_	_	_	_	_	_	_	_	_	_	
26-25	3700-3707	olmayan	_	_	_	_	_	_	_	_	_	_	_	_	_	_	_	
26-26	3708-3713	nodül	_	_	_	_	_	_	_	_	_	_	_	_	_	_	_	
26-27	3714-3722	gelişimi	_	_	_	_	_	_	_	_	_	_	_	_	_	_	_	
26-28	3722-3723	,	_	_	_	_	_	_	_	_	_	_	_	_	_	_	_	
26-29	3724-3731	Tyndall	_	_	_	_	_	_	_	_	_	_	_	_	_	_	_	
26-30	3732-3738	etkisi	_	_	_	_	_	_	_	_	_	_	_	_	_	_	_	
26-31	3739-3741	ve	_	_	_	_	_	_	_	_	_	_	_	_	_	_	_	
26-32	3742-3750	vasküler	_	_	_	_	_	_	_	_	_	_	_	_	_	_	_	
26-33	3751-3762	oklüzyondur	_	_	_	_	_	_	_	_	_	_	_	_	_	_	_	
26-34	3762-3763	.	_	_	_	_	_	_	_	_	_	_	_	_	_	_	_	

#Text=Erken yan etkiler işlem uygulandıktan sonra birkaç gün içinde görülürken, geç yan etkiler işlemden haftalar sonra gelişir.
27-1	3764-3769	Erken	_	_	_	_	_	_	_	_	_	_	_	_	_	_	_	
27-2	3770-3773	yan	_	_	_	_	_	_	_	_	_	_	_	_	_	_	_	
27-3	3774-3781	etkiler	_	_	_	_	_	_	_	_	_	_	_	_	_	_	_	
27-4	3782-3787	işlem	_	_	_	_	_	_	_	_	_	_	_	_	_	_	_	
27-5	3788-3801	uygulandıktan	_	_	_	_	_	_	_	_	_	_	_	_	_	_	_	
27-6	3802-3807	sonra	_	_	_	_	_	_	_	_	_	_	_	_	_	_	_	
27-7	3808-3814	birkaç	_	_	_	_	_	_	_	_	_	_	_	_	_	_	_	
27-8	3815-3818	gün	_	_	_	_	_	_	_	_	_	_	_	_	_	_	_	
27-9	3819-3825	içinde	_	_	_	_	_	_	_	_	_	_	_	_	_	_	_	
27-10	3826-3836	görülürken	_	_	_	_	_	_	_	_	_	_	_	_	_	_	_	
27-11	3836-3837	,	_	_	_	_	_	_	_	_	_	_	_	_	_	_	_	
27-12	3838-3841	geç	_	_	_	_	_	_	_	_	_	_	_	_	_	_	_	
27-13	3842-3845	yan	_	_	_	_	_	_	_	_	_	_	_	_	_	_	_	
27-14	3846-3853	etkiler	_	_	_	_	_	_	_	_	_	_	_	_	_	_	_	
27-15	3854-3862	işlemden	_	_	_	_	_	_	_	_	_	_	_	_	_	_	_	
27-16	3863-3871	haftalar	_	_	_	_	_	_	_	_	_	_	_	_	_	_	_	
27-17	3872-3877	sonra	_	_	_	_	_	_	_	_	_	_	_	_	_	_	_	
27-18	3878-3885	gelişir	_	_	_	_	_	_	_	_	_	_	_	_	_	_	_	
27-19	3885-3886	.	_	_	_	_	_	_	_	_	_	_	_	_	_	_	_	

#Text=Malar ödem gelişimi, kalıcı renk değişikliği, Tip-4 hipersensitivite reaksiyonları, inflamatuvar nodül ve yabancı cisim granülomu, mikobakteri ve biyofilm gelişimi ile ilişkili enfeksiyon gelişimi, dolgunun yer değiştirmesi ise geç dönem komplikasyonları oluşturmaktadır.
28-1	3887-3892	Malar	_	_	_	_	_	_	_	_	_	_	_	_	_	_	_	
28-2	3893-3897	ödem	_	_	_	_	_	_	_	_	_	_	_	_	_	_	_	
28-3	3898-3906	gelişimi	_	_	_	_	_	_	_	_	_	_	_	_	_	_	_	
28-4	3906-3907	,	_	_	_	_	_	_	_	_	_	_	_	_	_	_	_	
28-5	3908-3914	kalıcı	_	_	_	_	_	_	_	_	_	_	_	_	_	_	_	
28-6	3915-3919	renk	_	_	_	_	_	_	_	_	_	_	_	_	_	_	_	
28-7	3920-3931	değişikliği	_	_	_	_	_	_	_	_	_	_	_	_	_	_	_	
28-8	3931-3932	,	_	_	_	_	_	_	_	_	_	_	_	_	_	_	_	
28-9	3933-3936	Tip	_	_	_	_	_	_	_	_	_	_	_	_	_	_	_	
28-10	3936-3937	-	_	_	_	_	_	_	_	_	_	_	_	_	_	_	_	
28-11	3937-3938	4	_	_	_	_	_	_	_	_	_	_	_	_	_	_	_	
28-12	3939-3955	hipersensitivite	_	_	_	_	_	_	_	_	_	_	_	_	_	_	_	
28-13	3956-3969	reaksiyonları	_	_	_	_	_	_	_	_	_	_	_	_	_	_	_	
28-14	3969-3970	,	_	_	_	_	_	_	_	_	_	_	_	_	_	_	_	
28-15	3971-3983	inflamatuvar	_	_	_	_	_	_	_	_	_	_	_	_	_	_	_	
28-16	3984-3989	nodül	_	_	_	_	_	_	_	_	_	_	_	_	_	_	_	
28-17	3990-3992	ve	_	_	_	_	_	_	_	_	_	_	_	_	_	_	_	
28-18	3993-4000	yabancı	_	_	_	_	_	_	_	_	_	_	_	_	_	_	_	
28-19	4001-4006	cisim	_	_	_	_	_	_	_	_	_	_	_	_	_	_	_	
28-20	4007-4016	granülomu	_	_	_	_	_	_	_	_	_	_	_	_	_	_	_	
28-21	4016-4017	,	_	_	_	_	_	_	_	_	_	_	_	_	_	_	_	
28-22	4018-4029	mikobakteri	_	_	_	_	_	_	_	_	_	_	_	_	_	_	_	
28-23	4030-4032	ve	_	_	_	_	_	_	_	_	_	_	_	_	_	_	_	
28-24	4033-4041	biyofilm	_	_	_	_	_	_	_	_	_	_	_	_	_	_	_	
28-25	4042-4050	gelişimi	_	_	_	_	_	_	_	_	_	_	_	_	_	_	_	
28-26	4051-4054	ile	_	_	_	_	_	_	_	_	_	_	_	_	_	_	_	
28-27	4055-4063	ilişkili	_	_	_	_	_	_	_	_	_	_	_	_	_	_	_	
28-28	4064-4074	enfeksiyon	_	_	_	_	_	_	_	_	_	_	_	_	_	_	_	
28-29	4075-4083	gelişimi	_	_	_	_	_	_	_	_	_	_	_	_	_	_	_	
28-30	4083-4084	,	_	_	_	_	_	_	_	_	_	_	_	_	_	_	_	
28-31	4085-4093	dolgunun	_	_	_	_	_	_	_	_	_	_	_	_	_	_	_	
28-32	4094-4097	yer	_	_	_	_	_	_	_	_	_	_	_	_	_	_	_	
28-33	4098-4110	değiştirmesi	_	_	_	_	_	_	_	_	_	_	_	_	_	_	_	
28-34	4111-4114	ise	_	_	_	_	_	_	_	_	_	_	_	_	_	_	_	
28-35	4115-4118	geç	_	_	_	_	_	_	_	_	_	_	_	_	_	_	_	
28-36	4119-4124	dönem	_	_	_	_	_	_	_	_	_	_	_	_	_	_	_	
28-37	4125-4141	komplikasyonları	_	_	_	_	_	_	_	_	_	_	_	_	_	_	_	
28-38	4142-4157	oluşturmaktadır	_	_	_	_	_	_	_	_	_	_	_	_	_	_	_	
28-39	4157-4158	.	_	_	_	_	_	_	_	_	_	_	_	_	_	_	_	

#Text=İşlem sonrası gelişen eritem ve ödemin tedavisinde genellikle soğuk uygulama yeterliyken, eritem gelişimi daha nadir görülen bir komplikasyon olan hipersensitivite reaksiyonu ile ilişkili ise antihistaminik ve sistemik steroid kullanımı gerekir.
29-1	4159-4164	İşlem	_	_	_	_	_	_	_	_	_	_	_	_	_	_	_	
29-2	4165-4172	sonrası	_	_	_	_	_	_	_	_	_	_	_	_	_	_	_	
29-3	4173-4180	gelişen	_	_	_	_	_	_	_	_	_	_	_	_	_	_	_	
29-4	4181-4187	eritem	_	_	_	_	_	_	_	_	_	_	_	_	_	_	_	
29-5	4188-4190	ve	_	_	_	_	_	_	_	_	_	_	_	_	_	_	_	
29-6	4191-4197	ödemin	_	_	_	_	_	_	_	_	_	_	_	_	_	_	_	
29-7	4198-4209	tedavisinde	_	_	_	_	_	_	_	_	_	_	_	_	_	_	_	
29-8	4210-4220	genellikle	_	_	_	_	_	_	_	_	_	_	_	_	_	_	_	
29-9	4221-4226	soğuk	_	_	_	_	_	_	_	_	_	_	_	_	_	_	_	
29-10	4227-4235	uygulama	_	_	_	_	_	_	_	_	_	_	_	_	_	_	_	
29-11	4236-4247	yeterliyken	_	_	_	_	_	_	_	_	_	_	_	_	_	_	_	
29-12	4247-4248	,	_	_	_	_	_	_	_	_	_	_	_	_	_	_	_	
29-13	4249-4255	eritem	_	_	_	_	_	_	_	_	_	_	_	_	_	_	_	
29-14	4256-4264	gelişimi	_	_	_	_	_	_	_	_	_	_	_	_	_	_	_	
29-15	4265-4269	daha	_	_	_	_	_	_	_	_	_	_	_	_	_	_	_	
29-16	4270-4275	nadir	_	_	_	_	_	_	_	_	_	_	_	_	_	_	_	
29-17	4276-4283	görülen	_	_	_	_	_	_	_	_	_	_	_	_	_	_	_	
29-18	4284-4287	bir	_	_	_	_	_	_	_	_	_	_	_	_	_	_	_	
29-19	4288-4300	komplikasyon	_	_	_	_	_	_	_	_	_	_	_	_	_	_	_	
29-20	4301-4305	olan	_	_	_	_	_	_	_	_	_	_	_	_	_	_	_	
29-21	4306-4322	hipersensitivite	_	_	_	_	_	_	_	_	_	_	_	_	_	_	_	
29-22	4323-4333	reaksiyonu	_	_	_	_	_	_	_	_	_	_	_	_	_	_	_	
29-23	4334-4337	ile	_	_	_	_	_	_	_	_	_	_	_	_	_	_	_	
29-24	4338-4346	ilişkili	_	_	_	_	_	_	_	_	_	_	_	_	_	_	_	
29-25	4347-4350	ise	_	_	_	_	_	_	_	_	_	_	_	_	_	_	_	
29-26	4351-4365	antihistaminik	_	_	_	_	_	_	_	_	_	_	_	_	_	_	_	
29-27	4366-4368	ve	_	_	_	_	_	_	_	_	_	_	_	_	_	_	_	
29-28	4369-4377	sistemik	_	_	_	_	_	_	_	_	_	_	_	_	_	_	_	
29-29	4378-4385	steroid	_	_	_	_	_	_	_	_	_	_	_	_	_	_	_	
29-30	4386-4395	kullanımı	_	_	_	_	_	_	_	_	_	_	_	_	_	_	_	
29-31	4396-4403	gerekir	_	_	_	_	_	_	_	_	_	_	_	_	_	_	_	
29-32	4403-4404	.	_	_	_	_	_	_	_	_	_	_	_	_	_	_	_	

#Text=Bu tedavilerle gerilemeyen kronik ödem durumunda hiyalüronidaz uygulaması gerekebilir.
30-1	4405-4407	Bu	_	_	_	_	_	_	_	_	_	_	_	_	_	_	_	
30-2	4408-4419	tedavilerle	_	_	_	_	_	_	_	_	_	_	_	_	_	_	_	
30-3	4420-4431	gerilemeyen	_	*[4]	*	*	_	_	*	partOfEvent	30-3	isAnotherFocus	30-3	NegMorMarker	partOfScope	30-3[4]	*	
30-4	4432-4438	kronik	_	*[4]	_	_	_	_	_	_	_	_	_	_	_	_	_	
30-5	4439-4443	ödem	_	*[4]	_	_	_	_	_	_	_	_	_	_	_	_	_	
30-6	4444-4453	durumunda	_	*[4]	_	_	_	_	_	_	_	_	_	_	_	_	_	
30-7	4454-4467	hiyalüronidaz	_	_	_	_	_	_	_	_	_	_	_	_	_	_	_	
30-8	4468-4478	uygulaması	_	_	_	_	_	_	_	_	_	_	_	_	_	_	_	
30-9	4479-4490	gerekebilir	_	_	_	_	_	_	_	_	_	_	_	_	_	_	_	
30-10	4490-4491	.	_	_	_	_	_	_	_	_	_	_	_	_	_	_	_	

#Text=Pigmentasyon değişiklikleri genellikle deri tipi daha koyu olan bireylerde ekimoz sonrası post-inflamatuvar olarak ya da dolgunun yüzeysel yerleşimine bağlı olarak Tyndall etkisi ile görülür.
31-1	4492-4504	Pigmentasyon	_	_	_	_	_	_	_	_	_	_	_	_	_	_	_	
31-2	4505-4519	değişiklikleri	_	_	_	_	_	_	_	_	_	_	_	_	_	_	_	
31-3	4520-4530	genellikle	_	_	_	_	_	_	_	_	_	_	_	_	_	_	_	
31-4	4531-4535	deri	_	_	_	_	_	_	_	_	_	_	_	_	_	_	_	
31-5	4536-4540	tipi	_	_	_	_	_	_	_	_	_	_	_	_	_	_	_	
31-6	4541-4545	daha	_	_	_	_	_	_	_	_	_	_	_	_	_	_	_	
31-7	4546-4550	koyu	_	_	_	_	_	_	_	_	_	_	_	_	_	_	_	
31-8	4551-4555	olan	_	_	_	_	_	_	_	_	_	_	_	_	_	_	_	
31-9	4556-4566	bireylerde	_	_	_	_	_	_	_	_	_	_	_	_	_	_	_	
31-10	4567-4573	ekimoz	_	_	_	_	_	_	_	_	_	_	_	_	_	_	_	
31-11	4574-4581	sonrası	_	_	_	_	_	_	_	_	_	_	_	_	_	_	_	
31-12	4582-4599	post-inflamatuvar	_	_	_	_	_	_	_	_	_	_	_	_	_	_	_	
31-13	4600-4606	olarak	_	_	_	_	_	_	_	_	_	_	_	_	_	_	_	
31-14	4607-4609	ya	_	_	_	_	_	_	_	_	_	_	_	_	_	_	_	
31-15	4610-4612	da	_	_	_	_	_	_	_	_	_	_	_	_	_	_	_	
31-16	4613-4621	dolgunun	_	_	_	_	_	_	_	_	_	_	_	_	_	_	_	
31-17	4622-4630	yüzeysel	_	_	_	_	_	_	_	_	_	_	_	_	_	_	_	
31-18	4631-4642	yerleşimine	_	_	_	_	_	_	_	_	_	_	_	_	_	_	_	
31-19	4643-4648	bağlı	_	_	_	_	_	_	_	_	_	_	_	_	_	_	_	
31-20	4649-4655	olarak	_	_	_	_	_	_	_	_	_	_	_	_	_	_	_	
31-21	4656-4663	Tyndall	_	_	_	_	_	_	_	_	_	_	_	_	_	_	_	
31-22	4664-4670	etkisi	_	_	_	_	_	_	_	_	_	_	_	_	_	_	_	
31-23	4671-4674	ile	_	_	_	_	_	_	_	_	_	_	_	_	_	_	_	
31-24	4675-4682	görülür	_	_	_	_	_	_	_	_	_	_	_	_	_	_	_	
31-25	4682-4683	.	_	_	_	_	_	_	_	_	_	_	_	_	_	_	_	

#Text=Tedavide güneşten korunma, tretinoin ve hidrokinon gibi topikal ürünler, kimyasal peeling ve yoğun atımlı ışık (IPL) veya Q anahtarlı ND-YAG lazer kullanılabilir.
32-1	4684-4692	Tedavide	_	_	_	_	_	_	_	_	_	_	_	_	_	_	_	
32-2	4693-4701	güneşten	_	_	_	_	_	_	_	_	_	_	_	_	_	_	_	
32-3	4702-4709	korunma	_	_	_	_	_	_	_	_	_	_	_	_	_	_	_	
32-4	4709-4710	,	_	_	_	_	_	_	_	_	_	_	_	_	_	_	_	
32-5	4711-4720	tretinoin	_	_	_	_	_	_	_	_	_	_	_	_	_	_	_	
32-6	4721-4723	ve	_	_	_	_	_	_	_	_	_	_	_	_	_	_	_	
32-7	4724-4734	hidrokinon	_	_	_	_	_	_	_	_	_	_	_	_	_	_	_	
32-8	4735-4739	gibi	_	_	_	_	_	_	_	_	_	_	_	_	_	_	_	
32-9	4740-4747	topikal	_	_	_	_	_	_	_	_	_	_	_	_	_	_	_	
32-10	4748-4755	ürünler	_	_	_	_	_	_	_	_	_	_	_	_	_	_	_	
32-11	4755-4756	,	_	_	_	_	_	_	_	_	_	_	_	_	_	_	_	
32-12	4757-4765	kimyasal	_	_	_	_	_	_	_	_	_	_	_	_	_	_	_	
32-13	4766-4773	peeling	_	_	_	_	_	_	_	_	_	_	_	_	_	_	_	
32-14	4774-4776	ve	_	_	_	_	_	_	_	_	_	_	_	_	_	_	_	
32-15	4777-4782	yoğun	_	_	_	_	_	_	_	_	_	_	_	_	_	_	_	
32-16	4783-4789	atımlı	_	_	_	_	_	_	_	_	_	_	_	_	_	_	_	
32-17	4790-4794	ışık	_	_	_	_	_	_	_	_	_	_	_	_	_	_	_	
32-18	4795-4796	(	_	_	_	_	_	_	_	_	_	_	_	_	_	_	_	
32-19	4796-4799	IPL	_	_	_	_	_	_	_	_	_	_	_	_	_	_	_	
32-20	4799-4800	)	_	_	_	_	_	_	_	_	_	_	_	_	_	_	_	
32-21	4801-4805	veya	_	_	_	_	_	_	_	_	_	_	_	_	_	_	_	
32-22	4806-4807	Q	_	_	_	_	_	_	_	_	_	_	_	_	_	_	_	
32-23	4808-4817	anahtarlı	_	_	_	_	_	_	_	_	_	_	_	_	_	_	_	
32-24	4818-4824	ND-YAG	_	_	_	_	_	_	_	_	_	_	_	_	_	_	_	
32-25	4825-4830	lazer	_	_	_	_	_	_	_	_	_	_	_	_	_	_	_	
32-26	4831-4845	kullanılabilir	_	_	_	_	_	_	_	_	_	_	_	_	_	_	_	
32-27	4845-4846	.	_	_	_	_	_	_	_	_	_	_	_	_	_	_	_	

#Text=Tyndall etkisine bağlı ise iğne ile delinerek dolgu materyalinin çıkarılması önerilir.
33-1	4847-4854	Tyndall	_	_	_	_	_	_	_	_	_	_	_	_	_	_	_	
33-2	4855-4863	etkisine	_	_	_	_	_	_	_	_	_	_	_	_	_	_	_	
33-3	4864-4869	bağlı	_	_	_	_	_	_	_	_	_	_	_	_	_	_	_	
33-4	4870-4873	ise	_	_	_	_	_	_	_	_	_	_	_	_	_	_	_	
33-5	4874-4878	iğne	_	*[5]	_	*[20]	_	_	_	_	_	_	_	_	_	_	_	
33-6	4879-4882	ile	_	*[5]	_	*[20]	_	_	_	_	_	_	_	_	_	_	_	
33-7	4883-4892	delinerek	_	*[5]	_	*[20]	_	_	_	_	_	_	_	_	_	_	_	
33-8	4893-4898	dolgu	_	*[5]	*[13]	_	_	_	_	_	_	_	_	_	_	_	_	
33-9	4899-4911	materyalinin	_	*[5]	*[13]	_	_	_	_	_	_	_	_	_	_	_	_	
33-10	4912-4923	çıkarılması	_	*[5]	_	_	_	_	*	partOfEvent	33-8[13]	isAnotherFocus	33-5[20]	NegLexMarker	partOfScope	33-5[5]	*	
33-11	4924-4932	önerilir	_	_	_	_	_	_	_	_	_	_	_	_	_	_	_	
33-12	4932-4933	.	_	_	_	_	_	_	_	_	_	_	_	_	_	_	_	

#Text=Vasküler oklüzyon en çok korkulan dolgu komplikasyonlarından biridir.
34-1	4934-4942	Vasküler	_	_	_	_	_	_	_	_	_	_	_	_	_	_	_	
34-2	4943-4951	oklüzyon	_	_	_	_	_	_	_	_	_	_	_	_	_	_	_	
34-3	4952-4954	en	_	_	_	_	_	_	_	_	_	_	_	_	_	_	_	
34-4	4955-4958	çok	_	_	_	_	_	_	_	_	_	_	_	_	_	_	_	
34-5	4959-4967	korkulan	_	_	_	_	_	_	_	_	_	_	_	_	_	_	_	
34-6	4968-4973	dolgu	_	_	_	_	_	_	_	_	_	_	_	_	_	_	_	
34-7	4974-4994	komplikasyonlarından	_	_	_	_	_	_	_	_	_	_	_	_	_	_	_	
34-8	4995-5002	biridir	_	_	_	_	_	_	_	_	_	_	_	_	_	_	_	
34-9	5002-5003	.	_	_	_	_	_	_	_	_	_	_	_	_	_	_	_	

#Text=Damar içi enjeksiyona ya da dolgunun damara dıştan basısına bağlı görülebilir.
35-1	5004-5009	Damar	_	_	_	_	_	_	_	_	_	_	_	_	_	_	_	
35-2	5010-5013	içi	_	_	_	_	_	_	_	_	_	_	_	_	_	_	_	
35-3	5014-5025	enjeksiyona	_	_	_	_	_	_	_	_	_	_	_	_	_	_	_	
35-4	5026-5028	ya	_	_	_	_	_	_	_	_	_	_	_	_	_	_	_	
35-5	5029-5031	da	_	_	_	_	_	_	_	_	_	_	_	_	_	_	_	
35-6	5032-5040	dolgunun	_	_	_	_	_	_	_	_	_	_	_	_	_	_	_	
35-7	5041-5047	damara	_	_	_	_	_	_	_	_	_	_	_	_	_	_	_	
35-8	5048-5054	dıştan	_	_	_	_	_	_	_	_	_	_	_	_	_	_	_	
35-9	5055-5063	basısına	_	_	_	_	_	_	_	_	_	_	_	_	_	_	_	
35-10	5064-5069	bağlı	_	_	_	_	_	_	_	_	_	_	_	_	_	_	_	
35-11	5070-5081	görülebilir	_	_	_	_	_	_	_	_	_	_	_	_	_	_	_	
35-12	5081-5082	.	_	_	_	_	_	_	_	_	_	_	_	_	_	_	_	

#Text=Doku nekrozu ve retinal arter tutulumu durumunda görme kaybına neden olabilir.
36-1	5083-5087	Doku	_	_	_	_	_	_	_	_	_	_	_	_	_	_	_	
36-2	5088-5095	nekrozu	_	_	_	_	_	_	_	_	_	_	_	_	_	_	_	
36-3	5096-5098	ve	_	_	_	_	_	_	_	_	_	_	_	_	_	_	_	
36-4	5099-5106	retinal	_	_	_	_	_	_	_	_	_	_	_	_	_	_	_	
36-5	5107-5112	arter	_	_	_	_	_	_	_	_	_	_	_	_	_	_	_	
36-6	5113-5121	tutulumu	_	_	_	_	_	_	_	_	_	_	_	_	_	_	_	
36-7	5122-5131	durumunda	_	_	_	_	_	_	_	_	_	_	_	_	_	_	_	
36-8	5132-5137	görme	_	_	_	_	_	_	_	_	_	_	_	_	_	_	_	
36-9	5138-5145	kaybına	_	_	_	_	_	_	_	_	_	_	_	_	_	_	_	
36-10	5146-5151	neden	_	_	_	_	_	_	_	_	_	_	_	_	_	_	_	
36-11	5152-5160	olabilir	_	_	_	_	_	_	_	_	_	_	_	_	_	_	_	
36-12	5160-5161	.	_	_	_	_	_	_	_	_	_	_	_	_	_	_	_	

#Text=Hiyalüronik asit (HA) uygulaması yapıldıysa acilen hiyalüronidaz uygulanarak dolgunun eritilmesi, dolgu yapılan bölgeye sıcak kompres ve sert masaj uygulanması, aspirin başlanması , topikal nitrogliserin uygulanması ve hastanın yakın takibi önerilir.
37-1	5162-5173	Hiyalüronik	_	_	_	_	_	_	_	_	_	_	_	_	_	_	_	
37-2	5174-5178	asit	_	_	_	_	_	_	_	_	_	_	_	_	_	_	_	
37-3	5179-5180	(	_	_	_	_	_	_	_	_	_	_	_	_	_	_	_	
37-4	5180-5182	HA	_	_	_	_	_	_	_	_	_	_	_	_	_	_	_	
37-5	5182-5183	)	_	_	_	_	_	_	_	_	_	_	_	_	_	_	_	
37-6	5184-5194	uygulaması	_	_	_	_	_	_	_	_	_	_	_	_	_	_	_	
37-7	5195-5205	yapıldıysa	_	_	_	_	_	_	_	_	_	_	_	_	_	_	_	
37-8	5206-5212	acilen	_	_	_	_	_	_	_	_	_	_	_	_	_	_	_	
37-9	5213-5226	hiyalüronidaz	_	_	_	_	_	_	_	_	_	_	_	_	_	_	_	
37-10	5227-5238	uygulanarak	_	_	_	_	_	_	_	_	_	_	_	_	_	_	_	
37-11	5239-5247	dolgunun	_	_	_	_	_	_	_	_	_	_	_	_	_	_	_	
37-12	5248-5258	eritilmesi	_	_	_	_	_	_	_	_	_	_	_	_	_	_	_	
37-13	5258-5259	,	_	_	_	_	_	_	_	_	_	_	_	_	_	_	_	
37-14	5260-5265	dolgu	_	_	_	_	_	_	_	_	_	_	_	_	_	_	_	
37-15	5266-5273	yapılan	_	_	_	_	_	_	_	_	_	_	_	_	_	_	_	
37-16	5274-5281	bölgeye	_	_	_	_	_	_	_	_	_	_	_	_	_	_	_	
37-17	5282-5287	sıcak	_	_	_	_	_	_	_	_	_	_	_	_	_	_	_	
37-18	5288-5295	kompres	_	_	_	_	_	_	_	_	_	_	_	_	_	_	_	
37-19	5296-5298	ve	_	_	_	_	_	_	_	_	_	_	_	_	_	_	_	
37-20	5299-5303	sert	_	_	_	_	_	_	_	_	_	_	_	_	_	_	_	
37-21	5304-5309	masaj	_	_	_	_	_	_	_	_	_	_	_	_	_	_	_	
37-22	5310-5321	uygulanması	_	_	_	_	_	_	_	_	_	_	_	_	_	_	_	
37-23	5321-5322	,	_	_	_	_	_	_	_	_	_	_	_	_	_	_	_	
37-24	5323-5330	aspirin	_	_	_	_	_	_	_	_	_	_	_	_	_	_	_	
37-25	5331-5341	başlanması	_	_	_	_	_	_	_	_	_	_	_	_	_	_	_	
37-26	5342-5343	,	_	_	_	_	_	_	_	_	_	_	_	_	_	_	_	
37-27	5344-5351	topikal	_	_	_	_	_	_	_	_	_	_	_	_	_	_	_	
37-28	5352-5365	nitrogliserin	_	_	_	_	_	_	_	_	_	_	_	_	_	_	_	
37-29	5366-5377	uygulanması	_	_	_	_	_	_	_	_	_	_	_	_	_	_	_	
37-30	5378-5380	ve	_	_	_	_	_	_	_	_	_	_	_	_	_	_	_	
37-31	5381-5389	hastanın	_	_	_	_	_	_	_	_	_	_	_	_	_	_	_	
37-32	5390-5395	yakın	_	_	_	_	_	_	_	_	_	_	_	_	_	_	_	
37-33	5396-5402	takibi	_	_	_	_	_	_	_	_	_	_	_	_	_	_	_	
37-34	5403-5411	önerilir	_	_	_	_	_	_	_	_	_	_	_	_	_	_	_	
37-35	5411-5412	.	_	_	_	_	_	_	_	_	_	_	_	_	_	_	_	

#Text=Enjektör yerine kanülle dolgu uygulaması intravasküler uygulama riskini azaltmaktadır.
38-1	5413-5421	Enjektör	_	_	_	_	_	_	_	_	_	_	_	_	_	_	_	
38-2	5422-5428	yerine	_	_	_	_	_	_	_	_	_	_	_	_	_	_	_	
38-3	5429-5436	kanülle	_	_	_	_	_	_	_	_	_	_	_	_	_	_	_	
38-4	5437-5442	dolgu	_	_	_	_	_	_	_	_	_	_	_	_	_	_	_	
38-5	5443-5453	uygulaması	_	_	_	_	_	_	_	_	_	_	_	_	_	_	_	
38-6	5454-5467	intravasküler	_	_	_	_	_	_	_	_	_	_	_	_	_	_	_	
38-7	5468-5476	uygulama	_	_	_	_	_	_	_	_	_	_	_	_	_	_	_	
38-8	5477-5484	riskini	_	_	_	_	_	_	_	_	_	_	_	_	_	_	_	
38-9	5485-5498	azaltmaktadır	_	_	_	_	_	_	_	_	_	_	_	_	_	_	_	
38-10	5498-5499	.	_	_	_	_	_	_	_	_	_	_	_	_	_	_	_	

#Text=Kollajen ve HA gibi biyolojik olarak çözünebilen dolgu maddelerinin, dolgu ürünleri belli bir süre içinde kendiliğinden kaybolduğu için geç komplikasyonlara neden olma olasılığı daha düşüktür.
39-1	5500-5508	Kollajen	_	_	_	_	_	_	_	_	_	_	_	_	_	_	_	
39-2	5509-5511	ve	_	_	_	_	_	_	_	_	_	_	_	_	_	_	_	
39-3	5512-5514	HA	_	_	_	_	_	_	_	_	_	_	_	_	_	_	_	
39-4	5515-5519	gibi	_	_	_	_	_	_	_	_	_	_	_	_	_	_	_	
39-5	5520-5529	biyolojik	_	_	_	_	_	_	_	_	_	_	_	_	_	_	_	
39-6	5530-5536	olarak	_	_	_	_	_	_	_	_	_	_	_	_	_	_	_	
39-7	5537-5548	çözünebilen	_	_	_	_	_	_	_	_	_	_	_	_	_	_	_	
39-8	5549-5554	dolgu	_	_	_	_	_	_	_	_	_	_	_	_	_	_	_	
39-9	5555-5567	maddelerinin	_	_	_	_	_	_	_	_	_	_	_	_	_	_	_	
39-10	5567-5568	,	_	_	_	_	_	_	_	_	_	_	_	_	_	_	_	
39-11	5569-5574	dolgu	_	*[6]	*[14]	_	_	_	_	_	_	_	_	_	_	_	_	
39-12	5575-5583	ürünleri	_	*[6]	*[14]	_	_	_	_	_	_	_	_	_	_	_	_	
39-13	5584-5589	belli	_	*[6]	_	*[21]	_	_	_	_	_	_	_	_	_	_	_	
39-14	5590-5593	bir	_	*[6]	_	*[21]	_	_	_	_	_	_	_	_	_	_	_	
39-15	5594-5598	süre	_	*[6]	_	*[21]	_	_	_	_	_	_	_	_	_	_	_	
39-16	5599-5605	içinde	_	*[6]	_	*[21]	_	_	_	_	_	_	_	_	_	_	_	
39-17	5606-5619	kendiliğinden	_	*[6]	_	*	_	_	_	_	_	_	_	_	_	_	_	
39-18	5620-5630	kaybolduğu	_	*[6]	_	_	Marker mı?	_	*	partOfEvent	39-11[14]	isAnotherFocus;isAnotherFocus	39-13[21];39-17	NegLexMarker	partOfScope	39-11[6]	*	
39-19	5631-5635	için	_	_	_	_	_	_	_	_	_	_	_	_	_	_	_	
39-20	5636-5639	geç	_	_	_	_	_	_	_	_	_	_	_	_	_	_	_	
39-21	5640-5656	komplikasyonlara	_	_	_	_	_	_	_	_	_	_	_	_	_	_	_	
39-22	5657-5662	neden	_	_	_	_	_	_	_	_	_	_	_	_	_	_	_	
39-23	5663-5667	olma	_	_	_	_	_	_	_	_	_	_	_	_	_	_	_	
39-24	5668-5677	olasılığı	_	_	_	_	_	_	_	_	_	_	_	_	_	_	_	
39-25	5678-5682	daha	_	_	_	_	_	_	_	_	_	_	_	_	_	_	_	
39-26	5683-5691	düşüktür	_	_	_	_	_	_	_	_	_	_	_	_	_	_	_	
39-27	5691-5692	.	_	_	_	_	_	_	_	_	_	_	_	_	_	_	_	

#Text=Öte yandan, emilemeyen dolgu maddeleri sıklıkla ciddi kalıcı reaksiyonlara neden olur.
40-1	5693-5696	Öte	_	_	_	_	_	_	_	_	_	_	_	_	_	_	_	
40-2	5697-5703	yandan	_	_	_	_	_	_	_	_	_	_	_	_	_	_	_	
40-3	5703-5704	,	_	_	_	_	_	_	_	_	_	_	_	_	_	_	_	
40-4	5705-5715	emilemeyen	_	*[7]	*	*	_	_	*	partOfEvent	40-4	isAnotherFocus	40-4	NegMorMarker	partOfScope	40-4[7]	*	
40-5	5716-5721	dolgu	_	*[7]	_	_	_	_	_	_	_	_	_	_	_	_	_	
40-6	5722-5731	maddeleri	_	*[7]	_	_	_	_	_	_	_	_	_	_	_	_	_	
40-7	5732-5740	sıklıkla	_	_	_	_	_	_	_	_	_	_	_	_	_	_	_	
40-8	5741-5746	ciddi	_	_	_	_	_	_	_	_	_	_	_	_	_	_	_	
40-9	5747-5753	kalıcı	_	_	_	_	_	_	_	_	_	_	_	_	_	_	_	
40-10	5754-5767	reaksiyonlara	_	_	_	_	_	_	_	_	_	_	_	_	_	_	_	
40-11	5768-5773	neden	_	_	_	_	_	_	_	_	_	_	_	_	_	_	_	
40-12	5774-5778	olur	_	_	_	_	_	_	_	_	_	_	_	_	_	_	_	
40-13	5778-5779	.	_	_	_	_	_	_	_	_	_	_	_	_	_	_	_	

#Text=Poliakrilamid hidrojel dolgu uygulaması sonrasında lokalize bakteriyel enfeksiyona bağlı nodüller, makrofaj, yabancı cisim dev hücreleri, lenfositler ve bazofilik multivakuole materyali çevreleyen eritrositler şeklinde poliakrilamid hidrojel granülomları görülebilir.
41-1	5780-5793	Poliakrilamid	_	_	_	_	_	_	_	_	_	_	_	_	_	_	_	
41-2	5794-5802	hidrojel	_	_	_	_	_	_	_	_	_	_	_	_	_	_	_	
41-3	5803-5808	dolgu	_	_	_	_	_	_	_	_	_	_	_	_	_	_	_	
41-4	5809-5819	uygulaması	_	_	_	_	_	_	_	_	_	_	_	_	_	_	_	
41-5	5820-5830	sonrasında	_	_	_	_	_	_	_	_	_	_	_	_	_	_	_	
41-6	5831-5839	lokalize	_	_	_	_	_	_	_	_	_	_	_	_	_	_	_	
41-7	5840-5850	bakteriyel	_	_	_	_	_	_	_	_	_	_	_	_	_	_	_	
41-8	5851-5862	enfeksiyona	_	_	_	_	_	_	_	_	_	_	_	_	_	_	_	
41-9	5863-5868	bağlı	_	_	_	_	_	_	_	_	_	_	_	_	_	_	_	
41-10	5869-5877	nodüller	_	_	_	_	_	_	_	_	_	_	_	_	_	_	_	
41-11	5877-5878	,	_	_	_	_	_	_	_	_	_	_	_	_	_	_	_	
41-12	5879-5887	makrofaj	_	_	_	_	_	_	_	_	_	_	_	_	_	_	_	
41-13	5887-5888	,	_	_	_	_	_	_	_	_	_	_	_	_	_	_	_	
41-14	5889-5896	yabancı	_	_	_	_	_	_	_	_	_	_	_	_	_	_	_	
41-15	5897-5902	cisim	_	_	_	_	_	_	_	_	_	_	_	_	_	_	_	
41-16	5903-5906	dev	_	_	_	_	_	_	_	_	_	_	_	_	_	_	_	
41-17	5907-5916	hücreleri	_	_	_	_	_	_	_	_	_	_	_	_	_	_	_	
41-18	5916-5917	,	_	_	_	_	_	_	_	_	_	_	_	_	_	_	_	
41-19	5918-5929	lenfositler	_	_	_	_	_	_	_	_	_	_	_	_	_	_	_	
41-20	5930-5932	ve	_	_	_	_	_	_	_	_	_	_	_	_	_	_	_	
41-21	5933-5942	bazofilik	_	_	_	_	_	_	_	_	_	_	_	_	_	_	_	
41-22	5943-5955	multivakuole	_	_	_	_	_	_	_	_	_	_	_	_	_	_	_	
41-23	5956-5965	materyali	_	_	_	_	_	_	_	_	_	_	_	_	_	_	_	
41-24	5966-5976	çevreleyen	_	_	_	_	_	_	_	_	_	_	_	_	_	_	_	
41-25	5977-5989	eritrositler	_	_	_	_	_	_	_	_	_	_	_	_	_	_	_	
41-26	5990-5998	şeklinde	_	_	_	_	_	_	_	_	_	_	_	_	_	_	_	
41-27	5999-6012	poliakrilamid	_	_	_	_	_	_	_	_	_	_	_	_	_	_	_	
41-28	6013-6021	hidrojel	_	_	_	_	_	_	_	_	_	_	_	_	_	_	_	
41-29	6022-6034	granülomları	_	_	_	_	_	_	_	_	_	_	_	_	_	_	_	
41-30	6035-6046	görülebilir	_	_	_	_	_	_	_	_	_	_	_	_	_	_	_	
41-31	6046-6047	.	_	_	_	_	_	_	_	_	_	_	_	_	_	_	_	

#Text=HA’ya bağlı gelişen granülomlara göre daha fazla hücresel infiltrat içerir.
42-1	6048-6050	HA	_	_	_	_	_	_	_	_	_	_	_	_	_	_	_	
42-2	6050-6051	’	_	_	_	_	_	_	_	_	_	_	_	_	_	_	_	
42-3	6051-6053	ya	_	_	_	_	_	_	_	_	_	_	_	_	_	_	_	
42-4	6054-6059	bağlı	_	_	_	_	_	_	_	_	_	_	_	_	_	_	_	
42-5	6060-6067	gelişen	_	_	_	_	_	_	_	_	_	_	_	_	_	_	_	
42-6	6068-6080	granülomlara	_	_	_	_	_	_	_	_	_	_	_	_	_	_	_	
42-7	6081-6085	göre	_	_	_	_	_	_	_	_	_	_	_	_	_	_	_	
42-8	6086-6090	daha	_	_	_	_	_	_	_	_	_	_	_	_	_	_	_	
42-9	6091-6096	fazla	_	_	_	_	_	_	_	_	_	_	_	_	_	_	_	
42-10	6097-6105	hücresel	_	_	_	_	_	_	_	_	_	_	_	_	_	_	_	
42-11	6106-6115	infiltrat	_	_	_	_	_	_	_	_	_	_	_	_	_	_	_	
42-12	6116-6122	içerir	_	_	_	_	_	_	_	_	_	_	_	_	_	_	_	
42-13	6122-6123	.	_	_	_	_	_	_	_	_	_	_	_	_	_	_	_	

#Text=Poliakrilamid hidrojel Alcian mavisi ile pozitif boyanır ve polarize mikroskop altında çift kırılgan değildir.
43-1	6124-6137	Poliakrilamid	_	*[8]	_	_	_	_	_	_	_	_	_	_	_	_	_	
43-2	6138-6146	hidrojel	_	*[8]	_	_	_	_	_	_	_	_	_	_	_	_	_	
43-3	6147-6153	Alcian	_	_	_	_	_	_	_	_	_	_	_	_	_	_	_	
43-4	6154-6160	mavisi	_	_	_	_	_	_	_	_	_	_	_	_	_	_	_	
43-5	6161-6164	ile	_	_	_	_	_	_	_	_	_	_	_	_	_	_	_	
43-6	6165-6172	pozitif	_	_	_	_	_	_	_	_	_	_	_	_	_	_	_	
43-7	6173-6180	boyanır	_	_	_	_	_	_	_	_	_	_	_	_	_	_	_	
43-8	6181-6183	ve	_	_	_	_	_	_	_	_	_	_	_	_	_	_	_	
43-9	6184-6192	polarize	_	*[9]	_	*[22]	_	_	_	_	_	_	_	_	_	_	_	
43-10	6193-6202	mikroskop	_	*[9]	_	*[22]	_	_	_	_	_	_	_	_	_	_	_	
43-11	6203-6210	altında	_	*[9]	_	*[22]	_	_	_	_	_	_	_	_	_	_	_	
43-12	6211-6215	çift	_	*[9]	*[15]	_	_	_	_	_	_	_	_	_	_	_	_	
43-13	6216-6224	kırılgan	_	*[9]	*[15]	_	_	_	_	_	_	_	_	_	_	_	_	
43-14	6225-6233	değildir	_	_	_	_	_	_	*	partOfEvent	43-12[15]	isAnotherFocus	43-9[22]	NegLexMarker	partOfScope;partOfScope	43-9[9];43-1[8]	*	
43-15	6233-6234	.	_	_	_	_	_	_	_	_	_	_	_	_	_	_	_	

#Text=Dolgu uygulamaları sonrası nodül gelişimi erken ve orta/geç olarak ikiye ayrılabilir.
44-1	6235-6240	Dolgu	_	_	_	_	_	_	_	_	_	_	_	_	_	_	_	
44-2	6241-6253	uygulamaları	_	_	_	_	_	_	_	_	_	_	_	_	_	_	_	
44-3	6254-6261	sonrası	_	_	_	_	_	_	_	_	_	_	_	_	_	_	_	
44-4	6262-6267	nodül	_	_	_	_	_	_	_	_	_	_	_	_	_	_	_	
44-5	6268-6276	gelişimi	_	_	_	_	_	_	_	_	_	_	_	_	_	_	_	
44-6	6277-6282	erken	_	_	_	_	_	_	_	_	_	_	_	_	_	_	_	
44-7	6283-6285	ve	_	_	_	_	_	_	_	_	_	_	_	_	_	_	_	
44-8	6286-6290	orta	_	_	_	_	_	_	_	_	_	_	_	_	_	_	_	
44-9	6290-6291	/	_	_	_	_	_	_	_	_	_	_	_	_	_	_	_	
44-10	6291-6294	geç	_	_	_	_	_	_	_	_	_	_	_	_	_	_	_	
44-11	6295-6301	olarak	_	_	_	_	_	_	_	_	_	_	_	_	_	_	_	
44-12	6302-6307	ikiye	_	_	_	_	_	_	_	_	_	_	_	_	_	_	_	
44-13	6308-6319	ayrılabilir	_	_	_	_	_	_	_	_	_	_	_	_	_	_	_	
44-14	6319-6320	.	_	_	_	_	_	_	_	_	_	_	_	_	_	_	_	

#Text=İki haftadan daha erken meydana gelen nodüler komplikasyonlar yanlış dolgu yerleşimi ile ilişkili olabilir, ancak ağrı ve fluktuasyonun eşlik etmesi enfeksiyonu gösterebilir.
45-1	6321-6324	İki	_	_	_	_	_	_	_	_	_	_	_	_	_	_	_	
45-2	6325-6333	haftadan	_	_	_	_	_	_	_	_	_	_	_	_	_	_	_	
45-3	6334-6338	daha	_	_	_	_	_	_	_	_	_	_	_	_	_	_	_	
45-4	6339-6344	erken	_	_	_	_	_	_	_	_	_	_	_	_	_	_	_	
45-5	6345-6352	meydana	_	_	_	_	_	_	_	_	_	_	_	_	_	_	_	
45-6	6353-6358	gelen	_	_	_	_	_	_	_	_	_	_	_	_	_	_	_	
45-7	6359-6366	nodüler	_	_	_	_	_	_	_	_	_	_	_	_	_	_	_	
45-8	6367-6382	komplikasyonlar	_	_	_	_	_	_	_	_	_	_	_	_	_	_	_	
45-9	6383-6389	yanlış	_	_	_	_	_	_	_	_	_	_	_	_	_	_	_	
45-10	6390-6395	dolgu	_	_	_	_	_	_	_	_	_	_	_	_	_	_	_	
45-11	6396-6405	yerleşimi	_	_	_	_	_	_	_	_	_	_	_	_	_	_	_	
45-12	6406-6409	ile	_	_	_	_	_	_	_	_	_	_	_	_	_	_	_	
45-13	6410-6418	ilişkili	_	_	_	_	_	_	_	_	_	_	_	_	_	_	_	
45-14	6419-6427	olabilir	_	_	_	_	_	_	_	_	_	_	_	_	_	_	_	
45-15	6427-6428	,	_	_	_	_	_	_	_	_	_	_	_	_	_	_	_	
45-16	6429-6434	ancak	_	_	_	_	_	_	_	_	_	_	_	_	_	_	_	
45-17	6435-6439	ağrı	_	_	_	_	_	_	_	_	_	_	_	_	_	_	_	
45-18	6440-6442	ve	_	_	_	_	_	_	_	_	_	_	_	_	_	_	_	
45-19	6443-6456	fluktuasyonun	_	_	_	_	_	_	_	_	_	_	_	_	_	_	_	
45-20	6457-6462	eşlik	_	_	_	_	_	_	_	_	_	_	_	_	_	_	_	
45-21	6463-6469	etmesi	_	_	_	_	_	_	_	_	_	_	_	_	_	_	_	
45-22	6470-6481	enfeksiyonu	_	_	_	_	_	_	_	_	_	_	_	_	_	_	_	
45-23	6482-6494	gösterebilir	_	_	_	_	_	_	_	_	_	_	_	_	_	_	_	
45-24	6494-6495	.	_	_	_	_	_	_	_	_	_	_	_	_	_	_	_	

#Text=Enjeksiyondan iki hafta ila bir yıl sonra ortaya çıkan gecikmiş nodüller ile karakterize orta ve geç nodül komplikasyonları ve bir yıldan sonra ortaya çıkan gecikmiş nodüller, dolgu maddesine immün yanıt veya enfeksiyöz granülomlara bağlı olabilir.
46-1	6496-6509	Enjeksiyondan	_	_	_	_	_	_	_	_	_	_	_	_	_	_	_	
46-2	6510-6513	iki	_	_	_	_	_	_	_	_	_	_	_	_	_	_	_	
46-3	6514-6519	hafta	_	_	_	_	_	_	_	_	_	_	_	_	_	_	_	
46-4	6520-6523	ila	_	_	_	_	_	_	_	_	_	_	_	_	_	_	_	
46-5	6524-6527	bir	_	_	_	_	_	_	_	_	_	_	_	_	_	_	_	
46-6	6528-6531	yıl	_	_	_	_	_	_	_	_	_	_	_	_	_	_	_	
46-7	6532-6537	sonra	_	_	_	_	_	_	_	_	_	_	_	_	_	_	_	
46-8	6538-6544	ortaya	_	_	_	_	_	_	_	_	_	_	_	_	_	_	_	
46-9	6545-6550	çıkan	_	_	_	_	_	_	_	_	_	_	_	_	_	_	_	
46-10	6551-6559	gecikmiş	_	_	_	_	_	_	_	_	_	_	_	_	_	_	_	
46-11	6560-6568	nodüller	_	_	_	_	_	_	_	_	_	_	_	_	_	_	_	
46-12	6569-6572	ile	_	_	_	_	_	_	_	_	_	_	_	_	_	_	_	
46-13	6573-6584	karakterize	_	_	_	_	_	_	_	_	_	_	_	_	_	_	_	
46-14	6585-6589	orta	_	_	_	_	_	_	_	_	_	_	_	_	_	_	_	
46-15	6590-6592	ve	_	_	_	_	_	_	_	_	_	_	_	_	_	_	_	
46-16	6593-6596	geç	_	_	_	_	_	_	_	_	_	_	_	_	_	_	_	
46-17	6597-6602	nodül	_	_	_	_	_	_	_	_	_	_	_	_	_	_	_	
46-18	6603-6619	komplikasyonları	_	_	_	_	_	_	_	_	_	_	_	_	_	_	_	
46-19	6620-6622	ve	_	_	_	_	_	_	_	_	_	_	_	_	_	_	_	
46-20	6623-6626	bir	_	_	_	_	_	_	_	_	_	_	_	_	_	_	_	
46-21	6627-6633	yıldan	_	_	_	_	_	_	_	_	_	_	_	_	_	_	_	
46-22	6634-6639	sonra	_	_	_	_	_	_	_	_	_	_	_	_	_	_	_	
46-23	6640-6646	ortaya	_	_	_	_	_	_	_	_	_	_	_	_	_	_	_	
46-24	6647-6652	çıkan	_	_	_	_	_	_	_	_	_	_	_	_	_	_	_	
46-25	6653-6661	gecikmiş	_	_	_	_	_	_	_	_	_	_	_	_	_	_	_	
46-26	6662-6670	nodüller	_	_	_	_	_	_	_	_	_	_	_	_	_	_	_	
46-27	6670-6671	,	_	_	_	_	_	_	_	_	_	_	_	_	_	_	_	
46-28	6672-6677	dolgu	_	_	_	_	_	_	_	_	_	_	_	_	_	_	_	
46-29	6678-6687	maddesine	_	_	_	_	_	_	_	_	_	_	_	_	_	_	_	
46-30	6688-6693	immün	_	_	_	_	_	_	_	_	_	_	_	_	_	_	_	
46-31	6694-6699	yanıt	_	_	_	_	_	_	_	_	_	_	_	_	_	_	_	
46-32	6700-6704	veya	_	_	_	_	_	_	_	_	_	_	_	_	_	_	_	
46-33	6705-6715	enfeksiyöz	_	_	_	_	_	_	_	_	_	_	_	_	_	_	_	
46-34	6716-6728	granülomlara	_	_	_	_	_	_	_	_	_	_	_	_	_	_	_	
46-35	6729-6734	bağlı	_	_	_	_	_	_	_	_	_	_	_	_	_	_	_	
46-36	6735-6743	olabilir	_	_	_	_	_	_	_	_	_	_	_	_	_	_	_	
46-37	6743-6744	.	_	_	_	_	_	_	_	_	_	_	_	_	_	_	_	

#Text=Gecikmiş nodül gelişimi hipersensitivite reaksiyonu, biyofilm gelişimi, yumuşak doku enfeksiyonu veya yabancı cisim granülomu gelişimine bağlı görülebilir ve kalıcı dolgu uygulamalarında geçici dolguya göre daha sık görülürler.
47-1	6745-6753	Gecikmiş	_	_	_	_	_	_	_	_	_	_	_	_	_	_	_	
47-2	6754-6759	nodül	_	_	_	_	_	_	_	_	_	_	_	_	_	_	_	
47-3	6760-6768	gelişimi	_	_	_	_	_	_	_	_	_	_	_	_	_	_	_	
47-4	6769-6785	hipersensitivite	_	_	_	_	_	_	_	_	_	_	_	_	_	_	_	
47-5	6786-6796	reaksiyonu	_	_	_	_	_	_	_	_	_	_	_	_	_	_	_	
47-6	6796-6797	,	_	_	_	_	_	_	_	_	_	_	_	_	_	_	_	
47-7	6798-6806	biyofilm	_	_	_	_	_	_	_	_	_	_	_	_	_	_	_	
47-8	6807-6815	gelişimi	_	_	_	_	_	_	_	_	_	_	_	_	_	_	_	
47-9	6815-6816	,	_	_	_	_	_	_	_	_	_	_	_	_	_	_	_	
47-10	6817-6824	yumuşak	_	_	_	_	_	_	_	_	_	_	_	_	_	_	_	
47-11	6825-6829	doku	_	_	_	_	_	_	_	_	_	_	_	_	_	_	_	
47-12	6830-6841	enfeksiyonu	_	_	_	_	_	_	_	_	_	_	_	_	_	_	_	
47-13	6842-6846	veya	_	_	_	_	_	_	_	_	_	_	_	_	_	_	_	
47-14	6847-6854	yabancı	_	_	_	_	_	_	_	_	_	_	_	_	_	_	_	
47-15	6855-6860	cisim	_	_	_	_	_	_	_	_	_	_	_	_	_	_	_	
47-16	6861-6870	granülomu	_	_	_	_	_	_	_	_	_	_	_	_	_	_	_	
47-17	6871-6881	gelişimine	_	_	_	_	_	_	_	_	_	_	_	_	_	_	_	
47-18	6882-6887	bağlı	_	_	_	_	_	_	_	_	_	_	_	_	_	_	_	
47-19	6888-6899	görülebilir	_	_	_	_	_	_	_	_	_	_	_	_	_	_	_	
47-20	6900-6902	ve	_	_	_	_	_	_	_	_	_	_	_	_	_	_	_	
47-21	6903-6909	kalıcı	_	_	_	_	_	_	_	_	_	_	_	_	_	_	_	
47-22	6910-6915	dolgu	_	_	_	_	_	_	_	_	_	_	_	_	_	_	_	
47-23	6916-6931	uygulamalarında	_	_	_	_	_	_	_	_	_	_	_	_	_	_	_	
47-24	6932-6938	geçici	_	_	_	_	_	_	_	_	_	_	_	_	_	_	_	
47-25	6939-6946	dolguya	_	_	_	_	_	_	_	_	_	_	_	_	_	_	_	
47-26	6947-6951	göre	_	_	_	_	_	_	_	_	_	_	_	_	_	_	_	
47-27	6952-6956	daha	_	_	_	_	_	_	_	_	_	_	_	_	_	_	_	
47-28	6957-6960	sık	_	_	_	_	_	_	_	_	_	_	_	_	_	_	_	
47-29	6961-6971	görülürler	_	_	_	_	_	_	_	_	_	_	_	_	_	_	_	
47-30	6971-6972	.	_	_	_	_	_	_	_	_	_	_	_	_	_	_	_	

#Text=Enfeksiyöz gecikmiş nodüller biyofilmlere bağlı olabilse de daha az olarak atipik mikobakterilere bağlı da gelişebilir.
48-1	6973-6983	Enfeksiyöz	_	_	_	_	_	_	_	_	_	_	_	_	_	_	_	
48-2	6984-6992	gecikmiş	_	_	_	_	_	_	_	_	_	_	_	_	_	_	_	
48-3	6993-7001	nodüller	_	_	_	_	_	_	_	_	_	_	_	_	_	_	_	
48-4	7002-7014	biyofilmlere	_	_	_	_	_	_	_	_	_	_	_	_	_	_	_	
48-5	7015-7020	bağlı	_	_	_	_	_	_	_	_	_	_	_	_	_	_	_	
48-6	7021-7029	olabilse	_	_	_	_	_	_	_	_	_	_	_	_	_	_	_	
48-7	7030-7032	de	_	_	_	_	_	_	_	_	_	_	_	_	_	_	_	
48-8	7033-7037	daha	_	_	_	_	_	_	_	_	_	_	_	_	_	_	_	
48-9	7038-7040	az	_	_	_	_	_	_	_	_	_	_	_	_	_	_	_	
48-10	7041-7047	olarak	_	_	_	_	_	_	_	_	_	_	_	_	_	_	_	
48-11	7048-7054	atipik	_	*[10]	*	*[23]	_	_	*	partOfEvent	48-11	isAnotherFocus	48-11[23]	NegLexMarker	partOfScope	48-11[10]	*	
48-12	7055-7070	mikobakterilere	_	*[10]	_	*[23]	_	_	_	_	_	_	_	_	_	_	_	
48-13	7071-7076	bağlı	_	*[10]	_	_	_	_	_	_	_	_	_	_	_	_	_	
48-14	7077-7079	da	_	_	_	_	_	_	_	_	_	_	_	_	_	_	_	
48-15	7080-7091	gelişebilir	_	_	_	_	_	_	_	_	_	_	_	_	_	_	_	
48-16	7091-7092	.	_	_	_	_	_	_	_	_	_	_	_	_	_	_	_	

#Text=Dolgu uygulaması sonrası gecikmiş tipte komplikasyon gelişimi olduğunda ödeme fluktuasyon eşlik ediyorsa lezyona insizyon ve drenaj yapılması ve kültür antibiyogram yapılması, kültürde üreme varsa antibiyograma göre antibiyotik kullanımı, yoksa 2-6 hafta süreyle makrolid ve kinolon kullanımı önerilir.
49-1	7093-7098	Dolgu	_	_	_	_	_	_	_	_	_	_	_	_	_	_	_	
49-2	7099-7109	uygulaması	_	_	_	_	_	_	_	_	_	_	_	_	_	_	_	
49-3	7110-7117	sonrası	_	_	_	_	_	_	_	_	_	_	_	_	_	_	_	
49-4	7118-7126	gecikmiş	_	_	_	_	_	_	_	_	_	_	_	_	_	_	_	
49-5	7127-7132	tipte	_	_	_	_	_	_	_	_	_	_	_	_	_	_	_	
49-6	7133-7145	komplikasyon	_	_	_	_	_	_	_	_	_	_	_	_	_	_	_	
49-7	7146-7154	gelişimi	_	_	_	_	_	_	_	_	_	_	_	_	_	_	_	
49-8	7155-7164	olduğunda	_	_	_	_	_	_	_	_	_	_	_	_	_	_	_	
49-9	7165-7170	ödeme	_	_	_	_	_	_	_	_	_	_	_	_	_	_	_	
49-10	7171-7182	fluktuasyon	_	_	_	_	_	_	_	_	_	_	_	_	_	_	_	
49-11	7183-7188	eşlik	_	_	_	_	_	_	_	_	_	_	_	_	_	_	_	
49-12	7189-7197	ediyorsa	_	_	_	_	_	_	_	_	_	_	_	_	_	_	_	
49-13	7198-7205	lezyona	_	_	_	_	_	_	_	_	_	_	_	_	_	_	_	
49-14	7206-7214	insizyon	_	_	_	_	_	_	_	_	_	_	_	_	_	_	_	
49-15	7215-7217	ve	_	_	_	_	_	_	_	_	_	_	_	_	_	_	_	
49-16	7218-7224	drenaj	_	_	_	_	_	_	_	_	_	_	_	_	_	_	_	
49-17	7225-7234	yapılması	_	_	_	_	_	_	_	_	_	_	_	_	_	_	_	
49-18	7235-7237	ve	_	_	_	_	_	_	_	_	_	_	_	_	_	_	_	
49-19	7238-7244	kültür	_	_	_	_	_	_	_	_	_	_	_	_	_	_	_	
49-20	7245-7257	antibiyogram	_	_	_	_	_	_	_	_	_	_	_	_	_	_	_	
49-21	7258-7267	yapılması	_	_	_	_	_	_	_	_	_	_	_	_	_	_	_	
49-22	7267-7268	,	_	_	_	_	_	_	_	_	_	_	_	_	_	_	_	
49-23	7269-7277	kültürde	_	_	_	_	_	_	_	_	_	_	_	_	_	_	_	
49-24	7278-7283	üreme	_	_	_	_	_	_	_	_	_	_	_	_	_	_	_	
49-25	7284-7289	varsa	_	_	_	_	_	_	_	_	_	_	_	_	_	_	_	
49-26	7290-7303	antibiyograma	_	_	_	_	_	_	_	_	_	_	_	_	_	_	_	
49-27	7304-7308	göre	_	_	_	_	_	_	_	_	_	_	_	_	_	_	_	
49-28	7309-7320	antibiyotik	_	_	_	_	_	_	_	_	_	_	_	_	_	_	_	
49-29	7321-7330	kullanımı	_	_	_	_	_	_	_	_	_	_	_	_	_	_	_	
49-30	7330-7331	,	_	_	_	_	_	_	_	_	_	_	_	_	_	_	_	
49-31	7332-7337	yoksa	_	_	_	_	_	_	_	_	_	_	_	_	_	_	_	
49-32	7338-7339	2	_	_	_	_	_	_	_	_	_	_	_	_	_	_	_	
49-33	7339-7340	-	_	_	_	_	_	_	_	_	_	_	_	_	_	_	_	
49-34	7340-7341	6	_	_	_	_	_	_	_	_	_	_	_	_	_	_	_	
49-35	7342-7347	hafta	_	_	_	_	_	_	_	_	_	_	_	_	_	_	_	
49-36	7348-7355	süreyle	_	_	_	_	_	_	_	_	_	_	_	_	_	_	_	
49-37	7356-7364	makrolid	_	_	_	_	_	_	_	_	_	_	_	_	_	_	_	
49-38	7365-7367	ve	_	_	_	_	_	_	_	_	_	_	_	_	_	_	_	
49-39	7368-7375	kinolon	_	_	_	_	_	_	_	_	_	_	_	_	_	_	_	
49-40	7376-7385	kullanımı	_	_	_	_	_	_	_	_	_	_	_	_	_	_	_	
49-41	7386-7394	önerilir	_	_	_	_	_	_	_	_	_	_	_	_	_	_	_	
49-42	7394-7395	.	_	_	_	_	_	_	_	_	_	_	_	_	_	_	_	

#Text=Gerileme olmazsa kronik inflamasyonu baskılamak için intralezyonel triamsinolon asetonid uygulaması ve son basamakta ise eksizyon yapılması önerilmektedir.
50-1	7396-7404	Gerileme	_	*[11]	_	*	_	_	_	_	_	_	_	_	_	_	_	
50-2	7405-7412	olmazsa	_	*[11]	_	_	_	_	*	_	*	isAnotherFocus	50-1	NegMorMarker	partOfScope	50-1[11]	*	
50-3	7413-7419	kronik	_	_	_	_	_	_	_	_	_	_	_	_	_	_	_	
50-4	7420-7432	inflamasyonu	_	_	_	_	_	_	_	_	_	_	_	_	_	_	_	
50-5	7433-7443	baskılamak	_	_	_	_	_	_	_	_	_	_	_	_	_	_	_	
50-6	7444-7448	için	_	_	_	_	_	_	_	_	_	_	_	_	_	_	_	
50-7	7449-7462	intralezyonel	_	_	_	_	_	_	_	_	_	_	_	_	_	_	_	
50-8	7463-7475	triamsinolon	_	_	_	_	_	_	_	_	_	_	_	_	_	_	_	
50-9	7476-7484	asetonid	_	_	_	_	_	_	_	_	_	_	_	_	_	_	_	
50-10	7485-7495	uygulaması	_	_	_	_	_	_	_	_	_	_	_	_	_	_	_	
50-11	7496-7498	ve	_	_	_	_	_	_	_	_	_	_	_	_	_	_	_	
50-12	7499-7502	son	_	_	_	_	_	_	_	_	_	_	_	_	_	_	_	
50-13	7503-7512	basamakta	_	_	_	_	_	_	_	_	_	_	_	_	_	_	_	
50-14	7513-7516	ise	_	_	_	_	_	_	_	_	_	_	_	_	_	_	_	
50-15	7517-7525	eksizyon	_	_	_	_	_	_	_	_	_	_	_	_	_	_	_	
50-16	7526-7535	yapılması	_	_	_	_	_	_	_	_	_	_	_	_	_	_	_	
50-17	7536-7550	önerilmektedir	_	_	_	_	_	_	_	_	_	_	_	_	_	_	_	
50-18	7550-7551	.	_	_	_	_	_	_	_	_	_	_	_	_	_	_	_	

#Text=Literatürde içeriğin bilinmediği dermal dolgu uygulamasından dört ay sonra nodül gelişen ve intralezyonel steroid ile gerilemeyen olguda kolşisin tedavi sonrası nodüllerin gerilediği bildirilmiştir.
51-1	7552-7563	Literatürde	_	_	_	_	_	_	_	_	_	_	_	_	_	_	_	
51-2	7564-7572	içeriğin	_	*[12]	_	*[24]	_	_	_	_	_	_	_	_	_	_	_	
51-3	7573-7584	bilinmediği	_	*[12]	*	*[24]	_	_	*	partOfEvent	51-3	isAnotherFocus	51-2[24]	NegMorMarker	partOfScope	51-2[12]	*	
51-4	7585-7591	dermal	_	*[12]	_	*[24]	_	_	_	_	_	_	_	_	_	_	_	
51-5	7592-7597	dolgu	_	*[12]	_	*[24]	_	_	_	_	_	_	_	_	_	_	_	
51-6	7598-7612	uygulamasından	_	*[12]	_	*[24]	_	_	_	_	_	_	_	_	_	_	_	
51-7	7613-7617	dört	_	*[12]	_	_	_	_	_	_	_	_	_	_	_	_	_	
51-8	7618-7620	ay	_	*[12]	_	_	_	_	_	_	_	_	_	_	_	_	_	
51-9	7621-7626	sonra	_	*[12]	_	_	_	_	_	_	_	_	_	_	_	_	_	
51-10	7627-7632	nodül	_	_	_	_	_	_	_	_	_	_	_	_	_	_	_	
51-11	7633-7640	gelişen	_	_	_	_	_	_	_	_	_	_	_	_	_	_	_	
51-12	7641-7643	ve	_	_	_	_	_	_	_	_	_	_	_	_	_	_	_	
51-13	7644-7657	intralezyonel	_	_	_	_	_	_	_	_	_	_	_	_	_	_	_	
51-14	7658-7665	steroid	_	_	_	_	_	_	_	_	_	_	_	_	_	_	_	
51-15	7666-7669	ile	_	_	_	_	_	_	_	_	_	_	_	_	_	_	_	
51-16	7670-7681	gerilemeyen	_	_	_	_	_	_	_	_	_	_	_	_	_	_	_	
51-17	7682-7688	olguda	_	_	_	_	_	_	_	_	_	_	_	_	_	_	_	
51-18	7689-7697	kolşisin	_	_	_	_	_	_	_	_	_	_	_	_	_	_	_	
51-19	7698-7704	tedavi	_	_	_	_	_	_	_	_	_	_	_	_	_	_	_	
51-20	7705-7712	sonrası	_	_	_	_	_	_	_	_	_	_	_	_	_	_	_	
51-21	7713-7723	nodüllerin	_	_	_	_	_	_	_	_	_	_	_	_	_	_	_	
51-22	7724-7734	gerilediği	_	_	_	_	_	_	_	_	_	_	_	_	_	_	_	
51-23	7735-7749	bildirilmiştir	_	_	_	_	_	_	_	_	_	_	_	_	_	_	_	
51-24	7749-7750	.	_	_	_	_	_	_	_	_	_	_	_	_	_	_	_	

#Text=Burada kalıcı dermal dolgu uygulaması sonrası fluktuasyon gösteren geç nodül gelişimi olan ve altı hafta doksisiklin ve siprofloksasin kullanımından sonra iki kez intralezyonel kortikosteroid ve kolşisin tablet uygulanarak başarıyla tedavi edilen bir olgu dermal dolgu uygulamalarının komplikasyonlarına dikkat çekmek amacıyla sunulmaktadır.
52-1	7751-7757	Burada	_	_	_	_	_	_	_	_	_	_	_	_	_	_	_	
52-2	7758-7764	kalıcı	_	_	_	_	_	_	_	_	_	_	_	_	_	_	_	
52-3	7765-7771	dermal	_	_	_	_	_	_	_	_	_	_	_	_	_	_	_	
52-4	7772-7777	dolgu	_	_	_	_	_	_	_	_	_	_	_	_	_	_	_	
52-5	7778-7788	uygulaması	_	_	_	_	_	_	_	_	_	_	_	_	_	_	_	
52-6	7789-7796	sonrası	_	_	_	_	_	_	_	_	_	_	_	_	_	_	_	
52-7	7797-7808	fluktuasyon	_	_	_	_	_	_	_	_	_	_	_	_	_	_	_	
52-8	7809-7817	gösteren	_	_	_	_	_	_	_	_	_	_	_	_	_	_	_	
52-9	7818-7821	geç	_	_	_	_	_	_	_	_	_	_	_	_	_	_	_	
52-10	7822-7827	nodül	_	_	_	_	_	_	_	_	_	_	_	_	_	_	_	
52-11	7828-7836	gelişimi	_	_	_	_	_	_	_	_	_	_	_	_	_	_	_	
52-12	7837-7841	olan	_	_	_	_	_	_	_	_	_	_	_	_	_	_	_	
52-13	7842-7844	ve	_	_	_	_	_	_	_	_	_	_	_	_	_	_	_	
52-14	7845-7849	altı	_	_	_	_	_	_	_	_	_	_	_	_	_	_	_	
52-15	7850-7855	hafta	_	_	_	_	_	_	_	_	_	_	_	_	_	_	_	
52-16	7856-7867	doksisiklin	_	_	_	_	_	_	_	_	_	_	_	_	_	_	_	
52-17	7868-7870	ve	_	_	_	_	_	_	_	_	_	_	_	_	_	_	_	
52-18	7871-7885	siprofloksasin	_	_	_	_	_	_	_	_	_	_	_	_	_	_	_	
52-19	7886-7899	kullanımından	_	_	_	_	_	_	_	_	_	_	_	_	_	_	_	
52-20	7900-7905	sonra	_	_	_	_	_	_	_	_	_	_	_	_	_	_	_	
52-21	7906-7909	iki	_	_	_	_	_	_	_	_	_	_	_	_	_	_	_	
52-22	7910-7913	kez	_	_	_	_	_	_	_	_	_	_	_	_	_	_	_	
52-23	7914-7927	intralezyonel	_	_	_	_	_	_	_	_	_	_	_	_	_	_	_	
52-24	7928-7942	kortikosteroid	_	_	_	_	_	_	_	_	_	_	_	_	_	_	_	
52-25	7943-7945	ve	_	_	_	_	_	_	_	_	_	_	_	_	_	_	_	
52-26	7946-7954	kolşisin	_	_	_	_	_	_	_	_	_	_	_	_	_	_	_	
52-27	7955-7961	tablet	_	_	_	_	_	_	_	_	_	_	_	_	_	_	_	
52-28	7962-7973	uygulanarak	_	_	_	_	_	_	_	_	_	_	_	_	_	_	_	
52-29	7974-7983	başarıyla	_	_	_	_	_	_	_	_	_	_	_	_	_	_	_	
52-30	7984-7990	tedavi	_	_	_	_	_	_	_	_	_	_	_	_	_	_	_	
52-31	7991-7997	edilen	_	_	_	_	_	_	_	_	_	_	_	_	_	_	_	
52-32	7998-8001	bir	_	_	_	_	_	_	_	_	_	_	_	_	_	_	_	
52-33	8002-8006	olgu	_	_	_	_	_	_	_	_	_	_	_	_	_	_	_	
52-34	8007-8013	dermal	_	_	_	_	_	_	_	_	_	_	_	_	_	_	_	
52-35	8014-8019	dolgu	_	_	_	_	_	_	_	_	_	_	_	_	_	_	_	
52-36	8020-8035	uygulamalarının	_	_	_	_	_	_	_	_	_	_	_	_	_	_	_	
52-37	8036-8054	komplikasyonlarına	_	_	_	_	_	_	_	_	_	_	_	_	_	_	_	
52-38	8055-8061	dikkat	_	_	_	_	_	_	_	_	_	_	_	_	_	_	_	
52-39	8062-8068	çekmek	_	_	_	_	_	_	_	_	_	_	_	_	_	_	_	
52-40	8069-8077	amacıyla	_	_	_	_	_	_	_	_	_	_	_	_	_	_	_	
52-41	8078-8091	sunulmaktadır	_	_	_	_	_	_	_	_	_	_	_	_	_	_	_	
52-42	8091-8092	.	_	_	_	_	_	_	_	_	_	_	_	_	_	_	_	
