#FORMAT=WebAnno TSV 3.3


#Text=ÖZET
1-1	0-4	ÖZET	

#Text=Çocukluk çağında Akut pankreatit etiyolojisi erişkinlerden oldukça farklıdır.
2-1	5-13	Çocukluk	
2-2	14-21	çağında	
2-3	22-26	Akut	
2-4	27-37	pankreatit	
2-5	38-49	etiyolojisi	
2-6	50-63	erişkinlerden	
2-7	64-71	oldukça	
2-8	72-81	farklıdır	
2-9	81-82	.	

#Text=Pediatrik hastalarda oluşan pankreas psödokistleri oldukça nadir ve değişik bir seyir göstermektedir, tedavi yaklaşımı halen tartışılmaktadır.
3-1	83-92	Pediatrik	
3-2	93-103	hastalarda	
3-3	104-110	oluşan	
3-4	111-119	pankreas	
3-5	120-133	psödokistleri	
3-6	134-141	oldukça	
3-7	142-147	nadir	
3-8	148-150	ve	
3-9	151-158	değişik	
3-10	159-162	bir	
3-11	163-168	seyir	
3-12	169-183	göstermektedir	
3-13	183-184	,	
3-14	185-191	tedavi	
3-15	192-201	yaklaşımı	
3-16	202-207	halen	
3-17	208-224	tartışılmaktadır	
3-18	224-225	.	

#Text=Bu hastalarda akut pankreatit atağı genel olarak anamnezin önemli bir parçasıdır.
4-1	226-228	Bu	
4-2	229-239	hastalarda	
4-3	240-244	akut	
4-4	245-255	pankreatit	
4-5	256-261	atağı	
4-6	262-267	genel	
4-7	268-274	olarak	
4-8	275-284	anamnezin	
4-9	285-291	önemli	
4-10	292-295	bir	
4-11	296-306	parçasıdır	
4-12	306-307	.	

#Text=Literatürde safra taşına bağlı gelişen pankreas psödokistleri oldukça nadir olarak rapor edilmiştir.
5-1	308-319	Literatürde	
5-2	320-325	safra	
5-3	326-332	taşına	
5-4	333-338	bağlı	
5-5	339-346	gelişen	
5-6	347-355	pankreas	
5-7	356-369	psödokistleri	
5-8	370-377	oldukça	
5-9	378-383	nadir	
5-10	384-390	olarak	
5-11	391-396	rapor	
5-12	397-407	edilmiştir	
5-13	407-408	.	

#Text=Bunun altında anatomik bir bozukluk veya bir kan hastalığı olabileceği akılda tutulmalıdır.
6-1	409-414	Bunun	
6-2	415-422	altında	
6-3	423-431	anatomik	
6-4	432-435	bir	
6-5	436-444	bozukluk	
6-6	445-449	veya	
6-7	450-453	bir	
6-8	454-457	kan	
6-9	458-467	hastalığı	
6-10	468-479	olabileceği	
6-11	480-486	akılda	
6-12	487-499	tutulmalıdır	
6-13	499-500	.	

#Text=Etiyolojik nedenlere göre tedavisi değişen bu kistlerin genellikle travmaya bağlı olmayanlara cerrahi müdahale gerekmektedir.
7-1	501-511	Etiyolojik	
7-2	512-521	nedenlere	
7-3	522-526	göre	
7-4	527-535	tedavisi	
7-5	536-543	değişen	
7-6	544-546	bu	
7-7	547-556	kistlerin	
7-8	557-567	genellikle	
7-9	568-576	travmaya	
7-10	577-582	bağlı	
7-11	583-594	olmayanlara	
7-12	595-602	cerrahi	
7-13	603-611	müdahale	
7-14	612-625	gerekmektedir	
7-15	625-626	.	

#Text=Diğer yandan, travmaya bağlı gelişen psödokistlerin çoğu konservatif tedaviye yanıt vermekte ve takibe uygun olabilmektedir.
8-1	627-632	Diğer	
8-2	633-639	yandan	
8-3	639-640	,	
8-4	641-649	travmaya	
8-5	650-655	bağlı	
8-6	656-663	gelişen	
8-7	664-678	psödokistlerin	
8-8	679-683	çoğu	
8-9	684-695	konservatif	
8-10	696-704	tedaviye	
8-11	705-710	yanıt	
8-12	711-719	vermekte	
8-13	720-722	ve	
8-14	723-729	takibe	
8-15	730-735	uygun	
8-16	736-750	olabilmektedir	
8-17	750-751	.	

#Text=Çocuklarda kalıcı semptomların veya komplikasyonların geliştiği durumlarda, invaziv müdahalelerinin yapılması veya vakaya göre cerrahi yönteminin planlanması gerekmektedir.
9-1	752-762	Çocuklarda	
9-2	763-769	kalıcı	
9-3	770-782	semptomların	
9-4	783-787	veya	
9-5	788-805	komplikasyonların	
9-6	806-815	geliştiği	
9-7	816-826	durumlarda	
9-8	826-827	,	
9-9	828-835	invaziv	
9-10	836-851	müdahalelerinin	
9-11	852-861	yapılması	
9-12	862-866	veya	
9-13	867-873	vakaya	
9-14	874-878	göre	
9-15	879-886	cerrahi	
9-16	887-897	yönteminin	
9-17	898-909	planlanması	
9-18	910-923	gerekmektedir	
9-19	923-924	.	

#Text=Bireysel olarak seçilen cerrahi tedavilerinin çoğu güvenli ve etkin sonuçlar vermektedir.
10-1	925-933	Bireysel	
10-2	934-940	olarak	
10-3	941-948	seçilen	
10-4	949-956	cerrahi	
10-5	957-970	tedavilerinin	
10-6	971-975	çoğu	
10-7	976-983	güvenli	
10-8	984-986	ve	
10-9	987-992	etkin	
10-10	993-1001	sonuçlar	
10-11	1002-1013	vermektedir	
10-12	1013-1014	.	

#Text=GİRİŞ
11-1	1015-1020	GİRİŞ	

#Text=Pankreas psödokistleri, pankreas parankimindeki inflamasyon veya pankreas kanalının yırtılması sonucu açığa çıkan pankreas salgısının bir boşlukta birikmesiyle oluşur.
12-1	1021-1029	Pankreas	
12-2	1030-1043	psödokistleri	
12-3	1043-1044	,	
12-4	1045-1053	pankreas	
12-5	1054-1068	parankimindeki	
12-6	1069-1080	inflamasyon	
12-7	1081-1085	veya	
12-8	1086-1094	pankreas	
12-9	1095-1104	kanalının	
12-10	1105-1115	yırtılması	
12-11	1116-1122	sonucu	
12-12	1123-1128	açığa	
12-13	1129-1134	çıkan	
12-14	1135-1143	pankreas	
12-15	1144-1154	salgısının	
12-16	1155-1158	bir	
12-17	1159-1167	boşlukta	
12-18	1168-1180	birikmesiyle	
12-19	1181-1187	oluşur	
12-20	1187-1188	.	

#Text=Psödokistlerin duvarında epitel hücresi bulunmaz.
13-1	1189-1203	Psödokistlerin	
13-2	1204-1213	duvarında	
13-3	1214-1220	epitel	
13-4	1221-1228	hücresi	
13-5	1229-1237	bulunmaz	
13-6	1237-1238	.	

#Text=Kistin sınırları küçük omental boşluktaki organlar tarafından oluşturulur.
14-1	1239-1245	Kistin	
14-2	1246-1255	sınırları	
14-3	1256-1261	küçük	
14-4	1262-1269	omental	
14-5	1270-1280	boşluktaki	
14-6	1281-1289	organlar	
14-7	1290-1300	tarafından	
14-8	1301-1312	oluşturulur	
14-9	1312-1313	.	

#Text=Erken dönemde kistlerin duvarı ince olur, ancak 4-6 hafta içinde kalınlaşır.
15-1	1314-1319	Erken	
15-2	1320-1327	dönemde	
15-3	1328-1337	kistlerin	
15-4	1338-1344	duvarı	
15-5	1345-1349	ince	
15-6	1350-1354	olur	
15-7	1354-1355	,	
15-8	1356-1361	ancak	
15-9	1362-1363	4	
15-10	1363-1364	-	
15-11	1364-1365	6	
15-12	1366-1371	hafta	
15-13	1372-1378	içinde	
15-14	1379-1389	kalınlaşır	
15-15	1389-1390	.	

#Text=Pankreas psödokistleri kendiliğinden kaybolabilmesinin yanında hastanın hayatını ciddi bir şekilde tehdit edebilecek enfeksiyon, kanama, yırtılma, fistülizasyon ve obstrüksiyon gibi komplikasyonlara da yol açabilmektedir.
16-1	1391-1399	Pankreas	
16-2	1400-1413	psödokistleri	
16-3	1414-1427	kendiliğinden	
16-4	1428-1445	kaybolabilmesinin	
16-5	1446-1453	yanında	
16-6	1454-1462	hastanın	
16-7	1463-1471	hayatını	
16-8	1472-1477	ciddi	
16-9	1478-1481	bir	
16-10	1482-1489	şekilde	
16-11	1490-1496	tehdit	
16-12	1497-1507	edebilecek	
16-13	1508-1518	enfeksiyon	
16-14	1518-1519	,	
16-15	1520-1526	kanama	
16-16	1526-1527	,	
16-17	1528-1536	yırtılma	
16-18	1536-1537	,	
16-19	1538-1551	fistülizasyon	
16-20	1552-1554	ve	
16-21	1555-1567	obstrüksiyon	
16-22	1568-1572	gibi	
16-23	1573-1589	komplikasyonlara	
16-24	1590-1592	da	
16-25	1593-1596	yol	
16-26	1597-1611	açabilmektedir	
16-27	1611-1612	.	

#Text=Çocuklarda pankreas psödokistlerinin en sık nedeni künt karın travmalarıdır.
17-1	1613-1623	Çocuklarda	
17-2	1624-1632	pankreas	
17-3	1633-1649	psödokistlerinin	
17-4	1650-1652	en	
17-5	1653-1656	sık	
17-6	1657-1663	nedeni	
17-7	1664-1668	künt	
17-8	1669-1674	karın	
17-9	1675-1688	travmalarıdır	
17-10	1688-1689	.	

#Text=Çocuklarda pankreas travmasından sonra pankreas psödokisti gelişme insidansı %0 ile %69 arasında bildirilmiştir.
18-1	1690-1700	Çocuklarda	
18-2	1701-1709	pankreas	
18-3	1710-1722	travmasından	
18-4	1723-1728	sonra	
18-5	1729-1737	pankreas	
18-6	1738-1748	psödokisti	
18-7	1749-1756	gelişme	
18-8	1757-1766	insidansı	
18-9	1767-1768	%	
18-10	1768-1769	0	
18-11	1770-1773	ile	
18-12	1774-1775	%	
18-13	1775-1777	69	
18-14	1778-1786	arasında	
18-15	1787-1801	bildirilmiştir	
18-16	1801-1802	.	

#Text=Bunun dışında safra yolu hastalıkları, viral hastalıklar, steroid ve diğer bazı ilaçların yan etkilerinin yanı sıra bazı nadir metabolik hastalıkların da neden oldukları akut pankreatit ataklarına sekonder pankreas psödokistleri gelişebilmektedir.
19-1	1803-1808	Bunun	
19-2	1809-1816	dışında	
19-3	1817-1822	safra	
19-4	1823-1827	yolu	
19-5	1828-1840	hastalıkları	
19-6	1840-1841	,	
19-7	1842-1847	viral	
19-8	1848-1859	hastalıklar	
19-9	1859-1860	,	
19-10	1861-1868	steroid	
19-11	1869-1871	ve	
19-12	1872-1877	diğer	
19-13	1878-1882	bazı	
19-14	1883-1892	ilaçların	
19-15	1893-1896	yan	
19-16	1897-1908	etkilerinin	
19-17	1909-1913	yanı	
19-18	1914-1918	sıra	
19-19	1919-1923	bazı	
19-20	1924-1929	nadir	
19-21	1930-1939	metabolik	
19-22	1940-1953	hastalıkların	
19-23	1954-1956	da	
19-24	1957-1962	neden	
19-25	1963-1972	oldukları	
19-26	1973-1977	akut	
19-27	1978-1988	pankreatit	
19-28	1989-1999	ataklarına	
19-29	2000-2008	sekonder	
19-30	2009-2017	pankreas	
19-31	2018-2031	psödokistleri	
19-32	2032-2049	gelişebilmektedir	
19-33	2049-2050	.	

#Text=Çocuklarda akut pankreatit olgularının %3.1’i safra taşına bağlı olduğu bilinmektedir.
20-1	2051-2061	Çocuklarda	
20-2	2062-2066	akut	
20-3	2067-2077	pankreatit	
20-4	2078-2089	olgularının	
20-5	2090-2091	%	
20-6	2091-2094	3.1	
20-7	2094-2095	’	
20-8	2095-2096	i	
20-9	2097-2102	safra	
20-10	2103-2109	taşına	
20-11	2110-2115	bağlı	
20-12	2116-2122	olduğu	
20-13	2123-2136	bilinmektedir	
20-14	2136-2137	.	

#Text=Genel olarak, küçük ve semptomatik olmayan psödokistlerin, barsakların dinlendirilmesi ve total parenteral beslenme ile kendiliğinden düzelebildikleri bilinmektedir.
21-1	2138-2143	Genel	
21-2	2144-2150	olarak	
21-3	2150-2151	,	
21-4	2152-2157	küçük	
21-5	2158-2160	ve	
21-6	2161-2172	semptomatik	
21-7	2173-2180	olmayan	
21-8	2181-2195	psödokistlerin	
21-9	2195-2196	,	
21-10	2197-2208	barsakların	
21-11	2209-2224	dinlendirilmesi	
21-12	2225-2227	ve	
21-13	2228-2233	total	
21-14	2234-2244	parenteral	
21-15	2245-2253	beslenme	
21-16	2254-2257	ile	
21-17	2258-2271	kendiliğinden	
21-18	2272-2288	düzelebildikleri	
21-19	2289-2302	bilinmektedir	
21-20	2302-2303	.	

#Text=Konservatif tedaviyle düzelme oranları %25 ile %60 arasında bildirilmiştir.
22-1	2304-2315	Konservatif	
22-2	2316-2325	tedaviyle	
22-3	2326-2333	düzelme	
22-4	2334-2342	oranları	
22-5	2343-2344	%	
22-6	2344-2346	25	
22-7	2347-2350	ile	
22-8	2351-2352	%	
22-9	2352-2354	60	
22-10	2355-2363	arasında	
22-11	2364-2378	bildirilmiştir	
22-12	2378-2379	.	

#Text=Ancak kalıcı ve semptomatik olgularda, ve çapı 6 cm’ den büyük pankreatik psödokistlerin perkütan, endoskopik ve cerrahi yöntemleriyle tedavi edilmesi gerekmektedir.
23-1	2380-2385	Ancak	
23-2	2386-2392	kalıcı	
23-3	2393-2395	ve	
23-4	2396-2407	semptomatik	
23-5	2408-2417	olgularda	
23-6	2417-2418	,	
23-7	2419-2421	ve	
23-8	2422-2426	çapı	
23-9	2427-2428	6	
23-10	2429-2431	cm	
23-11	2431-2432	’	
23-12	2433-2436	den	
23-13	2437-2442	büyük	
23-14	2443-2453	pankreatik	
23-15	2454-2468	psödokistlerin	
23-16	2469-2477	perkütan	
23-17	2477-2478	,	
23-18	2479-2489	endoskopik	
23-19	2490-2492	ve	
23-20	2493-2500	cerrahi	
23-21	2501-2514	yöntemleriyle	
23-22	2515-2521	tedavi	
23-23	2522-2530	edilmesi	
23-24	2531-2544	gerekmektedir	
23-25	2544-2545	.	

#Text=İÇERİK
24-1	2546-2552	İÇERİK	

#Text=12 yaşında kadın hastada oluşan ani ve şiddetli olarak tarif edilen karın ve sırt ağrısı, bulantı ve kusma şikayetleri ile periferde bulunan bir hastanede akut batın ön tanısı ile acil ameliyata alınmış.
25-1	2553-2555	12	
25-2	2556-2563	yaşında	
25-3	2564-2569	kadın	
25-4	2570-2577	hastada	
25-5	2578-2584	oluşan	
25-6	2585-2588	ani	
25-7	2589-2591	ve	
25-8	2592-2600	şiddetli	
25-9	2601-2607	olarak	
25-10	2608-2613	tarif	
25-11	2614-2620	edilen	
25-12	2621-2626	karın	
25-13	2627-2629	ve	
25-14	2630-2634	sırt	
25-15	2635-2641	ağrısı	
25-16	2641-2642	,	
25-17	2643-2650	bulantı	
25-18	2651-2653	ve	
25-19	2654-2659	kusma	
25-20	2660-2671	şikayetleri	
25-21	2672-2675	ile	
25-22	2676-2685	periferde	
25-23	2686-2693	bulunan	
25-24	2694-2697	bir	
25-25	2698-2707	hastanede	
25-26	2708-2712	akut	
25-27	2713-2718	batın	
25-28	2719-2721	ön	
25-29	2722-2728	tanısı	
25-30	2729-2732	ile	
25-31	2733-2737	acil	
25-32	2738-2747	ameliyata	
25-33	2748-2755	alınmış	
25-34	2755-2756	.	

#Text=Ameliyatta Apendektomi yapıldığı ve karın boşluğunun drene edildiği rapor edilmiş.
26-1	2757-2767	Ameliyatta	
26-2	2768-2779	Apendektomi	
26-3	2780-2789	yapıldığı	
26-4	2790-2792	ve	
26-5	2793-2798	karın	
26-6	2799-2809	boşluğunun	
26-7	2810-2815	drene	
26-8	2816-2824	edildiği	
26-9	2825-2830	rapor	
26-10	2831-2838	edilmiş	
26-11	2838-2839	.	

#Text=Hasta karın ağrısı şikayetleri ameliyat sonrası da devam etmesi üzerine hastanemize başvurdu.
27-1	2840-2845	Hasta	
27-2	2846-2851	karın	
27-3	2852-2858	ağrısı	
27-4	2859-2870	şikayetleri	
27-5	2871-2879	ameliyat	
27-6	2880-2887	sonrası	
27-7	2888-2890	da	
27-8	2891-2896	devam	
27-9	2897-2903	etmesi	
27-10	2904-2911	üzerine	
27-11	2912-2923	hastanemize	
27-12	2924-2932	başvurdu	
27-13	2932-2933	.	

#Text=Yapılan tetkiklerinde karaciğer fonksiyon testlerinin seviyeleri yüksek olduğu saptandı.
28-1	2934-2941	Yapılan	
28-2	2942-2955	tetkiklerinde	
28-3	2956-2965	karaciğer	
28-4	2966-2975	fonksiyon	
28-5	2976-2987	testlerinin	
28-6	2988-2998	seviyeleri	
28-7	2999-3005	yüksek	
28-8	3006-3012	olduğu	
28-9	3013-3021	saptandı	
28-10	3021-3022	.	

#Text=Yapılan kan tetkiklerinde serum glutamik oksaloasetik asit transaminaz (SGOT): 863 U/L, serum glutamik pirüvik transaminaz (SGPT): 277 U/L, gama-glutamil-transpeptidaz (γ-GT): 186 U/L, amilaz 3250 U/L, lipaz 1690 U/L olarak ölçüldü.
29-1	3023-3030	Yapılan	
29-2	3031-3034	kan	
29-3	3035-3048	tetkiklerinde	
29-4	3049-3054	serum	
29-5	3055-3063	glutamik	
29-6	3064-3076	oksaloasetik	
29-7	3077-3081	asit	
29-8	3082-3093	transaminaz	
29-9	3094-3095	(	
29-10	3095-3099	SGOT	
29-11	3099-3100	)	
29-12	3100-3101	:	
29-13	3102-3105	863	
29-14	3106-3107	U	
29-15	3107-3108	/	
29-16	3108-3109	L	
29-17	3109-3110	,	
29-18	3111-3116	serum	
29-19	3117-3125	glutamik	
29-20	3126-3133	pirüvik	
29-21	3134-3145	transaminaz	
29-22	3146-3147	(	
29-23	3147-3151	SGPT	
29-24	3151-3152	)	
29-25	3152-3153	:	
29-26	3154-3157	277	
29-27	3158-3159	U	
29-28	3159-3160	/	
29-29	3160-3161	L	
29-30	3161-3162	,	
29-31	3163-3190	gama-glutamil-transpeptidaz	
29-32	3191-3192	(	
29-33	3192-3196	γ-GT	
29-34	3196-3197	)	
29-35	3197-3198	:	
29-36	3199-3202	186	
29-37	3203-3204	U	
29-38	3204-3205	/	
29-39	3205-3206	L	
29-40	3206-3207	,	
29-41	3208-3214	amilaz	
29-42	3215-3219	3250	
29-43	3220-3221	U	
29-44	3221-3222	/	
29-45	3222-3223	L	
29-46	3223-3224	,	
29-47	3225-3230	lipaz	
29-48	3231-3235	1690	
29-49	3236-3237	U	
29-50	3237-3238	/	
29-51	3238-3239	L	
29-52	3240-3246	olarak	
29-53	3247-3254	ölçüldü	
29-54	3254-3255	.	

#Text=Beyaz küreleri 6,20 (x103/ul) olup normal olarak değerlendirildi.
30-1	3256-3261	Beyaz	
30-2	3262-3270	küreleri	
30-3	3271-3275	6,20	
30-4	3276-3277	(	
30-5	3277-3281	x103	
30-6	3281-3282	/	
30-7	3282-3284	ul	
30-8	3284-3285	)	
30-9	3286-3290	olup	
30-10	3291-3297	normal	
30-11	3298-3304	olarak	
30-12	3305-3320	değerlendirildi	
30-13	3320-3321	.	

#Text=Yapılan diğer tetkiklerinde herhangi bir hematolojik veya metabolik hastalık saptanmadı.
31-1	3322-3329	Yapılan	
31-2	3330-3335	diğer	
31-3	3336-3349	tetkiklerinde	
31-4	3350-3358	herhangi	
31-5	3359-3362	bir	
31-6	3363-3374	hematolojik	
31-7	3375-3379	veya	
31-8	3380-3389	metabolik	
31-9	3390-3398	hastalık	
31-10	3399-3409	saptanmadı	
31-11	3409-3410	.	

#Text=Batın ultrasonografisinde safra kesesinin duvar kalınlığı 7 mm olarak ölçüldü, içinde en büyüğü 8 mm çapında birden fazla taş tespit edildi.
32-1	3411-3416	Batın	
32-2	3417-3436	ultrasonografisinde	
32-3	3437-3442	safra	
32-4	3443-3452	kesesinin	
32-5	3453-3458	duvar	
32-6	3459-3468	kalınlığı	
32-7	3469-3470	7	
32-8	3471-3473	mm	
32-9	3474-3480	olarak	
32-10	3481-3488	ölçüldü	
32-11	3488-3489	,	
32-12	3490-3496	içinde	
32-13	3497-3499	en	
32-14	3500-3506	büyüğü	
32-15	3507-3508	8	
32-16	3509-3511	mm	
32-17	3512-3519	çapında	
32-18	3520-3526	birden	
32-19	3527-3532	fazla	
32-20	3533-3536	taş	
32-21	3537-3543	tespit	
32-22	3544-3550	edildi	
32-23	3550-3551	.	

#Text=Ayrıca pankreas boyunun anteriorunda 5x4 cm çapında, apse olabilecek bir oluşum saptandı.
33-1	3552-3558	Ayrıca	
33-2	3559-3567	pankreas	
33-3	3568-3575	boyunun	
33-4	3576-3588	anteriorunda	
33-5	3589-3592	5x4	
33-6	3593-3595	cm	
33-7	3596-3603	çapında	
33-8	3603-3604	,	
33-9	3605-3609	apse	
33-10	3610-3620	olabilecek	
33-11	3621-3624	bir	
33-12	3625-3631	oluşum	
33-13	3632-3640	saptandı	
33-14	3640-3641	.	

#Text=Bunun üzerine çekilen batın tomografisinde insizyon hattı altında 5x4x3 cm çapında bir koleksiyon, periçekal bölgede apandektomiye bağlı olabilecek benzer nitelikli iki ayrı oluşum tarif edilmiştir.
34-1	3642-3647	Bunun	
34-2	3648-3655	üzerine	
34-3	3656-3663	çekilen	
34-4	3664-3669	batın	
34-5	3670-3684	tomografisinde	
34-6	3685-3693	insizyon	
34-7	3694-3699	hattı	
34-8	3700-3707	altında	
34-9	3708-3713	5x4x3	
34-10	3714-3716	cm	
34-11	3717-3724	çapında	
34-12	3725-3728	bir	
34-13	3729-3739	koleksiyon	
34-14	3739-3740	,	
34-15	3741-3750	periçekal	
34-16	3751-3758	bölgede	
34-17	3759-3772	apandektomiye	
34-18	3773-3778	bağlı	
34-19	3779-3789	olabilecek	
34-20	3790-3796	benzer	
34-21	3797-3806	nitelikli	
34-22	3807-3810	iki	
34-23	3811-3815	ayrı	
34-24	3816-3822	oluşum	
34-25	3823-3828	tarif	
34-26	3829-3839	edilmiştir	
34-27	3839-3840	.	

#Text=Tomografide safra kanalları ve pankreas ile ilgili herhangi bir anomali görülmemiştir.
35-1	3841-3852	Tomografide	
35-2	3853-3858	safra	
35-3	3859-3868	kanalları	
35-4	3869-3871	ve	
35-5	3872-3880	pankreas	
35-6	3881-3884	ile	
35-7	3885-3891	ilgili	
35-8	3892-3900	herhangi	
35-9	3901-3904	bir	
35-10	3905-3912	anomali	
35-11	3913-3926	görülmemiştir	
35-12	3926-3927	.	

#Text=Medikal tedaviye alınan hastaya endoskopik retrograd kolanjiopankreatografi (ERKP) planlanmış, ancak teknik nedenlerden dolayı yapılamamıştır.
36-1	3928-3935	Medikal	
36-2	3936-3944	tedaviye	
36-3	3945-3951	alınan	
36-4	3952-3959	hastaya	
36-5	3960-3970	endoskopik	
36-6	3971-3980	retrograd	
36-7	3981-4003	kolanjiopankreatografi	
36-8	4004-4005	(	
36-9	4005-4009	ERKP	
36-10	4009-4010	)	
36-11	4011-4021	planlanmış	
36-12	4021-4022	,	
36-13	4023-4028	ancak	
36-14	4029-4035	teknik	
36-15	4036-4047	nedenlerden	
36-16	4048-4054	dolayı	
36-17	4055-4069	yapılamamıştır	
36-18	4069-4070	.	

#Text=Üç gün sonra şiddetli karın ağrısının bir kez daha ortaya çıkması nedeniyle tekrar batın bilgisayarlı tomografisi çekildi.
37-1	4071-4073	Üç	
37-2	4074-4077	gün	
37-3	4078-4083	sonra	
37-4	4084-4092	şiddetli	
37-5	4093-4098	karın	
37-6	4099-4108	ağrısının	
37-7	4109-4112	bir	
37-8	4113-4116	kez	
37-9	4117-4121	daha	
37-10	4122-4128	ortaya	
37-11	4129-4136	çıkması	
37-12	4137-4146	nedeniyle	
37-13	4147-4153	tekrar	
37-14	4154-4159	batın	
37-15	4160-4172	bilgisayarlı	
37-16	4173-4184	tomografisi	
37-17	4185-4192	çekildi	
37-18	4192-4193	.	

#Text=Pankreasta diﬀüzödem ve peripankreatik bölgede ciddi enflamasyon ve dağınık sıvı birikimi saptandı.
38-1	4194-4204	Pankreasta	
38-2	4205-4214	diﬀüzödem	
38-3	4215-4217	ve	
38-4	4218-4232	peripankreatik	
38-5	4233-4240	bölgede	
38-6	4241-4246	ciddi	
38-7	4247-4258	enflamasyon	
38-8	4259-4261	ve	
38-9	4262-4269	dağınık	
38-10	4270-4274	sıvı	
38-11	4275-4283	birikimi	
38-12	4284-4292	saptandı	
38-13	4292-4293	.	

#Text=Bu bulgularla hastada akutbiliyer pankreatit düşünüldü ve medikal tedavisi bu yönde düzenlendi.
39-1	4294-4296	Bu	
39-2	4297-4307	bulgularla	
39-3	4308-4315	hastada	
39-4	4316-4327	akutbiliyer	
39-5	4328-4338	pankreatit	
39-6	4339-4348	düşünüldü	
39-7	4349-4351	ve	
39-8	4352-4359	medikal	
39-9	4360-4368	tedavisi	
39-10	4369-4371	bu	
39-11	4372-4377	yönde	
39-12	4378-4388	düzenlendi	
39-13	4388-4389	.	

#Text=Takiplerinde klinik durumu düzelen ve biyokimyasal parametreleri normal seviyelere gerileyen hasta 10 gün sonra taburcu edildi.
40-1	4390-4402	Takiplerinde	
40-2	4403-4409	klinik	
40-3	4410-4416	durumu	
40-4	4417-4424	düzelen	
40-5	4425-4427	ve	
40-6	4428-4440	biyokimyasal	
40-7	4441-4454	parametreleri	
40-8	4455-4461	normal	
40-9	4462-4472	seviyelere	
40-10	4473-4482	gerileyen	
40-11	4483-4488	hasta	
40-12	4489-4491	10	
40-13	4492-4495	gün	
40-14	4496-4501	sonra	
40-15	4502-4509	taburcu	
40-16	4510-4516	edildi	
40-17	4516-4517	.	

#Text=Bir ay sonra kontrole gelen hastanın bütün kan biyokimya değerleri normaldi, ancak çekilen yeni batın bilgisayarlı tomografisinde akut pankreatite sekonder pankreas yatağında, retroperitoneal alanını doldurmuş 20 cm çapında kistik bir koleksyonun geliştiği saptandı.
41-1	4518-4521	Bir	
41-2	4522-4524	ay	
41-3	4525-4530	sonra	
41-4	4531-4539	kontrole	
41-5	4540-4545	gelen	
41-6	4546-4554	hastanın	
41-7	4555-4560	bütün	
41-8	4561-4564	kan	
41-9	4565-4574	biyokimya	
41-10	4575-4584	değerleri	
41-11	4585-4593	normaldi	
41-12	4593-4594	,	
41-13	4595-4600	ancak	
41-14	4601-4608	çekilen	
41-15	4609-4613	yeni	
41-16	4614-4619	batın	
41-17	4620-4632	bilgisayarlı	
41-18	4633-4647	tomografisinde	
41-19	4648-4652	akut	
41-20	4653-4664	pankreatite	
41-21	4665-4673	sekonder	
41-22	4674-4682	pankreas	
41-23	4683-4692	yatağında	
41-24	4692-4693	,	
41-25	4694-4709	retroperitoneal	
41-26	4710-4717	alanını	
41-27	4718-4727	doldurmuş	
41-28	4728-4730	20	
41-29	4731-4733	cm	
41-30	4734-4741	çapında	
41-31	4742-4748	kistik	
41-32	4749-4752	bir	
41-33	4753-4764	koleksyonun	
41-34	4765-4774	geliştiği	
41-35	4775-4783	saptandı	
41-36	4783-4784	.	

#Text=Ayrıca Morrison ve Douglas boşluklarında az miktarda serbest sıvı saptandı.
42-1	4785-4791	Ayrıca	
42-2	4792-4800	Morrison	
42-3	4801-4803	ve	
42-4	4804-4811	Douglas	
42-5	4812-4825	boşluklarında	
42-6	4826-4828	az	
42-7	4829-4837	miktarda	
42-8	4838-4845	serbest	
42-9	4846-4850	sıvı	
42-10	4851-4859	saptandı	
42-11	4859-4860	.	

#Text=Bu bulgularla, pankreatit sonrası psödokist tanısı konan hastanın 6 hafta sonrasına ameliyat edilmesi planlandı.
43-1	4861-4863	Bu	
43-2	4864-4874	bulgularla	
43-3	4874-4875	,	
43-4	4876-4886	pankreatit	
43-5	4887-4894	sonrası	
43-6	4895-4904	psödokist	
43-7	4905-4911	tanısı	
43-8	4912-4917	konan	
43-9	4918-4926	hastanın	
43-10	4927-4928	6	
43-11	4929-4934	hafta	
43-12	4935-4944	sonrasına	
43-13	4945-4953	ameliyat	
43-14	4954-4962	edilmesi	
43-15	4963-4972	planlandı	
43-16	4972-4973	.	

#Text=Operasyonda öncelikle kolesistektomi yapıldı, ardından çekilen kolanjiyografide ana safra kanallarında herhangi bir dolum defektinin olmadığı görüldü.
44-1	4974-4985	Operasyonda	
44-2	4986-4995	öncelikle	
44-3	4996-5010	kolesistektomi	
44-4	5011-5018	yapıldı	
44-5	5018-5019	,	
44-6	5020-5028	ardından	
44-7	5029-5036	çekilen	
44-8	5037-5053	kolanjiyografide	
44-9	5054-5057	ana	
44-10	5058-5063	safra	
44-11	5064-5076	kanallarında	
44-12	5077-5085	herhangi	
44-13	5086-5089	bir	
44-14	5090-5095	dolum	
44-15	5096-5106	defektinin	
44-16	5107-5115	olmadığı	
44-17	5116-5123	görüldü	
44-18	5123-5124	.	

#Text=Sistik kanaldan verilen kontrast maddesinin duodenuma rahat bir geçiş yaptığı saptandı.
45-1	5125-5131	Sistik	
45-2	5132-5140	kanaldan	
45-3	5141-5148	verilen	
45-4	5149-5157	kontrast	
45-5	5158-5168	maddesinin	
45-6	5169-5178	duodenuma	
45-7	5179-5184	rahat	
45-8	5185-5188	bir	
45-9	5189-5194	geçiş	
45-10	5195-5202	yaptığı	
45-11	5203-5211	saptandı	
45-12	5211-5212	.	

#Text=Ameliyatta kist içinden aspire edilen mayiden ölçülen amilaz değeri 2039 U/L gelmesi üzerine psödokist tanısı kesinleşti.
46-1	5213-5223	Ameliyatta	
46-2	5224-5228	kist	
46-3	5229-5236	içinden	
46-4	5237-5243	aspire	
46-5	5244-5250	edilen	
46-6	5251-5258	mayiden	
46-7	5259-5266	ölçülen	
46-8	5267-5273	amilaz	
46-9	5274-5280	değeri	
46-10	5281-5285	2039	
46-11	5286-5287	U	
46-12	5287-5288	/	
46-13	5288-5289	L	
46-14	5290-5297	gelmesi	
46-15	5298-5305	üzerine	
46-16	5306-5315	psödokist	
46-17	5316-5322	tanısı	
46-18	5323-5333	kesinleşti	
46-19	5333-5334	.	

#Text=Psödokistin pankreas gövdesi ve kuyruk kısmında belirgin olması sebebiyle Roux-en-Y kistojejunostomi yapılmasına karar verildi.
47-1	5335-5346	Psödokistin	
47-2	5347-5355	pankreas	
47-3	5356-5363	gövdesi	
47-4	5364-5366	ve	
47-5	5367-5373	kuyruk	
47-6	5374-5382	kısmında	
47-7	5383-5391	belirgin	
47-8	5392-5398	olması	
47-9	5399-5408	sebebiyle	
47-10	5409-5418	Roux-en-Y	
47-11	5419-5435	kistojejunostomi	
47-12	5436-5447	yapılmasına	
47-13	5448-5453	karar	
47-14	5454-5461	verildi	
47-15	5461-5462	.	

#Text=Ameliyat sonrasında ateşi yükselen hastanın bilateral bazal pnömonisi tanısı kondu ve uygun antibiyotik tedavisi ile kontrol altına alındıktan sonra sorunsuz bir şekilde taburcu edildi.
48-1	5463-5471	Ameliyat	
48-2	5472-5482	sonrasında	
48-3	5483-5488	ateşi	
48-4	5489-5497	yükselen	
48-5	5498-5506	hastanın	
48-6	5507-5516	bilateral	
48-7	5517-5522	bazal	
48-8	5523-5532	pnömonisi	
48-9	5533-5539	tanısı	
48-10	5540-5545	kondu	
48-11	5546-5548	ve	
48-12	5549-5554	uygun	
48-13	5555-5566	antibiyotik	
48-14	5567-5575	tedavisi	
48-15	5576-5579	ile	
48-16	5580-5587	kontrol	
48-17	5588-5594	altına	
48-18	5595-5605	alındıktan	
48-19	5606-5611	sonra	
48-20	5612-5620	sorunsuz	
48-21	5621-5624	bir	
48-22	5625-5632	şekilde	
48-23	5633-5640	taburcu	
48-24	5641-5647	edildi	
48-25	5647-5648	.	

#Text=Ameliyat sonrası yaklaşık 5 yıl süre ile düzenli kontrolleri hastanemizde yapılan hasta şu anda sorunsuz yaşantısına devam etmektedir.
49-1	5649-5657	Ameliyat	
49-2	5658-5665	sonrası	
49-3	5666-5674	yaklaşık	
49-4	5675-5676	5	
49-5	5677-5680	yıl	
49-6	5681-5685	süre	
49-7	5686-5689	ile	
49-8	5690-5697	düzenli	
49-9	5698-5709	kontrolleri	
49-10	5710-5722	hastanemizde	
49-11	5723-5730	yapılan	
49-12	5731-5736	hasta	
49-13	5737-5739	şu	
49-14	5740-5744	anda	
49-15	5745-5753	sorunsuz	
49-16	5754-5765	yaşantısına	
49-17	5766-5771	devam	
49-18	5772-5782	etmektedir	
49-19	5782-5783	.	

#Text=Yapılan son klinik kontrolünde, kendisine yazmak istediğimiz bu olgu sunumu hakkında detaylı bilgiler verilmiş, hiçbir baskı ve zorlama olmaksızın kendi isteği ile katılmayı kabul etmiş, gönüllü olur/onam formu imzalamıştır.
50-1	5784-5791	Yapılan	
50-2	5792-5795	son	
50-3	5796-5802	klinik	
50-4	5803-5814	kontrolünde	
50-5	5814-5815	,	
50-6	5816-5825	kendisine	
50-7	5826-5832	yazmak	
50-8	5833-5844	istediğimiz	
50-9	5845-5847	bu	
50-10	5848-5852	olgu	
50-11	5853-5859	sunumu	
50-12	5860-5868	hakkında	
50-13	5869-5876	detaylı	
50-14	5877-5885	bilgiler	
50-15	5886-5894	verilmiş	
50-16	5894-5895	,	
50-17	5896-5902	hiçbir	
50-18	5903-5908	baskı	
50-19	5909-5911	ve	
50-20	5912-5919	zorlama	
50-21	5920-5930	olmaksızın	
50-22	5931-5936	kendi	
50-23	5937-5943	isteği	
50-24	5944-5947	ile	
50-25	5948-5957	katılmayı	
50-26	5958-5963	kabul	
50-27	5964-5969	etmiş	
50-28	5969-5970	,	
50-29	5971-5978	gönüllü	
50-30	5979-5983	olur	
50-31	5983-5984	/	
50-32	5984-5988	onam	
50-33	5989-5994	formu	
50-34	5995-6007	imzalamıştır	
50-35	6007-6008	.	

#Text=Safra kesesindeki taşın yerinde olduğu görüldü.
51-1	6009-6014	Safra	
51-2	6015-6026	kesesindeki	
51-3	6027-6032	taşın	
51-4	6033-6040	yerinde	
51-5	6041-6047	olduğu	
51-6	6048-6055	görüldü	
51-7	6055-6056	.	

#Text=Çocukluk çağında pankreas psödokisti oldukça nadir görülen bir hastalıktır.
52-1	6057-6065	Çocukluk	
52-2	6066-6073	çağında	
52-3	6074-6082	pankreas	
52-4	6083-6093	psödokisti	
52-5	6094-6101	oldukça	
52-6	6102-6107	nadir	
52-7	6108-6115	görülen	
52-8	6116-6119	bir	
52-9	6120-6131	hastalıktır	
52-10	6131-6132	.	

#Text=Çeşitli nedenlerden dolayı ortaya çıkan pankreas parankim inflamasyonu pankreasın kendi enzimleri ile kendini sindirmesi ile başlar ve akut pankreatit ortaya çıkmaktadır.
53-1	6133-6140	Çeşitli	
53-2	6141-6152	nedenlerden	
53-3	6153-6159	dolayı	
53-4	6160-6166	ortaya	
53-5	6167-6172	çıkan	
53-6	6173-6181	pankreas	
53-7	6182-6190	parankim	
53-8	6191-6203	inflamasyonu	
53-9	6204-6214	pankreasın	
53-10	6215-6220	kendi	
53-11	6221-6230	enzimleri	
53-12	6231-6234	ile	
53-13	6235-6242	kendini	
53-14	6243-6253	sindirmesi	
53-15	6254-6257	ile	
53-16	6258-6264	başlar	
53-17	6265-6267	ve	
53-18	6268-6272	akut	
53-19	6273-6283	pankreatit	
53-20	6284-6290	ortaya	
53-21	6291-6302	çıkmaktadır	
53-22	6302-6303	.	

#Text=Akut pankreatit olgularının %14.6’sında pankreatik psödokistler gelişebilmektedir.
54-1	6304-6308	Akut	
54-2	6309-6319	pankreatit	
54-3	6320-6331	olgularının	
54-4	6332-6333	%	
54-5	6333-6337	14.6	
54-6	6337-6338	’	
54-7	6338-6343	sında	
54-8	6344-6354	pankreatik	
54-9	6355-6367	psödokistler	
54-10	6368-6385	gelişebilmektedir	
54-11	6385-6386	.	

#Text=Bu hastalarda kist rüptürü, apse formasyonu gibi komplikasyonlar gelişebilmektedir.
55-1	6387-6389	Bu	
55-2	6390-6400	hastalarda	
55-3	6401-6405	kist	
55-4	6406-6413	rüptürü	
55-5	6413-6414	,	
55-6	6415-6419	apse	
55-7	6420-6430	formasyonu	
55-8	6431-6435	gibi	
55-9	6436-6451	komplikasyonlar	
55-10	6452-6469	gelişebilmektedir	
55-11	6469-6470	.	

#Text=Pankreatik psödokistler fibröz, epitel dokusu bulunmayan sıvı dolu, pankreatik kanalın kitle, protein birikimi, inflamasyon veya fibrozis sebebi ile tıkanması sonrası oluşmaktadırlar.
56-1	6471-6481	Pankreatik	
56-2	6482-6494	psödokistler	
56-3	6495-6501	fibröz	
56-4	6501-6502	,	
56-5	6503-6509	epitel	
56-6	6510-6516	dokusu	
56-7	6517-6527	bulunmayan	
56-8	6528-6532	sıvı	
56-9	6533-6537	dolu	
56-10	6537-6538	,	
56-11	6539-6549	pankreatik	
56-12	6550-6557	kanalın	
56-13	6558-6563	kitle	
56-14	6563-6564	,	
56-15	6565-6572	protein	
56-16	6573-6581	birikimi	
56-17	6581-6582	,	
56-18	6583-6594	inflamasyon	
56-19	6595-6599	veya	
56-20	6600-6608	fibrozis	
56-21	6609-6615	sebebi	
56-22	6616-6619	ile	
56-23	6620-6629	tıkanması	
56-24	6630-6637	sonrası	
56-25	6638-6653	oluşmaktadırlar	
56-26	6653-6654	.	

#Text=Erişkinlerde akut pankreatit sonrası hastaların %10-30’ unda psödokist gelişimi bildirilmiştir.
57-1	6655-6667	Erişkinlerde	
57-2	6668-6672	akut	
57-3	6673-6683	pankreatit	
57-4	6684-6691	sonrası	
57-5	6692-6702	hastaların	
57-6	6703-6704	%	
57-7	6704-6706	10	
57-8	6706-6707	-	
57-9	6707-6709	30	
57-10	6709-6710	’	
57-11	6711-6715	unda	
57-12	6716-6725	psödokist	
57-13	6726-6734	gelişimi	
57-14	6735-6749	bildirilmiştir	
57-15	6749-6750	.	

#Text=Etiyolojik nedenlere bakılmaksızın erişkin hastalarda yıllık psödokist insidansı %1,6 ile %4,5 arasında olup 100000 erişkinde 0,5 ile 1 arasında görülmektedir.
58-1	6751-6761	Etiyolojik	
58-2	6762-6771	nedenlere	
58-3	6772-6785	bakılmaksızın	
58-4	6786-6793	erişkin	
58-5	6794-6804	hastalarda	
58-6	6805-6811	yıllık	
58-7	6812-6821	psödokist	
58-8	6822-6831	insidansı	
58-9	6832-6833	%	
58-10	6833-6836	1,6	
58-11	6837-6840	ile	
58-12	6841-6842	%	
58-13	6842-6845	4,5	
58-14	6846-6854	arasında	
58-15	6855-6859	olup	
58-16	6860-6866	100000	
58-17	6867-6876	erişkinde	
58-18	6877-6880	0,5	
58-19	6881-6884	ile	
58-20	6885-6886	1	
58-21	6887-6895	arasında	
58-22	6896-6909	görülmektedir	
58-23	6909-6910	.	

#Text=On sekiz çalışma ve 589 akut pankreatitli çocuk vakanın incelendiği bir makalede çocukluk çağında akut pankreatitin en sık komplikasyonu olarak psödokist oluşumu %13 olarak bildirilmiştir.
59-1	6911-6913	On	
59-2	6914-6919	sekiz	
59-3	6920-6927	çalışma	
59-4	6928-6930	ve	
59-5	6931-6934	589	
59-6	6935-6939	akut	
59-7	6940-6952	pankreatitli	
59-8	6953-6958	çocuk	
59-9	6959-6966	vakanın	
59-10	6967-6978	incelendiği	
59-11	6979-6982	bir	
59-12	6983-6991	makalede	
59-13	6992-7000	çocukluk	
59-14	7001-7008	çağında	
59-15	7009-7013	akut	
59-16	7014-7026	pankreatitin	
59-17	7027-7029	en	
59-18	7030-7033	sık	
59-19	7034-7047	komplikasyonu	
59-20	7048-7054	olarak	
59-21	7055-7064	psödokist	
59-22	7065-7072	oluşumu	
59-23	7073-7074	%	
59-24	7074-7076	13	
59-25	7077-7083	olarak	
59-26	7084-7098	bildirilmiştir	
59-27	7098-7099	.	

#Text=Çocuklarda pankreas psödokistleri oldukça nadir görülmekle beraber hem akut hem de kronik pankreatit ataklarına sekonder gelişebilmektedir, ancak her zaman doğru bir şekilde teşhis edilmediği için literatüre yeterli bir şekilde aktarılmadığı için çocuklardaki psödokistin sıklığı ve gerçek insidansı bilinmemektedir.
60-1	7100-7110	Çocuklarda	
60-2	7111-7119	pankreas	
60-3	7120-7133	psödokistleri	
60-4	7134-7141	oldukça	
60-5	7142-7147	nadir	
60-6	7148-7158	görülmekle	
60-7	7159-7166	beraber	
60-8	7167-7170	hem	
60-9	7171-7175	akut	
60-10	7176-7179	hem	
60-11	7180-7182	de	
60-12	7183-7189	kronik	
60-13	7190-7200	pankreatit	
60-14	7201-7211	ataklarına	
60-15	7212-7220	sekonder	
60-16	7221-7238	gelişebilmektedir	
60-17	7238-7239	,	
60-18	7240-7245	ancak	
60-19	7246-7249	her	
60-20	7250-7255	zaman	
60-21	7256-7261	doğru	
60-22	7262-7265	bir	
60-23	7266-7273	şekilde	
60-24	7274-7280	teşhis	
60-25	7281-7291	edilmediği	
60-26	7292-7296	için	
60-27	7297-7307	literatüre	
60-28	7308-7315	yeterli	
60-29	7316-7319	bir	
60-30	7320-7327	şekilde	
60-31	7328-7341	aktarılmadığı	
60-32	7342-7346	için	
60-33	7347-7359	çocuklardaki	
60-34	7360-7371	psödokistin	
60-35	7372-7379	sıklığı	
60-36	7380-7382	ve	
60-37	7383-7389	gerçek	
60-38	7390-7399	insidansı	
60-39	7400-7415	bilinmemektedir	
60-40	7415-7416	.	

#Text=Aile öyküsü olmadan tek atak ile başvuran hastada; ilaçlar, alkol, hipertrigliseridemi, hiperkalsemi, ve viral etkenlerin araştırılması ve safra yolu ve pankreas anatomisi değerlendirmek için abdominal ultrasonografisi çekilmesi önerilmektedir.
61-1	7417-7421	Aile	
61-2	7422-7428	öyküsü	
61-3	7429-7436	olmadan	
61-4	7437-7440	tek	
61-5	7441-7445	atak	
61-6	7446-7449	ile	
61-7	7450-7458	başvuran	
61-8	7459-7466	hastada	
61-9	7466-7467	;	
61-10	7468-7475	ilaçlar	
61-11	7475-7476	,	
61-12	7477-7482	alkol	
61-13	7482-7483	,	
61-14	7484-7503	hipertrigliseridemi	
61-15	7503-7504	,	
61-16	7505-7517	hiperkalsemi	
61-17	7517-7518	,	
61-18	7519-7521	ve	
61-19	7522-7527	viral	
61-20	7528-7538	etkenlerin	
61-21	7539-7552	araştırılması	
61-22	7553-7555	ve	
61-23	7556-7561	safra	
61-24	7562-7566	yolu	
61-25	7567-7569	ve	
61-26	7570-7578	pankreas	
61-27	7579-7588	anatomisi	
61-28	7589-7603	değerlendirmek	
61-29	7604-7608	için	
61-30	7609-7618	abdominal	
61-31	7619-7635	ultrasonografisi	
61-32	7636-7645	çekilmesi	
61-33	7646-7660	önerilmektedir	
61-34	7660-7661	.	

#Text=Abdominal ultrasonografi, bilgisayarlı tomografi, manyetik rezonans kolanjiopankreatografi (MRKP), endoskopik ultrasonografi (EUS), ve ERKP gibi görüntüleme yöntemleri ile pankreatik kanalda düzensizlik ve dilatasyon, pankreas dokusunda kalsifikasyonlar, peripankreatik sıvı, pankreas boyutu, ödem, atrofi ve yağ infiltrasyonu görülebilir.
62-1	7662-7671	Abdominal	
62-2	7672-7686	ultrasonografi	
62-3	7686-7687	,	
62-4	7688-7700	bilgisayarlı	
62-5	7701-7710	tomografi	
62-6	7710-7711	,	
62-7	7712-7720	manyetik	
62-8	7721-7729	rezonans	
62-9	7730-7752	kolanjiopankreatografi	
62-10	7753-7754	(	
62-11	7754-7758	MRKP	
62-12	7758-7759	)	
62-13	7759-7760	,	
62-14	7761-7771	endoskopik	
62-15	7772-7786	ultrasonografi	
62-16	7787-7788	(	
62-17	7788-7791	EUS	
62-18	7791-7792	)	
62-19	7792-7793	,	
62-20	7794-7796	ve	
62-21	7797-7801	ERKP	
62-22	7802-7806	gibi	
62-23	7807-7818	görüntüleme	
62-24	7819-7829	yöntemleri	
62-25	7830-7833	ile	
62-26	7834-7844	pankreatik	
62-27	7845-7852	kanalda	
62-28	7853-7864	düzensizlik	
62-29	7865-7867	ve	
62-30	7868-7878	dilatasyon	
62-31	7878-7879	,	
62-32	7880-7888	pankreas	
62-33	7889-7898	dokusunda	
62-34	7899-7915	kalsifikasyonlar	
62-35	7915-7916	,	
62-36	7917-7931	peripankreatik	
62-37	7932-7936	sıvı	
62-38	7936-7937	,	
62-39	7938-7946	pankreas	
62-40	7947-7953	boyutu	
62-41	7953-7954	,	
62-42	7955-7959	ödem	
62-43	7959-7960	,	
62-44	7961-7967	atrofi	
62-45	7968-7970	ve	
62-46	7971-7974	yağ	
62-47	7975-7988	infiltrasyonu	
62-48	7989-8000	görülebilir	
62-49	8000-8001	.	

#Text=Ancak bu yöntemlerin çoğu çocuk hastalarda kullanımı kanıtlanmamaktadır.
63-1	8002-8007	Ancak	
63-2	8008-8010	bu	
63-3	8011-8022	yöntemlerin	
63-4	8023-8027	çoğu	
63-5	8028-8033	çocuk	
63-6	8034-8044	hastalarda	
63-7	8045-8054	kullanımı	
63-8	8055-8073	kanıtlanmamaktadır	
63-9	8073-8074	.	

#Text=Bir çalışmada pankreatit tanısı ile izlenen 55 çocuk hastanın sadece biri safra taşı pankreatiti mevcuttur.
64-1	8075-8078	Bir	
64-2	8079-8088	çalışmada	
64-3	8089-8099	pankreatit	
64-4	8100-8106	tanısı	
64-5	8107-8110	ile	
64-6	8111-8118	izlenen	
64-7	8119-8121	55	
64-8	8122-8127	çocuk	
64-9	8128-8136	hastanın	
64-10	8137-8143	sadece	
64-11	8144-8148	biri	
64-12	8149-8154	safra	
64-13	8155-8159	taşı	
64-14	8160-8171	pankreatiti	
64-15	8172-8181	mevcuttur	
64-16	8181-8182	.	

#Text=Çoğu idiyopatik, herediter, pankreas ve pankreatikobiliyer bileşim anomalisi olan hastalarda, ilaç ve travmaya bağlı akut pankreatit görülmüştür.
65-1	8183-8187	Çoğu	
65-2	8188-8198	idiyopatik	
65-3	8198-8199	,	
65-4	8200-8209	herediter	
65-5	8209-8210	,	
65-6	8211-8219	pankreas	
65-7	8220-8222	ve	
65-8	8223-8241	pankreatikobiliyer	
65-9	8242-8249	bileşim	
65-10	8250-8259	anomalisi	
65-11	8260-8264	olan	
65-12	8265-8275	hastalarda	
65-13	8275-8276	,	
65-14	8277-8281	ilaç	
65-15	8282-8284	ve	
65-16	8285-8293	travmaya	
65-17	8294-8299	bağlı	
65-18	8300-8304	akut	
65-19	8305-8315	pankreatit	
65-20	8316-8327	görülmüştür	
65-21	8327-8328	.	

#Text=İnvaziv bir yöntem olsa da girişimsel tedavi olanağı da sağlayan ERKP özellikle erişkinlerde sık kullanılmakta olup çocuklarda uygulanması kolay değildir.
66-1	8329-8336	İnvaziv	
66-2	8337-8340	bir	
66-3	8341-8347	yöntem	
66-4	8348-8352	olsa	
66-5	8353-8355	da	
66-6	8356-8366	girişimsel	
66-7	8367-8373	tedavi	
66-8	8374-8381	olanağı	
66-9	8382-8384	da	
66-10	8385-8393	sağlayan	
66-11	8394-8398	ERKP	
66-12	8399-8408	özellikle	
66-13	8409-8421	erişkinlerde	
66-14	8422-8425	sık	
66-15	8426-8439	kullanılmakta	
66-16	8440-8444	olup	
66-17	8445-8455	çocuklarda	
66-18	8456-8467	uygulanması	
66-19	8468-8473	kolay	
66-20	8474-8482	değildir	
66-21	8482-8483	.	

#Text=Bu yöntemin çocuklarda serbest bir şekilde kullanılması hakkında yeterli bilimsel dayanakları bulunmamaktadır.
67-1	8484-8486	Bu	
67-2	8487-8495	yöntemin	
67-3	8496-8506	çocuklarda	
67-4	8507-8514	serbest	
67-5	8515-8518	bir	
67-6	8519-8526	şekilde	
67-7	8527-8539	kullanılması	
67-8	8540-8548	hakkında	
67-9	8549-8556	yeterli	
67-10	8557-8565	bilimsel	
67-11	8566-8577	dayanakları	
67-12	8578-8593	bulunmamaktadır	
67-13	8593-8594	.	

#Text=Verilerin az olması nedeniyle, çocuklarda ERKP’nin başarısının düşük olması ve komplikasyonlara yol açabileceği endişesi ile, büyük merkezlerde bile kullanımı sınırlı haldedir.
68-1	8595-8604	Verilerin	
68-2	8605-8607	az	
68-3	8608-8614	olması	
68-4	8615-8624	nedeniyle	
68-5	8624-8625	,	
68-6	8626-8636	çocuklarda	
68-7	8637-8641	ERKP	
68-8	8641-8642	’	
68-9	8642-8645	nin	
68-10	8646-8657	başarısının	
68-11	8658-8663	düşük	
68-12	8664-8670	olması	
68-13	8671-8673	ve	
68-14	8674-8690	komplikasyonlara	
68-15	8691-8694	yol	
68-16	8695-8706	açabileceği	
68-17	8707-8715	endişesi	
68-18	8716-8719	ile	
68-19	8719-8720	,	
68-20	8721-8726	büyük	
68-21	8727-8738	merkezlerde	
68-22	8739-8743	bile	
68-23	8744-8753	kullanımı	
68-24	8754-8761	sınırlı	
68-25	8762-8770	haldedir	
68-26	8770-8771	.	

#Text=Pankreas psödokistlerin çapı bu oluşumun klinik seyrini ve sonucunu öngörmek açısından oldukça önemli ve belirgin bir etken olduğu vurgulanmaktadır.
69-1	8772-8780	Pankreas	
69-2	8781-8795	psödokistlerin	
69-3	8796-8800	çapı	
69-4	8801-8803	bu	
69-5	8804-8812	oluşumun	
69-6	8813-8819	klinik	
69-7	8820-8827	seyrini	
69-8	8828-8830	ve	
69-9	8831-8839	sonucunu	
69-10	8840-8848	öngörmek	
69-11	8849-8858	açısından	
69-12	8859-8866	oldukça	
69-13	8867-8873	önemli	
69-14	8874-8876	ve	
69-15	8877-8885	belirgin	
69-16	8886-8889	bir	
69-17	8890-8895	etken	
69-18	8896-8902	olduğu	
69-19	8903-8919	vurgulanmaktadır	
69-20	8919-8920	.	

#Text=Çapı 5 cm’den küçük ve sempomatik olmayan psödokistlerin çoğu genellikle kendiliğinden gerilemesi beklenmektedir.
70-1	8921-8925	Çapı	
70-2	8926-8927	5	
70-3	8928-8930	cm	
70-4	8930-8931	’	
70-5	8931-8934	den	
70-6	8935-8940	küçük	
70-7	8941-8943	ve	
70-8	8944-8954	sempomatik	
70-9	8955-8962	olmayan	
70-10	8963-8977	psödokistlerin	
70-11	8978-8982	çoğu	
70-12	8983-8993	genellikle	
70-13	8994-9007	kendiliğinden	
70-14	9008-9018	gerilemesi	
70-15	9019-9033	beklenmektedir	
70-16	9033-9034	.	

#Text=Ancak 5-6 cm’den büyük psödokistlerde komplikasyonların daha sıklıkla görüleceği bilinmekte, ve bundan dolayı cerrahi veya girişimsel müdahalenin gerekliliğine kesin gözle bakılmaktadır.
71-1	9035-9040	Ancak	
71-2	9041-9042	5	
71-3	9042-9043	-	
71-4	9043-9044	6	
71-5	9045-9047	cm	
71-6	9047-9048	’	
71-7	9048-9051	den	
71-8	9052-9057	büyük	
71-9	9058-9072	psödokistlerde	
71-10	9073-9090	komplikasyonların	
71-11	9091-9095	daha	
71-12	9096-9104	sıklıkla	
71-13	9105-9115	görüleceği	
71-14	9116-9126	bilinmekte	
71-15	9126-9127	,	
71-16	9128-9130	ve	
71-17	9131-9137	bundan	
71-18	9138-9144	dolayı	
71-19	9145-9152	cerrahi	
71-20	9153-9157	veya	
71-21	9158-9168	girişimsel	
71-22	9169-9180	müdahalenin	
71-23	9181-9194	gerekliliğine	
71-24	9195-9200	kesin	
71-25	9201-9206	gözle	
71-26	9207-9220	bakılmaktadır	
71-27	9220-9221	.	

#Text=Khalifa ve arkadaşlarının yaptıkları çalışmada pankreas psödokistlerinin çapı 6 cm den büyük olanların %72.7’sinde cerrahi müdahale gerektirirken, %27.3’ü konservatif tedavi yöntemleri ile iyileştikleri gösterilmiştir.
72-1	9222-9229	Khalifa	
72-2	9230-9232	ve	
72-3	9233-9247	arkadaşlarının	
72-4	9248-9258	yaptıkları	
72-5	9259-9268	çalışmada	
72-6	9269-9277	pankreas	
72-7	9278-9294	psödokistlerinin	
72-8	9295-9299	çapı	
72-9	9300-9301	6	
72-10	9302-9304	cm	
72-11	9305-9308	den	
72-12	9309-9314	büyük	
72-13	9315-9324	olanların	
72-14	9325-9326	%	
72-15	9326-9330	72.7	
72-16	9330-9331	’	
72-17	9331-9336	sinde	
72-18	9337-9344	cerrahi	
72-19	9345-9353	müdahale	
72-20	9354-9367	gerektirirken	
72-21	9367-9368	,	
72-22	9369-9370	%	
72-23	9370-9374	27.3	
72-24	9374-9375	’	
72-25	9375-9376	ü	
72-26	9377-9388	konservatif	
72-27	9389-9395	tedavi	
72-28	9396-9406	yöntemleri	
72-29	9407-9410	ile	
72-30	9411-9424	iyileştikleri	
72-31	9425-9439	gösterilmiştir	
72-32	9439-9440	.	

#Text=Öteki yandan, çapı 6 cm'den küçük psödokistlerin sadece %25’i cerrahi müdahalenin yapılmasının gerektiği tespit edilmiştir.
73-1	9441-9446	Öteki	
73-2	9447-9453	yandan	
73-3	9453-9454	,	
73-4	9455-9459	çapı	
73-5	9460-9461	6	
73-6	9462-9468	cm'den	
73-7	9469-9474	küçük	
73-8	9475-9489	psödokistlerin	
73-9	9490-9496	sadece	
73-10	9497-9498	%	
73-11	9498-9500	25	
73-12	9500-9501	’	
73-13	9501-9502	i	
73-14	9503-9510	cerrahi	
73-15	9511-9522	müdahalenin	
73-16	9523-9535	yapılmasının	
73-17	9536-9545	gerektiği	
73-18	9546-9552	tespit	
73-19	9553-9563	edilmiştir	
73-20	9563-9564	.	

#Text=Pankreas psödokistlerin tedavisinde ardı sıra ince iğne aspirasyon yöntemi uygulanmaktadır.
74-1	9565-9573	Pankreas	
74-2	9574-9588	psödokistlerin	
74-3	9589-9600	tedavisinde	
74-4	9601-9605	ardı	
74-5	9606-9610	sıra	
74-6	9611-9615	ince	
74-7	9616-9620	iğne	
74-8	9621-9631	aspirasyon	
74-9	9632-9639	yöntemi	
74-10	9640-9655	uygulanmaktadır	
74-11	9655-9656	.	

#Text=Eksternal drenajın endikasyonları oldukça sınırlı ve komplikasyonlara neden olan bir yöntem olduğu için son yıllardaki kullanımı belirgin bir şekilde kısıtlanmış, bu yöntem ile pankreatik fistüllerin gelişme oranı yaklaşık %20 olduğu bildirilmiştir.
75-1	9657-9666	Eksternal	
75-2	9667-9675	drenajın	
75-3	9676-9690	endikasyonları	
75-4	9691-9698	oldukça	
75-5	9699-9706	sınırlı	
75-6	9707-9709	ve	
75-7	9710-9726	komplikasyonlara	
75-8	9727-9732	neden	
75-9	9733-9737	olan	
75-10	9738-9741	bir	
75-11	9742-9748	yöntem	
75-12	9749-9755	olduğu	
75-13	9756-9760	için	
75-14	9761-9764	son	
75-15	9765-9775	yıllardaki	
75-16	9776-9785	kullanımı	
75-17	9786-9794	belirgin	
75-18	9795-9798	bir	
75-19	9799-9806	şekilde	
75-20	9807-9818	kısıtlanmış	
75-21	9818-9819	,	
75-22	9820-9822	bu	
75-23	9823-9829	yöntem	
75-24	9830-9833	ile	
75-25	9834-9844	pankreatik	
75-26	9845-9856	fistüllerin	
75-27	9857-9864	gelişme	
75-28	9865-9870	oranı	
75-29	9871-9879	yaklaşık	
75-30	9880-9881	%	
75-31	9881-9883	20	
75-32	9884-9890	olduğu	
75-33	9891-9905	bildirilmiştir	
75-34	9905-9906	.	

#Text=Bunun dışında Endoskopik transmural kistogastrostomi ve kistoduodenostomi yöntemleriyle pankreatik psödokist tedavisinde başarı sağlandığı bildirilmiştir.
76-1	9907-9912	Bunun	
76-2	9913-9920	dışında	
76-3	9921-9931	Endoskopik	
76-4	9932-9942	transmural	
76-5	9943-9959	kistogastrostomi	
76-6	9960-9962	ve	
76-7	9963-9980	kistoduodenostomi	
76-8	9981-9994	yöntemleriyle	
76-9	9995-10005	pankreatik	
76-10	10006-10015	psödokist	
76-11	10016-10027	tedavisinde	
76-12	10028-10034	başarı	
76-13	10035-10045	sağlandığı	
76-14	10046-10060	bildirilmiştir	
76-15	10060-10061	.	

#Text=Bunun dışında, ERKP ile pankreas kanalı ve kist arasında ilişki olduğu saptanmış olgularda papillotomi uygulayarak yeterli drenaj sağlanabilmektedir.
77-1	10062-10067	Bunun	
77-2	10068-10075	dışında	
77-3	10075-10076	,	
77-4	10077-10081	ERKP	
77-5	10082-10085	ile	
77-6	10086-10094	pankreas	
77-7	10095-10101	kanalı	
77-8	10102-10104	ve	
77-9	10105-10109	kist	
77-10	10110-10118	arasında	
77-11	10119-10125	ilişki	
77-12	10126-10132	olduğu	
77-13	10133-10142	saptanmış	
77-14	10143-10152	olgularda	
77-15	10153-10164	papillotomi	
77-16	10165-10176	uygulayarak	
77-17	10177-10184	yeterli	
77-18	10185-10191	drenaj	
77-19	10192-10210	sağlanabilmektedir	
77-20	10210-10211	.	

#Text=Teknik olarak endoskopik yönteminin başarı oranı yaklaşık %94 olduğu bildirilmiş, komplikasyonları arasında kanama, iç organ yaralanması, apse gelişimi ve stent tıkanması gibi problemler gelişebilmektedir.
78-1	10212-10218	Teknik	
78-2	10219-10225	olarak	
78-3	10226-10236	endoskopik	
78-4	10237-10247	yönteminin	
78-5	10248-10254	başarı	
78-6	10255-10260	oranı	
78-7	10261-10269	yaklaşık	
78-8	10270-10271	%	
78-9	10271-10273	94	
78-10	10274-10280	olduğu	
78-11	10281-10292	bildirilmiş	
78-12	10292-10293	,	
78-13	10294-10310	komplikasyonları	
78-14	10311-10319	arasında	
78-15	10320-10326	kanama	
78-16	10326-10327	,	
78-17	10328-10330	iç	
78-18	10331-10336	organ	
78-19	10337-10348	yaralanması	
78-20	10348-10349	,	
78-21	10350-10354	apse	
78-22	10355-10363	gelişimi	
78-23	10364-10366	ve	
78-24	10367-10372	stent	
78-25	10373-10382	tıkanması	
78-26	10383-10387	gibi	
78-27	10388-10398	problemler	
78-28	10399-10416	gelişebilmektedir	
78-29	10416-10417	.	

#Text=Optimum delme bölgesinin tespit edilmesinde ultrasonografi eşliğinde yapılan endoskopik girişimlerin başarı oranı daha da yüksek olduğu söylenmektedir.
79-1	10418-10425	Optimum	
79-2	10426-10431	delme	
79-3	10432-10442	bölgesinin	
79-4	10443-10449	tespit	
79-5	10450-10461	edilmesinde	
79-6	10462-10476	ultrasonografi	
79-7	10477-10486	eşliğinde	
79-8	10487-10494	yapılan	
79-9	10495-10505	endoskopik	
79-10	10506-10518	girişimlerin	
79-11	10519-10525	başarı	
79-12	10526-10531	oranı	
79-13	10532-10536	daha	
79-14	10537-10539	da	
79-15	10540-10546	yüksek	
79-16	10547-10553	olduğu	
79-17	10554-10568	söylenmektedir	
79-18	10568-10569	.	

#Text=Endoskopik ultrasonografinin çocuklarda kullanımı ile ilgili bilgi yeterli olmamakla beraber pankreatik psödokistlerin internal drenajında sıklıkla kullanılmaya başlamıştır.
80-1	10570-10580	Endoskopik	
80-2	10581-10598	ultrasonografinin	
80-3	10599-10609	çocuklarda	
80-4	10610-10619	kullanımı	
80-5	10620-10623	ile	
80-6	10624-10630	ilgili	
80-7	10631-10636	bilgi	
80-8	10637-10644	yeterli	
80-9	10645-10654	olmamakla	
80-10	10655-10662	beraber	
80-11	10663-10673	pankreatik	
80-12	10674-10688	psödokistlerin	
80-13	10689-10697	internal	
80-14	10698-10708	drenajında	
80-15	10709-10717	sıklıkla	
80-16	10718-10730	kullanılmaya	
80-17	10731-10742	başlamıştır	
80-18	10742-10743	.	

#Text=Özellikle gastrik damarları da görüntüleme imkanı sağlayan bu yöntem çocuklarda daha güvenli olması nedeniyle psödokistlerin tedavisinde ilk basamak olarak kullanılmaktadır.
81-1	10744-10753	Özellikle	
81-2	10754-10761	gastrik	
81-3	10762-10771	damarları	
81-4	10772-10774	da	
81-5	10775-10786	görüntüleme	
81-6	10787-10793	imkanı	
81-7	10794-10802	sağlayan	
81-8	10803-10805	bu	
81-9	10806-10812	yöntem	
81-10	10813-10823	çocuklarda	
81-11	10824-10828	daha	
81-12	10829-10836	güvenli	
81-13	10837-10843	olması	
81-14	10844-10853	nedeniyle	
81-15	10854-10868	psödokistlerin	
81-16	10869-10880	tedavisinde	
81-17	10881-10884	ilk	
81-18	10885-10892	basamak	
81-19	10893-10899	olarak	
81-20	10900-10916	kullanılmaktadır	
81-21	10916-10917	.	

#Text=Medikal tedaviye yanıt vermeyen ve endoskopik yöntemlerle tedavi etmeye uygun olmayan olgularda cerrahi tedavisinin uygulanması gündeme gelmektedir.
82-1	10918-10925	Medikal	
82-2	10926-10934	tedaviye	
82-3	10935-10940	yanıt	
82-4	10941-10949	vermeyen	
82-5	10950-10952	ve	
82-6	10953-10963	endoskopik	
82-7	10964-10975	yöntemlerle	
82-8	10976-10982	tedavi	
82-9	10983-10989	etmeye	
82-10	10990-10995	uygun	
82-11	10996-11003	olmayan	
82-12	11004-11013	olgularda	
82-13	11014-11021	cerrahi	
82-14	11022-11033	tedavisinin	
82-15	11034-11045	uygulanması	
82-16	11046-11053	gündeme	
82-17	11054-11065	gelmektedir	
82-18	11065-11066	.	

#Text=Cerrahi yöntemin seçimi psödokistin anatomik lokalizasyonuna bağlı olmaktadır.
83-1	11067-11074	Cerrahi	
83-2	11075-11083	yöntemin	
83-3	11084-11090	seçimi	
83-4	11091-11102	psödokistin	
83-5	11103-11111	anatomik	
83-6	11112-11127	lokalizasyonuna	
83-7	11128-11133	bağlı	
83-8	11134-11144	olmaktadır	
83-9	11144-11145	.	

#Text=Transvers mezokolon tabanında şişkinlik gösteren psödokistlerin en uygun cerrahi müdahale yöntemi Roux-en-Y kistojejunostomi, omentum minus bölgesinde yerleşmiş psödokistlerde transgastrik kistogastrostomi, pankreas kuyruk kısmında bulunan izole kistlerde distal pankreatektomi, pankreas başı ve processus unsinatus bölgesinde kistoduodenostomi tercih edilmektedir.
84-1	11146-11155	Transvers	
84-2	11156-11165	mezokolon	
84-3	11166-11175	tabanında	
84-4	11176-11185	şişkinlik	
84-5	11186-11194	gösteren	
84-6	11195-11209	psödokistlerin	
84-7	11210-11212	en	
84-8	11213-11218	uygun	
84-9	11219-11226	cerrahi	
84-10	11227-11235	müdahale	
84-11	11236-11243	yöntemi	
84-12	11244-11253	Roux-en-Y	
84-13	11254-11270	kistojejunostomi	
84-14	11270-11271	,	
84-15	11272-11279	omentum	
84-16	11280-11285	minus	
84-17	11286-11296	bölgesinde	
84-18	11297-11306	yerleşmiş	
84-19	11307-11321	psödokistlerde	
84-20	11322-11334	transgastrik	
84-21	11335-11351	kistogastrostomi	
84-22	11351-11352	,	
84-23	11353-11361	pankreas	
84-24	11362-11368	kuyruk	
84-25	11369-11377	kısmında	
84-26	11378-11385	bulunan	
84-27	11386-11391	izole	
84-28	11392-11401	kistlerde	
84-29	11402-11408	distal	
84-30	11409-11423	pankreatektomi	
84-31	11423-11424	,	
84-32	11425-11433	pankreas	
84-33	11434-11438	başı	
84-34	11439-11441	ve	
84-35	11442-11451	processus	
84-36	11452-11461	unsinatus	
84-37	11462-11472	bölgesinde	
84-38	11473-11490	kistoduodenostomi	
84-39	11491-11497	tercih	
84-40	11498-11510	edilmektedir	
84-41	11510-11511	.	

#Text=Cerrahi girişimlerle yapılan tedavilerin başarı oranı oldukça yüksek olmakla beraber psödokistlerin nüks oranı %0 ile %6 arasında olduğu bildirilmiştir.
85-1	11512-11519	Cerrahi	
85-2	11520-11532	girişimlerle	
85-3	11533-11540	yapılan	
85-4	11541-11552	tedavilerin	
85-5	11553-11559	başarı	
85-6	11560-11565	oranı	
85-7	11566-11573	oldukça	
85-8	11574-11580	yüksek	
85-9	11581-11588	olmakla	
85-10	11589-11596	beraber	
85-11	11597-11611	psödokistlerin	
85-12	11612-11616	nüks	
85-13	11617-11622	oranı	
85-14	11623-11624	%	
85-15	11624-11625	0	
85-16	11626-11629	ile	
85-17	11630-11631	%	
85-18	11631-11632	6	
85-19	11633-11641	arasında	
85-20	11642-11648	olduğu	
85-21	11649-11663	bildirilmiştir	
85-22	11663-11664	.	

#Text=Son yıllarda pankreatit tablosu ile başvuran çocuk hasta sayısında artış gözlenmektedir.
86-1	11665-11668	Son	
86-2	11669-11677	yıllarda	
86-3	11678-11688	pankreatit	
86-4	11689-11696	tablosu	
86-5	11697-11700	ile	
86-6	11701-11709	başvuran	
86-7	11710-11715	çocuk	
86-8	11716-11721	hasta	
86-9	11722-11731	sayısında	
86-10	11732-11737	artış	
86-11	11738-11752	gözlenmektedir	
86-12	11752-11753	.	

#Text=Bu hasta grubunda pankreas psödokistleri çok nadir bir hastalık olmasına rağmen tedavisi oldukça zordur.
87-1	11754-11756	Bu	
87-2	11757-11762	hasta	
87-3	11763-11771	grubunda	
87-4	11772-11780	pankreas	
87-5	11781-11794	psödokistleri	
87-6	11795-11798	çok	
87-7	11799-11804	nadir	
87-8	11805-11808	bir	
87-9	11809-11817	hastalık	
87-10	11818-11826	olmasına	
87-11	11827-11833	rağmen	
87-12	11834-11842	tedavisi	
87-13	11843-11850	oldukça	
87-14	11851-11857	zordur	
87-15	11857-11858	.	

#Text=Tedavi seçeneklerinin pankreatit atağının şiddetine, oluşan psödokistlerin çapına ve neden olduğu semptomlarına ve de ortaya çıkan komplikasyonlarının gelişimine bağlı olmaktadır.
88-1	11859-11865	Tedavi	
88-2	11866-11880	seçeneklerinin	
88-3	11881-11891	pankreatit	
88-4	11892-11900	atağının	
88-5	11901-11910	şiddetine	
88-6	11910-11911	,	
88-7	11912-11918	oluşan	
88-8	11919-11933	psödokistlerin	
88-9	11934-11940	çapına	
88-10	11941-11943	ve	
88-11	11944-11949	neden	
88-12	11950-11956	olduğu	
88-13	11957-11970	semptomlarına	
88-14	11971-11973	ve	
88-15	11974-11976	de	
88-16	11977-11983	ortaya	
88-17	11984-11989	çıkan	
88-18	11990-12009	komplikasyonlarının	
88-19	12010-12020	gelişimine	
88-20	12021-12026	bağlı	
88-21	12027-12037	olmaktadır	
88-22	12037-12038	.	

#Text=Küçük, asemptomatik ve travmaya bağlı psödokistlerin çoğu konservatif bir şekilde tedavi edilebilirken, çapı büyük, semptomatik ve komplikasyonlara neden olabilecek bütün psödokistlerin drene edilmesi önerilmektedir.
89-1	12039-12044	Küçük	
89-2	12044-12045	,	
89-3	12046-12058	asemptomatik	
89-4	12059-12061	ve	
89-5	12062-12070	travmaya	
89-6	12071-12076	bağlı	
89-7	12077-12091	psödokistlerin	
89-8	12092-12096	çoğu	
89-9	12097-12108	konservatif	
89-10	12109-12112	bir	
89-11	12113-12120	şekilde	
89-12	12121-12127	tedavi	
89-13	12128-12141	edilebilirken	
89-14	12141-12142	,	
89-15	12143-12147	çapı	
89-16	12148-12153	büyük	
89-17	12153-12154	,	
89-18	12155-12166	semptomatik	
89-19	12167-12169	ve	
89-20	12170-12186	komplikasyonlara	
89-21	12187-12192	neden	
89-22	12193-12203	olabilecek	
89-23	12204-12209	bütün	
89-24	12210-12224	psödokistlerin	
89-25	12225-12230	drene	
89-26	12231-12239	edilmesi	
89-27	12240-12254	önerilmektedir	
89-28	12254-12255	.	

#Text=Çocuklarda, iyi seçilmiş vakalarda ve psödokistin anatomik lokalizasyonuna bağlı olarak, cerrahi girişimlerin geçerliliği, güvenliği, etkinliği ve yeterliliği önemle vurgulanmaktadır.
90-1	12256-12266	Çocuklarda	
90-2	12266-12267	,	
90-3	12268-12271	iyi	
90-4	12272-12280	seçilmiş	
90-5	12281-12290	vakalarda	
90-6	12291-12293	ve	
90-7	12294-12305	psödokistin	
90-8	12306-12314	anatomik	
90-9	12315-12330	lokalizasyonuna	
90-10	12331-12336	bağlı	
90-11	12337-12343	olarak	
90-12	12343-12344	,	
90-13	12345-12352	cerrahi	
90-14	12353-12365	girişimlerin	
90-15	12366-12377	geçerliliği	
90-16	12377-12378	,	
90-17	12379-12388	güvenliği	
90-18	12388-12389	,	
90-19	12390-12399	etkinliği	
90-20	12400-12402	ve	
90-21	12403-12414	yeterliliği	
90-22	12415-12421	önemle	
90-23	12422-12438	vurgulanmaktadır	
90-24	12438-12439	.	

#Text=Doğru seçim yapıldığında Roux-en-Y kistojejunostomi oldukça başarılı ve etkin bir yöntem olduğu düşünülmektedir.
91-1	12440-12445	Doğru	
91-2	12446-12451	seçim	
91-3	12452-12464	yapıldığında	
91-4	12465-12474	Roux-en-Y	
91-5	12475-12491	kistojejunostomi	
91-6	12492-12499	oldukça	
91-7	12500-12508	başarılı	
91-8	12509-12511	ve	
91-9	12512-12517	etkin	
91-10	12518-12521	bir	
91-11	12522-12528	yöntem	
91-12	12529-12535	olduğu	
91-13	12536-12551	düşünülmektedir	
91-14	12551-12552	.	
