#FORMAT=WebAnno TSV 3.3


#Text=ÖZET
1-1	0-4	ÖZET	

#Text=Sotos sendromu aşırı büyüme sendromları arasında yer alır.
2-1	5-10	Sotos	
2-2	11-19	sendromu	
2-3	20-25	aşırı	
2-4	26-32	büyüme	
2-5	33-44	sendromları	
2-6	45-53	arasında	
2-7	54-57	yer	
2-8	58-62	alır	
2-9	62-63	.	

#Text=İlk defa Juan Sotos tarafından 1964 yılında tanımlanmıştır.
3-1	64-67	İlk	
3-2	68-72	defa	
3-3	73-77	Juan	
3-4	78-83	Sotos	
3-5	84-94	tarafından	
3-6	95-99	1964	
3-7	100-107	yılında	
3-8	108-122	tanımlanmıştır	
3-9	122-123	.	

#Text=Görülme sıklığı 1:14000 olarak bildirilmiştir.
4-1	124-131	Görülme	
4-2	132-139	sıklığı	
4-3	140-141	1	
4-4	141-142	:	
4-5	142-147	14000	
4-6	148-154	olarak	
4-7	155-169	bildirilmiştir	
4-8	169-170	.	

#Text=Hastalığın major bulguları: İlerlemiş kemik yaşının eşlik ettiği aşırı büyüme, öğrenme güçlüğü ve kendine özgü fasial dismorfizmdir.
5-1	171-181	Hastalığın	
5-2	182-187	major	
5-3	188-197	bulguları	
5-4	197-198	:	
5-5	199-208	İlerlemiş	
5-6	209-214	kemik	
5-7	215-222	yaşının	
5-8	223-228	eşlik	
5-9	229-235	ettiği	
5-10	236-241	aşırı	
5-11	242-248	büyüme	
5-12	248-249	,	
5-13	250-257	öğrenme	
5-14	258-265	güçlüğü	
5-15	266-268	ve	
5-16	269-276	kendine	
5-17	277-281	özgü	
5-18	282-288	fasial	
5-19	289-302	dismorfizmdir	
5-20	302-303	.	

#Text=Vakaların çoğu sporadik olmakla birlikte otozomal dominant olarak kalıtılan olgular da rapor edilmiştir.
6-1	304-313	Vakaların	
6-2	314-318	çoğu	
6-3	319-327	sporadik	
6-4	328-335	olmakla	
6-5	336-344	birlikte	
6-6	345-353	otozomal	
6-7	354-362	dominant	
6-8	363-369	olarak	
6-9	370-379	kalıtılan	
6-10	380-387	olgular	
6-11	388-390	da	
6-12	391-396	rapor	
6-13	397-407	edilmiştir	
6-14	407-408	.	

#Text=Hastalıkla ilişkilendirilen NSD1 geni 5. Kromozomun q35 bölgesine lokalize olmuştur.
7-1	409-419	Hastalıkla	
7-2	420-436	ilişkilendirilen	
7-3	437-441	NSD1	
7-4	442-446	geni	
7-5	447-448	5	
7-6	448-449	.	
7-7	450-460	Kromozomun	
7-8	461-464	q35	
7-9	465-474	bölgesine	
7-10	475-483	lokalize	
7-11	484-492	olmuştur	
7-12	492-493	.	

#Text=Tümör, hipermetropi, strabismus ve hipoglisemik atak gibi bulguların görülme olasılığı oldukça düşüktür.
8-1	494-499	Tümör	
8-2	499-500	,	
8-3	501-513	hipermetropi	
8-4	513-514	,	
8-5	515-525	strabismus	
8-6	526-528	ve	
8-7	529-541	hipoglisemik	
8-8	542-546	atak	
8-9	547-551	gibi	
8-10	552-562	bulguların	
8-11	563-570	görülme	
8-12	571-580	olasılığı	
8-13	581-588	oldukça	
8-14	589-597	düşüktür	
8-15	597-598	.	

#Text=Buna rağmen, bütün hastaların teratom ve nöroblastom gibi tümörler açısından izlenilmesi önerilmektedir.
9-1	599-603	Buna	
9-2	604-610	rağmen	
9-3	610-611	,	
9-4	612-617	bütün	
9-5	618-628	hastaların	
9-6	629-636	teratom	
9-7	637-639	ve	
9-8	640-651	nöroblastom	
9-9	652-656	gibi	
9-10	657-665	tümörler	
9-11	666-675	açısından	
9-12	676-687	izlenilmesi	
9-13	688-702	önerilmektedir	
9-14	702-703	.	

#Text=Bu makalede merkezimizde Sotos sendromu tanısı konulan ve nadir görülen Sakrokoksigeal teratomla seyreden bir olgu sunulacaktır.
10-1	704-706	Bu	
10-2	707-715	makalede	
10-3	716-728	merkezimizde	
10-4	729-734	Sotos	
10-5	735-743	sendromu	
10-6	744-750	tanısı	
10-7	751-758	konulan	
10-8	759-761	ve	
10-9	762-767	nadir	
10-10	768-775	görülen	
10-11	776-790	Sakrokoksigeal	
10-12	791-800	teratomla	
10-13	801-809	seyreden	
10-14	810-813	bir	
10-15	814-818	olgu	
10-16	819-831	sunulacaktır	
10-17	831-832	.	

#Text=GİRİŞ
11-1	833-838	GİRİŞ	

#Text=Sotos sendromu sık görülen aşırı büyüme sendromlarından birisidir.
12-1	839-844	Sotos	
12-2	845-853	sendromu	
12-3	854-857	sık	
12-4	858-865	görülen	
12-5	866-871	aşırı	
12-6	872-878	büyüme	
12-7	879-894	sendromlarından	
12-8	895-904	birisidir	
12-9	904-905	.	

#Text=İlk defa Juan Sotos tarafından 1964 yılında tanımlanmıştır.
13-1	906-909	İlk	
13-2	910-914	defa	
13-3	915-919	Juan	
13-4	920-925	Sotos	
13-5	926-936	tarafından	
13-6	937-941	1964	
13-7	942-949	yılında	
13-8	950-964	tanımlanmıştır	
13-9	964-965	.	

#Text=Hastalığın görülme sıklığı 1:14000 olarak kabul edilmektedir.
14-1	966-976	Hastalığın	
14-2	977-984	görülme	
14-3	985-992	sıklığı	
14-4	993-994	1	
14-5	994-995	:	
14-6	995-1000	14000	
14-7	1001-1007	olarak	
14-8	1008-1013	kabul	
14-9	1014-1026	edilmektedir	
14-10	1026-1027	.	

#Text=Sotos Sendromunun major bulguları arasında, ilerlemiş kemik yaşının eşlik ettiği aşırı büyüme, hastalığa özgü fasial dismorfizm ve öğrenme güçlüğü yer alır.
15-1	1028-1033	Sotos	
15-2	1034-1045	Sendromunun	
15-3	1046-1051	major	
15-4	1052-1061	bulguları	
15-5	1062-1070	arasında	
15-6	1070-1071	,	
15-7	1072-1081	ilerlemiş	
15-8	1082-1087	kemik	
15-9	1088-1095	yaşının	
15-10	1096-1101	eşlik	
15-11	1102-1108	ettiği	
15-12	1109-1114	aşırı	
15-13	1115-1121	büyüme	
15-14	1121-1122	,	
15-15	1123-1132	hastalığa	
15-16	1133-1137	özgü	
15-17	1138-1144	fasial	
15-18	1145-1155	dismorfizm	
15-19	1156-1158	ve	
15-20	1159-1166	öğrenme	
15-21	1167-1174	güçlüğü	
15-22	1175-1178	yer	
15-23	1179-1183	alır	
15-24	1183-1184	.	

#Text=Sotos sendromu genellikle de novo mutasyonla oluşmaktadır.
16-1	1185-1190	Sotos	
16-2	1191-1199	sendromu	
16-3	1200-1210	genellikle	
16-4	1211-1213	de	
16-5	1214-1218	novo	
16-6	1219-1229	mutasyonla	
16-7	1230-1242	oluşmaktadır	
16-8	1242-1243	.	

#Text=Ayrıca ebeveynlerden otozomal dominant kalıtıldığını gösteren vaka raporları da bildirilmiştir.
17-1	1244-1250	Ayrıca	
17-2	1251-1264	ebeveynlerden	
17-3	1265-1273	otozomal	
17-4	1274-1282	dominant	
17-5	1283-1296	kalıtıldığını	
17-6	1297-1305	gösteren	
17-7	1306-1310	vaka	
17-8	1311-1320	raporları	
17-9	1321-1323	da	
17-10	1324-1338	bildirilmiştir	
17-11	1338-1339	.	

#Text=Sotos Sendromunun yaklaşık %75’inden sorumlu olan ve tümör süpresör genler arasında yer alan NSD1 geni, 5q35 kromozom bölgesine lokalize olup 23 ekzondan oluşmaktadır.
18-1	1340-1345	Sotos	
18-2	1346-1357	Sendromunun	
18-3	1358-1366	yaklaşık	
18-4	1367-1368	%	
18-5	1368-1370	75	
18-6	1370-1371	’	
18-7	1371-1376	inden	
18-8	1377-1384	sorumlu	
18-9	1385-1389	olan	
18-10	1390-1392	ve	
18-11	1393-1398	tümör	
18-12	1399-1407	süpresör	
18-13	1408-1414	genler	
18-14	1415-1423	arasında	
18-15	1424-1427	yer	
18-16	1428-1432	alan	
18-17	1433-1437	NSD1	
18-18	1438-1442	geni	
18-19	1442-1443	,	
18-20	1444-1448	5q35	
18-21	1449-1457	kromozom	
18-22	1458-1467	bölgesine	
18-23	1468-1476	lokalize	
18-24	1477-1481	olup	
18-25	1482-1484	23	
18-26	1485-1493	ekzondan	
18-27	1494-1506	oluşmaktadır	
18-28	1506-1507	.	

#Text=NSD1 geni ile ilgili HGMD (Human Gene Mutation Database) ve LOVD (Leiden Open Variation Database) veritabanlarında 400’den fazla mutasyon tanımlanmış, bu mutasyonların %35’i küçük veya büyük gen delesyonları, %25’i yanlış anlamlı (missense), %20’si anlamsız (nonsense), %15’i küçük insersiyonlar, %5’i kesim noktası varyantları ve diğer %5’i ise kompleks yeniden düzenlenmelerden oluşmaktadır.
19-1	1508-1512	NSD1	
19-2	1513-1517	geni	
19-3	1518-1521	ile	
19-4	1522-1528	ilgili	
19-5	1529-1533	HGMD	
19-6	1534-1535	(	
19-7	1535-1540	Human	
19-8	1541-1545	Gene	
19-9	1546-1554	Mutation	
19-10	1555-1563	Database	
19-11	1563-1564	)	
19-12	1565-1567	ve	
19-13	1568-1572	LOVD	
19-14	1573-1574	(	
19-15	1574-1580	Leiden	
19-16	1581-1585	Open	
19-17	1586-1595	Variation	
19-18	1596-1604	Database	
19-19	1604-1605	)	
19-20	1606-1622	veritabanlarında	
19-21	1623-1626	400	
19-22	1626-1627	’	
19-23	1627-1630	den	
19-24	1631-1636	fazla	
19-25	1637-1645	mutasyon	
19-26	1646-1657	tanımlanmış	
19-27	1657-1658	,	
19-28	1659-1661	bu	
19-29	1662-1675	mutasyonların	
19-30	1676-1677	%	
19-31	1677-1679	35	
19-32	1679-1680	’	
19-33	1680-1681	i	
19-34	1682-1687	küçük	
19-35	1688-1692	veya	
19-36	1693-1698	büyük	
19-37	1699-1702	gen	
19-38	1703-1715	delesyonları	
19-39	1715-1716	,	
19-40	1717-1718	%	
19-41	1718-1720	25	
19-42	1720-1721	’	
19-43	1721-1722	i	
19-44	1723-1729	yanlış	
19-45	1730-1737	anlamlı	
19-46	1738-1739	(	
19-47	1739-1747	missense	
19-48	1747-1748	)	
19-49	1748-1749	,	
19-50	1750-1751	%	
19-51	1751-1753	20	
19-52	1753-1754	’	
19-53	1754-1756	si	
19-54	1757-1765	anlamsız	
19-55	1766-1767	(	
19-56	1767-1775	nonsense	
19-57	1775-1776	)	
19-58	1776-1777	,	
19-59	1778-1779	%	
19-60	1779-1781	15	
19-61	1781-1782	’	
19-62	1782-1783	i	
19-63	1784-1789	küçük	
19-64	1790-1803	insersiyonlar	
19-65	1803-1804	,	
19-66	1805-1806	%	
19-67	1806-1807	5	
19-68	1807-1808	’	
19-69	1808-1809	i	
19-70	1810-1815	kesim	
19-71	1816-1823	noktası	
19-72	1824-1835	varyantları	
19-73	1836-1838	ve	
19-74	1839-1844	diğer	
19-75	1845-1846	%	
19-76	1846-1847	5	
19-77	1847-1848	’	
19-78	1848-1849	i	
19-79	1850-1853	ise	
19-80	1854-1862	kompleks	
19-81	1863-1870	yeniden	
19-82	1871-1887	düzenlenmelerden	
19-83	1888-1900	oluşmaktadır	
19-84	1900-1901	.	

#Text=Çocukluk çağında ortaya çıkan yumuşak doku sarkomları nadir görülürken, aşırı büyüme sendromlarında benign ve malign tümör riski artmıştır.
20-1	1902-1910	Çocukluk	
20-2	1911-1918	çağında	
20-3	1919-1925	ortaya	
20-4	1926-1931	çıkan	
20-5	1932-1939	yumuşak	
20-6	1940-1944	doku	
20-7	1945-1955	sarkomları	
20-8	1956-1961	nadir	
20-9	1962-1972	görülürken	
20-10	1972-1973	,	
20-11	1974-1979	aşırı	
20-12	1980-1986	büyüme	
20-13	1987-2001	sendromlarında	
20-14	2002-2008	benign	
20-15	2009-2011	ve	
20-16	2012-2018	malign	
20-17	2019-2024	tümör	
20-18	2025-2030	riski	
20-19	2031-2040	artmıştır	
20-20	2040-2041	.	

#Text=Sotos sendromunda nöroblastom, akut miyeloid lösemi akciğer kanseri, astrositom ve sakrokoksigeal teratom gibi tümörlerin gelişim riski %2.2-3.9 olarak bildirilmiştir.
21-1	2042-2047	Sotos	
21-2	2048-2059	sendromunda	
21-3	2060-2071	nöroblastom	
21-4	2071-2072	,	
21-5	2073-2077	akut	
21-6	2078-2086	miyeloid	
21-7	2087-2093	lösemi	
21-8	2094-2101	akciğer	
21-9	2102-2109	kanseri	
21-10	2109-2110	,	
21-11	2111-2121	astrositom	
21-12	2122-2124	ve	
21-13	2125-2139	sakrokoksigeal	
21-14	2140-2147	teratom	
21-15	2148-2152	gibi	
21-16	2153-2163	tümörlerin	
21-17	2164-2171	gelişim	
21-18	2172-2177	riski	
21-19	2178-2179	%	
21-20	2179-2182	2.2	
21-21	2182-2183	-	
21-22	2183-2186	3.9	
21-23	2187-2193	olarak	
21-24	2194-2208	bildirilmiştir	
21-25	2208-2209	.	

#Text=Bu tümörler içinde en sık görüleni sakrokoksigeal teratom olup, konjenital olanlarının daha kötü prognozlu olduğu belirtilmektedir.
22-1	2210-2212	Bu	
22-2	2213-2221	tümörler	
22-3	2222-2228	içinde	
22-4	2229-2231	en	
22-5	2232-2235	sık	
22-6	2236-2244	görüleni	
22-7	2245-2259	sakrokoksigeal	
22-8	2260-2267	teratom	
22-9	2268-2272	olup	
22-10	2272-2273	,	
22-11	2274-2284	konjenital	
22-12	2285-2296	olanlarının	
22-13	2297-2301	daha	
22-14	2302-2306	kötü	
22-15	2307-2316	prognozlu	
22-16	2317-2323	olduğu	
22-17	2324-2340	belirtilmektedir	
22-18	2340-2341	.	

#Text=Olgumuz 34 aylık kız çocuğu.
23-1	2342-2349	Olgumuz	
23-2	2350-2352	34	
23-3	2353-2358	aylık	
23-4	2359-2362	kız	
23-5	2363-2369	çocuğu	
23-6	2369-2370	.	

#Text=Sakrokoksigeal bölgede tespit edilen ve opere edilen kitlenin teratom olarak belirlenmesi üzerine genetik inceleme amacıyla merkezimize refere edildi.
24-1	2371-2385	Sakrokoksigeal	
24-2	2386-2393	bölgede	
24-3	2394-2400	tespit	
24-4	2401-2407	edilen	
24-5	2408-2410	ve	
24-6	2411-2416	opere	
24-7	2417-2423	edilen	
24-8	2424-2432	kitlenin	
24-9	2433-2440	teratom	
24-10	2441-2447	olarak	
24-11	2448-2460	belirlenmesi	
24-12	2461-2468	üzerine	
24-13	2469-2476	genetik	
24-14	2477-2485	inceleme	
24-15	2486-2494	amacıyla	
24-16	2495-2506	merkezimize	
24-17	2507-2513	refere	
24-18	2514-2520	edildi	
24-19	2520-2521	.	

#Text=Anne baba arasında akrabalık yoktu.
25-1	2522-2526	Anne	
25-2	2527-2531	baba	
25-3	2532-2540	arasında	
25-4	2541-2550	akrabalık	
25-5	2551-2556	yoktu	
25-6	2556-2557	.	

#Text=Diğer akrabalarında doğumsal anomali ve kalıtsal bir hastalık mevcut değildi.
26-1	2558-2563	Diğer	
26-2	2564-2577	akrabalarında	
26-3	2578-2586	doğumsal	
26-4	2587-2594	anomali	
26-5	2595-2597	ve	
26-6	2598-2606	kalıtsal	
26-7	2607-2610	bir	
26-8	2611-2619	hastalık	
26-9	2620-2626	mevcut	
26-10	2627-2634	değildi	
26-11	2634-2635	.	

#Text=Hastanın, gebeliğin 40. haftasında 4835 gram ağırlığında, 57 cm boyunda, 41 cm baş çevresiyle hastanede sezaryenle dünyaya geldiği, yenidoğan döneminde neonatal pnömoni, beslenme bozukluğu, hipoglisemi ve interkostal çekilmeler nedeniyle yoğun bakım tedavisi uygulandığı, hiperbilirübinemi nedeniyle kuvöz bakımına alındığı ve fototerapi yapıldığı, sakrakoksigeal bölgede tespit edilen oluşumun yenidoğan döneminde hemanjiom olarak değerlendirildiği ve MR çekimi ile tümöral kitle olduğuna karar verildiği, tümöral kitlenin 3 aylıkken rezeke edildiği ve patolojik olarak teratom tanısı konulduğu, 12 aylıkken bir kez febril nöbet geçirdiği, gebelik döneminde anne kanında α-fetoprotein düzeyinin yüksek bulunduğu belirlendi.
27-1	2636-2644	Hastanın	
27-2	2644-2645	,	
27-3	2646-2655	gebeliğin	
27-4	2656-2658	40	
27-5	2658-2659	.	
27-6	2660-2670	haftasında	
27-7	2671-2675	4835	
27-8	2676-2680	gram	
27-9	2681-2692	ağırlığında	
27-10	2692-2693	,	
27-11	2694-2696	57	
27-12	2697-2699	cm	
27-13	2700-2707	boyunda	
27-14	2707-2708	,	
27-15	2709-2711	41	
27-16	2712-2714	cm	
27-17	2715-2718	baş	
27-18	2719-2729	çevresiyle	
27-19	2730-2739	hastanede	
27-20	2740-2750	sezaryenle	
27-21	2751-2758	dünyaya	
27-22	2759-2766	geldiği	
27-23	2766-2767	,	
27-24	2768-2777	yenidoğan	
27-25	2778-2787	döneminde	
27-26	2788-2796	neonatal	
27-27	2797-2804	pnömoni	
27-28	2804-2805	,	
27-29	2806-2814	beslenme	
27-30	2815-2824	bozukluğu	
27-31	2824-2825	,	
27-32	2826-2837	hipoglisemi	
27-33	2838-2840	ve	
27-34	2841-2852	interkostal	
27-35	2853-2863	çekilmeler	
27-36	2864-2873	nedeniyle	
27-37	2874-2879	yoğun	
27-38	2880-2885	bakım	
27-39	2886-2894	tedavisi	
27-40	2895-2906	uygulandığı	
27-41	2906-2907	,	
27-42	2908-2925	hiperbilirübinemi	
27-43	2926-2935	nedeniyle	
27-44	2936-2941	kuvöz	
27-45	2942-2950	bakımına	
27-46	2951-2959	alındığı	
27-47	2960-2962	ve	
27-48	2963-2973	fototerapi	
27-49	2974-2983	yapıldığı	
27-50	2983-2984	,	
27-51	2985-2999	sakrakoksigeal	
27-52	3000-3007	bölgede	
27-53	3008-3014	tespit	
27-54	3015-3021	edilen	
27-55	3022-3030	oluşumun	
27-56	3031-3040	yenidoğan	
27-57	3041-3050	döneminde	
27-58	3051-3060	hemanjiom	
27-59	3061-3067	olarak	
27-60	3068-3085	değerlendirildiği	
27-61	3086-3088	ve	
27-62	3089-3091	MR	
27-63	3092-3098	çekimi	
27-64	3099-3102	ile	
27-65	3103-3110	tümöral	
27-66	3111-3116	kitle	
27-67	3117-3125	olduğuna	
27-68	3126-3131	karar	
27-69	3132-3141	verildiği	
27-70	3141-3142	,	
27-71	3143-3150	tümöral	
27-72	3151-3159	kitlenin	
27-73	3160-3161	3	
27-74	3162-3170	aylıkken	
27-75	3171-3177	rezeke	
27-76	3178-3186	edildiği	
27-77	3187-3189	ve	
27-78	3190-3199	patolojik	
27-79	3200-3206	olarak	
27-80	3207-3214	teratom	
27-81	3215-3221	tanısı	
27-82	3222-3231	konulduğu	
27-83	3231-3232	,	
27-84	3233-3235	12	
27-85	3236-3244	aylıkken	
27-86	3245-3248	bir	
27-87	3249-3252	kez	
27-88	3253-3259	febril	
27-89	3260-3265	nöbet	
27-90	3266-3275	geçirdiği	
27-91	3275-3276	,	
27-92	3277-3284	gebelik	
27-93	3285-3294	döneminde	
27-94	3295-3299	anne	
27-95	3300-3307	kanında	
27-96	3308-3321	α-fetoprotein	
27-97	3322-3331	düzeyinin	
27-98	3332-3338	yüksek	
27-99	3339-3348	bulunduğu	
27-100	3349-3359	belirlendi	
27-101	3359-3360	.	
