#FORMAT=WebAnno TSV 3.3
#T_SP=webanno.custom.Negation|
#T_SP=webanno.custom.NegationEvent|
#T_SP=webanno.custom.NegationFocus|
#T_SP=webanno.custom.NegationMarker|ROLE_webanno.custom.NegationMarker:coordinationparticle_webanno.custom.NegationMarkerCoordinationparticleLink|webanno.custom.CoordinationParticle|ROLE_webanno.custom.NegationMarker:event_webanno.custom.NegationMarkerEventLink|webanno.custom.NegationEvent|ROLE_webanno.custom.NegationMarker:focus_webanno.custom.NegationMarkerFocusLink|webanno.custom.NegationFocus|markerType|ROLE_webanno.custom.NegationMarker:scope_webanno.custom.NegationMarkerScopeLink|webanno.custom.Negation|value


#Text=ÖZET
1-1	0-4	ÖZET	_	_	_	_	_	_	_	_	_	_	_	_	_	

#Text=Ewing sarkomu, kemik dokusunun Ewing sarkomu, iskelet sistemi dışındaki Ewing sarkomu, periferik primitif nöroendokrin tümör, torakopulmoner bölgenin malign küçük hücreli tümörü (Askin) ve tipik olmayan Ewing sarkomu olarak sınıflandırılır.
2-1	5-10	Ewing	_	_	_	_	_	_	_	_	_	_	_	_	_	
2-2	11-18	sarkomu	_	_	_	_	_	_	_	_	_	_	_	_	_	
2-3	18-19	,	_	_	_	_	_	_	_	_	_	_	_	_	_	
2-4	20-25	kemik	_	_	_	_	_	_	_	_	_	_	_	_	_	
2-5	26-35	dokusunun	_	_	_	_	_	_	_	_	_	_	_	_	_	
2-6	36-41	Ewing	_	_	_	_	_	_	_	_	_	_	_	_	_	
2-7	42-49	sarkomu	_	_	_	_	_	_	_	_	_	_	_	_	_	
2-8	49-50	,	_	_	_	_	_	_	_	_	_	_	_	_	_	
2-9	51-58	iskelet	_	_	_	_	_	_	_	_	_	_	_	_	_	
2-10	59-66	sistemi	_	_	_	_	_	_	_	_	_	_	_	_	_	
2-11	67-76	dışındaki	_	_	_	_	_	_	_	_	_	_	_	_	_	
2-12	77-82	Ewing	_	_	_	_	_	_	_	_	_	_	_	_	_	
2-13	83-90	sarkomu	_	_	_	_	_	_	_	_	_	_	_	_	_	
2-14	90-91	,	_	_	_	_	_	_	_	_	_	_	_	_	_	
2-15	92-101	periferik	_	_	_	_	_	_	_	_	_	_	_	_	_	
2-16	102-110	primitif	_	_	_	_	_	_	_	_	_	_	_	_	_	
2-17	111-123	nöroendokrin	_	_	_	_	_	_	_	_	_	_	_	_	_	
2-18	124-129	tümör	_	_	_	_	_	_	_	_	_	_	_	_	_	
2-19	129-130	,	_	_	_	_	_	_	_	_	_	_	_	_	_	
2-20	131-145	torakopulmoner	_	_	_	_	_	_	_	_	_	_	_	_	_	
2-21	146-154	bölgenin	_	_	_	_	_	_	_	_	_	_	_	_	_	
2-22	155-161	malign	_	_	_	_	_	_	_	_	_	_	_	_	_	
2-23	162-167	küçük	_	_	_	_	_	_	_	_	_	_	_	_	_	
2-24	168-175	hücreli	_	_	_	_	_	_	_	_	_	_	_	_	_	
2-25	176-182	tümörü	_	_	_	_	_	_	_	_	_	_	_	_	_	
2-26	183-184	(	_	_	_	_	_	_	_	_	_	_	_	_	_	
2-27	184-189	Askin	_	_	_	_	_	_	_	_	_	_	_	_	_	
2-28	189-190	)	_	_	_	_	_	_	_	_	_	_	_	_	_	
2-29	191-193	ve	_	_	_	_	_	_	_	_	_	_	_	_	_	
2-30	194-199	tipik	*[1]	_	*	_	_	_	_	_	_	_	_	_	_	
2-31	200-207	olmayan	*[1]	*	_	_	*	partOfEvent	2-31	isAnotherFocus	2-30	NegMorMarker	partOfScope	2-30[1]	*	
2-32	208-213	Ewing	*[1]	_	_	_	_	_	_	_	_	_	_	_	_	
2-33	214-221	sarkomu	*[1]	_	_	_	_	_	_	_	_	_	_	_	_	
2-34	222-228	olarak	_	_	_	_	_	_	_	_	_	_	_	_	_	
2-35	229-244	sınıflandırılır	_	_	_	_	_	_	_	_	_	_	_	_	_	
2-36	244-245	.	_	_	_	_	_	_	_	_	_	_	_	_	_	

#Text=Ekstraosseöz Ewing sarkomu tüm vücutta görülebilir ancak boyunda %4 oranında bildirilmiştir.
3-1	246-258	Ekstraosseöz	_	_	_	_	_	_	_	_	_	_	_	_	_	
3-2	259-264	Ewing	_	_	_	_	_	_	_	_	_	_	_	_	_	
3-3	265-272	sarkomu	_	_	_	_	_	_	_	_	_	_	_	_	_	
3-4	273-276	tüm	_	_	_	_	_	_	_	_	_	_	_	_	_	
3-5	277-284	vücutta	_	_	_	_	_	_	_	_	_	_	_	_	_	
3-6	285-296	görülebilir	_	_	_	_	_	_	_	_	_	_	_	_	_	
3-7	297-302	ancak	_	_	_	_	_	_	_	_	_	_	_	_	_	
3-8	303-310	boyunda	_	_	_	_	_	_	_	_	_	_	_	_	_	
3-9	311-312	%	_	_	_	_	_	_	_	_	_	_	_	_	_	
3-10	312-313	4	_	_	_	_	_	_	_	_	_	_	_	_	_	
3-11	314-322	oranında	_	_	_	_	_	_	_	_	_	_	_	_	_	
3-12	323-337	bildirilmiştir	_	_	_	_	_	_	_	_	_	_	_	_	_	
3-13	337-338	.	_	_	_	_	_	_	_	_	_	_	_	_	_	

#Text=Olgumuzda, ensesinde 3 aydır giderek büyüyen ağrısız kitlesi olan hastada; manyetik rezonans görüntülemede perivertebral kasların arasında, yağ planlarının arasında büyüyen, kapsüllü, düzgün sınırlı kitle lezyonu saptandı.
4-1	339-348	Olgumuzda	_	_	_	_	_	_	_	_	_	_	_	_	_	
4-2	348-349	,	_	_	_	_	_	_	_	_	_	_	_	_	_	
4-3	350-359	ensesinde	_	_	_	_	_	_	_	_	_	_	_	_	_	
4-4	360-361	3	_	_	_	_	_	_	_	_	_	_	_	_	_	
4-5	362-367	aydır	_	_	_	_	_	_	_	_	_	_	_	_	_	
4-6	368-375	giderek	_	_	_	_	_	_	_	_	_	_	_	_	_	
4-7	376-383	büyüyen	_	_	_	_	_	_	_	_	_	_	_	_	_	
4-8	384-391	ağrısız	_	_	_	_	_	_	_	_	_	_	_	_	_	
4-9	392-399	kitlesi	_	_	_	_	_	_	_	_	_	_	_	_	_	
4-10	400-404	olan	_	_	_	_	_	_	_	_	_	_	_	_	_	
4-11	405-412	hastada	_	_	_	_	_	_	_	_	_	_	_	_	_	
4-12	412-413	;	_	_	_	_	_	_	_	_	_	_	_	_	_	
4-13	414-422	manyetik	_	_	_	_	_	_	_	_	_	_	_	_	_	
4-14	423-431	rezonans	_	_	_	_	_	_	_	_	_	_	_	_	_	
4-15	432-445	görüntülemede	_	_	_	_	_	_	_	_	_	_	_	_	_	
4-16	446-459	perivertebral	_	_	_	_	_	_	_	_	_	_	_	_	_	
4-17	460-468	kasların	_	_	_	_	_	_	_	_	_	_	_	_	_	
4-18	469-477	arasında	_	_	_	_	_	_	_	_	_	_	_	_	_	
4-19	477-478	,	_	_	_	_	_	_	_	_	_	_	_	_	_	
4-20	479-482	yağ	_	_	_	_	_	_	_	_	_	_	_	_	_	
4-21	483-494	planlarının	_	_	_	_	_	_	_	_	_	_	_	_	_	
4-22	495-503	arasında	_	_	_	_	_	_	_	_	_	_	_	_	_	
4-23	504-511	büyüyen	_	_	_	_	_	_	_	_	_	_	_	_	_	
4-24	511-512	,	_	_	_	_	_	_	_	_	_	_	_	_	_	
4-25	513-521	kapsüllü	_	_	_	_	_	_	_	_	_	_	_	_	_	
4-26	521-522	,	_	_	_	_	_	_	_	_	_	_	_	_	_	
4-27	523-529	düzgün	_	_	_	_	_	_	_	_	_	_	_	_	_	
4-28	530-537	sınırlı	_	_	_	_	_	_	_	_	_	_	_	_	_	
4-29	538-543	kitle	_	_	_	_	_	_	_	_	_	_	_	_	_	
4-30	544-551	lezyonu	_	_	_	_	_	_	_	_	_	_	_	_	_	
4-31	552-560	saptandı	_	_	_	_	_	_	_	_	_	_	_	_	_	
4-32	560-561	.	_	_	_	_	_	_	_	_	_	_	_	_	_	

#Text=Cerrahi olarak çıkarılan tümörde patolojik olarak Ewing sarkomu tanısı koyuldu.
5-1	562-569	Cerrahi	_	_	_	_	_	_	_	_	_	_	_	_	_	
5-2	570-576	olarak	_	_	_	_	_	_	_	_	_	_	_	_	_	
5-3	577-586	çıkarılan	_	_	_	_	_	_	_	_	_	_	_	_	_	
5-4	587-594	tümörde	_	_	_	_	_	_	_	_	_	_	_	_	_	
5-5	595-604	patolojik	_	_	_	_	_	_	_	_	_	_	_	_	_	
5-6	605-611	olarak	_	_	_	_	_	_	_	_	_	_	_	_	_	
5-7	612-617	Ewing	_	_	_	_	_	_	_	_	_	_	_	_	_	
5-8	618-625	sarkomu	_	_	_	_	_	_	_	_	_	_	_	_	_	
5-9	626-632	tanısı	_	_	_	_	_	_	_	_	_	_	_	_	_	
5-10	633-640	koyuldu	_	_	_	_	_	_	_	_	_	_	_	_	_	
5-11	640-641	.	_	_	_	_	_	_	_	_	_	_	_	_	_	

#Text=Moleküler incelemede 22q11 translokasyonu tespit edildi.
6-1	642-651	Moleküler	_	_	_	_	_	_	_	_	_	_	_	_	_	
6-2	652-662	incelemede	_	_	_	_	_	_	_	_	_	_	_	_	_	
6-3	663-668	22q11	_	_	_	_	_	_	_	_	_	_	_	_	_	
6-4	669-683	translokasyonu	_	_	_	_	_	_	_	_	_	_	_	_	_	
6-5	684-690	tespit	_	_	_	_	_	_	_	_	_	_	_	_	_	
6-6	691-697	edildi	_	_	_	_	_	_	_	_	_	_	_	_	_	
6-7	697-698	.	_	_	_	_	_	_	_	_	_	_	_	_	_	

#Text=Ekstraosseöz Ewing sarkomları nadir olarak görülen yumuşak doku kitleleridir.
7-1	700-712	Ekstraosseöz	_	_	_	_	_	_	_	_	_	_	_	_	_	
7-2	713-718	Ewing	_	_	_	_	_	_	_	_	_	_	_	_	_	
7-3	719-729	sarkomları	_	_	_	_	_	_	_	_	_	_	_	_	_	
7-4	730-735	nadir	_	_	_	_	_	_	_	_	_	_	_	_	_	
7-5	736-742	olarak	_	_	_	_	_	_	_	_	_	_	_	_	_	
7-6	743-750	görülen	_	_	_	_	_	_	_	_	_	_	_	_	_	
7-7	751-758	yumuşak	_	_	_	_	_	_	_	_	_	_	_	_	_	
7-8	759-763	doku	_	_	_	_	_	_	_	_	_	_	_	_	_	
7-9	764-776	kitleleridir	_	_	_	_	_	_	_	_	_	_	_	_	_	
7-10	776-777	.	_	_	_	_	_	_	_	_	_	_	_	_	_	

#Text=Görüntüleme özellikleri özgün veya tanı koymada yeterli olmasa da, biyopsi için dokunun uygun yerden alınması ve tümörün evrelendirilmesi açısından önemli yer tutar.
8-1	779-790	Görüntüleme	_	_	_	_	_	_	_	_	_	_	_	_	_	
8-2	791-802	özellikleri	_	_	_	_	_	_	_	_	_	_	_	_	_	
8-3	803-808	özgün	_	_	_	_	_	_	_	_	_	_	_	_	_	
8-4	809-813	veya	_	_	_	_	_	_	_	_	_	_	_	_	_	
8-5	814-818	tanı	_	_	_	_	_	_	_	_	_	_	_	_	_	
8-6	819-826	koymada	_	_	_	_	_	_	_	_	_	_	_	_	_	
8-7	827-834	yeterli	_	_	_	_	_	_	_	_	_	_	_	_	_	
8-8	835-841	olmasa	_	_	_	_	_	_	_	_	_	_	_	_	_	
8-9	842-844	da	_	_	_	_	_	_	_	_	_	_	_	_	_	
8-10	844-845	,	_	_	_	_	_	_	_	_	_	_	_	_	_	
8-11	846-853	biyopsi	_	_	_	_	_	_	_	_	_	_	_	_	_	
8-12	854-858	için	_	_	_	_	_	_	_	_	_	_	_	_	_	
8-13	859-866	dokunun	_	_	_	_	_	_	_	_	_	_	_	_	_	
8-14	867-872	uygun	_	_	_	_	_	_	_	_	_	_	_	_	_	
8-15	873-879	yerden	_	_	_	_	_	_	_	_	_	_	_	_	_	
8-16	880-888	alınması	_	_	_	_	_	_	_	_	_	_	_	_	_	
8-17	889-891	ve	_	_	_	_	_	_	_	_	_	_	_	_	_	
8-18	892-899	tümörün	_	_	_	_	_	_	_	_	_	_	_	_	_	
8-19	900-916	evrelendirilmesi	_	_	_	_	_	_	_	_	_	_	_	_	_	
8-20	917-926	açısından	_	_	_	_	_	_	_	_	_	_	_	_	_	
8-21	927-933	önemli	_	_	_	_	_	_	_	_	_	_	_	_	_	
8-22	934-937	yer	_	_	_	_	_	_	_	_	_	_	_	_	_	
8-23	938-943	tutar	_	_	_	_	_	_	_	_	_	_	_	_	_	
8-24	943-944	.	_	_	_	_	_	_	_	_	_	_	_	_	_	

#Text=Ayrıca iskelet dışındaki Ewing sarkomunda, tam cerrahi rezeksiyonun diğer Ewing sarkomu ailesi tümörlerine kıyasla daha iyi sağkalım oranları ile ilişkili olduğu gösterilmiştir.
9-1	945-951	Ayrıca	_	_	_	_	_	_	_	_	_	_	_	_	_	
9-2	952-959	iskelet	_	_	_	_	_	_	_	_	_	_	_	_	_	
9-3	960-969	dışındaki	_	_	_	_	_	_	_	_	_	_	_	_	_	
9-4	970-975	Ewing	_	_	_	_	_	_	_	_	_	_	_	_	_	
9-5	976-986	sarkomunda	_	_	_	_	_	_	_	_	_	_	_	_	_	
9-6	986-987	,	_	_	_	_	_	_	_	_	_	_	_	_	_	
9-7	988-991	tam	_	_	_	_	_	_	_	_	_	_	_	_	_	
9-8	992-999	cerrahi	_	_	_	_	_	_	_	_	_	_	_	_	_	
9-9	1000-1012	rezeksiyonun	_	_	_	_	_	_	_	_	_	_	_	_	_	
9-10	1013-1018	diğer	_	_	_	_	_	_	_	_	_	_	_	_	_	
9-11	1019-1024	Ewing	_	_	_	_	_	_	_	_	_	_	_	_	_	
9-12	1025-1032	sarkomu	_	_	_	_	_	_	_	_	_	_	_	_	_	
9-13	1033-1039	ailesi	_	_	_	_	_	_	_	_	_	_	_	_	_	
9-14	1040-1051	tümörlerine	_	_	_	_	_	_	_	_	_	_	_	_	_	
9-15	1052-1059	kıyasla	_	_	_	_	_	_	_	_	_	_	_	_	_	
9-16	1060-1064	daha	_	_	_	_	_	_	_	_	_	_	_	_	_	
9-17	1065-1068	iyi	_	_	_	_	_	_	_	_	_	_	_	_	_	
9-18	1069-1077	sağkalım	_	_	_	_	_	_	_	_	_	_	_	_	_	
9-19	1078-1086	oranları	_	_	_	_	_	_	_	_	_	_	_	_	_	
9-20	1087-1090	ile	_	_	_	_	_	_	_	_	_	_	_	_	_	
9-21	1091-1099	ilişkili	_	_	_	_	_	_	_	_	_	_	_	_	_	
9-22	1100-1106	olduğu	_	_	_	_	_	_	_	_	_	_	_	_	_	
9-23	1107-1121	gösterilmiştir	_	_	_	_	_	_	_	_	_	_	_	_	_	
9-24	1121-1122	.	_	_	_	_	_	_	_	_	_	_	_	_	_	

#Text=Bu nedenle cerrahiye yön gösterme ve tümörün çıkarılabilirliğinin değerlendirilmesinde görüntüleme önemli yer tutmaktadır.
10-1	1123-1125	Bu	_	_	_	_	_	_	_	_	_	_	_	_	_	
10-2	1126-1133	nedenle	_	_	_	_	_	_	_	_	_	_	_	_	_	
10-3	1134-1143	cerrahiye	_	_	_	_	_	_	_	_	_	_	_	_	_	
10-4	1144-1147	yön	_	_	_	_	_	_	_	_	_	_	_	_	_	
10-5	1148-1156	gösterme	_	_	_	_	_	_	_	_	_	_	_	_	_	
10-6	1157-1159	ve	_	_	_	_	_	_	_	_	_	_	_	_	_	
10-7	1160-1167	tümörün	_	_	_	_	_	_	_	_	_	_	_	_	_	
10-8	1168-1188	çıkarılabilirliğinin	_	_	_	_	_	_	_	_	_	_	_	_	_	
10-9	1189-1209	değerlendirilmesinde	_	_	_	_	_	_	_	_	_	_	_	_	_	
10-10	1210-1221	görüntüleme	_	_	_	_	_	_	_	_	_	_	_	_	_	
10-11	1222-1228	önemli	_	_	_	_	_	_	_	_	_	_	_	_	_	
10-12	1229-1232	yer	_	_	_	_	_	_	_	_	_	_	_	_	_	
10-13	1233-1244	tutmaktadır	_	_	_	_	_	_	_	_	_	_	_	_	_	
10-14	1244-1245	.	_	_	_	_	_	_	_	_	_	_	_	_	_	

#Text=Hızlı büyüyen, ele gelen kitlesi olan genç hastalarda, ilk planda morfolojik olarak benign izlenimi verse de dikkatle değerlendirip baş-boyun yumuşak doku kitlelerinin ayırıcı tanısında düşünülmelidir.
11-1	1246-1251	Hızlı	_	_	_	_	_	_	_	_	_	_	_	_	_	
11-2	1252-1259	büyüyen	_	_	_	_	_	_	_	_	_	_	_	_	_	
11-3	1259-1260	,	_	_	_	_	_	_	_	_	_	_	_	_	_	
11-4	1261-1264	ele	_	_	_	_	_	_	_	_	_	_	_	_	_	
11-5	1265-1270	gelen	_	_	_	_	_	_	_	_	_	_	_	_	_	
11-6	1271-1278	kitlesi	_	_	_	_	_	_	_	_	_	_	_	_	_	
11-7	1279-1283	olan	_	_	_	_	_	_	_	_	_	_	_	_	_	
11-8	1284-1288	genç	_	_	_	_	_	_	_	_	_	_	_	_	_	
11-9	1289-1299	hastalarda	_	_	_	_	_	_	_	_	_	_	_	_	_	
11-10	1299-1300	,	_	_	_	_	_	_	_	_	_	_	_	_	_	
11-11	1301-1304	ilk	_	_	_	_	_	_	_	_	_	_	_	_	_	
11-12	1305-1311	planda	_	_	_	_	_	_	_	_	_	_	_	_	_	
11-13	1312-1322	morfolojik	_	_	_	_	_	_	_	_	_	_	_	_	_	
11-14	1323-1329	olarak	_	_	_	_	_	_	_	_	_	_	_	_	_	
11-15	1330-1336	benign	_	_	_	_	_	_	_	_	_	_	_	_	_	
11-16	1337-1345	izlenimi	_	_	_	_	_	_	_	_	_	_	_	_	_	
11-17	1346-1351	verse	_	_	_	_	_	_	_	_	_	_	_	_	_	
11-18	1352-1354	de	_	_	_	_	_	_	_	_	_	_	_	_	_	
11-19	1355-1363	dikkatle	_	_	_	_	_	_	_	_	_	_	_	_	_	
11-20	1364-1377	değerlendirip	_	_	_	_	_	_	_	_	_	_	_	_	_	
11-21	1378-1387	baş-boyun	_	_	_	_	_	_	_	_	_	_	_	_	_	
11-22	1388-1395	yumuşak	_	_	_	_	_	_	_	_	_	_	_	_	_	
11-23	1396-1400	doku	_	_	_	_	_	_	_	_	_	_	_	_	_	
11-24	1401-1413	kitlelerinin	_	_	_	_	_	_	_	_	_	_	_	_	_	
11-25	1414-1421	ayırıcı	_	_	_	_	_	_	_	_	_	_	_	_	_	
11-26	1422-1431	tanısında	_	_	_	_	_	_	_	_	_	_	_	_	_	
11-27	1432-1446	düşünülmelidir	_	_	_	_	_	_	_	_	_	_	_	_	_	
11-28	1446-1447	.	_	_	_	_	_	_	_	_	_	_	_	_	_	

#Text=GİRİŞ
12-1	1448-1453	GİRİŞ	_	_	_	_	_	_	_	_	_	_	_	_	_	

#Text=Ewing sarkomu, pediatrik ve genç-yetişkinlerde genellikle primer kemik tümörü şeklinde karşımıza çıkar.
13-1	1454-1459	Ewing	_	_	_	_	_	_	_	_	_	_	_	_	_	
13-2	1460-1467	sarkomu	_	_	_	_	_	_	_	_	_	_	_	_	_	
13-3	1467-1468	,	_	_	_	_	_	_	_	_	_	_	_	_	_	
13-4	1469-1478	pediatrik	_	_	_	_	_	_	_	_	_	_	_	_	_	
13-5	1479-1481	ve	_	_	_	_	_	_	_	_	_	_	_	_	_	
13-6	1482-1500	genç-yetişkinlerde	_	_	_	_	_	_	_	_	_	_	_	_	_	
13-7	1501-1511	genellikle	_	_	_	_	_	_	_	_	_	_	_	_	_	
13-8	1512-1518	primer	_	_	_	_	_	_	_	_	_	_	_	_	_	
13-9	1519-1524	kemik	_	_	_	_	_	_	_	_	_	_	_	_	_	
13-10	1525-1531	tümörü	_	_	_	_	_	_	_	_	_	_	_	_	_	
13-11	1532-1540	şeklinde	_	_	_	_	_	_	_	_	_	_	_	_	_	
13-12	1541-1550	karşımıza	_	_	_	_	_	_	_	_	_	_	_	_	_	
13-13	1551-1556	çıkar	_	_	_	_	_	_	_	_	_	_	_	_	_	
13-14	1556-1557	.	_	_	_	_	_	_	_	_	_	_	_	_	_	

#Text=Ewing sarkomu, kemik dokusunun Ewing sarkomu, iskelet sistemi dışındaki Ewing sarkomu, periferik primitif nöroendokrin tümör, torakopulmoner bölgenin malign küçük hücreli tümörü (Askin) ve tipik olmayan Ewing sarkomu olarak sınıflandırılır.
14-1	1558-1563	Ewing	_	_	_	_	_	_	_	_	_	_	_	_	_	
14-2	1564-1571	sarkomu	_	_	_	_	_	_	_	_	_	_	_	_	_	
14-3	1571-1572	,	_	_	_	_	_	_	_	_	_	_	_	_	_	
14-4	1573-1578	kemik	_	_	_	_	_	_	_	_	_	_	_	_	_	
14-5	1579-1588	dokusunun	_	_	_	_	_	_	_	_	_	_	_	_	_	
14-6	1589-1594	Ewing	_	_	_	_	_	_	_	_	_	_	_	_	_	
14-7	1595-1602	sarkomu	_	_	_	_	_	_	_	_	_	_	_	_	_	
14-8	1602-1603	,	_	_	_	_	_	_	_	_	_	_	_	_	_	
14-9	1604-1611	iskelet	_	_	_	_	_	_	_	_	_	_	_	_	_	
14-10	1612-1619	sistemi	_	_	_	_	_	_	_	_	_	_	_	_	_	
14-11	1620-1629	dışındaki	_	_	_	_	_	_	_	_	_	_	_	_	_	
14-12	1630-1635	Ewing	_	_	_	_	_	_	_	_	_	_	_	_	_	
14-13	1636-1643	sarkomu	_	_	_	_	_	_	_	_	_	_	_	_	_	
14-14	1643-1644	,	_	_	_	_	_	_	_	_	_	_	_	_	_	
14-15	1645-1654	periferik	_	_	_	_	_	_	_	_	_	_	_	_	_	
14-16	1655-1663	primitif	_	_	_	_	_	_	_	_	_	_	_	_	_	
14-17	1664-1676	nöroendokrin	_	_	_	_	_	_	_	_	_	_	_	_	_	
14-18	1677-1682	tümör	_	_	_	_	_	_	_	_	_	_	_	_	_	
14-19	1682-1683	,	_	_	_	_	_	_	_	_	_	_	_	_	_	
14-20	1684-1698	torakopulmoner	_	_	_	_	_	_	_	_	_	_	_	_	_	
14-21	1699-1707	bölgenin	_	_	_	_	_	_	_	_	_	_	_	_	_	
14-22	1708-1714	malign	_	_	_	_	_	_	_	_	_	_	_	_	_	
14-23	1715-1720	küçük	_	_	_	_	_	_	_	_	_	_	_	_	_	
14-24	1721-1728	hücreli	_	_	_	_	_	_	_	_	_	_	_	_	_	
14-25	1729-1735	tümörü	_	_	_	_	_	_	_	_	_	_	_	_	_	
14-26	1736-1737	(	_	_	_	_	_	_	_	_	_	_	_	_	_	
14-27	1737-1742	Askin	_	_	_	_	_	_	_	_	_	_	_	_	_	
14-28	1742-1743	)	_	_	_	_	_	_	_	_	_	_	_	_	_	
14-29	1744-1746	ve	_	_	_	_	_	_	_	_	_	_	_	_	_	
14-30	1747-1752	tipik	*[2]	_	*	_	_	_	_	_	_	_	_	_	_	
14-31	1753-1760	olmayan	*[2]	*	_	_	*	partOfEvent	14-31	isAnotherFocus	14-30	NegLexMarker	partOfScope	14-30[2]	*	
14-32	1761-1766	Ewing	*[2]	_	_	_	_	_	_	_	_	_	_	_	_	
14-33	1767-1774	sarkomu	*[2]	_	_	_	_	_	_	_	_	_	_	_	_	
14-34	1775-1781	olarak	_	_	_	_	_	_	_	_	_	_	_	_	_	
14-35	1782-1797	sınıflandırılır	_	_	_	_	_	_	_	_	_	_	_	_	_	
14-36	1797-1798	.	_	_	_	_	_	_	_	_	_	_	_	_	_	

#Text=Bununla birlikte, moleküler inceleme yöntemleri ile bu gruptaki tümörlerin karyotip analizlerinde ortak olarak kromozom 11-22 translokasyonu mevcuttur.
15-1	1799-1806	Bununla	_	_	_	_	_	_	_	_	_	_	_	_	_	
15-2	1807-1815	birlikte	_	_	_	_	_	_	_	_	_	_	_	_	_	
15-3	1815-1816	,	_	_	_	_	_	_	_	_	_	_	_	_	_	
15-4	1817-1826	moleküler	_	_	_	_	_	_	_	_	_	_	_	_	_	
15-5	1827-1835	inceleme	_	_	_	_	_	_	_	_	_	_	_	_	_	
15-6	1836-1846	yöntemleri	_	_	_	_	_	_	_	_	_	_	_	_	_	
15-7	1847-1850	ile	_	_	_	_	_	_	_	_	_	_	_	_	_	
15-8	1851-1853	bu	_	_	_	_	_	_	_	_	_	_	_	_	_	
15-9	1854-1862	gruptaki	_	_	_	_	_	_	_	_	_	_	_	_	_	
15-10	1863-1873	tümörlerin	_	_	_	_	_	_	_	_	_	_	_	_	_	
15-11	1874-1882	karyotip	_	_	_	_	_	_	_	_	_	_	_	_	_	
15-12	1883-1896	analizlerinde	_	_	_	_	_	_	_	_	_	_	_	_	_	
15-13	1897-1902	ortak	_	_	_	_	_	_	_	_	_	_	_	_	_	
15-14	1903-1909	olarak	_	_	_	_	_	_	_	_	_	_	_	_	_	
15-15	1910-1918	kromozom	_	_	_	_	_	_	_	_	_	_	_	_	_	
15-16	1919-1921	11	_	_	_	_	_	_	_	_	_	_	_	_	_	
15-17	1921-1922	-	_	_	_	_	_	_	_	_	_	_	_	_	_	
15-18	1922-1924	22	_	_	_	_	_	_	_	_	_	_	_	_	_	
15-19	1925-1939	translokasyonu	_	_	_	_	_	_	_	_	_	_	_	_	_	
15-20	1940-1949	mevcuttur	_	_	_	_	_	_	_	_	_	_	_	_	_	
15-21	1949-1950	.	_	_	_	_	_	_	_	_	_	_	_	_	_	

#Text=Tüm bu gruplardaki tümörler Ewing sarkomu ailesi şeklinde sınıflandırılır.
16-1	1951-1954	Tüm	_	_	_	_	_	_	_	_	_	_	_	_	_	
16-2	1955-1957	bu	_	_	_	_	_	_	_	_	_	_	_	_	_	
16-3	1958-1969	gruplardaki	_	_	_	_	_	_	_	_	_	_	_	_	_	
16-4	1970-1978	tümörler	_	_	_	_	_	_	_	_	_	_	_	_	_	
16-5	1979-1984	Ewing	_	_	_	_	_	_	_	_	_	_	_	_	_	
16-6	1985-1992	sarkomu	_	_	_	_	_	_	_	_	_	_	_	_	_	
16-7	1993-1999	ailesi	_	_	_	_	_	_	_	_	_	_	_	_	_	
16-8	2000-2008	şeklinde	_	_	_	_	_	_	_	_	_	_	_	_	_	
16-9	2009-2024	sınıflandırılır	_	_	_	_	_	_	_	_	_	_	_	_	_	
16-10	2024-2025	.	_	_	_	_	_	_	_	_	_	_	_	_	_	

#Text=Histolojik olarak ise tabakalar şeklinde dizilmiş küçük mavi hücrelerden oluşurlar.
17-1	2026-2036	Histolojik	_	_	_	_	_	_	_	_	_	_	_	_	_	
17-2	2037-2043	olarak	_	_	_	_	_	_	_	_	_	_	_	_	_	
17-3	2044-2047	ise	_	_	_	_	_	_	_	_	_	_	_	_	_	
17-4	2048-2057	tabakalar	_	_	_	_	_	_	_	_	_	_	_	_	_	
17-5	2058-2066	şeklinde	_	_	_	_	_	_	_	_	_	_	_	_	_	
17-6	2067-2075	dizilmiş	_	_	_	_	_	_	_	_	_	_	_	_	_	
17-7	2076-2081	küçük	_	_	_	_	_	_	_	_	_	_	_	_	_	
17-8	2082-2086	mavi	_	_	_	_	_	_	_	_	_	_	_	_	_	
17-9	2087-2098	hücrelerden	_	_	_	_	_	_	_	_	_	_	_	_	_	
17-10	2099-2108	oluşurlar	_	_	_	_	_	_	_	_	_	_	_	_	_	
17-11	2108-2109	.	_	_	_	_	_	_	_	_	_	_	_	_	_	

#Text=Kemik Ewing sarkomu, uzun kemik metafizlerinde destrüksiyon yaratan ve çevre yumuşak dokuya invaze olan agresif kitleler şeklinde izlenirler.
18-1	2110-2115	Kemik	_	_	_	_	_	_	_	_	_	_	_	_	_	
18-2	2116-2121	Ewing	_	_	_	_	_	_	_	_	_	_	_	_	_	
18-3	2122-2129	sarkomu	_	_	_	_	_	_	_	_	_	_	_	_	_	
18-4	2129-2130	,	_	_	_	_	_	_	_	_	_	_	_	_	_	
18-5	2131-2135	uzun	_	_	_	_	_	_	_	_	_	_	_	_	_	
18-6	2136-2141	kemik	_	_	_	_	_	_	_	_	_	_	_	_	_	
18-7	2142-2156	metafizlerinde	_	_	_	_	_	_	_	_	_	_	_	_	_	
18-8	2157-2169	destrüksiyon	_	_	_	_	_	_	_	_	_	_	_	_	_	
18-9	2170-2177	yaratan	_	_	_	_	_	_	_	_	_	_	_	_	_	
18-10	2178-2180	ve	_	_	_	_	_	_	_	_	_	_	_	_	_	
18-11	2181-2186	çevre	_	_	_	_	_	_	_	_	_	_	_	_	_	
18-12	2187-2194	yumuşak	_	_	_	_	_	_	_	_	_	_	_	_	_	
18-13	2195-2201	dokuya	_	_	_	_	_	_	_	_	_	_	_	_	_	
18-14	2202-2208	invaze	_	_	_	_	_	_	_	_	_	_	_	_	_	
18-15	2209-2213	olan	_	_	_	_	_	_	_	_	_	_	_	_	_	
18-16	2214-2221	agresif	_	_	_	_	_	_	_	_	_	_	_	_	_	
18-17	2222-2230	kitleler	_	_	_	_	_	_	_	_	_	_	_	_	_	
18-18	2231-2239	şeklinde	_	_	_	_	_	_	_	_	_	_	_	_	_	
18-19	2240-2250	izlenirler	_	_	_	_	_	_	_	_	_	_	_	_	_	
18-20	2250-2251	.	_	_	_	_	_	_	_	_	_	_	_	_	_	

#Text=Aksiyel iskelet dışında yerleşimli ise spesifik olmayan görüntüleme özellikleri gösterirler; vücudun tüm bölgelerinde bildirilmiştir.
19-1	2252-2259	Aksiyel	_	_	_	_	_	_	_	_	_	_	_	_	_	
19-2	2260-2267	iskelet	_	_	_	_	_	_	_	_	_	_	_	_	_	
19-3	2268-2275	dışında	_	_	_	_	_	_	_	_	_	_	_	_	_	
19-4	2276-2286	yerleşimli	_	_	_	_	_	_	_	_	_	_	_	_	_	
19-5	2287-2290	ise	_	_	_	_	_	_	_	_	_	_	_	_	_	
19-6	2291-2299	spesifik	*[3]	_	*	_	_	_	_	_	_	_	_	_	_	
19-7	2300-2307	olmayan	*[3]	*	_	_	*	partOfEvent	19-7	isAnotherFocus	19-6	NegMorMarker	partOfScope	19-6[3]	*	
19-8	2308-2319	görüntüleme	*[3]	_	_	_	_	_	_	_	_	_	_	_	_	
19-9	2320-2331	özellikleri	*[3]	_	_	_	_	_	_	_	_	_	_	_	_	
19-10	2332-2343	gösterirler	_	_	_	_	_	_	_	_	_	_	_	_	_	
19-11	2343-2344	;	_	_	_	_	_	_	_	_	_	_	_	_	_	
19-12	2345-2352	vücudun	_	_	_	_	_	_	_	_	_	_	_	_	_	
19-13	2353-2356	tüm	_	_	_	_	_	_	_	_	_	_	_	_	_	
19-14	2357-2369	bölgelerinde	_	_	_	_	_	_	_	_	_	_	_	_	_	
19-15	2370-2384	bildirilmiştir	_	_	_	_	_	_	_	_	_	_	_	_	_	
19-16	2384-2385	.	_	_	_	_	_	_	_	_	_	_	_	_	_	

#Text=Ancak genellikle paraspinal bölgede veya alt ekstremitede büyük yumuşak doku kitleleri şeklinde karşımıza çıkarlar.
20-1	2386-2391	Ancak	_	_	_	_	_	_	_	_	_	_	_	_	_	
20-2	2392-2402	genellikle	_	_	_	_	_	_	_	_	_	_	_	_	_	
20-3	2403-2413	paraspinal	_	_	_	_	_	_	_	_	_	_	_	_	_	
20-4	2414-2421	bölgede	_	_	_	_	_	_	_	_	_	_	_	_	_	
20-5	2422-2426	veya	_	_	_	_	_	_	_	_	_	_	_	_	_	
20-6	2427-2430	alt	_	_	_	_	_	_	_	_	_	_	_	_	_	
20-7	2431-2443	ekstremitede	_	_	_	_	_	_	_	_	_	_	_	_	_	
20-8	2444-2449	büyük	_	_	_	_	_	_	_	_	_	_	_	_	_	
20-9	2450-2457	yumuşak	_	_	_	_	_	_	_	_	_	_	_	_	_	
20-10	2458-2462	doku	_	_	_	_	_	_	_	_	_	_	_	_	_	
20-11	2463-2472	kitleleri	_	_	_	_	_	_	_	_	_	_	_	_	_	
20-12	2473-2481	şeklinde	_	_	_	_	_	_	_	_	_	_	_	_	_	
20-13	2482-2491	karşımıza	_	_	_	_	_	_	_	_	_	_	_	_	_	
20-14	2492-2500	çıkarlar	_	_	_	_	_	_	_	_	_	_	_	_	_	
20-15	2500-2501	.	_	_	_	_	_	_	_	_	_	_	_	_	_	

#Text=Baş-boyun bölgesinde Ewing sarkomu nadir olarak izlenir.
21-1	2502-2511	Baş-boyun	_	_	_	_	_	_	_	_	_	_	_	_	_	
21-2	2512-2522	bölgesinde	_	_	_	_	_	_	_	_	_	_	_	_	_	
21-3	2523-2528	Ewing	_	_	_	_	_	_	_	_	_	_	_	_	_	
21-4	2529-2536	sarkomu	_	_	_	_	_	_	_	_	_	_	_	_	_	
21-5	2537-2542	nadir	_	_	_	_	_	_	_	_	_	_	_	_	_	
21-6	2543-2549	olarak	_	_	_	_	_	_	_	_	_	_	_	_	_	
21-7	2550-2557	izlenir	_	_	_	_	_	_	_	_	_	_	_	_	_	
21-8	2557-2558	.	_	_	_	_	_	_	_	_	_	_	_	_	_	

#Text=Literatürdeki Ewing sarkomlarının %1-9’u baş-boyun bölgesindedir.
22-1	2559-2572	Literatürdeki	_	_	_	_	_	_	_	_	_	_	_	_	_	
22-2	2573-2578	Ewing	_	_	_	_	_	_	_	_	_	_	_	_	_	
22-3	2579-2592	sarkomlarının	_	_	_	_	_	_	_	_	_	_	_	_	_	
22-4	2593-2594	%	_	_	_	_	_	_	_	_	_	_	_	_	_	
22-5	2594-2595	1	_	_	_	_	_	_	_	_	_	_	_	_	_	
22-6	2595-2596	-	_	_	_	_	_	_	_	_	_	_	_	_	_	
22-7	2596-2597	9	_	_	_	_	_	_	_	_	_	_	_	_	_	
22-8	2597-2598	’	_	_	_	_	_	_	_	_	_	_	_	_	_	
22-9	2598-2599	u	_	_	_	_	_	_	_	_	_	_	_	_	_	
22-10	2600-2609	baş-boyun	_	_	_	_	_	_	_	_	_	_	_	_	_	
22-11	2610-2623	bölgesindedir	_	_	_	_	_	_	_	_	_	_	_	_	_	
22-12	2623-2624	.	_	_	_	_	_	_	_	_	_	_	_	_	_	

#Text=Daha önce boyunda, parafaringeal bölgede, alında, nazal kavite, paranazal sinüsler, orafarinksde ve servikal bölgede Ekstraosseöz Ewing sarkomu olguları bildirilmiştir.
23-1	2625-2629	Daha	_	_	_	_	_	_	_	_	_	_	_	_	_	
23-2	2630-2634	önce	_	_	_	_	_	_	_	_	_	_	_	_	_	
23-3	2635-2642	boyunda	_	_	_	_	_	_	_	_	_	_	_	_	_	
23-4	2642-2643	,	_	_	_	_	_	_	_	_	_	_	_	_	_	
23-5	2644-2657	parafaringeal	_	_	_	_	_	_	_	_	_	_	_	_	_	
23-6	2658-2665	bölgede	_	_	_	_	_	_	_	_	_	_	_	_	_	
23-7	2665-2666	,	_	_	_	_	_	_	_	_	_	_	_	_	_	
23-8	2667-2673	alında	_	_	_	_	_	_	_	_	_	_	_	_	_	
23-9	2673-2674	,	_	_	_	_	_	_	_	_	_	_	_	_	_	
23-10	2675-2680	nazal	_	_	_	_	_	_	_	_	_	_	_	_	_	
23-11	2681-2687	kavite	_	_	_	_	_	_	_	_	_	_	_	_	_	
23-12	2687-2688	,	_	_	_	_	_	_	_	_	_	_	_	_	_	
23-13	2689-2698	paranazal	_	_	_	_	_	_	_	_	_	_	_	_	_	
23-14	2699-2707	sinüsler	_	_	_	_	_	_	_	_	_	_	_	_	_	
23-15	2707-2708	,	_	_	_	_	_	_	_	_	_	_	_	_	_	
23-16	2709-2721	orafarinksde	_	_	_	_	_	_	_	_	_	_	_	_	_	
23-17	2722-2724	ve	_	_	_	_	_	_	_	_	_	_	_	_	_	
23-18	2725-2733	servikal	_	_	_	_	_	_	_	_	_	_	_	_	_	
23-19	2734-2741	bölgede	_	_	_	_	_	_	_	_	_	_	_	_	_	
23-20	2742-2754	Ekstraosseöz	_	_	_	_	_	_	_	_	_	_	_	_	_	
23-21	2755-2760	Ewing	_	_	_	_	_	_	_	_	_	_	_	_	_	
23-22	2761-2768	sarkomu	_	_	_	_	_	_	_	_	_	_	_	_	_	
23-23	2769-2777	olguları	_	_	_	_	_	_	_	_	_	_	_	_	_	
23-24	2778-2792	bildirilmiştir	_	_	_	_	_	_	_	_	_	_	_	_	_	
23-25	2792-2793	.	_	_	_	_	_	_	_	_	_	_	_	_	_	

#Text=Bu yazıda, kısa sürede hızla büyük boyutlara ulaşması ve morfolojik olarak ilk bakışta benign izlenimi vermesi ve boyunda nadir görülmesi nedenleri yüzünden, erişkin bir hastada iskelet sistemi dışında yerleşimli Ewing sarkomu olgusu sunulmaktadır.
24-1	2794-2796	Bu	_	_	_	_	_	_	_	_	_	_	_	_	_	
24-2	2797-2803	yazıda	_	_	_	_	_	_	_	_	_	_	_	_	_	
24-3	2803-2804	,	_	_	_	_	_	_	_	_	_	_	_	_	_	
24-4	2805-2809	kısa	_	_	_	_	_	_	_	_	_	_	_	_	_	
24-5	2810-2816	sürede	_	_	_	_	_	_	_	_	_	_	_	_	_	
24-6	2817-2822	hızla	_	_	_	_	_	_	_	_	_	_	_	_	_	
24-7	2823-2828	büyük	_	_	_	_	_	_	_	_	_	_	_	_	_	
24-8	2829-2838	boyutlara	_	_	_	_	_	_	_	_	_	_	_	_	_	
24-9	2839-2847	ulaşması	_	_	_	_	_	_	_	_	_	_	_	_	_	
24-10	2848-2850	ve	_	_	_	_	_	_	_	_	_	_	_	_	_	
24-11	2851-2861	morfolojik	_	_	_	_	_	_	_	_	_	_	_	_	_	
24-12	2862-2868	olarak	_	_	_	_	_	_	_	_	_	_	_	_	_	
24-13	2869-2872	ilk	_	_	_	_	_	_	_	_	_	_	_	_	_	
24-14	2873-2880	bakışta	_	_	_	_	_	_	_	_	_	_	_	_	_	
24-15	2881-2887	benign	_	_	_	_	_	_	_	_	_	_	_	_	_	
24-16	2888-2896	izlenimi	_	_	_	_	_	_	_	_	_	_	_	_	_	
24-17	2897-2904	vermesi	_	_	_	_	_	_	_	_	_	_	_	_	_	
24-18	2905-2907	ve	_	_	_	_	_	_	_	_	_	_	_	_	_	
24-19	2908-2915	boyunda	_	_	_	_	_	_	_	_	_	_	_	_	_	
24-20	2916-2921	nadir	_	_	_	_	_	_	_	_	_	_	_	_	_	
24-21	2922-2931	görülmesi	_	_	_	_	_	_	_	_	_	_	_	_	_	
24-22	2932-2941	nedenleri	_	_	_	_	_	_	_	_	_	_	_	_	_	
24-23	2942-2950	yüzünden	_	_	_	_	_	_	_	_	_	_	_	_	_	
24-24	2950-2951	,	_	_	_	_	_	_	_	_	_	_	_	_	_	
24-25	2952-2959	erişkin	_	_	_	_	_	_	_	_	_	_	_	_	_	
24-26	2960-2963	bir	_	_	_	_	_	_	_	_	_	_	_	_	_	
24-27	2964-2971	hastada	_	_	_	_	_	_	_	_	_	_	_	_	_	
24-28	2972-2979	iskelet	_	_	_	_	_	_	_	_	_	_	_	_	_	
24-29	2980-2987	sistemi	_	_	_	_	_	_	_	_	_	_	_	_	_	
24-30	2988-2995	dışında	_	_	_	_	_	_	_	_	_	_	_	_	_	
24-31	2996-3006	yerleşimli	_	_	_	_	_	_	_	_	_	_	_	_	_	
24-32	3007-3012	Ewing	_	_	_	_	_	_	_	_	_	_	_	_	_	
24-33	3013-3020	sarkomu	_	_	_	_	_	_	_	_	_	_	_	_	_	
24-34	3021-3027	olgusu	_	_	_	_	_	_	_	_	_	_	_	_	_	
24-35	3028-3041	sunulmaktadır	_	_	_	_	_	_	_	_	_	_	_	_	_	
24-36	3041-3042	.	_	_	_	_	_	_	_	_	_	_	_	_	_	

#Text=İÇERİK
25-1	3043-3049	İÇERİK	_	_	_	_	_	_	_	_	_	_	_	_	_	

#Text=33 yaşında, ensesinde 3 aydır giderek büyüyen ağrısız kitlesi olan hastanın yapılan ultrasonografisinde 52x44 mm boyutlarında düzgün sınırlı, hipoekoik, ortası kistik dejenerasyon gösteren, solid kitle lezyonu tespit edildi ve kitle karakterizasyonu için manyetik rezonans görüntüleme (MRG) yapıldı.
26-1	3050-3052	33	_	_	_	_	_	_	_	_	_	_	_	_	_	
26-2	3053-3060	yaşında	_	_	_	_	_	_	_	_	_	_	_	_	_	
26-3	3060-3061	,	_	_	_	_	_	_	_	_	_	_	_	_	_	
26-4	3062-3071	ensesinde	_	_	_	_	_	_	_	_	_	_	_	_	_	
26-5	3072-3073	3	_	_	_	_	_	_	_	_	_	_	_	_	_	
26-6	3074-3079	aydır	_	_	_	_	_	_	_	_	_	_	_	_	_	
26-7	3080-3087	giderek	_	_	_	_	_	_	_	_	_	_	_	_	_	
26-8	3088-3095	büyüyen	_	_	_	_	_	_	_	_	_	_	_	_	_	
26-9	3096-3103	ağrısız	_	_	_	_	_	_	_	_	_	_	_	_	_	
26-10	3104-3111	kitlesi	_	_	_	_	_	_	_	_	_	_	_	_	_	
26-11	3112-3116	olan	_	_	_	_	_	_	_	_	_	_	_	_	_	
26-12	3117-3125	hastanın	_	_	_	_	_	_	_	_	_	_	_	_	_	
26-13	3126-3133	yapılan	_	_	_	_	_	_	_	_	_	_	_	_	_	
26-14	3134-3153	ultrasonografisinde	_	_	_	_	_	_	_	_	_	_	_	_	_	
26-15	3154-3159	52x44	_	_	_	_	_	_	_	_	_	_	_	_	_	
26-16	3160-3162	mm	_	_	_	_	_	_	_	_	_	_	_	_	_	
26-17	3163-3175	boyutlarında	_	_	_	_	_	_	_	_	_	_	_	_	_	
26-18	3176-3182	düzgün	_	_	_	_	_	_	_	_	_	_	_	_	_	
26-19	3183-3190	sınırlı	_	_	_	_	_	_	_	_	_	_	_	_	_	
26-20	3190-3191	,	_	_	_	_	_	_	_	_	_	_	_	_	_	
26-21	3192-3201	hipoekoik	_	_	_	_	_	_	_	_	_	_	_	_	_	
26-22	3201-3202	,	_	_	_	_	_	_	_	_	_	_	_	_	_	
26-23	3203-3209	ortası	_	_	_	_	_	_	_	_	_	_	_	_	_	
26-24	3210-3216	kistik	_	_	_	_	_	_	_	_	_	_	_	_	_	
26-25	3217-3229	dejenerasyon	_	_	_	_	_	_	_	_	_	_	_	_	_	
26-26	3230-3238	gösteren	_	_	_	_	_	_	_	_	_	_	_	_	_	
26-27	3238-3239	,	_	_	_	_	_	_	_	_	_	_	_	_	_	
26-28	3240-3245	solid	_	_	_	_	_	_	_	_	_	_	_	_	_	
26-29	3246-3251	kitle	_	_	_	_	_	_	_	_	_	_	_	_	_	
26-30	3252-3259	lezyonu	_	_	_	_	_	_	_	_	_	_	_	_	_	
26-31	3260-3266	tespit	_	_	_	_	_	_	_	_	_	_	_	_	_	
26-32	3267-3273	edildi	_	_	_	_	_	_	_	_	_	_	_	_	_	
26-33	3274-3276	ve	_	_	_	_	_	_	_	_	_	_	_	_	_	
26-34	3277-3282	kitle	_	_	_	_	_	_	_	_	_	_	_	_	_	
26-35	3283-3299	karakterizasyonu	_	_	_	_	_	_	_	_	_	_	_	_	_	
26-36	3300-3304	için	_	_	_	_	_	_	_	_	_	_	_	_	_	
26-37	3305-3313	manyetik	_	_	_	_	_	_	_	_	_	_	_	_	_	
26-38	3314-3322	rezonans	_	_	_	_	_	_	_	_	_	_	_	_	_	
26-39	3323-3334	görüntüleme	_	_	_	_	_	_	_	_	_	_	_	_	_	
26-40	3335-3336	(	_	_	_	_	_	_	_	_	_	_	_	_	_	
26-41	3336-3339	MRG	_	_	_	_	_	_	_	_	_	_	_	_	_	
26-42	3339-3340	)	_	_	_	_	_	_	_	_	_	_	_	_	_	
26-43	3341-3348	yapıldı	_	_	_	_	_	_	_	_	_	_	_	_	_	
26-44	3348-3349	.	_	_	_	_	_	_	_	_	_	_	_	_	_	

#Text=Perivertebral kasların arasında, yağ planlarının arasında büyüyen, kapsüllü, düzgün sınırlı kitle heterojen sinyal özelliklerine ve santralinde hemorajik kistik dejenerasyon alanına sahipti; belirgin kontrastlanma gösteriyordu (Resim 1 ve 2).
27-1	3350-3363	Perivertebral	_	_	_	_	_	_	_	_	_	_	_	_	_	
27-2	3364-3372	kasların	_	_	_	_	_	_	_	_	_	_	_	_	_	
27-3	3373-3381	arasında	_	_	_	_	_	_	_	_	_	_	_	_	_	
27-4	3381-3382	,	_	_	_	_	_	_	_	_	_	_	_	_	_	
27-5	3383-3386	yağ	_	_	_	_	_	_	_	_	_	_	_	_	_	
27-6	3387-3398	planlarının	_	_	_	_	_	_	_	_	_	_	_	_	_	
27-7	3399-3407	arasında	_	_	_	_	_	_	_	_	_	_	_	_	_	
27-8	3408-3415	büyüyen	_	_	_	_	_	_	_	_	_	_	_	_	_	
27-9	3415-3416	,	_	_	_	_	_	_	_	_	_	_	_	_	_	
27-10	3417-3425	kapsüllü	_	_	_	_	_	_	_	_	_	_	_	_	_	
27-11	3425-3426	,	_	_	_	_	_	_	_	_	_	_	_	_	_	
27-12	3427-3433	düzgün	_	_	_	_	_	_	_	_	_	_	_	_	_	
27-13	3434-3441	sınırlı	_	_	_	_	_	_	_	_	_	_	_	_	_	
27-14	3442-3447	kitle	_	_	_	_	_	_	_	_	_	_	_	_	_	
27-15	3448-3457	heterojen	_	_	_	_	_	_	_	_	_	_	_	_	_	
27-16	3458-3464	sinyal	_	_	_	_	_	_	_	_	_	_	_	_	_	
27-17	3465-3478	özelliklerine	_	_	_	_	_	_	_	_	_	_	_	_	_	
27-18	3479-3481	ve	_	_	_	_	_	_	_	_	_	_	_	_	_	
27-19	3482-3493	santralinde	_	_	_	_	_	_	_	_	_	_	_	_	_	
27-20	3494-3503	hemorajik	_	_	_	_	_	_	_	_	_	_	_	_	_	
27-21	3504-3510	kistik	_	_	_	_	_	_	_	_	_	_	_	_	_	
27-22	3511-3523	dejenerasyon	_	_	_	_	_	_	_	_	_	_	_	_	_	
27-23	3524-3531	alanına	_	_	_	_	_	_	_	_	_	_	_	_	_	
27-24	3532-3539	sahipti	_	_	_	_	_	_	_	_	_	_	_	_	_	
27-25	3539-3540	;	_	_	_	_	_	_	_	_	_	_	_	_	_	
27-26	3541-3549	belirgin	_	_	_	_	_	_	_	_	_	_	_	_	_	
27-27	3550-3563	kontrastlanma	_	_	_	_	_	_	_	_	_	_	_	_	_	
27-28	3564-3576	gösteriyordu	_	_	_	_	_	_	_	_	_	_	_	_	_	
27-29	3577-3578	(	_	_	_	_	_	_	_	_	_	_	_	_	_	
27-30	3578-3583	Resim	_	_	_	_	_	_	_	_	_	_	_	_	_	
27-31	3584-3585	1	_	_	_	_	_	_	_	_	_	_	_	_	_	
27-32	3586-3588	ve	_	_	_	_	_	_	_	_	_	_	_	_	_	
27-33	3589-3590	2	_	_	_	_	_	_	_	_	_	_	_	_	_	
27-34	3590-3591	)	_	_	_	_	_	_	_	_	_	_	_	_	_	
27-35	3591-3592	.	_	_	_	_	_	_	_	_	_	_	_	_	_	

#Text=Difüzyon kısıtlaması izleniyordu (Resim 3).
28-1	3593-3601	Difüzyon	_	_	_	_	_	_	_	_	_	_	_	_	_	
28-2	3602-3613	kısıtlaması	_	_	_	_	_	_	_	_	_	_	_	_	_	
28-3	3614-3625	izleniyordu	_	_	_	_	_	_	_	_	_	_	_	_	_	
28-4	3626-3627	(	_	_	_	_	_	_	_	_	_	_	_	_	_	
28-5	3627-3632	Resim	_	_	_	_	_	_	_	_	_	_	_	_	_	
28-6	3633-3634	3	_	_	_	_	_	_	_	_	_	_	_	_	_	
28-7	3634-3635	)	_	_	_	_	_	_	_	_	_	_	_	_	_	
28-8	3635-3636	.	_	_	_	_	_	_	_	_	_	_	_	_	_	

#Text=MRG sonrası kitle eksize edildi.
29-1	3637-3640	MRG	_	_	_	_[22]	*	_[22]	*	_[22]	*	*[22]	_[22]	*	*[22]	
29-2	3641-3648	sonrası	_	_	_	_[22]	*	_[22]	*	_[22]	*	*[22]	_[22]	*	*[22]	
29-3	3649-3654	kitle	_	_	_	_[22]	*	_[22]	*	_[22]	*	*[22]	_[22]	*	*[22]	
29-4	3655-3661	eksize	_	_	_	_[22]	*	_[22]	*	_[22]	*	*[22]	_[22]	*	*[22]	
29-5	3662-3668	edildi	_	_	_	_[22]	*	_[22]	*	_[22]	*	*[22]	_[22]	*	*[22]	
29-6	3668-3669	.	_	_	_	_[22]	*	_[22]	*	_[22]	*	*[22]	_[22]	*	*[22]	

#Text=Patolojik olarak Ewing sarkomu, moleküler incelemede 22q11 translokasyonu tespit edildi.
30-1	3671-3680	Patolojik	_	_	_	_	_	_	_	_	_	_	_	_	_	
30-2	3681-3687	olarak	_	_	_	_	_	_	_	_	_	_	_	_	_	
30-3	3688-3693	Ewing	_	_	_	_	_	_	_	_	_	_	_	_	_	
30-4	3694-3701	sarkomu	_	_	_	_	_	_	_	_	_	_	_	_	_	
30-5	3701-3702	,	_	_	_	_	_	_	_	_	_	_	_	_	_	
30-6	3703-3712	moleküler	_	_	_	_	_	_	_	_	_	_	_	_	_	
30-7	3713-3723	incelemede	_	_	_	_	_	_	_	_	_	_	_	_	_	
30-8	3724-3729	22q11	_	_	_	_	_	_	_	_	_	_	_	_	_	
30-9	3730-3744	translokasyonu	_	_	_	_	_	_	_	_	_	_	_	_	_	
30-10	3745-3751	tespit	_	_	_	_	_	_	_	_	_	_	_	_	_	
30-11	3752-3758	edildi	_	_	_	_	_	_	_	_	_	_	_	_	_	
30-12	3758-3759	.	_	_	_	_	_	_	_	_	_	_	_	_	_	

#Text=İskelet sistemi dışındaki Ewing sarkomu, primer kemik Ewing sarkomuna kıyasla nadir görülür; genellikle Ewing sarkomu hastalarının %15-20’sini oluşturur.
31-1	3760-3767	İskelet	_	_	_	_	_	_	_	_	_	_	_	_	_	
31-2	3768-3775	sistemi	_	_	_	_	_	_	_	_	_	_	_	_	_	
31-3	3776-3785	dışındaki	_	_	_	_	_	_	_	_	_	_	_	_	_	
31-4	3786-3791	Ewing	_	_	_	_	_	_	_	_	_	_	_	_	_	
31-5	3792-3799	sarkomu	_	_	_	_	_	_	_	_	_	_	_	_	_	
31-6	3799-3800	,	_	_	_	_	_	_	_	_	_	_	_	_	_	
31-7	3801-3807	primer	_	_	_	_	_	_	_	_	_	_	_	_	_	
31-8	3808-3813	kemik	_	_	_	_	_	_	_	_	_	_	_	_	_	
31-9	3814-3819	Ewing	_	_	_	_	_	_	_	_	_	_	_	_	_	
31-10	3820-3829	sarkomuna	_	_	_	_	_	_	_	_	_	_	_	_	_	
31-11	3830-3837	kıyasla	_	_	_	_	_	_	_	_	_	_	_	_	_	
31-12	3838-3843	nadir	_	_	_	_	_	_	_	_	_	_	_	_	_	
31-13	3844-3851	görülür	_	_	_	_	_	_	_	_	_	_	_	_	_	
31-14	3851-3852	;	_	_	_	_	_	_	_	_	_	_	_	_	_	
31-15	3853-3863	genellikle	_	_	_	_	_	_	_	_	_	_	_	_	_	
31-16	3864-3869	Ewing	_	_	_	_	_	_	_	_	_	_	_	_	_	
31-17	3870-3877	sarkomu	_	_	_	_	_	_	_	_	_	_	_	_	_	
31-18	3878-3890	hastalarının	_	_	_	_	_	_	_	_	_	_	_	_	_	
31-19	3891-3892	%	_	_	_	_	_	_	_	_	_	_	_	_	_	
31-20	3892-3894	15	_	_	_	_	_	_	_	_	_	_	_	_	_	
31-21	3894-3895	-	_	_	_	_	_	_	_	_	_	_	_	_	_	
31-22	3895-3897	20	_	_	_	_	_	_	_	_	_	_	_	_	_	
31-23	3897-3898	’	_	_	_	_	_	_	_	_	_	_	_	_	_	
31-24	3898-3902	sini	_	_	_	_	_	_	_	_	_	_	_	_	_	
31-25	3903-3912	oluşturur	_	_	_	_	_	_	_	_	_	_	_	_	_	
31-26	3912-3913	.	_	_	_	_	_	_	_	_	_	_	_	_	_	

#Text=Sıklıkla gençlerde görülür; hastaların %85 kadarı 20 aylık - 30 yaş aralığındadır.
32-1	3914-3922	Sıklıkla	_	_	_	_	_	_	_	_	_	_	_	_	_	
32-2	3923-3932	gençlerde	_	_	_	_	_	_	_	_	_	_	_	_	_	
32-3	3933-3940	görülür	_	_	_	_	_	_	_	_	_	_	_	_	_	
32-4	3940-3941	;	_	_	_	_	_	_	_	_	_	_	_	_	_	
32-5	3942-3952	hastaların	_	_	_	_	_	_	_	_	_	_	_	_	_	
32-6	3953-3954	%	_	_	_	_	_	_	_	_	_	_	_	_	_	
32-7	3954-3956	85	_	_	_	_	_	_	_	_	_	_	_	_	_	
32-8	3957-3963	kadarı	_	_	_	_	_	_	_	_	_	_	_	_	_	
32-9	3964-3966	20	_	_	_	_	_	_	_	_	_	_	_	_	_	
32-10	3967-3972	aylık	_	_	_	_	_	_	_	_	_	_	_	_	_	
32-11	3973-3974	-	_	_	_	_	_	_	_	_	_	_	_	_	_	
32-12	3975-3977	30	_	_	_	_	_	_	_	_	_	_	_	_	_	
32-13	3978-3981	yaş	_	_	_	_	_	_	_	_	_	_	_	_	_	
32-14	3982-3995	aralığındadır	_	_	_	_	_	_	_	_	_	_	_	_	_	
32-15	3995-3996	.	_	_	_	_	_	_	_	_	_	_	_	_	_	

#Text=Olgular, ele gelen büyük, hızlı büyüyen, solid, yüzeyel veya derin yerleşimli yumuşak doku kitlesi ile başvururlar.
33-1	3997-4004	Olgular	_	_	_	_	_	_	_	_	_	_	_	_	_	
33-2	4004-4005	,	_	_	_	_	_	_	_	_	_	_	_	_	_	
33-3	4006-4009	ele	_	_	_	_	_	_	_	_	_	_	_	_	_	
33-4	4010-4015	gelen	_	_	_	_	_	_	_	_	_	_	_	_	_	
33-5	4016-4021	büyük	_	_	_	_	_	_	_	_	_	_	_	_	_	
33-6	4021-4022	,	_	_	_	_	_	_	_	_	_	_	_	_	_	
33-7	4023-4028	hızlı	_	_	_	_	_	_	_	_	_	_	_	_	_	
33-8	4029-4036	büyüyen	_	_	_	_	_	_	_	_	_	_	_	_	_	
33-9	4036-4037	,	_	_	_	_	_	_	_	_	_	_	_	_	_	
33-10	4038-4043	solid	_	_	_	_	_	_	_	_	_	_	_	_	_	
33-11	4043-4044	,	_	_	_	_	_	_	_	_	_	_	_	_	_	
33-12	4045-4052	yüzeyel	_	_	_	_	_	_	_	_	_	_	_	_	_	
33-13	4053-4057	veya	_	_	_	_	_	_	_	_	_	_	_	_	_	
33-14	4058-4063	derin	_	_	_	_	_	_	_	_	_	_	_	_	_	
33-15	4064-4074	yerleşimli	_	_	_	_	_	_	_	_	_	_	_	_	_	
33-16	4075-4082	yumuşak	_	_	_	_	_	_	_	_	_	_	_	_	_	
33-17	4083-4087	doku	_	_	_	_	_	_	_	_	_	_	_	_	_	
33-18	4088-4095	kitlesi	_	_	_	_	_	_	_	_	_	_	_	_	_	
33-19	4096-4099	ile	_	_	_	_	_	_	_	_	_	_	_	_	_	
33-20	4100-4111	başvururlar	_	_	_	_	_	_	_	_	_	_	_	_	_	
33-21	4111-4112	.	_	_	_	_	_	_	_	_	_	_	_	_	_	

#Text=Kitle boyutları ilk başvuru anında 5-10 cm’ye ulaşabilir.
34-1	4113-4118	Kitle	_	_	_	_	_	_	_	_	_	_	_	_	_	
34-2	4119-4128	boyutları	_	_	_	_	_	_	_	_	_	_	_	_	_	
34-3	4129-4132	ilk	_	_	_	_	_	_	_	_	_	_	_	_	_	
34-4	4133-4140	başvuru	_	_	_	_	_	_	_	_	_	_	_	_	_	
34-5	4141-4147	anında	_	_	_	_	_	_	_	_	_	_	_	_	_	
34-6	4148-4149	5	_	_	_	_	_	_	_	_	_	_	_	_	_	
34-7	4149-4150	-	_	_	_	_	_	_	_	_	_	_	_	_	_	
34-8	4150-4152	10	_	_	_	_	_	_	_	_	_	_	_	_	_	
34-9	4153-4155	cm	_	_	_	_	_	_	_	_	_	_	_	_	_	
34-10	4155-4156	’	_	_	_	_	_	_	_	_	_	_	_	_	_	
34-11	4156-4158	ye	_	_	_	_	_	_	_	_	_	_	_	_	_	
34-12	4159-4169	ulaşabilir	_	_	_	_	_	_	_	_	_	_	_	_	_	
34-13	4169-4170	.	_	_	_	_	_	_	_	_	_	_	_	_	_	

#Text=İskelet dışındaki Ewing sarkomları, paravertebral bölge (32%), alt ekstremite (26%), göğüs duvarı (18%), retroperiton (11%), pelvis ve kalça (%11), ve daha nadir olarak da üst ekstremitelerde (%3) görülür.
35-1	4171-4178	İskelet	_	_	_	_	_	_	_	_	_	_	_	_	_	
35-2	4179-4188	dışındaki	_	_	_	_	_	_	_	_	_	_	_	_	_	
35-3	4189-4194	Ewing	_	_	_	_	_	_	_	_	_	_	_	_	_	
35-4	4195-4205	sarkomları	_	_	_	_	_	_	_	_	_	_	_	_	_	
35-5	4205-4206	,	_	_	_	_	_	_	_	_	_	_	_	_	_	
35-6	4207-4220	paravertebral	_	_	_	_	_	_	_	_	_	_	_	_	_	
35-7	4221-4226	bölge	_	_	_	_	_	_	_	_	_	_	_	_	_	
35-8	4227-4228	(	_	_	_	_	_	_	_	_	_	_	_	_	_	
35-9	4228-4231	32%	_	_	_	_	_	_	_	_	_	_	_	_	_	
35-10	4231-4232	)	_	_	_	_	_	_	_	_	_	_	_	_	_	
35-11	4232-4233	,	_	_	_	_	_	_	_	_	_	_	_	_	_	
35-12	4234-4237	alt	_	_	_	_	_	_	_	_	_	_	_	_	_	
35-13	4238-4248	ekstremite	_	_	_	_	_	_	_	_	_	_	_	_	_	
35-14	4249-4250	(	_	_	_	_	_	_	_	_	_	_	_	_	_	
35-15	4250-4253	26%	_	_	_	_	_	_	_	_	_	_	_	_	_	
35-16	4253-4254	)	_	_	_	_	_	_	_	_	_	_	_	_	_	
35-17	4254-4255	,	_	_	_	_	_	_	_	_	_	_	_	_	_	
35-18	4256-4261	göğüs	_	_	_	_	_	_	_	_	_	_	_	_	_	
35-19	4262-4268	duvarı	_	_	_	_	_	_	_	_	_	_	_	_	_	
35-20	4269-4270	(	_	_	_	_	_	_	_	_	_	_	_	_	_	
35-21	4270-4273	18%	_	_	_	_	_	_	_	_	_	_	_	_	_	
35-22	4273-4274	)	_	_	_	_	_	_	_	_	_	_	_	_	_	
35-23	4274-4275	,	_	_	_	_	_	_	_	_	_	_	_	_	_	
35-24	4276-4288	retroperiton	_	_	_	_	_	_	_	_	_	_	_	_	_	
35-25	4289-4290	(	_	_	_	_	_	_	_	_	_	_	_	_	_	
35-26	4290-4293	11%	_	_	_	_	_	_	_	_	_	_	_	_	_	
35-27	4293-4294	)	_	_	_	_	_	_	_	_	_	_	_	_	_	
35-28	4294-4295	,	_	_	_	_	_	_	_	_	_	_	_	_	_	
35-29	4296-4302	pelvis	_	_	_	_	_	_	_	_	_	_	_	_	_	
35-30	4303-4305	ve	_	_	_	_	_	_	_	_	_	_	_	_	_	
35-31	4306-4311	kalça	_	_	_	_	_	_	_	_	_	_	_	_	_	
35-32	4312-4313	(	_	_	_	_	_	_	_	_	_	_	_	_	_	
35-33	4313-4314	%	_	_	_	_	_	_	_	_	_	_	_	_	_	
35-34	4314-4316	11	_	_	_	_	_	_	_	_	_	_	_	_	_	
35-35	4316-4317	)	_	_	_	_	_	_	_	_	_	_	_	_	_	
35-36	4317-4318	,	_	_	_	_	_	_	_	_	_	_	_	_	_	
35-37	4319-4321	ve	_	_	_	_	_	_	_	_	_	_	_	_	_	
35-38	4322-4326	daha	_	_	_	_	_	_	_	_	_	_	_	_	_	
35-39	4327-4332	nadir	_	_	_	_	_	_	_	_	_	_	_	_	_	
35-40	4333-4339	olarak	_	_	_	_	_	_	_	_	_	_	_	_	_	
35-41	4340-4342	da	_	_	_	_	_	_	_	_	_	_	_	_	_	
35-42	4343-4346	üst	_	_	_	_	_	_	_	_	_	_	_	_	_	
35-43	4347-4362	ekstremitelerde	_	_	_	_	_	_	_	_	_	_	_	_	_	
35-44	4363-4364	(	_	_	_	_	_	_	_	_	_	_	_	_	_	
35-45	4364-4365	%	_	_	_	_	_	_	_	_	_	_	_	_	_	
35-46	4365-4366	3	_	_	_	_	_	_	_	_	_	_	_	_	_	
35-47	4366-4367	)	_	_	_	_	_	_	_	_	_	_	_	_	_	
35-48	4368-4375	görülür	_	_	_	_	_	_	_	_	_	_	_	_	_	
35-49	4375-4376	.	_	_	_	_	_	_	_	_	_	_	_	_	_	

#Text=Ekstraosseoz Ewing sarkomunun baş boyun bölgesinde ise %4 oranında görüldüğü bildirilmiştir.
36-1	4377-4389	Ekstraosseoz	_	_	_	_	_	_	_	_	_	_	_	_	_	
36-2	4390-4395	Ewing	_	_	_	_	_	_	_	_	_	_	_	_	_	
36-3	4396-4406	sarkomunun	_	_	_	_	_	_	_	_	_	_	_	_	_	
36-4	4407-4410	baş	_	_	_	_	_	_	_	_	_	_	_	_	_	
36-5	4411-4416	boyun	_	_	_	_	_	_	_	_	_	_	_	_	_	
36-6	4417-4427	bölgesinde	_	_	_	_	_	_	_	_	_	_	_	_	_	
36-7	4428-4431	ise	_	_	_	_	_	_	_	_	_	_	_	_	_	
36-8	4432-4433	%	_	_	_	_	_	_	_	_	_	_	_	_	_	
36-9	4433-4434	4	_	_	_	_	_	_	_	_	_	_	_	_	_	
36-10	4435-4443	oranında	_	_	_	_	_	_	_	_	_	_	_	_	_	
36-11	4444-4453	görüldüğü	_	_	_	_	_	_	_	_	_	_	_	_	_	
36-12	4454-4468	bildirilmiştir	_	_	_	_	_	_	_	_	_	_	_	_	_	
36-13	4468-4469	.	_	_	_	_	_	_	_	_	_	_	_	_	_	

#Text=Kemik Ewing sarkomu ile karşılaştırıldığında epidemiyolojik olarak farklı özellikler gösterirler.
37-1	4470-4475	Kemik	_	_	_	_	_	_	_	_	_	_	_	_	_	
37-2	4476-4481	Ewing	_	_	_	_	_	_	_	_	_	_	_	_	_	
37-3	4482-4489	sarkomu	_	_	_	_	_	_	_	_	_	_	_	_	_	
37-4	4490-4493	ile	_	_	_	_	_	_	_	_	_	_	_	_	_	
37-5	4494-4514	karşılaştırıldığında	_	_	_	_	_	_	_	_	_	_	_	_	_	
37-6	4515-4529	epidemiyolojik	_	_	_	_	_	_	_	_	_	_	_	_	_	
37-7	4530-4536	olarak	_	_	_	_	_	_	_	_	_	_	_	_	_	
37-8	4537-4543	farklı	_	_	_	_	_	_	_	_	_	_	_	_	_	
37-9	4544-4554	özellikler	_	_	_	_	_	_	_	_	_	_	_	_	_	
37-10	4555-4566	gösterirler	_	_	_	_	_	_	_	_	_	_	_	_	_	
37-11	4566-4567	.	_	_	_	_	_	_	_	_	_	_	_	_	_	

#Text=Kemik Ewing sarkomlarında erkek baskınlığı izlenirken, iskelet dışındakilerde her iki cinsiyet de eşit olarak etkilenir.
38-1	4568-4573	Kemik	_	_	_	_	_	_	_	_	_	_	_	_	_	
38-2	4574-4579	Ewing	_	_	_	_	_	_	_	_	_	_	_	_	_	
38-3	4580-4593	sarkomlarında	_	_	_	_	_	_	_	_	_	_	_	_	_	
38-4	4594-4599	erkek	_	_	_	_	_	_	_	_	_	_	_	_	_	
38-5	4600-4610	baskınlığı	_	_	_	_	_	_	_	_	_	_	_	_	_	
38-6	4611-4621	izlenirken	_	_	_	_	_	_	_	_	_	_	_	_	_	
38-7	4621-4622	,	_	_	_	_	_	_	_	_	_	_	_	_	_	
38-8	4623-4630	iskelet	_	_	_	_	_	_	_	_	_	_	_	_	_	
38-9	4631-4645	dışındakilerde	_	_	_	_	_	_	_	_	_	_	_	_	_	
38-10	4646-4649	her	_	_	_	_	_	_	_	_	_	_	_	_	_	
38-11	4650-4653	iki	_	_	_	_	_	_	_	_	_	_	_	_	_	
38-12	4654-4662	cinsiyet	_	_	_	_	_	_	_	_	_	_	_	_	_	
38-13	4663-4665	de	_	_	_	_	_	_	_	_	_	_	_	_	_	
38-14	4666-4670	eşit	_	_	_	_	_	_	_	_	_	_	_	_	_	
38-15	4671-4677	olarak	_	_	_	_	_	_	_	_	_	_	_	_	_	
38-16	4678-4687	etkilenir	_	_	_	_	_	_	_	_	_	_	_	_	_	
38-17	4687-4688	.	_	_	_	_	_	_	_	_	_	_	_	_	_	

#Text=İskelet dışındakilerin görülme yaşı da 5-10 yıl daha fazladır.
39-1	4689-4696	İskelet	_	_	_	_	_	_	_	_	_	_	_	_	_	
39-2	4697-4711	dışındakilerin	_	_	_	_	_	_	_	_	_	_	_	_	_	
39-3	4712-4719	görülme	_	_	_	_	_	_	_	_	_	_	_	_	_	
39-4	4720-4724	yaşı	_	_	_	_	_	_	_	_	_	_	_	_	_	
39-5	4725-4727	da	_	_	_	_	_	_	_	_	_	_	_	_	_	
39-6	4728-4729	5	_	_	_	_	_	_	_	_	_	_	_	_	_	
39-7	4729-4730	-	_	_	_	_	_	_	_	_	_	_	_	_	_	
39-8	4730-4732	10	_	_	_	_	_	_	_	_	_	_	_	_	_	
39-9	4733-4736	yıl	_	_	_	_	_	_	_	_	_	_	_	_	_	
39-10	4737-4741	daha	_	_	_	_	_	_	_	_	_	_	_	_	_	
39-11	4742-4750	fazladır	_	_	_	_	_	_	_	_	_	_	_	_	_	
39-12	4750-4751	.	_	_	_	_	_	_	_	_	_	_	_	_	_	

#Text=Ekstraosseöz Ewing sarkomu tanısı koyabilmek için, MRG ve kemik sintigrafisinde kemik tutulumu olmadığının gösterilmesi, histolojik olarak küçük mavi hücreli tümör grubuna dahil olması ve sitoplazmik glikojen deposu bulunması gerekmektedir.
40-1	4752-4764	Ekstraosseöz	_	_	_	_	_	_	_	_	_	_	_	_	_	
40-2	4765-4770	Ewing	_	_	_	_	_	_	_	_	_	_	_	_	_	
40-3	4771-4778	sarkomu	_	_	_	_	_	_	_	_	_	_	_	_	_	
40-4	4779-4785	tanısı	_	_	_	_	_	_	_	_	_	_	_	_	_	
40-5	4786-4796	koyabilmek	_	_	_	_	_	_	_	_	_	_	_	_	_	
40-6	4797-4801	için	_	_	_	_	_	_	_	_	_	_	_	_	_	
40-7	4801-4802	,	_	_	_	_	_	_	_	_	_	_	_	_	_	
40-8	4803-4806	MRG	*[4]	_	*[15]	_	_	_	_	_	_	_	_	_	_	
40-9	4807-4809	ve	*[4]	_	*[15]	_	_	_	_	_	_	_	_	_	_	
40-10	4810-4815	kemik	*[4]	_	*[15]	_	_	_	_	_	_	_	_	_	_	
40-11	4816-4831	sintigrafisinde	*[4]	_	*[15]	_	_	_	_	_	_	_	_	_	_	
40-12	4832-4837	kemik	*[4]	_	_	_	_	_	_	_	_	_	_	_	_	
40-13	4838-4846	tutulumu	*[4]	_	_	_	_	_	_	_	_	_	_	_	_	
40-14	4847-4858	olmadığının	*[4]	*	_	_	*	partOfEvent	40-14	isAnotherFocus	40-8[15]	NegMorMarker	partOfScope	40-8[4]	*	
40-15	4859-4871	gösterilmesi	*[4]	_	_	_	_	_	_	_	_	_	_	_	_	
40-16	4871-4872	,	_	_	_	_	_	_	_	_	_	_	_	_	_	
40-17	4873-4883	histolojik	_	_	_	_	_	_	_	_	_	_	_	_	_	
40-18	4884-4890	olarak	_	_	_	_	_	_	_	_	_	_	_	_	_	
40-19	4891-4896	küçük	_	_	_	_	_	_	_	_	_	_	_	_	_	
40-20	4897-4901	mavi	_	_	_	_	_	_	_	_	_	_	_	_	_	
40-21	4902-4909	hücreli	_	_	_	_	_	_	_	_	_	_	_	_	_	
40-22	4910-4915	tümör	_	_	_	_	_	_	_	_	_	_	_	_	_	
40-23	4916-4923	grubuna	_	_	_	_	_	_	_	_	_	_	_	_	_	
40-24	4924-4929	dahil	_	_	_	_	_	_	_	_	_	_	_	_	_	
40-25	4930-4936	olması	_	_	_	_	_	_	_	_	_	_	_	_	_	
40-26	4937-4939	ve	_	_	_	_	_	_	_	_	_	_	_	_	_	
40-27	4940-4951	sitoplazmik	_	_	_	_	_	_	_	_	_	_	_	_	_	
40-28	4952-4960	glikojen	_	_	_	_	_	_	_	_	_	_	_	_	_	
40-29	4961-4967	deposu	_	_	_	_	_	_	_	_	_	_	_	_	_	
40-30	4968-4977	bulunması	_	_	_	_	_	_	_	_	_	_	_	_	_	
40-31	4978-4991	gerekmektedir	_	_	_	_	_	_	_	_	_	_	_	_	_	
40-32	4991-4992	.	_	_	_	_	_	_	_	_	_	_	_	_	_	

#Text=Ekstraosseöz Ewing sarkomunun görüntüleme özellikleri spesifik değildir.
41-1	4993-5005	Ekstraosseöz	*[5]	_	*[16]	_	_	_	_	_	_	_	_	_	_	
41-2	5006-5011	Ewing	*[5]	_	*[16]	_	_	_	_	_	_	_	_	_	_	
41-3	5012-5022	sarkomunun	*[5]	_	*[16]	_	_	_	_	_	_	_	_	_	_	
41-4	5023-5034	görüntüleme	*[5]	_	*[16]	_	_	_	_	_	_	_	_	_	_	
41-5	5035-5046	özellikleri	*[5]	_	*[16]	_	_	_	_	_	_	_	_	_	_	
41-6	5047-5055	spesifik	*[5]	*	_	_	_	_	_	_	_	_	_	_	_	
41-7	5056-5064	değildir	_	_	_	_	*	partOfEvent	41-6	isAnotherFocus	41-1[16]	NegLexMarker	partOfScope	41-1[5]	*	
41-8	5064-5065	.	_	_	_	_	_	_	_	_	_	_	_	_	_	

#Text=Radyografilerde büyük yumuşak doku kitleleri olarak izlenebilirler (%50 olguda) ancak normal olarak da izlenebilirler.
42-1	5066-5081	Radyografilerde	_	_	_	_	_	_	_	_	_	_	_	_	_	
42-2	5082-5087	büyük	_	_	_	_	_	_	_	_	_	_	_	_	_	
42-3	5088-5095	yumuşak	_	_	_	_	_	_	_	_	_	_	_	_	_	
42-4	5096-5100	doku	_	_	_	_	_	_	_	_	_	_	_	_	_	
42-5	5101-5110	kitleleri	_	_	_	_	_	_	_	_	_	_	_	_	_	
42-6	5111-5117	olarak	_	_	_	_	_	_	_	_	_	_	_	_	_	
42-7	5118-5132	izlenebilirler	_	_	_	_	_	_	_	_	_	_	_	_	_	
42-8	5133-5134	(	_	_	_	_	_	_	_	_	_	_	_	_	_	
42-9	5134-5135	%	_	_	_	_	_	_	_	_	_	_	_	_	_	
42-10	5135-5137	50	_	_	_	_	_	_	_	_	_	_	_	_	_	
42-11	5138-5144	olguda	_	_	_	_	_	_	_	_	_	_	_	_	_	
42-12	5144-5145	)	_	_	_	_	_	_	_	_	_	_	_	_	_	
42-13	5146-5151	ancak	_	_	_	_	_	_	_	_	_	_	_	_	_	
42-14	5152-5158	normal	_	_	_	_	_	_	_	_	_	_	_	_	_	
42-15	5159-5165	olarak	_	_	_	_	_	_	_	_	_	_	_	_	_	
42-16	5166-5168	da	_	_	_	_	_	_	_	_	_	_	_	_	_	
42-17	5169-5183	izlenebilirler	_	_	_	_	_	_	_	_	_	_	_	_	_	
42-18	5183-5184	.	_	_	_	_	_	_	_	_	_	_	_	_	_	

#Text=Komşu kemikte erozyon, kortikal kalınlaşma, kemik invazyonu veya periost reaksiyonu izlenebilir (%25-42).
43-1	5185-5190	Komşu	_	_	_	_	_	_	_	_	_	_	_	_	_	
43-2	5191-5198	kemikte	_	_	_	_	_	_	_	_	_	_	_	_	_	
43-3	5199-5206	erozyon	_	_	_	_	_	_	_	_	_	_	_	_	_	
43-4	5206-5207	,	_	_	_	_	_	_	_	_	_	_	_	_	_	
43-5	5208-5216	kortikal	_	_	_	_	_	_	_	_	_	_	_	_	_	
43-6	5217-5227	kalınlaşma	_	_	_	_	_	_	_	_	_	_	_	_	_	
43-7	5227-5228	,	_	_	_	_	_	_	_	_	_	_	_	_	_	
43-8	5229-5234	kemik	_	_	_	_	_	_	_	_	_	_	_	_	_	
43-9	5235-5244	invazyonu	_	_	_	_	_	_	_	_	_	_	_	_	_	
43-10	5245-5249	veya	_	_	_	_	_	_	_	_	_	_	_	_	_	
43-11	5250-5257	periost	_	_	_	_	_	_	_	_	_	_	_	_	_	
43-12	5258-5268	reaksiyonu	_	_	_	_	_	_	_	_	_	_	_	_	_	
43-13	5269-5280	izlenebilir	_	_	_	_	_	_	_	_	_	_	_	_	_	
43-14	5281-5282	(	_	_	_	_	_	_	_	_	_	_	_	_	_	
43-15	5282-5283	%	_	_	_	_	_	_	_	_	_	_	_	_	_	
43-16	5283-5285	25	_	_	_	_	_	_	_	_	_	_	_	_	_	
43-17	5285-5286	-	_	_	_	_	_	_	_	_	_	_	_	_	_	
43-18	5286-5288	42	_	_	_	_	_	_	_	_	_	_	_	_	_	
43-19	5288-5289	)	_	_	_	_	_	_	_	_	_	_	_	_	_	
43-20	5289-5290	.	_	_	_	_	_	_	_	_	_	_	_	_	_	

#Text=Kitlelerin %25 kadarında kalsifikasyon bildirilmiştir.
44-1	5291-5301	Kitlelerin	_	_	_	_	_	_	_	_	_	_	_	_	_	
44-2	5302-5303	%	_	_	_	_	_	_	_	_	_	_	_	_	_	
44-3	5303-5305	25	_	_	_	_	_	_	_	_	_	_	_	_	_	
44-4	5306-5315	kadarında	_	_	_	_	_	_	_	_	_	_	_	_	_	
44-5	5316-5329	kalsifikasyon	_	_	_	_	_	_	_	_	_	_	_	_	_	
44-6	5330-5344	bildirilmiştir	_	_	_	_	_	_	_	_	_	_	_	_	_	
44-7	5344-5345	.	_	_	_	_	_	_	_	_	_	_	_	_	_	

#Text=Kemik sintigrafisi ve PET-BT’de artmış radyonüklid birikimi izlenir.
45-1	5346-5351	Kemik	_	_	_	_	_	_	_	_	_	_	_	_	_	
45-2	5352-5364	sintigrafisi	_	_	_	_	_	_	_	_	_	_	_	_	_	
45-3	5365-5367	ve	_	_	_	_	_	_	_	_	_	_	_	_	_	
45-4	5368-5374	PET-BT	_	_	_	_	_	_	_	_	_	_	_	_	_	
45-5	5374-5375	’	_	_	_	_	_	_	_	_	_	_	_	_	_	
45-6	5375-5377	de	_	_	_	_	_	_	_	_	_	_	_	_	_	
45-7	5378-5384	artmış	_	_	_	_	_	_	_	_	_	_	_	_	_	
45-8	5385-5396	radyonüklid	_	_	_	_	_	_	_	_	_	_	_	_	_	
45-9	5397-5405	birikimi	_	_	_	_	_	_	_	_	_	_	_	_	_	
45-10	5406-5413	izlenir	_	_	_	_	_	_	_	_	_	_	_	_	_	
45-11	5413-5414	.	_	_	_	_	_	_	_	_	_	_	_	_	_	

#Text=PET-BT, primer lezyonu görüntüleme dışında, akciğer, plevra, kemik, karaciğer yumuşak doku metastazlarını, nüksü ve rezidüel tümörü tespit edebilir.
46-1	5415-5421	PET-BT	_	_	_	_	_	_	_	_	_	_	_	_	_	
46-2	5421-5422	,	_	_	_	_	_	_	_	_	_	_	_	_	_	
46-3	5423-5429	primer	_	_	_	_	_	_	_	_	_	_	_	_	_	
46-4	5430-5437	lezyonu	_	_	_	_	_	_	_	_	_	_	_	_	_	
46-5	5438-5449	görüntüleme	_	_	_	_	_	_	_	_	_	_	_	_	_	
46-6	5450-5457	dışında	_	_	_	_	_	_	_	_	_	_	_	_	_	
46-7	5457-5458	,	_	_	_	_	_	_	_	_	_	_	_	_	_	
46-8	5459-5466	akciğer	_	_	_	_	_	_	_	_	_	_	_	_	_	
46-9	5466-5467	,	_	_	_	_	_	_	_	_	_	_	_	_	_	
46-10	5468-5474	plevra	_	_	_	_	_	_	_	_	_	_	_	_	_	
46-11	5474-5475	,	_	_	_	_	_	_	_	_	_	_	_	_	_	
46-12	5476-5481	kemik	_	_	_	_	_	_	_	_	_	_	_	_	_	
46-13	5481-5482	,	_	_	_	_	_	_	_	_	_	_	_	_	_	
46-14	5483-5492	karaciğer	_	_	_	_	_	_	_	_	_	_	_	_	_	
46-15	5493-5500	yumuşak	_	_	_	_	_	_	_	_	_	_	_	_	_	
46-16	5501-5505	doku	_	_	_	_	_	_	_	_	_	_	_	_	_	
46-17	5506-5520	metastazlarını	_	_	_	_	_	_	_	_	_	_	_	_	_	
46-18	5520-5521	,	_	_	_	_	_	_	_	_	_	_	_	_	_	
46-19	5522-5527	nüksü	_	_	_	_	_	_	_	_	_	_	_	_	_	
46-20	5528-5530	ve	_	_	_	_	_	_	_	_	_	_	_	_	_	
46-21	5531-5539	rezidüel	_	_	_	_	_	_	_	_	_	_	_	_	_	
46-22	5540-5546	tümörü	_	_	_	_	_	_	_	_	_	_	_	_	_	
46-23	5547-5553	tespit	_	_	_	_	_	_	_	_	_	_	_	_	_	
46-24	5554-5562	edebilir	_	_	_	_	_	_	_	_	_	_	_	_	_	
46-25	5562-5563	.	_	_	_	_	_	_	_	_	_	_	_	_	_	

#Text=Ultrasonografide iskelet dışındaki Ewing sarkomları genellikle hipoekoik izlenir.
47-1	5564-5580	Ultrasonografide	_	_	_	_	_	_	_	_	_	_	_	_	_	
47-2	5581-5588	iskelet	_	_	_	_	_	_	_	_	_	_	_	_	_	
47-3	5589-5598	dışındaki	_	_	_	_	_	_	_	_	_	_	_	_	_	
47-4	5599-5604	Ewing	_	_	_	_	_	_	_	_	_	_	_	_	_	
47-5	5605-5615	sarkomları	_	_	_	_	_	_	_	_	_	_	_	_	_	
47-6	5616-5626	genellikle	_	_	_	_	_	_	_	_	_	_	_	_	_	
47-7	5627-5636	hipoekoik	_	_	_	_	_	_	_	_	_	_	_	_	_	
47-8	5637-5644	izlenir	_	_	_	_	_	_	_	_	_	_	_	_	_	
47-9	5644-5645	.	_	_	_	_	_	_	_	_	_	_	_	_	_	

#Text=Hemoraji veya nekrozu temsil edebilecek sunulan olgudaki gibi anekoik alanlar barındırabilir.
48-1	5646-5654	Hemoraji	_	_	_	_	_	_	_	_	_	_	_	_	_	
48-2	5655-5659	veya	_	_	_	_	_	_	_	_	_	_	_	_	_	
48-3	5660-5667	nekrozu	_	_	_	_	_	_	_	_	_	_	_	_	_	
48-4	5668-5674	temsil	_	_	_	_	_	_	_	_	_	_	_	_	_	
48-5	5675-5685	edebilecek	_	_	_	_	_	_	_	_	_	_	_	_	_	
48-6	5686-5693	sunulan	_	_	_	_	_	_	_	_	_	_	_	_	_	
48-7	5694-5702	olgudaki	_	_	_	_	_	_	_	_	_	_	_	_	_	
48-8	5703-5707	gibi	_	_	_	_	_	_	_	_	_	_	_	_	_	
48-9	5708-5715	anekoik	_	_	_	_	_	_	_	_	_	_	_	_	_	
48-10	5716-5723	alanlar	_	_	_	_	_	_	_	_	_	_	_	_	_	
48-11	5724-5738	barındırabilir	_	_	_	_	_	_	_	_	_	_	_	_	_	
48-12	5738-5739	.	_	_	_	_	_	_	_	_	_	_	_	_	_	

#Text=Doppler ultrasonografide belirgin vaskülarizasyon mevcuttur.
49-1	5740-5747	Doppler	_	_	_	_	_	_	_	_	_	_	_	_	_	
49-2	5748-5764	ultrasonografide	_	_	_	_	_	_	_	_	_	_	_	_	_	
49-3	5765-5773	belirgin	_	_	_	_	_	_	_	_	_	_	_	_	_	
49-4	5774-5789	vaskülarizasyon	_	_	_	_	_	_	_	_	_	_	_	_	_	
49-5	5790-5799	mevcuttur	_	_	_	_	_	_	_	_	_	_	_	_	_	
49-6	5799-5800	.	_	_	_	_	_	_	_	_	_	_	_	_	_	

#Text=Bilgisayarlı tomografide (BT) nonspesifik, kas ile benzer dansitede yumuşak doku kitlesi olarak izlenirler (%87).
50-1	5801-5813	Bilgisayarlı	_	_	_	_	_	_	_	_	_	_	_	_	_	
50-2	5814-5825	tomografide	_	_	_	_	_	_	_	_	_	_	_	_	_	
50-3	5826-5827	(	_	_	_	_	_	_	_	_	_	_	_	_	_	
50-4	5827-5829	BT	_	_	_	_	_	_	_	_	_	_	_	_	_	
50-5	5829-5830	)	_	_	_	_	_	_	_	_	_	_	_	_	_	
50-6	5831-5842	nonspesifik	_	_	_	_	_	_	_	_	_	_	_	_	_	
50-7	5842-5843	,	_	_	_	_	_	_	_	_	_	_	_	_	_	
50-8	5844-5847	kas	_	_	_	_	_	_	_	_	_	_	_	_	_	
50-9	5848-5851	ile	_	_	_	_	_	_	_	_	_	_	_	_	_	
50-10	5852-5858	benzer	_	_	_	_	_	_	_	_	_	_	_	_	_	
50-11	5859-5868	dansitede	_	_	_	_	_	_	_	_	_	_	_	_	_	
50-12	5869-5876	yumuşak	_	_	_	_	_	_	_	_	_	_	_	_	_	
50-13	5877-5881	doku	_	_	_	_	_	_	_	_	_	_	_	_	_	
50-14	5882-5889	kitlesi	_	_	_	_	_	_	_	_	_	_	_	_	_	
50-15	5890-5896	olarak	_	_	_	_	_	_	_	_	_	_	_	_	_	
50-16	5897-5907	izlenirler	_	_	_	_	_	_	_	_	_	_	_	_	_	
50-17	5908-5909	(	_	_	_	_	_	_	_	_	_	_	_	_	_	
50-18	5909-5910	%	_	_	_	_	_	_	_	_	_	_	_	_	_	
50-19	5910-5912	87	_	_	_	_	_	_	_	_	_	_	_	_	_	
50-20	5912-5913	)	_	_	_	_	_	_	_	_	_	_	_	_	_	
50-21	5913-5914	.	_	_	_	_	_	_	_	_	_	_	_	_	_	

#Text=Düşük dansitedeki alanlar hemorajik alanları veya nekrozu temsil eder.
51-1	5915-5920	Düşük	_	_	_	_	_	_	_	_	_	_	_	_	_	
51-2	5921-5932	dansitedeki	_	_	_	_	_	_	_	_	_	_	_	_	_	
51-3	5933-5940	alanlar	_	_	_	_	_	_	_	_	_	_	_	_	_	
51-4	5941-5950	hemorajik	_	_	_	_	_	_	_	_	_	_	_	_	_	
51-5	5951-5959	alanları	_	_	_	_	_	_	_	_	_	_	_	_	_	
51-6	5960-5964	veya	_	_	_	_	_	_	_	_	_	_	_	_	_	
51-7	5965-5972	nekrozu	_	_	_	_	_	_	_	_	_	_	_	_	_	
51-8	5973-5979	temsil	_	_	_	_	_	_	_	_	_	_	_	_	_	
51-9	5980-5984	eder	_	_	_	_	_	_	_	_	_	_	_	_	_	
51-10	5984-5985	.	_	_	_	_	_	_	_	_	_	_	_	_	_	

#Text=Kemik ile ilişkisi ve kalsifikasyon varlığı BT ile daha iyi değerlendirilir.
52-1	5986-5991	Kemik	_	_	_	_	_	_	_	_	_	_	_	_	_	
52-2	5992-5995	ile	_	_	_	_	_	_	_	_	_	_	_	_	_	
52-3	5996-6004	ilişkisi	_	_	_	_	_	_	_	_	_	_	_	_	_	
52-4	6005-6007	ve	_	_	_	_	_	_	_	_	_	_	_	_	_	
52-5	6008-6021	kalsifikasyon	_	_	_	_	_	_	_	_	_	_	_	_	_	
52-6	6022-6029	varlığı	_	_	_	_	_	_	_	_	_	_	_	_	_	
52-7	6030-6032	BT	_	_	_	_	_	_	_	_	_	_	_	_	_	
52-8	6033-6036	ile	_	_	_	_	_	_	_	_	_	_	_	_	_	
52-9	6037-6041	daha	_	_	_	_	_	_	_	_	_	_	_	_	_	
52-10	6042-6045	iyi	_	_	_	_	_	_	_	_	_	_	_	_	_	
52-11	6046-6061	değerlendirilir	_	_	_	_	_	_	_	_	_	_	_	_	_	
52-12	6061-6062	.	_	_	_	_	_	_	_	_	_	_	_	_	_	

#Text=Kalsifikasyon %25-30 kadar olguda izlenebilir.
53-1	6063-6076	Kalsifikasyon	_	_	_	_	_	_	_	_	_	_	_	_	_	
53-2	6077-6078	%	_	_	_	_	_	_	_	_	_	_	_	_	_	
53-3	6078-6080	25	_	_	_	_	_	_	_	_	_	_	_	_	_	
53-4	6080-6081	-	_	_	_	_	_	_	_	_	_	_	_	_	_	
53-5	6081-6083	30	_	_	_	_	_	_	_	_	_	_	_	_	_	
53-6	6084-6089	kadar	_	_	_	_	_	_	_	_	_	_	_	_	_	
53-7	6090-6096	olguda	_	_	_	_	_	_	_	_	_	_	_	_	_	
53-8	6097-6108	izlenebilir	_	_	_	_	_	_	_	_	_	_	_	_	_	
53-9	6108-6109	.	_	_	_	_	_	_	_	_	_	_	_	_	_	

#Text=Kemik yüzeyinin etkilenmesi, kortikal erozyon, periost reaksiyon BT’de görülebilir.
54-1	6110-6115	Kemik	_	_	_	_	_	_	_	_	_	_	_	_	_	
54-2	6116-6125	yüzeyinin	_	_	_	_	_	_	_	_	_	_	_	_	_	
54-3	6126-6137	etkilenmesi	_	_	_	_	_	_	_	_	_	_	_	_	_	
54-4	6137-6138	,	_	_	_	_	_	_	_	_	_	_	_	_	_	
54-5	6139-6147	kortikal	_	_	_	_	_	_	_	_	_	_	_	_	_	
54-6	6148-6155	erozyon	_	_	_	_	_	_	_	_	_	_	_	_	_	
54-7	6155-6156	,	_	_	_	_	_	_	_	_	_	_	_	_	_	
54-8	6157-6164	periost	_	_	_	_	_	_	_	_	_	_	_	_	_	
54-9	6165-6174	reaksiyon	_	_	_	_	_	_	_	_	_	_	_	_	_	
54-10	6175-6177	BT	_	_	_	_	_	_	_	_	_	_	_	_	_	
54-11	6177-6178	’	_	_	_	_	_	_	_	_	_	_	_	_	_	
54-12	6178-6180	de	_	_	_	_	_	_	_	_	_	_	_	_	_	
54-13	6181-6192	görülebilir	_	_	_	_	_	_	_	_	_	_	_	_	_	
54-14	6192-6193	.	_	_	_	_	_	_	_	_	_	_	_	_	_	

#Text=Bu bulgular yaklaşık olarak %40 olguda tespit edilir.
55-1	6194-6196	Bu	_	_	_	_	_	_	_	_	_	_	_	_	_	
55-2	6197-6205	bulgular	_	_	_	_	_	_	_	_	_	_	_	_	_	
55-3	6206-6214	yaklaşık	_	_	_	_	_	_	_	_	_	_	_	_	_	
55-4	6215-6221	olarak	_	_	_	_	_	_	_	_	_	_	_	_	_	
55-5	6222-6223	%	_	_	_	_	_	_	_	_	_	_	_	_	_	
55-6	6223-6225	40	_	_	_	_	_	_	_	_	_	_	_	_	_	
55-7	6226-6232	olguda	_	_	_	_	_	_	_	_	_	_	_	_	_	
55-8	6233-6239	tespit	_	_	_	_	_	_	_	_	_	_	_	_	_	
55-9	6240-6246	edilir	_	_	_	_	_	_	_	_	_	_	_	_	_	
55-10	6246-6247	.	_	_	_	_	_	_	_	_	_	_	_	_	_	

#Text=MRG’deki görüntü özellikleri de diğer modalitelerde olduğu gibi özgün değildir.
56-1	6248-6251	MRG	*[6]	_	_	_	_	_	_	_	_	_	_	_	_	
56-2	6251-6252	’	*[6]	_	_	_	_	_	_	_	_	_	_	_	_	
56-3	6252-6256	deki	*[6]	_	_	_	_	_	_	_	_	_	_	_	_	
56-4	6257-6264	görüntü	*[6]	_	_	_	_	_	_	_	_	_	_	_	_	
56-5	6265-6276	özellikleri	*[6]	_	_	_	_	_	_	_	_	_	_	_	_	
56-6	6277-6279	de	*[6]	_	_	_	_	_	_	_	_	_	_	_	_	
56-7	6280-6285	diğer	*[6]	_	*[17]	_	_	_	_	_	_	_	_	_	_	
56-8	6286-6299	modalitelerde	*[6]	_	*[17]	_	_	_	_	_	_	_	_	_	_	
56-9	6300-6306	olduğu	*[6]	_	*[17]	_	_	_	_	_	_	_	_	_	_	
56-10	6307-6311	gibi	*[6]	_	*[17]	_	_	_	_	_	_	_	_	_	_	
56-11	6312-6317	özgün	*[6]	*	_	_	_	_	_	_	_	_	_	_	_	
56-12	6318-6326	değildir	*[6]	_	_	_	*	partOfEvent	56-11	isAnotherFocus	56-7[17]	NegLexMarker	partOfScope	56-1[6]	*	
56-13	6326-6327	.	_	_	_	_	_	_	_	_	_	_	_	_	_	

#Text=T1AG’de kas ile benzer sinyal özelliğinde, T2AG’de ise yüksek sinyal özelliğinde, ancak genellikle heterojen sinyal özelliği gösterirler (%91).
57-1	6328-6332	T1AG	_	_	_	_	_	_	_	_	_	_	_	_	_	
57-2	6332-6333	’	_	_	_	_	_	_	_	_	_	_	_	_	_	
57-3	6333-6335	de	_	_	_	_	_	_	_	_	_	_	_	_	_	
57-4	6336-6339	kas	_	_	_	_	_	_	_	_	_	_	_	_	_	
57-5	6340-6343	ile	_	_	_	_	_	_	_	_	_	_	_	_	_	
57-6	6344-6350	benzer	_	_	_	_	_	_	_	_	_	_	_	_	_	
57-7	6351-6357	sinyal	_	_	_	_	_	_	_	_	_	_	_	_	_	
57-8	6358-6369	özelliğinde	_	_	_	_	_	_	_	_	_	_	_	_	_	
57-9	6369-6370	,	_	_	_	_	_	_	_	_	_	_	_	_	_	
57-10	6371-6375	T2AG	_	_	_	_	_	_	_	_	_	_	_	_	_	
57-11	6375-6376	’	_	_	_	_	_	_	_	_	_	_	_	_	_	
57-12	6376-6378	de	_	_	_	_	_	_	_	_	_	_	_	_	_	
57-13	6379-6382	ise	_	_	_	_	_	_	_	_	_	_	_	_	_	
57-14	6383-6389	yüksek	_	_	_	_	_	_	_	_	_	_	_	_	_	
57-15	6390-6396	sinyal	_	_	_	_	_	_	_	_	_	_	_	_	_	
57-16	6397-6408	özelliğinde	_	_	_	_	_	_	_	_	_	_	_	_	_	
57-17	6408-6409	,	_	_	_	_	_	_	_	_	_	_	_	_	_	
57-18	6410-6415	ancak	_	_	_	_	_	_	_	_	_	_	_	_	_	
57-19	6416-6426	genellikle	_	_	_	_	_	_	_	_	_	_	_	_	_	
57-20	6427-6436	heterojen	_	_	_	_	_	_	_	_	_	_	_	_	_	
57-21	6437-6443	sinyal	_	_	_	_	_	_	_	_	_	_	_	_	_	
57-22	6444-6452	özelliği	_	_	_	_	_	_	_	_	_	_	_	_	_	
57-23	6453-6464	gösterirler	_	_	_	_	_	_	_	_	_	_	_	_	_	
57-24	6465-6466	(	_	_	_	_	_	_	_	_	_	_	_	_	_	
57-25	6466-6467	%	_	_	_	_	_	_	_	_	_	_	_	_	_	
57-26	6467-6469	91	_	_	_	_	_	_	_	_	_	_	_	_	_	
57-27	6469-6470	)	_	_	_	_	_	_	_	_	_	_	_	_	_	
57-28	6470-6471	.	_	_	_	_	_	_	_	_	_	_	_	_	_	

#Text=Lezyonların hemen hemen hepsi T2AG’de yüksek sinyal özelliği gösterir.
58-1	6472-6483	Lezyonların	_	_	_	_	_	_	_	_	_	_	_	_	_	
58-2	6484-6489	hemen	_	_	_	_	_	_	_	_	_	_	_	_	_	
58-3	6490-6495	hemen	_	_	_	_	_	_	_	_	_	_	_	_	_	
58-4	6496-6501	hepsi	_	_	_	_	_	_	_	_	_	_	_	_	_	
58-5	6502-6506	T2AG	_	_	_	_	_	_	_	_	_	_	_	_	_	
58-6	6506-6507	’	_	_	_	_	_	_	_	_	_	_	_	_	_	
58-7	6507-6509	de	_	_	_	_	_	_	_	_	_	_	_	_	_	
58-8	6510-6516	yüksek	_	_	_	_	_	_	_	_	_	_	_	_	_	
58-9	6517-6523	sinyal	_	_	_	_	_	_	_	_	_	_	_	_	_	
58-10	6524-6532	özelliği	_	_	_	_	_	_	_	_	_	_	_	_	_	
58-11	6533-6541	gösterir	_	_	_	_	_	_	_	_	_	_	_	_	_	
58-12	6541-6542	.	_	_	_	_	_	_	_	_	_	_	_	_	_	

#Text=Hemoraji ve nekroz ile uyumlu sinyal alanları izlenebilir.
59-1	6543-6551	Hemoraji	_	_	_	_	_	_	_	_	_	_	_	_	_	
59-2	6552-6554	ve	_	_	_	_	_	_	_	_	_	_	_	_	_	
59-3	6555-6561	nekroz	_	_	_	_	_	_	_	_	_	_	_	_	_	
59-4	6562-6565	ile	_	_	_	_	_	_	_	_	_	_	_	_	_	
59-5	6566-6572	uyumlu	_	_	_	_	_	_	_	_	_	_	_	_	_	
59-6	6573-6579	sinyal	_	_	_	_	_	_	_	_	_	_	_	_	_	
59-7	6580-6588	alanları	_	_	_	_	_	_	_	_	_	_	_	_	_	
59-8	6589-6600	izlenebilir	_	_	_	_	_	_	_	_	_	_	_	_	_	
59-9	6600-6601	.	_	_	_	_	_	_	_	_	_	_	_	_	_	

#Text=MRG, bölgesel evreleme ve çevre doku invazyonunu değerlendirmek için uygundur.
60-1	6602-6605	MRG	_	_	_	_	_	_	_	_	_	_	_	_	_	
60-2	6605-6606	,	_	_	_	_	_	_	_	_	_	_	_	_	_	
60-3	6607-6615	bölgesel	_	_	_	_	_	_	_	_	_	_	_	_	_	
60-4	6616-6624	evreleme	_	_	_	_	_	_	_	_	_	_	_	_	_	
60-5	6625-6627	ve	_	_	_	_	_	_	_	_	_	_	_	_	_	
60-6	6628-6633	çevre	_	_	_	_	_	_	_	_	_	_	_	_	_	
60-7	6634-6638	doku	_	_	_	_	_	_	_	_	_	_	_	_	_	
60-8	6639-6650	invazyonunu	_	_	_	_	_	_	_	_	_	_	_	_	_	
60-9	6651-6665	değerlendirmek	_	_	_	_	_	_	_	_	_	_	_	_	_	
60-10	6666-6670	için	_	_	_	_	_	_	_	_	_	_	_	_	_	
60-11	6671-6679	uygundur	_	_	_	_	_	_	_	_	_	_	_	_	_	
60-12	6679-6680	.	_	_	_	_	_	_	_	_	_	_	_	_	_	

#Text=Olgumuzdaki gibi yalancı kapsülü ve sınırlarının düzgünlüğü MRG’de görülebilirse de, %45 kadar olguda sınırların düzensizliği ve infiltrasyon söz konusudur.
61-1	6681-6692	Olgumuzdaki	_	_	_	_	_	_	_	_	_	_	_	_	_	
61-2	6693-6697	gibi	_	_	_	_	_	_	_	_	_	_	_	_	_	
61-3	6698-6705	yalancı	_	_	_	_	_	_	_	_	_	_	_	_	_	
61-4	6706-6713	kapsülü	_	_	_	_	_	_	_	_	_	_	_	_	_	
61-5	6714-6716	ve	_	_	_	_	_	_	_	_	_	_	_	_	_	
61-6	6717-6729	sınırlarının	_	_	_	_	_	_	_	_	_	_	_	_	_	
61-7	6730-6740	düzgünlüğü	_	_	_	_	_	_	_	_	_	_	_	_	_	
61-8	6741-6744	MRG	_	_	_	_	_	_	_	_	_	_	_	_	_	
61-9	6744-6745	’	_	_	_	_	_	_	_	_	_	_	_	_	_	
61-10	6745-6747	de	_	_	_	_	_	_	_	_	_	_	_	_	_	
61-11	6748-6761	görülebilirse	_	_	_	_	_	_	_	_	_	_	_	_	_	
61-12	6762-6764	de	_	_	_	_	_	_	_	_	_	_	_	_	_	
61-13	6764-6765	,	_	_	_	_	_	_	_	_	_	_	_	_	_	
61-14	6766-6767	%	_	_	_	_	_	_	_	_	_	_	_	_	_	
61-15	6767-6769	45	_	_	_	_	_	_	_	_	_	_	_	_	_	
61-16	6770-6775	kadar	_	_	_	_	_	_	_	_	_	_	_	_	_	
61-17	6776-6782	olguda	_	_	_	_	_	_	_	_	_	_	_	_	_	
61-18	6783-6793	sınırların	*[7]	_	*	_	_	_	_	_	_	_	_	_	_	
61-19	6794-6806	düzensizliği	*[7]	*	_	_	*	partOfEvent	61-19	isAnotherFocus	61-18	NegMorMarker	partOfScope	61-18[7]	*	
61-20	6807-6809	ve	_	_	_	_	_	_	_	_	_	_	_	_	_	
61-21	6810-6822	infiltrasyon	_	_	_	_	_	_	_	_	_	_	_	_	_	
61-22	6823-6826	söz	_	_	_	_	_	_	_	_	_	_	_	_	_	
61-23	6827-6836	konusudur	_	_	_	_	_	_	_	_	_	_	_	_	_	
61-24	6836-6837	.	_	_	_	_	_	_	_	_	_	_	_	_	_	

#Text=Yalancı kapsül varlığı benignite yönünde izlenim yarattığından dikkatli olunmalıdır.
62-1	6838-6845	Yalancı	_	_	_	_	_	_	_	_	_	_	_	_	_	
62-2	6846-6852	kapsül	_	_	_	_	_	_	_	_	_	_	_	_	_	
62-3	6853-6860	varlığı	_	_	_	_	_	_	_	_	_	_	_	_	_	
62-4	6861-6870	benignite	_	_	_	_	_	_	_	_	_	_	_	_	_	
62-5	6871-6878	yönünde	_	_	_	_	_	_	_	_	_	_	_	_	_	
62-6	6879-6886	izlenim	_	_	_	_	_	_	_	_	_	_	_	_	_	
62-7	6887-6900	yarattığından	_	_	_	_	_	_	_	_	_	_	_	_	_	
62-8	6901-6909	dikkatli	_	_	_	_	_	_	_	_	_	_	_	_	_	
62-9	6910-6921	olunmalıdır	_	_	_	_	_	_	_	_	_	_	_	_	_	
62-10	6921-6922	.	_	_	_	_	_	_	_	_	_	_	_	_	_	

#Text=Yüzde 73 kadar olguda ise nörovasküler tutulum saptanabilir.
63-1	6923-6928	Yüzde	_	_	_	_	_	_	_	_	_	_	_	_	_	
63-2	6929-6931	73	_	_	_	_	_	_	_	_	_	_	_	_	_	
63-3	6932-6937	kadar	_	_	_	_	_	_	_	_	_	_	_	_	_	
63-4	6938-6944	olguda	_	_	_	_	_	_	_	_	_	_	_	_	_	
63-5	6945-6948	ise	_	_	_	_	_	_	_	_	_	_	_	_	_	
63-6	6949-6961	nörovasküler	_	_	_	_	_	_	_	_	_	_	_	_	_	
63-7	6962-6969	tutulum	_	_	_	_	_	_	_	_	_	_	_	_	_	
63-8	6970-6982	saptanabilir	_	_	_	_	_	_	_	_	_	_	_	_	_	
63-9	6982-6983	.	_	_	_	_	_	_	_	_	_	_	_	_	_	

#Text=Terminal dönemde kemiğe invazyon görülebilir.
64-1	6984-6992	Terminal	_	_	_	_	_	_	_	_	_	_	_	_	_	
64-2	6993-7000	dönemde	_	_	_	_	_	_	_	_	_	_	_	_	_	
64-3	7001-7007	kemiğe	_	_	_	_	_	_	_	_	_	_	_	_	_	
64-4	7008-7016	invazyon	_	_	_	_	_	_	_	_	_	_	_	_	_	
64-5	7017-7028	görülebilir	_	_	_	_	_	_	_	_	_	_	_	_	_	
64-6	7028-7029	.	_	_	_	_	_	_	_	_	_	_	_	_	_	

#Text=BT ve MRG incelemede belirgin kontrastlanma izlenir.
65-1	7030-7032	BT	_	_	_	_	_	_	_	_	_	_	_	_	_	
65-2	7033-7035	ve	_	_	_	_	_	_	_	_	_	_	_	_	_	
65-3	7036-7039	MRG	_	_	_	_	_	_	_	_	_	_	_	_	_	
65-4	7040-7050	incelemede	_	_	_	_	_	_	_	_	_	_	_	_	_	
65-5	7051-7059	belirgin	_	_	_	_	_	_	_	_	_	_	_	_	_	
65-6	7060-7073	kontrastlanma	_	_	_	_	_	_	_	_	_	_	_	_	_	
65-7	7074-7081	izlenir	_	_	_	_	_	_	_	_	_	_	_	_	_	
65-8	7081-7082	.	_	_	_	_	_	_	_	_	_	_	_	_	_	

#Text=Kesin tanısı patolojik olarak koyulur; ancak, genellikle ince iğne biyopsisi doku yetersizliği nedeni ile tanı koymada başarısızdır.
66-1	7083-7088	Kesin	_	_	_	_	_	_	_	_	_	_	_	_	_	
66-2	7089-7095	tanısı	_	_	_	_	_	_	_	_	_	_	_	_	_	
66-3	7096-7105	patolojik	_	_	_	_	_	_	_	_	_	_	_	_	_	
66-4	7106-7112	olarak	_	_	_	_	_	_	_	_	_	_	_	_	_	
66-5	7113-7120	koyulur	_	_	_	_	_	_	_	_	_	_	_	_	_	
66-6	7120-7121	;	_	_	_	_	_	_	_	_	_	_	_	_	_	
66-7	7122-7127	ancak	_	_	_	_	_	_	_	_	_	_	_	_	_	
66-8	7127-7128	,	_	_	_	_	_	_	_	_	_	_	_	_	_	
66-9	7129-7139	genellikle	*[8]	_	_	_	_	_	_	_	_	_	_	_	_	
66-10	7140-7144	ince	*[8]	_	*[18]	_	_	_	_	_	_	_	_	_	_	
66-11	7145-7149	iğne	*[8]	_	*[18]	_	_	_	_	_	_	_	_	_	_	
66-12	7150-7159	biyopsisi	*[8]	_	*[18]	_	_	_	_	_	_	_	_	_	_	
66-13	7160-7164	doku	*[8]|*[9]	_	*[18]|*[19]	_	_	_	_	_	_	_	_	_	_	
66-14	7165-7177	yetersizliği	*[8]|*[9]	*	*[18]	_	*	partOfEvent	66-14	isAnotherFocus	66-13[19]	NegMorMarker	partOfScope	66-13[9]	*	
66-15	7178-7184	nedeni	*[8]	_	*[18]	_	_	_	_	_	_	_	_	_	_	
66-16	7185-7188	ile	*[8]	_	*[18]	_	_	_	_	_	_	_	_	_	_	
66-17	7189-7193	tanı	*[8]	_	_	_	_	_	_	_	_	_	_	_	_	
66-18	7194-7201	koymada	*[8]	_	_	_	_	_	_	_	_	_	_	_	_	
66-19	7202-7214	başarısızdır	*[8]	*	_	_	*	partOfEvent	66-19	isAnotherFocus	66-10[18]	NegMorMarker	partOfScope	66-9[8]	*	
66-20	7214-7215	.	_	_	_	_	_	_	_	_	_	_	_	_	_	

#Text=Bundan dolayı açık veya kör biyopsi tercih edilir.
67-1	7216-7222	Bundan	_	_	_	_	_	_	_	_	_	_	_	_	_	
67-2	7223-7229	dolayı	_	_	_	_	_	_	_	_	_	_	_	_	_	
67-3	7230-7234	açık	_	_	_	_	_	_	_	_	_	_	_	_	_	
67-4	7235-7239	veya	_	_	_	_	_	_	_	_	_	_	_	_	_	
67-5	7240-7243	kör	_	_	_	_	_	_	_	_	_	_	_	_	_	
67-6	7244-7251	biyopsi	_	_	_	_	_	_	_	_	_	_	_	_	_	
67-7	7252-7258	tercih	_	_	_	_	_	_	_	_	_	_	_	_	_	
67-8	7259-7265	edilir	_	_	_	_	_	_	_	_	_	_	_	_	_	
67-9	7265-7266	.	_	_	_	_	_	_	_	_	_	_	_	_	_	

#Text=Bununla birlikte, moleküler inceleme yöntemleri ile 11-22 translokasyonu Ewing sarkomu grubundaki tümörlerde tanıyı destekler.
68-1	7267-7274	Bununla	_	_	_	_	_	_	_	_	_	_	_	_	_	
68-2	7275-7283	birlikte	_	_	_	_	_	_	_	_	_	_	_	_	_	
68-3	7283-7284	,	_	_	_	_	_	_	_	_	_	_	_	_	_	
68-4	7285-7294	moleküler	_	_	_	_	_	_	_	_	_	_	_	_	_	
68-5	7295-7303	inceleme	_	_	_	_	_	_	_	_	_	_	_	_	_	
68-6	7304-7314	yöntemleri	_	_	_	_	_	_	_	_	_	_	_	_	_	
68-7	7315-7318	ile	_	_	_	_	_	_	_	_	_	_	_	_	_	
68-8	7319-7321	11	_	_	_	_	_	_	_	_	_	_	_	_	_	
68-9	7321-7322	-	_	_	_	_	_	_	_	_	_	_	_	_	_	
68-10	7322-7324	22	_	_	_	_	_	_	_	_	_	_	_	_	_	
68-11	7325-7339	translokasyonu	_	_	_	_	_	_	_	_	_	_	_	_	_	
68-12	7340-7345	Ewing	_	_	_	_	_	_	_	_	_	_	_	_	_	
68-13	7346-7353	sarkomu	_	_	_	_	_	_	_	_	_	_	_	_	_	
68-14	7354-7364	grubundaki	_	_	_	_	_	_	_	_	_	_	_	_	_	
68-15	7365-7375	tümörlerde	_	_	_	_	_	_	_	_	_	_	_	_	_	
68-16	7376-7382	tanıyı	_	_	_	_	_	_	_	_	_	_	_	_	_	
68-17	7383-7392	destekler	_	_	_	_	_	_	_	_	_	_	_	_	_	
68-18	7392-7393	.	_	_	_	_	_	_	_	_	_	_	_	_	_	

#Text=Cerrahi ve radyoterapiye ek kemoterapi ile tedavi edilmesi tavsiye edilir.
69-1	7394-7401	Cerrahi	_	_	_	_	_	_	_	_	_	_	_	_	_	
69-2	7402-7404	ve	_	_	_	_	_	_	_	_	_	_	_	_	_	
69-3	7405-7418	radyoterapiye	_	_	_	_	_	_	_	_	_	_	_	_	_	
69-4	7419-7421	ek	_	_	_	_	_	_	_	_	_	_	_	_	_	
69-5	7422-7432	kemoterapi	_	_	_	_	_	_	_	_	_	_	_	_	_	
69-6	7433-7436	ile	_	_	_	_	_	_	_	_	_	_	_	_	_	
69-7	7437-7443	tedavi	_	_	_	_	_	_	_	_	_	_	_	_	_	
69-8	7444-7452	edilmesi	_	_	_	_	_	_	_	_	_	_	_	_	_	
69-9	7453-7460	tavsiye	_	_	_	_	_	_	_	_	_	_	_	_	_	
69-10	7461-7467	edilir	_	_	_	_	_	_	_	_	_	_	_	_	_	
69-11	7467-7468	.	_	_	_	_	_	_	_	_	_	_	_	_	_	

#Text=Ancak cerrahinin kemik Ewing sarkomuna kıyasla daha önemli olduğu ve tam rezeksiyonun iyi sağkalım oranları ile ilişkili olduğu bildirilmiştir.
70-1	7469-7474	Ancak	_	_	_	_	_	_	_	_	_	_	_	_	_	
70-2	7475-7485	cerrahinin	_	_	_	_	_	_	_	_	_	_	_	_	_	
70-3	7486-7491	kemik	_	_	_	_	_	_	_	_	_	_	_	_	_	
70-4	7492-7497	Ewing	_	_	_	_	_	_	_	_	_	_	_	_	_	
70-5	7498-7507	sarkomuna	_	_	_	_	_	_	_	_	_	_	_	_	_	
70-6	7508-7515	kıyasla	_	_	_	_	_	_	_	_	_	_	_	_	_	
70-7	7516-7520	daha	_	_	_	_	_	_	_	_	_	_	_	_	_	
70-8	7521-7527	önemli	_	_	_	_	_	_	_	_	_	_	_	_	_	
70-9	7528-7534	olduğu	_	_	_	_	_	_	_	_	_	_	_	_	_	
70-10	7535-7537	ve	_	_	_	_	_	_	_	_	_	_	_	_	_	
70-11	7538-7541	tam	_	_	_	_	_	_	_	_	_	_	_	_	_	
70-12	7542-7554	rezeksiyonun	_	_	_	_	_	_	_	_	_	_	_	_	_	
70-13	7555-7558	iyi	_	_	_	_	_	_	_	_	_	_	_	_	_	
70-14	7559-7567	sağkalım	_	_	_	_	_	_	_	_	_	_	_	_	_	
70-15	7568-7576	oranları	_	_	_	_	_	_	_	_	_	_	_	_	_	
70-16	7577-7580	ile	_	_	_	_	_	_	_	_	_	_	_	_	_	
70-17	7581-7589	ilişkili	_	_	_	_	_	_	_	_	_	_	_	_	_	
70-18	7590-7596	olduğu	_	_	_	_	_	_	_	_	_	_	_	_	_	
70-19	7597-7611	bildirilmiştir	_	_	_	_	_	_	_	_	_	_	_	_	_	
70-20	7611-7612	.	_	_	_	_	_	_	_	_	_	_	_	_	_	

#Text=Ekstraosseöz Ewing sarkomları nadir olarak görülen yumuşak doku kitleleridir.
71-1	7613-7625	Ekstraosseöz	_	_	_	_	_	_	_	_	_	_	_	_	_	
71-2	7626-7631	Ewing	_	_	_	_	_	_	_	_	_	_	_	_	_	
71-3	7632-7642	sarkomları	_	_	_	_	_	_	_	_	_	_	_	_	_	
71-4	7643-7648	nadir	_	_	_	_	_	_	_	_	_	_	_	_	_	
71-5	7649-7655	olarak	_	_	_	_	_	_	_	_	_	_	_	_	_	
71-6	7656-7663	görülen	_	_	_	_	_	_	_	_	_	_	_	_	_	
71-7	7664-7671	yumuşak	_	_	_	_	_	_	_	_	_	_	_	_	_	
71-8	7672-7676	doku	_	_	_	_	_	_	_	_	_	_	_	_	_	
71-9	7677-7689	kitleleridir	_	_	_	_	_	_	_	_	_	_	_	_	_	
71-10	7689-7690	.	_	_	_	_	_	_	_	_	_	_	_	_	_	

#Text=Baş-boyun da nadiren görüldüğü bölgelerdendir.
72-1	7691-7700	Baş-boyun	_	_	_	_	_	_	_	_	_	_	_	_	_	
72-2	7701-7703	da	_	_	_	_	_	_	_	_	_	_	_	_	_	
72-3	7704-7711	nadiren	_	_	_	_	_	_	_	_	_	_	_	_	_	
72-4	7712-7721	görüldüğü	_	_	_	_	_	_	_	_	_	_	_	_	_	
72-5	7722-7736	bölgelerdendir	_	_	_	_	_	_	_	_	_	_	_	_	_	
72-6	7736-7737	.	_	_	_	_	_	_	_	_	_	_	_	_	_	

#Text=Görüntüleme özellikleri özgün veya tanı koymada yeterli olmasa da, biyopsi için dokunun uygun yerden alınması ve tümörün evrelendirilmesi açısından önemli yer tutar.
73-1	7738-7749	Görüntüleme	*[10]|*[11]	_	_	_	_	_	_	_	_	_	_	_	_	
73-2	7750-7761	özellikleri	*[10]|*[11]	_	_	_	_	_	_	_	_	_	_	_	_	
73-3	7762-7767	özgün	*[10]	*	*	_	_	_	_	_	_	_	_	_	_	
73-4	7768-7772	veya	_	_	_	_	_	_	_	_	_	_	_	_	_	
73-5	7773-7777	tanı	*[12]	_	*[20]	_	_	_	_	_	_	_	_	_	_	
73-6	7778-7785	koymada	*[12]	_	*[20]	_	_	_	_	_	_	_	_	_	_	
73-7	7786-7793	yeterli	*[12]	*	_	_	_	_	_	_	_	_	_	_	_	
73-8	7794-7800	olmasa	*[12]|*[13]	_	_	_	_	_	_	_	_	_	_	_	_	
73-9	7801-7803	da	_	_	_	_	_	_	_	_	_	_	_	_	_	
73-10	7803-7804	,	_	_	_	_	_	_	_	_	_	_	_	_	_	
73-11	7805-7812	biyopsi	_	_	_	_	_	_	_	_	_	_	_	_	_	
73-12	7813-7817	için	_	_	_	_	_	_	_	_	_	_	_	_	_	
73-13	7818-7825	dokunun	_	_	_	_	_	_	_	_	_	_	_	_	_	
73-14	7826-7831	uygun	_	_	_	_	_	_	_	_	_	_	_	_	_	
73-15	7832-7838	yerden	_	_	_	_	_	_	_	_	_	_	_	_	_	
73-16	7839-7847	alınması	_	_	_	_	_	_	_	_	_	_	_	_	_	
73-17	7848-7850	ve	_	_	_	_	_	_	_	_	_	_	_	_	_	
73-18	7851-7858	tümörün	_	_	_	_	_	_	_	_	_	_	_	_	_	
73-19	7859-7875	evrelendirilmesi	_	_	_	_	_	_	_	_	_	_	_	_	_	
73-20	7876-7885	açısından	_	_	_	_	_	_	_	_	_	_	_	_	_	
73-21	7886-7892	önemli	_	_	_	_	_	_	_	_	_	_	_	_	_	
73-22	7893-7896	yer	_	_	_	_	_	_	_	_	_	_	_	_	_	
73-23	7897-7902	tutar	_	_	_	_	_	_	_	_	_	_	_	_	_	
73-24	7902-7903	.	_	_	_	_	_	_	_	_	_	_	_	_	_	

#Text=Ayrıca iskelet dışındaki Ewing sarkomunda, tam cerrahi rezeksiyonun diğer Ewing sarkomu ailesi tümörlerine kıyasla daha iyi sağkalım oranları ile ilişkili olduğu gösterilmiştir.
74-1	7904-7910	Ayrıca	_	_	_	_	_	_	_	_	_	_	_	_	_	
74-2	7911-7918	iskelet	_	_	_	_	_	_	_	_	_	_	_	_	_	
74-3	7919-7928	dışındaki	_	_	_	_	_	_	_	_	_	_	_	_	_	
74-4	7929-7934	Ewing	_	_	_	_	_	_	_	_	_	_	_	_	_	
74-5	7935-7945	sarkomunda	_	_	_	_	_	_	_	_	_	_	_	_	_	
74-6	7945-7946	,	_	_	_	_	_	_	_	_	_	_	_	_	_	
74-7	7947-7950	tam	_	_	_	_	_	_	_	_	_	_	_	_	_	
74-8	7951-7958	cerrahi	_	_	_	_	_	_	_	_	_	_	_	_	_	
74-9	7959-7971	rezeksiyonun	_	_	_	_	_	_	_	_	_	_	_	_	_	
74-10	7972-7977	diğer	_	_	_	_	_	_	_	_	_	_	_	_	_	
74-11	7978-7983	Ewing	_	_	_	_	_	_	_	_	_	_	_	_	_	
74-12	7984-7991	sarkomu	_	_	_	_	_	_	_	_	_	_	_	_	_	
74-13	7992-7998	ailesi	_	_	_	_	_	_	_	_	_	_	_	_	_	
74-14	7999-8010	tümörlerine	_	_	_	_	_	_	_	_	_	_	_	_	_	
74-15	8011-8018	kıyasla	_	_	_	_	_	_	_	_	_	_	_	_	_	
74-16	8019-8023	daha	_	_	_	_	_	_	_	_	_	_	_	_	_	
74-17	8024-8027	iyi	_	_	_	_	_	_	_	_	_	_	_	_	_	
74-18	8028-8036	sağkalım	_	_	_	_	_	_	_	_	_	_	_	_	_	
74-19	8037-8045	oranları	_	_	_	_	_	_	_	_	_	_	_	_	_	
74-20	8046-8049	ile	_	_	_	_	_	_	_	_	_	_	_	_	_	
74-21	8050-8058	ilişkili	_	_	_	_	_	_	_	_	_	_	_	_	_	
74-22	8059-8065	olduğu	_	_	_	_	_	_	_	_	_	_	_	_	_	
74-23	8066-8080	gösterilmiştir	_	_	_	_	_	_	_	_	_	_	_	_	_	
74-24	8080-8081	.	_	_	_	_	_	_	_	_	_	_	_	_	_	

#Text=Bu nedenle cerrahiye yön gösterme ve tümörün çıkarılabilirliğinin değerlendirilmesinde görüntüleme önemli yer tutmaktadır.
75-1	8082-8084	Bu	_	_	_	_	_	_	_	_	_	_	_	_	_	
75-2	8085-8092	nedenle	_	_	_	_	_	_	_	_	_	_	_	_	_	
75-3	8093-8102	cerrahiye	_	_	_	_	_	_	_	_	_	_	_	_	_	
75-4	8103-8106	yön	_	_	_	_	_	_	_	_	_	_	_	_	_	
75-5	8107-8115	gösterme	_	_	_	_	_	_	_	_	_	_	_	_	_	
75-6	8116-8118	ve	_	_	_	_	_	_	_	_	_	_	_	_	_	
75-7	8119-8126	tümörün	*	_	*	_	_	_	_	_	_	_	_	_	_	
75-8	8127-8147	çıkarılabilirliğinin	_	*	_	_	*	partOfEvent	75-8	isAnotherFocus	75-7	NegLexMarker	partOfScope;partOfScope	75-9;75-7	*	
75-9	8148-8168	değerlendirilmesinde	*	_	_	_	_	_	_	_	_	_	_	_	_	
75-10	8169-8180	görüntüleme	_	_	_	_	_	_	_	_	_	_	_	_	_	
75-11	8181-8187	önemli	_	_	_	_	_	_	_	_	_	_	_	_	_	
75-12	8188-8191	yer	_	_	_	_	_	_	_	_	_	_	_	_	_	
75-13	8192-8203	tutmaktadır	_	_	_	_	_	_	_	_	_	_	_	_	_	
75-14	8203-8204	.	_	_	_	_	_	_	_	_	_	_	_	_	_	

#Text=Klinik semptom vermeyebilirler ancak hızlı büyüyen, ele gelen kitlesi olan genç hastalarda, ilk planda morfolojik olarak benign izlenimi verse de dikkatle değerlendirip baş-boyun yumuşak doku kitlelerinin ayırıcı tanısında düşünülmelidir.
76-1	8205-8211	Klinik	*[14]	_	*[21]	_	_	_	_	_	_	_	_	_	_	
76-2	8212-8219	semptom	*[14]	_	*[21]	_	_	_	_	_	_	_	_	_	_	
76-3	8220-8235	vermeyebilirler	*[14]	*	_	_	*	partOfEvent	76-3	isAnotherFocus	76-1[21]	NegMorMarker	partOfScope	76-1[14]	*	
76-4	8236-8241	ancak	_	_	_	_	_	_	_	_	_	_	_	_	_	
76-5	8242-8247	hızlı	_	_	_	_	_	_	_	_	_	_	_	_	_	
76-6	8248-8255	büyüyen	_	_	_	_	_	_	_	_	_	_	_	_	_	
76-7	8255-8256	,	_	_	_	_	_	_	_	_	_	_	_	_	_	
76-8	8257-8260	ele	_	_	_	_	_	_	_	_	_	_	_	_	_	
76-9	8261-8266	gelen	_	_	_	_	_	_	_	_	_	_	_	_	_	
76-10	8267-8274	kitlesi	_	_	_	_	_	_	_	_	_	_	_	_	_	
76-11	8275-8279	olan	_	_	_	_	_	_	_	_	_	_	_	_	_	
76-12	8280-8284	genç	_	_	_	_	_	_	_	_	_	_	_	_	_	
76-13	8285-8295	hastalarda	_	_	_	_	_	_	_	_	_	_	_	_	_	
76-14	8295-8296	,	_	_	_	_	_	_	_	_	_	_	_	_	_	
76-15	8297-8300	ilk	_	_	_	_	_	_	_	_	_	_	_	_	_	
76-16	8301-8307	planda	_	_	_	_	_	_	_	_	_	_	_	_	_	
76-17	8308-8318	morfolojik	_	_	_	_	_	_	_	_	_	_	_	_	_	
76-18	8319-8325	olarak	_	_	_	_	_	_	_	_	_	_	_	_	_	
76-19	8326-8332	benign	_	_	_	_	_	_	_	_	_	_	_	_	_	
76-20	8333-8341	izlenimi	_	_	_	_	_	_	_	_	_	_	_	_	_	
76-21	8342-8347	verse	_	_	_	_	_	_	_	_	_	_	_	_	_	
76-22	8348-8350	de	_	_	_	_	_	_	_	_	_	_	_	_	_	
76-23	8351-8359	dikkatle	_	_	_	_	_	_	_	_	_	_	_	_	_	
76-24	8360-8373	değerlendirip	_	_	_	_	_	_	_	_	_	_	_	_	_	
76-25	8374-8383	baş-boyun	_	_	_	_	_	_	_	_	_	_	_	_	_	
76-26	8384-8391	yumuşak	_	_	_	_	_	_	_	_	_	_	_	_	_	
76-27	8392-8396	doku	_	_	_	_	_	_	_	_	_	_	_	_	_	
76-28	8397-8409	kitlelerinin	_	_	_	_	_	_	_	_	_	_	_	_	_	
76-29	8410-8417	ayırıcı	_	_	_	_	_	_	_	_	_	_	_	_	_	
76-30	8418-8427	tanısında	_	_	_	_	_	_	_	_	_	_	_	_	_	
76-31	8428-8442	düşünülmelidir	_	_	_	_	_	_	_	_	_	_	_	_	_	
76-32	8442-8443	.	_	_	_	_	_	_	_	_	_	_	_	_	_	
