#FORMAT=WebAnno TSV 3.3


#Text=ÖZET
1-1	0-4	ÖZET	

#Text=Renal hidatik hastalık literatürde iyi tanımlanmıştır ve pek çok çalışma mevcuttur.
2-1	5-10	Renal	
2-2	11-18	hidatik	
2-3	19-27	hastalık	
2-4	28-39	literatürde	
2-5	40-43	iyi	
2-6	44-58	tanımlanmıştır	
2-7	59-61	ve	
2-8	62-65	pek	
2-9	66-69	çok	
2-10	70-77	çalışma	
2-11	78-87	mevcuttur	
2-12	87-88	.	

#Text=Bununla birlikte doğrudan invazyon olmaksızın böbrek hasarı gelişimi oldukça nadir bir durumdur.
3-1	89-96	Bununla	
3-2	97-105	birlikte	
3-3	106-114	doğrudan	
3-4	115-123	invazyon	
3-5	124-134	olmaksızın	
3-6	135-141	böbrek	
3-7	142-148	hasarı	
3-8	149-157	gelişimi	
3-9	158-165	oldukça	
3-10	166-171	nadir	
3-11	172-175	bir	
3-12	176-184	durumdur	
3-13	184-185	.	

#Text=Bu sunumda hepatik kist hidatiği olan hastada tubulointerstisyel nefrite ikincil akut böbrek hasarı gelişen bir vaka bildirilmiştir.
4-1	186-188	Bu	
4-2	189-196	sunumda	
4-3	197-204	hepatik	
4-4	205-209	kist	
4-5	210-218	hidatiği	
4-6	219-223	olan	
4-7	224-231	hastada	
4-8	232-250	tubulointerstisyel	
4-9	251-258	nefrite	
4-10	259-266	ikincil	
4-11	267-271	akut	
4-12	272-278	böbrek	
4-13	279-285	hasarı	
4-14	286-293	gelişen	
4-15	294-297	bir	
4-16	298-302	vaka	
4-17	303-317	bildirilmiştir	
4-18	317-318	.	

#Text=Hasta albendazol ve perkütan aspirasyon injeksiyon ve reaspirasyon girişimi ile tedavi edilmiştir.
5-1	319-324	Hasta	
5-2	325-335	albendazol	
5-3	336-338	ve	
5-4	339-347	perkütan	
5-5	348-358	aspirasyon	
5-6	359-369	injeksiyon	
5-7	370-372	ve	
5-8	373-385	reaspirasyon	
5-9	386-394	girişimi	
5-10	395-398	ile	
5-11	399-405	tedavi	
5-12	406-416	edilmiştir	
5-13	416-417	.	

#Text=Halen oral albendazol tedavisi ile izlenen hastanın bulguları izlemde düzelmiştir.
6-1	418-423	Halen	
6-2	424-428	oral	
6-3	429-439	albendazol	
6-4	440-448	tedavisi	
6-5	449-452	ile	
6-6	453-460	izlenen	
6-7	461-469	hastanın	
6-8	470-479	bulguları	
6-9	480-487	izlemde	
6-10	488-499	düzelmiştir	
6-11	499-500	.	

#Text=GİRİŞ
7-1	501-506	GİRİŞ	

#Text=Kist hidatik hastalığı Echinococcus granulosus larvalarının neden olduğu endemik bir parazitozdur.
8-1	507-511	Kist	
8-2	512-519	hidatik	
8-3	520-529	hastalığı	
8-4	530-542	Echinococcus	
8-5	543-553	granulosus	
8-6	554-566	larvalarının	
8-7	567-572	neden	
8-8	573-579	olduğu	
8-9	580-587	endemik	
8-10	588-591	bir	
8-11	592-604	parazitozdur	
8-12	604-605	.	

#Text=Yaşam döngüsünde insan tesadüfi bir ara konaktır ve karaciğer ve akciğer ana tutulum bölgeleridir.
9-1	606-611	Yaşam	
9-2	612-622	döngüsünde	
9-3	623-628	insan	
9-4	629-637	tesadüfi	
9-5	638-641	bir	
9-6	642-645	ara	
9-7	646-654	konaktır	
9-8	655-657	ve	
9-9	658-667	karaciğer	
9-10	668-670	ve	
9-11	671-678	akciğer	
9-12	679-682	ana	
9-13	683-690	tutulum	
9-14	691-703	bölgeleridir	
9-15	703-704	.	

#Text=Böbreklerde kist hidatik olguların sadece %2-3’ünde görülmesine karşın iyi tanımlanmıştır ve literatürde birçok çalışma mevcuttur.
10-1	705-716	Böbreklerde	
10-2	717-721	kist	
10-3	722-729	hidatik	
10-4	730-739	olguların	
10-5	740-746	sadece	
10-6	747-748	%	
10-7	748-749	2	
10-8	749-750	-	
10-9	750-751	3	
10-10	751-752	’	
10-11	752-756	ünde	
10-12	757-768	görülmesine	
10-13	769-775	karşın	
10-14	776-779	iyi	
10-15	780-794	tanımlanmıştır	
10-16	795-797	ve	
10-17	798-809	literatürde	
10-18	810-816	birçok	
10-19	817-824	çalışma	
10-20	825-834	mevcuttur	
10-21	834-835	.	

#Text=Bununla birlikte doğrudan invazyon olmaksızın başka organlardaki hastalığa ikincil böbrek hasarı ise oldukça nadirdir.
11-1	836-843	Bununla	
11-2	844-852	birlikte	
11-3	853-861	doğrudan	
11-4	862-870	invazyon	
11-5	871-881	olmaksızın	
11-6	882-887	başka	
11-7	888-900	organlardaki	
11-8	901-910	hastalığa	
11-9	911-918	ikincil	
11-10	919-925	böbrek	
11-11	926-932	hasarı	
11-12	933-936	ise	
11-13	937-944	oldukça	
11-14	945-953	nadirdir	
11-15	953-954	.	

#Text=Karaciğer kist hidatiği sonrası gelişen böbrek tutulumları glomerüler düzeyde olup tubulointerstisyel tutulum çok daha azdır.
12-1	955-964	Karaciğer	
12-2	965-969	kist	
12-3	970-978	hidatiği	
12-4	979-986	sonrası	
12-5	987-994	gelişen	
12-6	995-1001	böbrek	
12-7	1002-1013	tutulumları	
12-8	1014-1024	glomerüler	
12-9	1025-1032	düzeyde	
12-10	1033-1037	olup	
12-11	1038-1056	tubulointerstisyel	
12-12	1057-1064	tutulum	
12-13	1065-1068	çok	
12-14	1069-1073	daha	
12-15	1074-1079	azdır	
12-16	1079-1080	.	

#Text=Bu çalışmada, karaciğer hidatik kistine bağlı tübülointerstisyel nefrit ve akut böbrek hasarı gelişen bir kız hasta sunulmuştur.
13-1	1081-1083	Bu	
13-2	1084-1093	çalışmada	
13-3	1093-1094	,	
13-4	1095-1104	karaciğer	
13-5	1105-1112	hidatik	
13-6	1113-1120	kistine	
13-7	1121-1126	bağlı	
13-8	1127-1145	tübülointerstisyel	
13-9	1146-1152	nefrit	
13-10	1153-1155	ve	
13-11	1156-1160	akut	
13-12	1161-1167	böbrek	
13-13	1168-1174	hasarı	
13-14	1175-1182	gelişen	
13-15	1183-1186	bir	
13-16	1187-1190	kız	
13-17	1191-1196	hasta	
13-18	1197-1208	sunulmuştur	
13-19	1208-1209	.	

#Text=İÇERİK
14-1	1210-1216	İÇERİK	

#Text=Sağ üst kadranda yayılım göstermeyen karın ağrısı, bulantı, kusma ve son 3 ayda 6 kg kilo kaybına neden olan iştahsızlık yakınmaları olan 17 yaşındaki kız hastanın başka bir merkezde yapılan ilk tetkiklerinde kan üre azotu 39 mg/dL ve serum kreatinin düzeyi 4,56 mg/dL olarak saptanmış.
15-1	1217-1220	Sağ	
15-2	1221-1224	üst	
15-3	1225-1233	kadranda	
15-4	1234-1241	yayılım	
15-5	1242-1253	göstermeyen	
15-6	1254-1259	karın	
15-7	1260-1266	ağrısı	
15-8	1266-1267	,	
15-9	1268-1275	bulantı	
15-10	1275-1276	,	
15-11	1277-1282	kusma	
15-12	1283-1285	ve	
15-13	1286-1289	son	
15-14	1290-1291	3	
15-15	1292-1296	ayda	
15-16	1297-1298	6	
15-17	1299-1301	kg	
15-18	1302-1306	kilo	
15-19	1307-1314	kaybına	
15-20	1315-1320	neden	
15-21	1321-1325	olan	
15-22	1326-1337	iştahsızlık	
15-23	1338-1349	yakınmaları	
15-24	1350-1354	olan	
15-25	1355-1357	17	
15-26	1358-1367	yaşındaki	
15-27	1368-1371	kız	
15-28	1372-1380	hastanın	
15-29	1381-1386	başka	
15-30	1387-1390	bir	
15-31	1391-1399	merkezde	
15-32	1400-1407	yapılan	
15-33	1408-1411	ilk	
15-34	1412-1425	tetkiklerinde	
15-35	1426-1429	kan	
15-36	1430-1433	üre	
15-37	1434-1439	azotu	
15-38	1440-1442	39	
15-39	1443-1445	mg	
15-40	1445-1446	/	
15-41	1446-1448	dL	
15-42	1449-1451	ve	
15-43	1452-1457	serum	
15-44	1458-1467	kreatinin	
15-45	1468-1474	düzeyi	
15-46	1475-1479	4,56	
15-47	1480-1482	mg	
15-48	1482-1483	/	
15-49	1483-1485	dL	
15-50	1486-1492	olarak	
15-51	1493-1502	saptanmış	
15-52	1502-1503	.	

#Text=Karaciğer fonksiyon testleri ve elektrolit değerleri normal sınırlarda bulunan hastanın batın ultrasonografisinde (US) karaciğerin sol lobunu kaplayan içeriği sıvı dansitesindeki dev lezyon kist hidatik ile uyumlu bulunmuş.
16-1	1504-1513	Karaciğer	
16-2	1514-1523	fonksiyon	
16-3	1524-1532	testleri	
16-4	1533-1535	ve	
16-5	1536-1546	elektrolit	
16-6	1547-1556	değerleri	
16-7	1557-1563	normal	
16-8	1564-1574	sınırlarda	
16-9	1575-1582	bulunan	
16-10	1583-1591	hastanın	
16-11	1592-1597	batın	
16-12	1598-1617	ultrasonografisinde	
16-13	1618-1619	(	
16-14	1619-1621	US	
16-15	1621-1622	)	
16-16	1623-1634	karaciğerin	
16-17	1635-1638	sol	
16-18	1639-1645	lobunu	
16-19	1646-1654	kaplayan	
16-20	1655-1662	içeriği	
16-21	1663-1667	sıvı	
16-22	1668-1682	dansitesindeki	
16-23	1683-1686	dev	
16-24	1687-1693	lezyon	
16-25	1694-1698	kist	
16-26	1699-1706	hidatik	
16-27	1707-1710	ile	
16-28	1711-1717	uyumlu	
16-29	1718-1726	bulunmuş	
16-30	1726-1727	.	

#Text=Böbrekler, dalak ve pankreas gibi diğer organlar normal olarak değerlendirilmiş.
17-1	1728-1737	Böbrekler	
17-2	1737-1738	,	
17-3	1739-1744	dalak	
17-4	1745-1747	ve	
17-5	1748-1756	pankreas	
17-6	1757-1761	gibi	
17-7	1762-1767	diğer	
17-8	1768-1776	organlar	
17-9	1777-1783	normal	
17-10	1784-1790	olarak	
17-11	1791-1807	değerlendirilmiş	
17-12	1807-1808	.	

#Text=Hidatik kist tanısı, pozitif Ekinokok pasif hemaglutinasyon testi ile onaylanmış.
18-1	1809-1816	Hidatik	
18-2	1817-1821	kist	
18-3	1822-1828	tanısı	
18-4	1828-1829	,	
18-5	1830-1837	pozitif	
18-6	1838-1846	Ekinokok	
18-7	1847-1852	pasif	
18-8	1853-1868	hemaglutinasyon	
18-9	1869-1874	testi	
18-10	1875-1878	ile	
18-11	1879-1889	onaylanmış	
18-12	1889-1890	.	

#Text=Hastaya Albendazol tedavisi başlanmış ve Girişimsel Radyolojide PAIR (perkütan aspirasyon injeksiyon reaspirasyon) tekniği ile kiste müdahale yapılmış.
19-1	1891-1898	Hastaya	
19-2	1899-1909	Albendazol	
19-3	1910-1918	tedavisi	
19-4	1919-1928	başlanmış	
19-5	1929-1931	ve	
19-6	1932-1942	Girişimsel	
19-7	1943-1954	Radyolojide	
19-8	1955-1959	PAIR	
19-9	1960-1961	(	
19-10	1961-1969	perkütan	
19-11	1970-1980	aspirasyon	
19-12	1981-1991	injeksiyon	
19-13	1992-2004	reaspirasyon	
19-14	2004-2005	)	
19-15	2006-2013	tekniği	
19-16	2014-2017	ile	
19-17	2018-2023	kiste	
19-18	2024-2032	müdahale	
19-19	2033-2041	yapılmış	
19-20	2041-2042	.	

#Text=Transfüzyon gerektiren kanama gelişmekle birlikte başarılı bir PAIR uygulamasından sonra hasta mevcut böbrek yetersizliğinin araştırılması ve izlemi amaçlı kliniğimize yönlendirildi.
20-1	2043-2054	Transfüzyon	
20-2	2055-2065	gerektiren	
20-3	2066-2072	kanama	
20-4	2073-2083	gelişmekle	
20-5	2084-2092	birlikte	
20-6	2093-2101	başarılı	
20-7	2102-2105	bir	
20-8	2106-2110	PAIR	
20-9	2111-2125	uygulamasından	
20-10	2126-2131	sonra	
20-11	2132-2137	hasta	
20-12	2138-2144	mevcut	
20-13	2145-2151	böbrek	
20-14	2152-2167	yetersizliğinin	
20-15	2168-2181	araştırılması	
20-16	2182-2184	ve	
20-17	2185-2191	izlemi	
20-18	2192-2198	amaçlı	
20-19	2199-2210	kliniğimize	
20-20	2211-2224	yönlendirildi	
20-21	2224-2225	.	

#Text=Hasta kliniğimize başvurusunda oldukça halsiz ve soluk görünümdeydi.
21-1	2226-2231	Hasta	
21-2	2232-2243	kliniğimize	
21-3	2244-2256	başvurusunda	
21-4	2257-2264	oldukça	
21-5	2265-2271	halsiz	
21-6	2272-2274	ve	
21-7	2275-2280	soluk	
21-8	2281-2293	görünümdeydi	
21-9	2293-2294	.	

#Text=Kalp hızı 110/dakika, kan basıncı 120/70 mm/Hg idi.
22-1	2295-2299	Kalp	
22-2	2300-2304	hızı	
22-3	2305-2308	110	
22-4	2308-2309	/	
22-5	2309-2315	dakika	
22-6	2315-2316	,	
22-7	2317-2320	kan	
22-8	2321-2328	basıncı	
22-9	2329-2332	120	
22-10	2332-2333	/	
22-11	2333-2335	70	
22-12	2336-2338	mm	
22-13	2338-2339	/	
22-14	2339-2341	Hg	
22-15	2342-2345	idi	
22-16	2345-2346	.	

#Text=Fizik muayenede karın sağ üst kadranda girişim alanında ve kostovertebral açıda hassasiyet mevcuttu.
23-1	2347-2352	Fizik	
23-2	2353-2362	muayenede	
23-3	2363-2368	karın	
23-4	2369-2372	sağ	
23-5	2373-2376	üst	
23-6	2377-2385	kadranda	
23-7	2386-2393	girişim	
23-8	2394-2402	alanında	
23-9	2403-2405	ve	
23-10	2406-2420	kostovertebral	
23-11	2421-2426	açıda	
23-12	2427-2437	hassasiyet	
23-13	2438-2446	mevcuttu	
23-14	2446-2447	.	

#Text=İlk tetkiklerinde serum kreatinin 3,8 mg/dL, CRP 18 mg/dL (normal <0,8) bulundu.
24-1	2448-2451	İlk	
24-2	2452-2465	tetkiklerinde	
24-3	2466-2471	serum	
24-4	2472-2481	kreatinin	
24-5	2482-2485	3,8	
24-6	2486-2488	mg	
24-7	2488-2489	/	
24-8	2489-2491	dL	
24-9	2491-2492	,	
24-10	2493-2496	CRP	
24-11	2497-2499	18	
24-12	2500-2502	mg	
24-13	2502-2503	/	
24-14	2503-2505	dL	
24-15	2506-2507	(	
24-16	2507-2513	normal	
24-17	2514-2515	<	
24-18	2515-2518	0,8	
24-19	2518-2519	)	
24-20	2520-2527	bulundu	
24-21	2527-2528	.	

#Text=Nonhemolitik anemisi (hb: 8,6 gr/dL) olan hastanın periferik yaymasında %64 nötrofil, %32 lökosit saptanırken eozinofil oranlarının normal sınırlarda olduğu gözlendi.
25-1	2529-2541	Nonhemolitik	
25-2	2542-2549	anemisi	
25-3	2550-2551	(	
25-4	2551-2553	hb	
25-5	2553-2554	:	
25-6	2555-2558	8,6	
25-7	2559-2561	gr	
25-8	2561-2562	/	
25-9	2562-2564	dL	
25-10	2564-2565	)	
25-11	2566-2570	olan	
25-12	2571-2579	hastanın	
25-13	2580-2589	periferik	
25-14	2590-2600	yaymasında	
25-15	2601-2602	%	
25-16	2602-2604	64	
25-17	2605-2613	nötrofil	
25-18	2613-2614	,	
25-19	2615-2616	%	
25-20	2616-2618	32	
25-21	2619-2626	lökosit	
25-22	2627-2638	saptanırken	
25-23	2639-2648	eozinofil	
25-24	2649-2660	oranlarının	
25-25	2661-2667	normal	
25-26	2668-2678	sınırlarda	
25-27	2679-2685	olduğu	
25-28	2686-2694	gözlendi	
25-29	2694-2695	.	

#Text=Hastanın kan gazı değerleri normaldi.
26-1	2696-2704	Hastanın	
26-2	2705-2708	kan	
26-3	2709-2713	gazı	
26-4	2714-2723	değerleri	
26-5	2724-2732	normaldi	
26-6	2732-2733	.	

#Text=İdrarda daldırma çubuğu ile dansite 1008, pH: 6, protein: 2+ ve glukoz: 2+ bulundu.
27-1	2734-2741	İdrarda	
27-2	2742-2750	daldırma	
27-3	2751-2757	çubuğu	
27-4	2758-2761	ile	
27-5	2762-2769	dansite	
27-6	2770-2774	1008	
27-7	2774-2775	,	
27-8	2776-2778	pH	
27-9	2778-2779	:	
27-10	2780-2781	6	
27-11	2781-2782	,	
27-12	2783-2790	protein	
27-13	2790-2791	:	
27-14	2792-2793	2	
27-15	2793-2794	+	
27-16	2795-2797	ve	
27-17	2798-2804	glukoz	
27-18	2804-2805	:	
27-19	2806-2807	2	
27-20	2807-2808	+	
27-21	2809-2816	bulundu	
27-22	2816-2817	.	

#Text=İdrar mikroskopisinde her 40’lık büyütme alanında 130 lökosit ve nadir lökosit kümeleri gözlendi.
28-1	2818-2823	İdrar	
28-2	2824-2839	mikroskopisinde	
28-3	2840-2843	her	
28-4	2844-2846	40	
28-5	2846-2847	’	
28-6	2847-2850	lık	
28-7	2851-2858	büyütme	
28-8	2859-2867	alanında	
28-9	2868-2871	130	
28-10	2872-2879	lökosit	
28-11	2880-2882	ve	
28-12	2883-2888	nadir	
28-13	2889-2896	lökosit	
28-14	2897-2905	kümeleri	
28-15	2906-2914	gözlendi	
28-16	2914-2915	.	

#Text=Rastgele idrar örneğinde nonnefrotik düzeyde proteinüri (0,9 mg/mg kreatinin) ile birlikte mikroalbüminüri (0,9 g/L) ve artmış beta-2 mikroglobulin (2,9 mg/L; normal 0,8-2,2) düzeyleri saptandı (Tablo 1).
29-1	2916-2924	Rastgele	
29-2	2925-2930	idrar	
29-3	2931-2940	örneğinde	
29-4	2941-2952	nonnefrotik	
29-5	2953-2960	düzeyde	
29-6	2961-2971	proteinüri	
29-7	2972-2973	(	
29-8	2973-2976	0,9	
29-9	2977-2979	mg	
29-10	2979-2980	/	
29-11	2980-2982	mg	
29-12	2983-2992	kreatinin	
29-13	2992-2993	)	
29-14	2994-2997	ile	
29-15	2998-3006	birlikte	
29-16	3007-3022	mikroalbüminüri	
29-17	3023-3024	(	
29-18	3024-3027	0,9	
29-19	3028-3029	g	
29-20	3029-3030	/	
29-21	3030-3031	L	
29-22	3031-3032	)	
29-23	3033-3035	ve	
29-24	3036-3042	artmış	
29-25	3043-3047	beta	
29-26	3047-3048	-	
29-27	3048-3049	2	
29-28	3050-3063	mikroglobulin	
29-29	3064-3065	(	
29-30	3065-3068	2,9	
29-31	3069-3071	mg	
29-32	3071-3072	/	
29-33	3072-3073	L	
29-34	3073-3074	;	
29-35	3075-3081	normal	
29-36	3082-3085	0,8	
29-37	3085-3086	-	
29-38	3086-3089	2,2	
29-39	3089-3090	)	
29-40	3091-3100	düzeyleri	
29-41	3101-3109	saptandı	
29-42	3110-3111	(	
29-43	3111-3116	Tablo	
29-44	3117-3118	1	
29-45	3118-3119	)	
29-46	3119-3120	.	

#Text=İzlemde hastanın idrar miktarı 3400 cc/gün ile artmış olarak değerlendirildi.
30-1	3121-3128	İzlemde	
30-2	3129-3137	hastanın	
30-3	3138-3143	idrar	
30-4	3144-3151	miktarı	
30-5	3152-3156	3400	
30-6	3157-3159	cc	
30-7	3159-3160	/	
30-8	3160-3163	gün	
30-9	3164-3167	ile	
30-10	3168-3174	artmış	
30-11	3175-3181	olarak	
30-12	3182-3197	değerlendirildi	
30-13	3197-3198	.	

#Text=İdrar ve kan kültürleri normaldi.
31-1	3199-3204	İdrar	
31-2	3205-3207	ve	
31-3	3208-3211	kan	
31-4	3212-3222	kültürleri	
31-5	3223-3231	normaldi	
31-6	3231-3232	.	

#Text=Göz muayenesinde patoloji saptanmadı.
32-1	3233-3236	Göz	
32-2	3237-3249	muayenesinde	
32-3	3250-3258	patoloji	
32-4	3259-3269	saptanmadı	
32-5	3269-3270	.	

#Text=Ultrasonografik incelemede böbrek boyutları yaşına göre üst sınırda ve hafif ekojenite artışı vardı.
33-1	3271-3286	Ultrasonografik	
33-2	3287-3297	incelemede	
33-3	3298-3304	böbrek	
33-4	3305-3314	boyutları	
33-5	3315-3321	yaşına	
33-6	3322-3326	göre	
33-7	3327-3330	üst	
33-8	3331-3338	sınırda	
33-9	3339-3341	ve	
33-10	3342-3347	hafif	
33-11	3348-3357	ekojenite	
33-12	3358-3364	artışı	
33-13	3365-3370	vardı	
33-14	3370-3371	.	

#Text=Toplayıcı sistemleri normal değerlendirilen her iki böbrekte kist görünümü yoktu.
34-1	3372-3381	Toplayıcı	
34-2	3382-3392	sistemleri	
34-3	3393-3399	normal	
34-4	3400-3415	değerlendirilen	
34-5	3416-3419	her	
34-6	3420-3423	iki	
34-7	3424-3432	böbrekte	
34-8	3433-3437	kist	
34-9	3438-3446	görünümü	
34-10	3447-3452	yoktu	
34-11	3452-3453	.	

#Text=Başarılı PAIR uygulaması sonrası yapılan kontrastsız BT görüntülemede kistin sıvı içeriğinin kaybolduğu, semisolid heterojen bir görünüm oluştuğu ve kist duvarının kalınlaştığı gözlendi (Resim 2).
35-1	3454-3462	Başarılı	
35-2	3463-3467	PAIR	
35-3	3468-3478	uygulaması	
35-4	3479-3486	sonrası	
35-5	3487-3494	yapılan	
35-6	3495-3506	kontrastsız	
35-7	3507-3509	BT	
35-8	3510-3523	görüntülemede	
35-9	3524-3530	kistin	
35-10	3531-3535	sıvı	
35-11	3536-3546	içeriğinin	
35-12	3547-3557	kaybolduğu	
35-13	3557-3558	,	
35-14	3559-3568	semisolid	
35-15	3569-3578	heterojen	
35-16	3579-3582	bir	
35-17	3583-3590	görünüm	
35-18	3591-3599	oluştuğu	
35-19	3600-3602	ve	
35-20	3603-3607	kist	
35-21	3608-3617	duvarının	
35-22	3618-3630	kalınlaştığı	
35-23	3631-3639	gözlendi	
35-24	3640-3641	(	
35-25	3641-3646	Resim	
35-26	3647-3648	2	
35-27	3648-3649	)	
35-28	3649-3650	.	

#Text=Serolojjk çalışmalar ile C3 ve C4 düzeylerinin, antinükleer antikor (ANA), antinötrofil sitoplazmik antikorlar (ANCA) ve ekstrakte edilebilir antijen test panelinin normal olduğu saptandı.
36-1	3651-3660	Serolojjk	
36-2	3661-3671	çalışmalar	
36-3	3672-3675	ile	
36-4	3676-3678	C3	
36-5	3679-3681	ve	
36-6	3682-3684	C4	
36-7	3685-3697	düzeylerinin	
36-8	3697-3698	,	
36-9	3699-3710	antinükleer	
36-10	3711-3718	antikor	
36-11	3719-3720	(	
36-12	3720-3723	ANA	
36-13	3723-3724	)	
36-14	3724-3725	,	
36-15	3726-3738	antinötrofil	
36-16	3739-3750	sitoplazmik	
36-17	3751-3761	antikorlar	
36-18	3762-3763	(	
36-19	3763-3767	ANCA	
36-20	3767-3768	)	
36-21	3769-3771	ve	
36-22	3772-3781	ekstrakte	
36-23	3782-3792	edilebilir	
36-24	3793-3800	antijen	
36-25	3801-3805	test	
36-26	3806-3815	panelinin	
36-27	3816-3822	normal	
36-28	3823-3829	olduğu	
36-29	3830-3838	saptandı	
36-30	3838-3839	.	

#Text=Ayrıca Mycoplasma pneumoniae, klamidya, hepatiti B ve C, Toxoplasma gondii, sitomegalovirus (CMV), ve Epstein Barr virus (EBV) ait testler de negatif olarak sonuçlandı.
37-1	3840-3846	Ayrıca	
37-2	3847-3857	Mycoplasma	
37-3	3858-3868	pneumoniae	
37-4	3868-3869	,	
37-5	3870-3878	klamidya	
37-6	3878-3879	,	
37-7	3880-3888	hepatiti	
37-8	3889-3890	B	
37-9	3891-3893	ve	
37-10	3894-3895	C	
37-11	3895-3896	,	
37-12	3897-3907	Toxoplasma	
37-13	3908-3914	gondii	
37-14	3914-3915	,	
37-15	3916-3931	sitomegalovirus	
37-16	3932-3933	(	
37-17	3933-3936	CMV	
37-18	3936-3937	)	
37-19	3937-3938	,	
37-20	3939-3941	ve	
37-21	3942-3949	Epstein	
37-22	3950-3954	Barr	
37-23	3955-3960	virus	
37-24	3961-3962	(	
37-25	3962-3965	EBV	
37-26	3965-3966	)	
37-27	3967-3970	ait	
37-28	3971-3978	testler	
37-29	3979-3981	de	
37-30	3982-3989	negatif	
37-31	3990-3996	olarak	
37-32	3997-4007	sonuçlandı	
37-33	4007-4008	.	

#Text=Hasta ve ailesinin kanama gelişen invaziv PAIR girişimi sonrası böbrek biyopsisi için isteksiz davranması ve izlemde böbrek işlevlerinin kendiliğinden düzelme eğilimi göstermesi nedeni ile böbrek biyopsisi yapılmasına gerek olmadığı düşünüldü.
38-1	4009-4014	Hasta	
38-2	4015-4017	ve	
38-3	4018-4027	ailesinin	
38-4	4028-4034	kanama	
38-5	4035-4042	gelişen	
38-6	4043-4050	invaziv	
38-7	4051-4055	PAIR	
38-8	4056-4064	girişimi	
38-9	4065-4072	sonrası	
38-10	4073-4079	böbrek	
38-11	4080-4089	biyopsisi	
38-12	4090-4094	için	
38-13	4095-4103	isteksiz	
38-14	4104-4114	davranması	
38-15	4115-4117	ve	
38-16	4118-4125	izlemde	
38-17	4126-4132	böbrek	
38-18	4133-4145	işlevlerinin	
38-19	4146-4159	kendiliğinden	
38-20	4160-4167	düzelme	
38-21	4168-4175	eğilimi	
38-22	4176-4186	göstermesi	
38-23	4187-4193	nedeni	
38-24	4194-4197	ile	
38-25	4198-4204	böbrek	
38-26	4205-4214	biyopsisi	
38-27	4215-4226	yapılmasına	
38-28	4227-4232	gerek	
38-29	4233-4241	olmadığı	
38-30	4242-4251	düşünüldü	
38-31	4251-4252	.	

#Text=(İçerik Çıkarıldı.)
39-1	4253-4254	(	
39-2	4254-4260	İçerik	
39-3	4261-4270	Çıkarıldı	
39-4	4270-4271	.	
39-5	4271-4272	)	

#Text=Taburcu edildikten iki ay sonra böbrek işlevlerinde tam düzelme olduğu ve tekrarlama olmadığı görüldü.
40-1	4273-4280	Taburcu	
40-2	4281-4291	edildikten	
40-3	4292-4295	iki	
40-4	4296-4298	ay	
40-5	4299-4304	sonra	
40-6	4305-4311	böbrek	
40-7	4312-4324	işlevlerinde	
40-8	4325-4328	tam	
40-9	4329-4336	düzelme	
40-10	4337-4343	olduğu	
40-11	4344-4346	ve	
40-12	4347-4357	tekrarlama	
40-13	4358-4366	olmadığı	
40-14	4367-4374	görüldü	
40-15	4374-4375	.	

#Text=Hastamızın klinik ve laboratuvar bulguları böbrek hasarının tübüler düzeyde olduğunu işaret ediyordu.
41-1	4376-4386	Hastamızın	
41-2	4387-4393	klinik	
41-3	4394-4396	ve	
41-4	4397-4408	laboratuvar	
41-5	4409-4418	bulguları	
41-6	4419-4425	böbrek	
41-7	4426-4435	hasarının	
41-8	4436-4443	tübüler	
41-9	4444-4451	düzeyde	
41-10	4452-4460	olduğunu	
41-11	4461-4467	işaret	
41-12	4468-4476	ediyordu	
41-13	4476-4477	.	

#Text=İdrar tetkiklerinde saptanan poliüri, glikozüri, düşük idrar dansitesi ve artmış idrar beta-2 mikroglobulin düzeyleri tübüler hasarın kanıtı olarak değerlendirildi.
42-1	4478-4483	İdrar	
42-2	4484-4497	tetkiklerinde	
42-3	4498-4506	saptanan	
42-4	4507-4514	poliüri	
42-5	4514-4515	,	
42-6	4516-4525	glikozüri	
42-7	4525-4526	,	
42-8	4527-4532	düşük	
42-9	4533-4538	idrar	
42-10	4539-4548	dansitesi	
42-11	4549-4551	ve	
42-12	4552-4558	artmış	
42-13	4559-4564	idrar	
42-14	4565-4569	beta	
42-15	4569-4570	-	
42-16	4570-4571	2	
42-17	4572-4585	mikroglobulin	
42-18	4586-4595	düzeyleri	
42-19	4596-4603	tübüler	
42-20	4604-4611	hasarın	
42-21	4612-4618	kanıtı	
42-22	4619-4625	olarak	
42-23	4626-4641	değerlendirildi	
42-24	4641-4642	.	

#Text=Daha önce bilinen bir böbrek hastalığı olmayan, gelişimi normal hastamızda US’de kortikomedüller ayırımın korunması, böbrek boyutlarındaki artış ile birlikte hafif ekojenite artışı saptanması böbrek yetersizliğinin akut bir süreçte geliştiğini işaret etmekteydi.
43-1	4643-4647	Daha	
43-2	4648-4652	önce	
43-3	4653-4660	bilinen	
43-4	4661-4664	bir	
43-5	4665-4671	böbrek	
43-6	4672-4681	hastalığı	
43-7	4682-4689	olmayan	
43-8	4689-4690	,	
43-9	4691-4699	gelişimi	
43-10	4700-4706	normal	
43-11	4707-4717	hastamızda	
43-12	4718-4720	US	
43-13	4720-4721	’	
43-14	4721-4723	de	
43-15	4724-4739	kortikomedüller	
43-16	4740-4748	ayırımın	
43-17	4749-4758	korunması	
43-18	4758-4759	,	
43-19	4760-4766	böbrek	
43-20	4767-4781	boyutlarındaki	
43-21	4782-4787	artış	
43-22	4788-4791	ile	
43-23	4792-4800	birlikte	
43-24	4801-4806	hafif	
43-25	4807-4816	ekojenite	
43-26	4817-4823	artışı	
43-27	4824-4834	saptanması	
43-28	4835-4841	böbrek	
43-29	4842-4857	yetersizliğinin	
43-30	4858-4862	akut	
43-31	4863-4866	bir	
43-32	4867-4874	süreçte	
43-33	4875-4886	geliştiğini	
43-34	4887-4893	işaret	
43-35	4894-4904	etmekteydi	
43-36	4904-4905	.	

#Text=Tübülointerstisyel nefrit (TİN), çocuklarda akut böbrek hasarının önemli bir nedenidir.
44-1	4906-4924	Tübülointerstisyel	
44-2	4925-4931	nefrit	
44-3	4932-4933	(	
44-4	4933-4936	TİN	
44-5	4936-4937	)	
44-6	4937-4938	,	
44-7	4939-4949	çocuklarda	
44-8	4950-4954	akut	
44-9	4955-4961	böbrek	
44-10	4962-4971	hasarının	
44-11	4972-4978	önemli	
44-12	4979-4982	bir	
44-13	4983-4992	nedenidir	
44-14	4992-4993	.	

#Text=İlaçlar ve enfektif ajanlar başta olmak üzere otoimmun hastalıklar, sistemik hastalıklar ve Tübülointerstisyel nefrit ve uveit (TİNU) sendromu çocukluk çağında TİN gelişiminde rol oynar.
45-1	4994-5001	İlaçlar	
45-2	5002-5004	ve	
45-3	5005-5013	enfektif	
45-4	5014-5021	ajanlar	
45-5	5022-5027	başta	
45-6	5028-5033	olmak	
45-7	5034-5039	üzere	
45-8	5040-5048	otoimmun	
45-9	5049-5060	hastalıklar	
45-10	5060-5061	,	
45-11	5062-5070	sistemik	
45-12	5071-5082	hastalıklar	
45-13	5083-5085	ve	
45-14	5086-5104	Tübülointerstisyel	
45-15	5105-5111	nefrit	
45-16	5112-5114	ve	
45-17	5115-5120	uveit	
45-18	5121-5122	(	
45-19	5122-5126	TİNU	
45-20	5126-5127	)	
45-21	5128-5136	sendromu	
45-22	5137-5145	çocukluk	
45-23	5146-5153	çağında	
45-24	5154-5157	TİN	
45-25	5158-5169	gelişiminde	
45-26	5170-5173	rol	
45-27	5174-5179	oynar	
45-28	5179-5180	.	

#Text=Hastamızda TİN etyolojisini araştırıldığında kist hidatik hastalığı dışında herhangi ilaç kullanımı, akut veya kronik sistemik hastalığa ait bir bulgu elde edemedik.
46-1	5181-5191	Hastamızda	
46-2	5192-5195	TİN	
46-3	5196-5208	etyolojisini	
46-4	5209-5225	araştırıldığında	
46-5	5226-5230	kist	
46-6	5231-5238	hidatik	
46-7	5239-5248	hastalığı	
46-8	5249-5256	dışında	
46-9	5257-5265	herhangi	
46-10	5266-5270	ilaç	
46-11	5271-5280	kullanımı	
46-12	5280-5281	,	
46-13	5282-5286	akut	
46-14	5287-5291	veya	
46-15	5292-5298	kronik	
46-16	5299-5307	sistemik	
46-17	5308-5317	hastalığa	
46-18	5318-5321	ait	
46-19	5322-5325	bir	
46-20	5326-5331	bulgu	
46-21	5332-5336	elde	
46-22	5337-5345	edemedik	
46-23	5345-5346	.	

#Text=Böylece hastamızda gelişen TİN’e bağlı akut böbrek hasarını karaciğer kist hidatik hastalığına bağlı ikincil böbrek hasarı olarak yorumladık.
47-1	5347-5354	Böylece	
47-2	5355-5365	hastamızda	
47-3	5366-5373	gelişen	
47-4	5374-5377	TİN	
47-5	5377-5378	’	
47-6	5378-5379	e	
47-7	5380-5385	bağlı	
47-8	5386-5390	akut	
47-9	5391-5397	böbrek	
47-10	5398-5406	hasarını	
47-11	5407-5416	karaciğer	
47-12	5417-5421	kist	
47-13	5422-5429	hidatik	
47-14	5430-5441	hastalığına	
47-15	5442-5447	bağlı	
47-16	5448-5455	ikincil	
47-17	5456-5462	böbrek	
47-18	5463-5469	hasarı	
47-19	5470-5476	olarak	
47-20	5477-5487	yorumladık	
47-21	5487-5488	.	

#Text=Karaciğer kist hidatiğine yönelik yapılan tıbbi ve girişimsel tedavi sonrası izlem sürecinde serum kreatinin düzeylerinde kendiliğinden gerileme olması tanımızı desteklemekte idi.
48-1	5489-5498	Karaciğer	
48-2	5499-5503	kist	
48-3	5504-5514	hidatiğine	
48-4	5515-5522	yönelik	
48-5	5523-5530	yapılan	
48-6	5531-5536	tıbbi	
48-7	5537-5539	ve	
48-8	5540-5550	girişimsel	
48-9	5551-5557	tedavi	
48-10	5558-5565	sonrası	
48-11	5566-5571	izlem	
48-12	5572-5581	sürecinde	
48-13	5582-5587	serum	
48-14	5588-5597	kreatinin	
48-15	5598-5610	düzeylerinde	
48-16	5611-5624	kendiliğinden	
48-17	5625-5633	gerileme	
48-18	5634-5640	olması	
48-19	5641-5649	tanımızı	
48-20	5650-5663	desteklemekte	
48-21	5664-5667	idi	
48-22	5667-5668	.	

#Text=Hidatik kistler, insanlarda parankimal dokularda yıllar içerisinde yavaş bir büyüme gösterirler ve sıklıkla belli bir boyuta ulaştıktan sonra komşu organlara yaptıkları basıya bağlı belirtiler verirler.
49-1	5669-5676	Hidatik	
49-2	5677-5684	kistler	
49-3	5684-5685	,	
49-4	5686-5696	insanlarda	
49-5	5697-5707	parankimal	
49-6	5708-5717	dokularda	
49-7	5718-5724	yıllar	
49-8	5725-5735	içerisinde	
49-9	5736-5741	yavaş	
49-10	5742-5745	bir	
49-11	5746-5752	büyüme	
49-12	5753-5764	gösterirler	
49-13	5765-5767	ve	
49-14	5768-5776	sıklıkla	
49-15	5777-5782	belli	
49-16	5783-5786	bir	
49-17	5787-5793	boyuta	
49-18	5794-5804	ulaştıktan	
49-19	5805-5810	sonra	
49-20	5811-5816	komşu	
49-21	5817-5826	organlara	
49-22	5827-5837	yaptıkları	
49-23	5838-5844	basıya	
49-24	5845-5850	bağlı	
49-25	5851-5861	belirtiler	
49-26	5862-5870	verirler	
49-27	5870-5871	.	

#Text=Diğer yandan nadir de olsa doğrudan invazyon olmaksızın enfestasyonun sistemik etkileri veya immun yanıta bağlı olarak ikincil organ hasarına neden olabilirler.
50-1	5872-5877	Diğer	
50-2	5878-5884	yandan	
50-3	5885-5890	nadir	
50-4	5891-5893	de	
50-5	5894-5898	olsa	
50-6	5899-5907	doğrudan	
50-7	5908-5916	invazyon	
50-8	5917-5927	olmaksızın	
50-9	5928-5941	enfestasyonun	
50-10	5942-5950	sistemik	
50-11	5951-5959	etkileri	
50-12	5960-5964	veya	
50-13	5965-5970	immun	
50-14	5971-5977	yanıta	
50-15	5978-5983	bağlı	
50-16	5984-5990	olarak	
50-17	5991-5998	ikincil	
50-18	5999-6004	organ	
50-19	6005-6013	hasarına	
50-20	6014-6019	neden	
50-21	6020-6031	olabilirler	
50-22	6031-6032	.	

#Text=Vialtel ve ark glomerüllerde ekinokok antijen ve antikorlarını saptayarak ikincil böbrek hasarının gelişiminde immunkompleks oluşumunun rolünü göstermişlerdir.
51-1	6033-6040	Vialtel	
51-2	6041-6043	ve	
51-3	6044-6047	ark	
51-4	6048-6061	glomerüllerde	
51-5	6062-6070	ekinokok	
51-6	6071-6078	antijen	
51-7	6079-6081	ve	
51-8	6082-6095	antikorlarını	
51-9	6096-6106	saptayarak	
51-10	6107-6114	ikincil	
51-11	6115-6121	böbrek	
51-12	6122-6131	hasarının	
51-13	6132-6143	gelişiminde	
51-14	6144-6157	immunkompleks	
51-15	6158-6168	oluşumunun	
51-16	6169-6175	rolünü	
51-17	6176-6191	göstermişlerdir	
51-18	6191-6192	.	

#Text=Karaciğer kist hidatik hastalığı sonrası membranöz glomerülopati, mezangioroliferatif glomerülonefrit, minimal lezyon hastalığı ve akut postinfeksiyoz glomerülonefrit gelişen hastalar daha önce bildirilmiştir.
52-1	6193-6202	Karaciğer	
52-2	6203-6207	kist	
52-3	6208-6215	hidatik	
52-4	6216-6225	hastalığı	
52-5	6226-6233	sonrası	
52-6	6234-6243	membranöz	
52-7	6244-6257	glomerülopati	
52-8	6257-6258	,	
52-9	6259-6278	mezangioroliferatif	
52-10	6279-6294	glomerülonefrit	
52-11	6294-6295	,	
52-12	6296-6303	minimal	
52-13	6304-6310	lezyon	
52-14	6311-6320	hastalığı	
52-15	6321-6323	ve	
52-16	6324-6328	akut	
52-17	6329-6343	postinfeksiyoz	
52-18	6344-6359	glomerülonefrit	
52-19	6360-6367	gelişen	
52-20	6368-6376	hastalar	
52-21	6377-6381	daha	
52-22	6382-6386	önce	
52-23	6387-6401	bildirilmiştir	
52-24	6401-6402	.	

#Text=Sürekli ekinokok antijen sunumuna karşı gelişen antikor yanıtı ile glomerül bazal membranda antijen-antikor birikimi gelişebilir.
53-1	6403-6410	Sürekli	
53-2	6411-6419	ekinokok	
53-3	6420-6427	antijen	
53-4	6428-6436	sunumuna	
53-5	6437-6442	karşı	
53-6	6443-6450	gelişen	
53-7	6451-6458	antikor	
53-8	6459-6465	yanıtı	
53-9	6466-6469	ile	
53-10	6470-6478	glomerül	
53-11	6479-6484	bazal	
53-12	6485-6494	membranda	
53-13	6495-6510	antijen-antikor	
53-14	6511-6519	birikimi	
53-15	6520-6531	gelişebilir	
53-16	6531-6532	.	

#Text=Bu süreçte konakçı, monositer fagositoz, doğal öldürücü hücrelerin sunumu ve alternan kompleman aktivasyonu gibi doğal immun mekanizmalar ile paraziti yok etmeye çalışır.
54-1	6533-6535	Bu	
54-2	6536-6543	süreçte	
54-3	6544-6551	konakçı	
54-4	6551-6552	,	
54-5	6553-6562	monositer	
54-6	6563-6572	fagositoz	
54-7	6572-6573	,	
54-8	6574-6579	doğal	
54-9	6580-6588	öldürücü	
54-10	6589-6599	hücrelerin	
54-11	6600-6606	sunumu	
54-12	6607-6609	ve	
54-13	6610-6618	alternan	
54-14	6619-6628	kompleman	
54-15	6629-6640	aktivasyonu	
54-16	6641-6645	gibi	
54-17	6646-6651	doğal	
54-18	6652-6657	immun	
54-19	6658-6670	mekanizmalar	
54-20	6671-6674	ile	
54-21	6675-6683	paraziti	
54-22	6684-6687	yok	
54-23	6688-6694	etmeye	
54-24	6695-6702	çalışır	
54-25	6702-6703	.	

#Text=Hidatik kist ve TİN birlikteliği daha önce çok az sayıda çalışmada tanımlanmıştır.
55-1	6704-6711	Hidatik	
55-2	6712-6716	kist	
55-3	6717-6719	ve	
55-4	6720-6723	TİN	
55-5	6724-6736	birlikteliği	
55-6	6737-6741	daha	
55-7	6742-6746	önce	
55-8	6747-6750	çok	
55-9	6751-6753	az	
55-10	6754-6760	sayıda	
55-11	6761-6770	çalışmada	
55-12	6771-6785	tanımlanmıştır	
55-13	6785-6786	.	

#Text=Nickavar dev renal hidatik kisti olan bir hastada TİN geliştiğini göstermiş ve bu hastaya albendazol ve kortikosteroid başlandığını ancak sonuç olarak nefrektomi uygulandığını bildirmiştir.
56-1	6787-6795	Nickavar	
56-2	6796-6799	dev	
56-3	6800-6805	renal	
56-4	6806-6813	hidatik	
56-5	6814-6819	kisti	
56-6	6820-6824	olan	
56-7	6825-6828	bir	
56-8	6829-6836	hastada	
56-9	6837-6840	TİN	
56-10	6841-6852	geliştiğini	
56-11	6853-6862	göstermiş	
56-12	6863-6865	ve	
56-13	6866-6868	bu	
56-14	6869-6876	hastaya	
56-15	6877-6887	albendazol	
56-16	6888-6890	ve	
56-17	6891-6905	kortikosteroid	
56-18	6906-6918	başlandığını	
56-19	6919-6924	ancak	
56-20	6925-6930	sonuç	
56-21	6931-6937	olarak	
56-22	6938-6948	nefrektomi	
56-23	6949-6962	uygulandığını	
56-24	6963-6975	bildirmiştir	
56-25	6975-6976	.	

#Text=Diğer organlarda Ekinokok saptanan hastalarda ikincil TİN gelişimi ise çok daha az bilinen bir durumdur.
57-1	6977-6982	Diğer	
57-2	6983-6993	organlarda	
57-3	6994-7002	Ekinokok	
57-4	7003-7011	saptanan	
57-5	7012-7022	hastalarda	
57-6	7023-7030	ikincil	
57-7	7031-7034	TİN	
57-8	7035-7043	gelişimi	
57-9	7044-7047	ise	
57-10	7048-7051	çok	
57-11	7052-7056	daha	
57-12	7057-7059	az	
57-13	7060-7067	bilinen	
57-14	7068-7071	bir	
57-15	7072-7080	durumdur	
57-16	7080-7081	.	

#Text=Aziz ve ark dev karaciğer kist hidatiğine bağlı mezangioproliferatif glomerülonefrit ve TİN gelişen bir hasta bildirmişlerdir.
58-1	7082-7086	Aziz	
58-2	7087-7089	ve	
58-3	7090-7093	ark	
58-4	7094-7097	dev	
58-5	7098-7107	karaciğer	
58-6	7108-7112	kist	
58-7	7113-7123	hidatiğine	
58-8	7124-7129	bağlı	
58-9	7130-7150	mezangioproliferatif	
58-10	7151-7166	glomerülonefrit	
58-11	7167-7169	ve	
58-12	7170-7173	TİN	
58-13	7174-7181	gelişen	
58-14	7182-7185	bir	
58-15	7186-7191	hasta	
58-16	7192-7207	bildirmişlerdir	
58-17	7207-7208	.	

#Text=Altay ve ark ise kist rezeksiyonunu takiben iyileşen izole TİN olan bir erişkin kadın hastayı olgu serilerinde tanımlamışlardır.
59-1	7209-7214	Altay	
59-2	7215-7217	ve	
59-3	7218-7221	ark	
59-4	7222-7225	ise	
59-5	7226-7230	kist	
59-6	7231-7244	rezeksiyonunu	
59-7	7245-7252	takiben	
59-8	7253-7261	iyileşen	
59-9	7262-7267	izole	
59-10	7268-7271	TİN	
59-11	7272-7276	olan	
59-12	7277-7280	bir	
59-13	7281-7288	erişkin	
59-14	7289-7294	kadın	
59-15	7295-7302	hastayı	
59-16	7303-7307	olgu	
59-17	7308-7319	serilerinde	
59-18	7320-7336	tanımlamışlardır	
59-19	7336-7337	.	

#Text=Bizim hastamızda da hematüri, nefrotik proteinüri ve hipoalbüminemi gibi glomerüler tutulumu düşündürecek bulgular yoktu.
60-1	7338-7343	Bizim	
60-2	7344-7354	hastamızda	
60-3	7355-7357	da	
60-4	7358-7366	hematüri	
60-5	7366-7367	,	
60-6	7368-7376	nefrotik	
60-7	7377-7387	proteinüri	
60-8	7388-7390	ve	
60-9	7391-7405	hipoalbüminemi	
60-10	7406-7410	gibi	
60-11	7411-7421	glomerüler	
60-12	7422-7430	tutulumu	
60-13	7431-7443	düşündürecek	
60-14	7444-7452	bulgular	
60-15	7453-7458	yoktu	
60-16	7458-7459	.	

#Text=Albendazol tedavisi ile birlikte PAİR girişimi geçiren hastanın mevcut tübülointerstisyel bulguları kısa sürede düzelme eğilimi gösterdiğinden biyopsi yapılmadan hasta izlendi.
61-1	7460-7470	Albendazol	
61-2	7471-7479	tedavisi	
61-3	7480-7483	ile	
61-4	7484-7492	birlikte	
61-5	7493-7497	PAİR	
61-6	7498-7506	girişimi	
61-7	7507-7514	geçiren	
61-8	7515-7523	hastanın	
61-9	7524-7530	mevcut	
61-10	7531-7549	tübülointerstisyel	
61-11	7550-7559	bulguları	
61-12	7560-7564	kısa	
61-13	7565-7571	sürede	
61-14	7572-7579	düzelme	
61-15	7580-7587	eğilimi	
61-16	7588-7602	gösterdiğinden	
61-17	7603-7610	biyopsi	
61-18	7611-7621	yapılmadan	
61-19	7622-7627	hasta	
61-20	7628-7635	izlendi	
61-21	7635-7636	.	

#Text=Bizim hastamızda histopatolojik değişiklikleri tanımlama imkanımız olmadı.
62-1	7637-7642	Bizim	
62-2	7643-7653	hastamızda	
62-3	7654-7668	histopatolojik	
62-4	7669-7683	değişiklikleri	
62-5	7684-7693	tanımlama	
62-6	7694-7703	imkanımız	
62-7	7704-7710	olmadı	
62-8	7710-7711	.	

#Text=Bununla birlikte Altay ve ark izole TİN gelişen hastalarında renal interstisyumun monosit ve lenfositler ile infiltre olduğunu göstermişler ve diğer parazitik enfestasyonlarda da tanımlanan yaygın monosit aktivasyonunun tübüler nekroz gelişiminden sorumlu temel mekanizma olabileceğini düşünmüşlerdir.
63-1	7712-7719	Bununla	
63-2	7720-7728	birlikte	
63-3	7729-7734	Altay	
63-4	7735-7737	ve	
63-5	7738-7741	ark	
63-6	7742-7747	izole	
63-7	7748-7751	TİN	
63-8	7752-7759	gelişen	
63-9	7760-7772	hastalarında	
63-10	7773-7778	renal	
63-11	7779-7793	interstisyumun	
63-12	7794-7801	monosit	
63-13	7802-7804	ve	
63-14	7805-7816	lenfositler	
63-15	7817-7820	ile	
63-16	7821-7829	infiltre	
63-17	7830-7838	olduğunu	
63-18	7839-7851	göstermişler	
63-19	7852-7854	ve	
63-20	7855-7860	diğer	
63-21	7861-7870	parazitik	
63-22	7871-7887	enfestasyonlarda	
63-23	7888-7890	da	
63-24	7891-7901	tanımlanan	
63-25	7902-7908	yaygın	
63-26	7909-7916	monosit	
63-27	7917-7931	aktivasyonunun	
63-28	7932-7939	tübüler	
63-29	7940-7946	nekroz	
63-30	7947-7959	gelişiminden	
63-31	7960-7967	sorumlu	
63-32	7968-7973	temel	
63-33	7974-7983	mekanizma	
63-34	7984-7997	olabileceğini	
63-35	7998-8012	düşünmüşlerdir	
63-36	8012-8013	.	

#Text=Sonuç olarak, başka organlardaki hidatik kistlerin böbreklerde ikincil ve nadir klinik bulgulara yol açabileceği akılda tutulmalıdır.
64-1	8014-8019	Sonuç	
64-2	8020-8026	olarak	
64-3	8026-8027	,	
64-4	8028-8033	başka	
64-5	8034-8046	organlardaki	
64-6	8047-8054	hidatik	
64-7	8055-8064	kistlerin	
64-8	8065-8076	böbreklerde	
64-9	8077-8084	ikincil	
64-10	8085-8087	ve	
64-11	8088-8093	nadir	
64-12	8094-8100	klinik	
64-13	8101-8110	bulgulara	
64-14	8111-8114	yol	
64-15	8115-8126	açabileceği	
64-16	8127-8133	akılda	
64-17	8134-8146	tutulmalıdır	
64-18	8146-8147	.	

#Text=Özellikle hidatik hastalığın sıkça görüldüğü gelişmekte olan ülkelerde TİN’in enfeksiyöz etkenleri arasında hidatik kist varlığı da araştırılmalıdır.
65-1	8148-8157	Özellikle	
65-2	8158-8165	hidatik	
65-3	8166-8176	hastalığın	
65-4	8177-8182	sıkça	
65-5	8183-8192	görüldüğü	
65-6	8193-8203	gelişmekte	
65-7	8204-8208	olan	
65-8	8209-8218	ülkelerde	
65-9	8219-8222	TİN	
65-10	8222-8223	’	
65-11	8223-8225	in	
65-12	8226-8236	enfeksiyöz	
65-13	8237-8246	etkenleri	
65-14	8247-8255	arasında	
65-15	8256-8263	hidatik	
65-16	8264-8268	kist	
65-17	8269-8276	varlığı	
65-18	8277-8279	da	
65-19	8280-8296	araştırılmalıdır	
65-20	8296-8297	.	
