#FORMAT=WebAnno TSV 3.3
#T_SP=webanno.custom.CoordinationParticle|
#T_SP=webanno.custom.Negation|
#T_SP=webanno.custom.NegationEvent|
#T_SP=webanno.custom.NegationFocus|
#T_SP=webanno.custom.NegationMarker|ROLE_webanno.custom.NegationMarker:coordinationparticle_webanno.custom.NegationMarkerCoordinationparticleLink|webanno.custom.CoordinationParticle|ROLE_webanno.custom.NegationMarker:event_webanno.custom.NegationMarkerEventLink|webanno.custom.NegationEvent|ROLE_webanno.custom.NegationMarker:focus_webanno.custom.NegationMarkerFocusLink|webanno.custom.NegationFocus|markerType|ROLE_webanno.custom.NegationMarker:scope_webanno.custom.NegationMarkerScopeLink|webanno.custom.Negation|value


#Text=ÖZET
1-1	0-4	ÖZET	_	_	_	_	_	_	_	_	_	_	_	_	_	_	

#Text=Renal hidatik hastalık literatürde iyi tanımlanmıştır ve pek çok çalışma mevcuttur.
2-1	5-10	Renal	_	_	_	_	_	_	_	_	_	_	_	_	_	_	
2-2	11-18	hidatik	_	_	_	_	_	_	_	_	_	_	_	_	_	_	
2-3	19-27	hastalık	_	_	_	_	_	_	_	_	_	_	_	_	_	_	
2-4	28-39	literatürde	_	_	_	_	_	_	_	_	_	_	_	_	_	_	
2-5	40-43	iyi	_	_	_	_	_	_	_	_	_	_	_	_	_	_	
2-6	44-58	tanımlanmıştır	_	_	_	_	_	_	_	_	_	_	_	_	_	_	
2-7	59-61	ve	_	_	_	_	_	_	_	_	_	_	_	_	_	_	
2-8	62-65	pek	_	_	_	_	_	_	_	_	_	_	_	_	_	_	
2-9	66-69	çok	_	_	_	_	_	_	_	_	_	_	_	_	_	_	
2-10	70-77	çalışma	_	_	_	_	_	_	_	_	_	_	_	_	_	_	
2-11	78-87	mevcuttur	_	_	_	_	_	_	_	_	_	_	_	_	_	_	
2-12	87-88	.	_	_	_	_	_	_	_	_	_	_	_	_	_	_	

#Text=Bununla birlikte doğrudan invazyon olmaksızın böbrek hasarı gelişimi oldukça nadir bir durumdur.
3-1	89-96	Bununla	_	_	_	_	_	_	_	_	_	_	_	_	_	_	
3-2	97-105	birlikte	_	_	_	_	_	_	_	_	_	_	_	_	_	_	
3-3	106-114	doğrudan	_	*[1]	_	*[39]	_	_	_	_	_	_	_	_	_	_	
3-4	115-123	invazyon	_	*[1]	_	*[39]	_	_	_	_	_	_	_	_	_	_	
3-5	124-134	olmaksızın	_	*[1]	*	_	_	*	partOfEvent	3-5	isAnotherFocus	3-3[39]	NegMorMarker	partOfScope	3-3[1]	*	
3-6	135-141	böbrek	_	*[1]	_	_	_	_	_	_	_	_	_	_	_	_	
3-7	142-148	hasarı	_	*[1]	_	_	_	_	_	_	_	_	_	_	_	_	
3-8	149-157	gelişimi	_	*[1]	_	_	_	_	_	_	_	_	_	_	_	_	
3-9	158-165	oldukça	_	_	_	_	_	_	_	_	_	_	_	_	_	_	
3-10	166-171	nadir	_	_	_	_	_	_	_	_	_	_	_	_	_	_	
3-11	172-175	bir	_	_	_	_	_	_	_	_	_	_	_	_	_	_	
3-12	176-184	durumdur	_	_	_	_	_	_	_	_	_	_	_	_	_	_	
3-13	184-185	.	_	_	_	_	_	_	_	_	_	_	_	_	_	_	

#Text=Bu sunumda hepatik kist hidatiği olan hastada tubulointerstisyel nefrite ikincil akut böbrek hasarı gelişen bir vaka bildirilmiştir.
4-1	186-188	Bu	_	_	_	_	_	_	_	_	_	_	_	_	_	_	
4-2	189-196	sunumda	_	_	_	_	_	_	_	_	_	_	_	_	_	_	
4-3	197-204	hepatik	_	_	_	_	_	_	_	_	_	_	_	_	_	_	
4-4	205-209	kist	_	_	_	_	_	_	_	_	_	_	_	_	_	_	
4-5	210-218	hidatiği	_	_	_	_	_	_	_	_	_	_	_	_	_	_	
4-6	219-223	olan	_	_	_	_	_	_	_	_	_	_	_	_	_	_	
4-7	224-231	hastada	_	_	_	_	_	_	_	_	_	_	_	_	_	_	
4-8	232-250	tubulointerstisyel	_	_	_	_	_	_	_	_	_	_	_	_	_	_	
4-9	251-258	nefrite	_	_	_	_	_	_	_	_	_	_	_	_	_	_	
4-10	259-266	ikincil	_	_	_	_	_	_	_	_	_	_	_	_	_	_	
4-11	267-271	akut	_	_	_	_	_	_	_	_	_	_	_	_	_	_	
4-12	272-278	böbrek	_	_	_	_	_	_	_	_	_	_	_	_	_	_	
4-13	279-285	hasarı	_	_	_	_	_	_	_	_	_	_	_	_	_	_	
4-14	286-293	gelişen	_	_	_	_	_	_	_	_	_	_	_	_	_	_	
4-15	294-297	bir	_	_	_	_	_	_	_	_	_	_	_	_	_	_	
4-16	298-302	vaka	_	_	_	_	_	_	_	_	_	_	_	_	_	_	
4-17	303-317	bildirilmiştir	_	_	_	_	_	_	_	_	_	_	_	_	_	_	
4-18	317-318	.	_	_	_	_	_	_	_	_	_	_	_	_	_	_	

#Text=Hasta albendazol ve perkütan aspirasyon injeksiyon ve reaspirasyon girişimi ile tedavi edilmiştir.
5-1	319-324	Hasta	_	_	_	_	_	_	_	_	_	_	_	_	_	_	
5-2	325-335	albendazol	_	_	_	_	_	_	_	_	_	_	_	_	_	_	
5-3	336-338	ve	_	_	_	_	_	_	_	_	_	_	_	_	_	_	
5-4	339-347	perkütan	_	_	_	_	_	_	_	_	_	_	_	_	_	_	
5-5	348-358	aspirasyon	_	_	_	_	_	_	_	_	_	_	_	_	_	_	
5-6	359-369	injeksiyon	_	_	_	_	_	_	_	_	_	_	_	_	_	_	
5-7	370-372	ve	_	_	_	_	_	_	_	_	_	_	_	_	_	_	
5-8	373-385	reaspirasyon	_	_	_	_	_	_	_	_	_	_	_	_	_	_	
5-9	386-394	girişimi	_	_	_	_	_	_	_	_	_	_	_	_	_	_	
5-10	395-398	ile	_	_	_	_	_	_	_	_	_	_	_	_	_	_	
5-11	399-405	tedavi	_	_	_	_	_	_	_	_	_	_	_	_	_	_	
5-12	406-416	edilmiştir	_	_	_	_	_	_	_	_	_	_	_	_	_	_	
5-13	416-417	.	_	_	_	_	_	_	_	_	_	_	_	_	_	_	

#Text=Halen oral albendazol tedavisi ile izlenen hastanın bulguları izlemde düzelmiştir.
6-1	418-423	Halen	_	_	_	_	_	_	_	_	_	_	_	_	_	_	
6-2	424-428	oral	_	_	_	_	_	_	_	_	_	_	_	_	_	_	
6-3	429-439	albendazol	_	_	_	_	_	_	_	_	_	_	_	_	_	_	
6-4	440-448	tedavisi	_	_	_	_	_	_	_	_	_	_	_	_	_	_	
6-5	449-452	ile	_	_	_	_	_	_	_	_	_	_	_	_	_	_	
6-6	453-460	izlenen	_	_	_	_	_	_	_	_	_	_	_	_	_	_	
6-7	461-469	hastanın	_	_	_	_	_	_	_	_	_	_	_	_	_	_	
6-8	470-479	bulguları	_	_	_	_	_	_	_	_	_	_	_	_	_	_	
6-9	480-487	izlemde	_	_	_	_	_	_	_	_	_	_	_	_	_	_	
6-10	488-499	düzelmiştir	_	_	_	_	_	_	_	_	_	_	_	_	_	_	
6-11	499-500	.	_	_	_	_	_	_	_	_	_	_	_	_	_	_	

#Text=GİRİŞ
7-1	501-506	GİRİŞ	_	_	_	_	_	_	_	_	_	_	_	_	_	_	

#Text=Kist hidatik hastalığı Echinococcus granulosus larvalarının neden olduğu endemik bir parazitozdur.
8-1	507-511	Kist	_	_	_	_	_	_	_	_	_	_	_	_	_	_	
8-2	512-519	hidatik	_	_	_	_	_	_	_	_	_	_	_	_	_	_	
8-3	520-529	hastalığı	_	_	_	_	_	_	_	_	_	_	_	_	_	_	
8-4	530-542	Echinococcus	_	_	_	_	_	_	_	_	_	_	_	_	_	_	
8-5	543-553	granulosus	_	_	_	_	_	_	_	_	_	_	_	_	_	_	
8-6	554-566	larvalarının	_	_	_	_	_	_	_	_	_	_	_	_	_	_	
8-7	567-572	neden	_	_	_	_	_	_	_	_	_	_	_	_	_	_	
8-8	573-579	olduğu	_	_	_	_	_	_	_	_	_	_	_	_	_	_	
8-9	580-587	endemik	_	_	_	_	_	_	_	_	_	_	_	_	_	_	
8-10	588-591	bir	_	_	_	_	_	_	_	_	_	_	_	_	_	_	
8-11	592-604	parazitozdur	_	_	_	_	_	_	_	_	_	_	_	_	_	_	
8-12	604-605	.	_	_	_	_	_	_	_	_	_	_	_	_	_	_	

#Text=Yaşam döngüsünde insan tesadüfi bir ara konaktır ve karaciğer ve akciğer ana tutulum bölgeleridir.
9-1	606-611	Yaşam	_	_	_	_	_	_	_	_	_	_	_	_	_	_	
9-2	612-622	döngüsünde	_	_	_	_	_	_	_	_	_	_	_	_	_	_	
9-3	623-628	insan	_	_	_	_	_	_	_	_	_	_	_	_	_	_	
9-4	629-637	tesadüfi	_	_	_	_	_	_	_	_	_	_	_	_	_	_	
9-5	638-641	bir	_	_	_	_	_	_	_	_	_	_	_	_	_	_	
9-6	642-645	ara	_	_	_	_	_	_	_	_	_	_	_	_	_	_	
9-7	646-654	konaktır	_	_	_	_	_	_	_	_	_	_	_	_	_	_	
9-8	655-657	ve	_	_	_	_	_	_	_	_	_	_	_	_	_	_	
9-9	658-667	karaciğer	_	_	_	_	_	_	_	_	_	_	_	_	_	_	
9-10	668-670	ve	_	_	_	_	_	_	_	_	_	_	_	_	_	_	
9-11	671-678	akciğer	_	_	_	_	_	_	_	_	_	_	_	_	_	_	
9-12	679-682	ana	_	_	_	_	_	_	_	_	_	_	_	_	_	_	
9-13	683-690	tutulum	_	_	_	_	_	_	_	_	_	_	_	_	_	_	
9-14	691-703	bölgeleridir	_	_	_	_	_	_	_	_	_	_	_	_	_	_	
9-15	703-704	.	_	_	_	_	_	_	_	_	_	_	_	_	_	_	

#Text=Böbreklerde kist hidatik olguların sadece %2-3’ünde görülmesine karşın iyi tanımlanmıştır ve literatürde birçok çalışma mevcuttur.
10-1	705-716	Böbreklerde	_	_	_	_	_	_	_	_	_	_	_	_	_	_	
10-2	717-721	kist	_	_	_	_	_	_	_	_	_	_	_	_	_	_	
10-3	722-729	hidatik	_	_	_	_	_	_	_	_	_	_	_	_	_	_	
10-4	730-739	olguların	_	_	_	_	_	_	_	_	_	_	_	_	_	_	
10-5	740-746	sadece	_	_	_	_	_	_	_	_	_	_	_	_	_	_	
10-6	747-748	%	_	_	_	_	_	_	_	_	_	_	_	_	_	_	
10-7	748-749	2	_	_	_	_	_	_	_	_	_	_	_	_	_	_	
10-8	749-750	-	_	_	_	_	_	_	_	_	_	_	_	_	_	_	
10-9	750-751	3	_	_	_	_	_	_	_	_	_	_	_	_	_	_	
10-10	751-752	’	_	_	_	_	_	_	_	_	_	_	_	_	_	_	
10-11	752-756	ünde	_	_	_	_	_	_	_	_	_	_	_	_	_	_	
10-12	757-768	görülmesine	_	_	_	_	_	_	_	_	_	_	_	_	_	_	
10-13	769-775	karşın	_	_	_	_	_	_	_	_	_	_	_	_	_	_	
10-14	776-779	iyi	_	_	_	_	_	_	_	_	_	_	_	_	_	_	
10-15	780-794	tanımlanmıştır	_	_	_	_	_	_	_	_	_	_	_	_	_	_	
10-16	795-797	ve	_	_	_	_	_	_	_	_	_	_	_	_	_	_	
10-17	798-809	literatürde	_	_	_	_	_	_	_	_	_	_	_	_	_	_	
10-18	810-816	birçok	_	_	_	_	_	_	_	_	_	_	_	_	_	_	
10-19	817-824	çalışma	_	_	_	_	_	_	_	_	_	_	_	_	_	_	
10-20	825-834	mevcuttur	_	_	_	_	_	_	_	_	_	_	_	_	_	_	
10-21	834-835	.	_	_	_	_	_	_	_	_	_	_	_	_	_	_	

#Text=Bununla birlikte doğrudan invazyon olmaksızın başka organlardaki hastalığa ikincil böbrek hasarı ise oldukça nadirdir.
11-1	836-843	Bununla	_	_	_	_	_	_	_	_	_	_	_	_	_	_	
11-2	844-852	birlikte	_	_	_	_	_	_	_	_	_	_	_	_	_	_	
11-3	853-861	doğrudan	_	*[2]	_	*[40]	_	_	_	_	_	_	_	_	_	_	
11-4	862-870	invazyon	_	*[2]	_	*[40]	_	_	_	_	_	_	_	_	_	_	
11-5	871-881	olmaksızın	_	*[2]	*	_	_	*	partOfEvent	11-5	isAnotherFocus	11-3[40]	NegMorMarker	partOfScope	11-3[2]	*	
11-6	882-887	başka	_	_	_	_	_	_	_	_	_	_	_	_	_	_	
11-7	888-900	organlardaki	_	_	_	_	_	_	_	_	_	_	_	_	_	_	
11-8	901-910	hastalığa	_	_	_	_	_	_	_	_	_	_	_	_	_	_	
11-9	911-918	ikincil	_	_	_	_	_	_	_	_	_	_	_	_	_	_	
11-10	919-925	böbrek	_	_	_	_	_	_	_	_	_	_	_	_	_	_	
11-11	926-932	hasarı	_	_	_	_	_	_	_	_	_	_	_	_	_	_	
11-12	933-936	ise	_	_	_	_	_	_	_	_	_	_	_	_	_	_	
11-13	937-944	oldukça	_	_	_	_	_	_	_	_	_	_	_	_	_	_	
11-14	945-953	nadirdir	_	_	_	_	_	_	_	_	_	_	_	_	_	_	
11-15	953-954	.	_	_	_	_	_	_	_	_	_	_	_	_	_	_	

#Text=Karaciğer kist hidatiği sonrası gelişen böbrek tutulumları glomerüler düzeyde olup tubulointerstisyel tutulum çok daha azdır.
12-1	955-964	Karaciğer	_	_	_	_	_	_	_	_	_	_	_	_	_	_	
12-2	965-969	kist	_	_	_	_	_	_	_	_	_	_	_	_	_	_	
12-3	970-978	hidatiği	_	_	_	_	_	_	_	_	_	_	_	_	_	_	
12-4	979-986	sonrası	_	_	_	_	_	_	_	_	_	_	_	_	_	_	
12-5	987-994	gelişen	_	_	_	_	_	_	_	_	_	_	_	_	_	_	
12-6	995-1001	böbrek	_	_	_	_	_	_	_	_	_	_	_	_	_	_	
12-7	1002-1013	tutulumları	_	_	_	_	_	_	_	_	_	_	_	_	_	_	
12-8	1014-1024	glomerüler	_	_	_	_	_	_	_	_	_	_	_	_	_	_	
12-9	1025-1032	düzeyde	_	_	_	_	_	_	_	_	_	_	_	_	_	_	
12-10	1033-1037	olup	_	_	_	_	_	_	_	_	_	_	_	_	_	_	
12-11	1038-1056	tubulointerstisyel	_	_	_	_	_	_	_	_	_	_	_	_	_	_	
12-12	1057-1064	tutulum	_	_	_	_	_	_	_	_	_	_	_	_	_	_	
12-13	1065-1068	çok	_	_	_	_	_	_	_	_	_	_	_	_	_	_	
12-14	1069-1073	daha	_	_	_	_	_	_	_	_	_	_	_	_	_	_	
12-15	1074-1079	azdır	_	_	_	_	_	_	_	_	_	_	_	_	_	_	
12-16	1079-1080	.	_	_	_	_	_	_	_	_	_	_	_	_	_	_	

#Text=Bu çalışmada, karaciğer hidatik kistine bağlı tübülointerstisyel nefrit ve akut böbrek hasarı gelişen bir kız hasta sunulmuştur.
13-1	1081-1083	Bu	_	_	_	_	_	_	_	_	_	_	_	_	_	_	
13-2	1084-1093	çalışmada	_	_	_	_	_	_	_	_	_	_	_	_	_	_	
13-3	1093-1094	,	_	_	_	_	_	_	_	_	_	_	_	_	_	_	
13-4	1095-1104	karaciğer	_	_	_	_	_	_	_	_	_	_	_	_	_	_	
13-5	1105-1112	hidatik	_	_	_	_	_	_	_	_	_	_	_	_	_	_	
13-6	1113-1120	kistine	_	_	_	_	_	_	_	_	_	_	_	_	_	_	
13-7	1121-1126	bağlı	_	_	_	_	_	_	_	_	_	_	_	_	_	_	
13-8	1127-1145	tübülointerstisyel	_	_	_	_	_	_	_	_	_	_	_	_	_	_	
13-9	1146-1152	nefrit	_	_	_	_	_	_	_	_	_	_	_	_	_	_	
13-10	1153-1155	ve	_	_	_	_	_	_	_	_	_	_	_	_	_	_	
13-11	1156-1160	akut	_	_	_	_	_	_	_	_	_	_	_	_	_	_	
13-12	1161-1167	böbrek	_	_	_	_	_	_	_	_	_	_	_	_	_	_	
13-13	1168-1174	hasarı	_	_	_	_	_	_	_	_	_	_	_	_	_	_	
13-14	1175-1182	gelişen	_	_	_	_	_	_	_	_	_	_	_	_	_	_	
13-15	1183-1186	bir	_	_	_	_	_	_	_	_	_	_	_	_	_	_	
13-16	1187-1190	kız	_	_	_	_	_	_	_	_	_	_	_	_	_	_	
13-17	1191-1196	hasta	_	_	_	_	_	_	_	_	_	_	_	_	_	_	
13-18	1197-1208	sunulmuştur	_	_	_	_	_	_	_	_	_	_	_	_	_	_	
13-19	1208-1209	.	_	_	_	_	_	_	_	_	_	_	_	_	_	_	

#Text=İÇERİK
14-1	1210-1216	İÇERİK	_	_	_	_	_	_	_	_	_	_	_	_	_	_	

#Text=Sağ üst kadranda yayılım göstermeyen karın ağrısı, bulantı, kusma ve son 3 ayda 6 kg kilo kaybına neden olan iştahsızlık yakınmaları olan 17 yaşındaki kız hastanın başka bir merkezde yapılan ilk tetkiklerinde kan üre azotu 39 mg/dL ve serum kreatinin düzeyi 4,56 mg/dL olarak saptanmış.
15-1	1217-1220	Sağ	_	*[3]	_	*[41]	_	_	_	_	_	_	_	_	_	_	
15-2	1221-1224	üst	_	*[3]	_	*[41]	_	_	_	_	_	_	_	_	_	_	
15-3	1225-1233	kadranda	_	*[3]	_	*[41]	_	_	_	_	_	_	_	_	_	_	
15-4	1234-1241	yayılım	_	*[3]	*[30]	_	_	_	_	_	_	_	_	_	_	_	
15-5	1242-1253	göstermeyen	_	*[3]	*[30]	_	_	*	partOfEvent	15-4[30]	isAnotherFocus	15-1[41]	NegMorMarker	partOfScope	15-1[3]	*	
15-6	1254-1259	karın	_	*[3]	_	_	_	_	_	_	_	_	_	_	_	_	
15-7	1260-1266	ağrısı	_	*[3]	_	_	_	_	_	_	_	_	_	_	_	_	
15-8	1266-1267	,	_	_	_	_	_	_	_	_	_	_	_	_	_	_	
15-9	1268-1275	bulantı	_	_	_	_	_	_	_	_	_	_	_	_	_	_	
15-10	1275-1276	,	_	_	_	_	_	_	_	_	_	_	_	_	_	_	
15-11	1277-1282	kusma	_	_	_	_	_	_	_	_	_	_	_	_	_	_	
15-12	1283-1285	ve	_	_	_	_	_	_	_	_	_	_	_	_	_	_	
15-13	1286-1289	son	_	*[4]|*[5]	_	*[42]|*[43]	_	_	_	_	_	_	_	_	_	_	
15-14	1290-1291	3	_	*[4]|*[5]	_	*[42]|*[43]	_	_	_	_	_	_	_	_	_	_	
15-15	1292-1296	ayda	_	*[4]|*[5]	_	*[42]|*[43]	_	_	_	_	_	_	_	_	_	_	
15-16	1297-1298	6	_	*[4]|*[5]	_	*[42]	_	_	_	_	_	_	_	_	_	_	
15-17	1299-1301	kg	_	*[4]|*[5]	_	*[42]	_	_	_	_	_	_	_	_	_	_	
15-18	1302-1306	kilo	_	*[4]|*[5]	*	*[42]	_	_	_	_	_	_	_	_	_	_	
15-19	1307-1314	kaybına	_	*[4]	_	*[42]	_	*	partOfEvent	15-18	isAnotherFocus	15-13[43]	NegLexMarker	partOfScope;partOfScope	15-13[5];15-20[6]	*	
15-20	1315-1320	neden	_	*[4]|*[6]	_	*[42]	_	_	_	_	_	_	_	_	_	_	
15-21	1321-1325	olan	_	*[4]|*[6]	_	*[42]	_	_	_	_	_	_	_	_	_	_	
15-22	1326-1337	iştahsızlık	_	*[4]|*[6]	*	_	_	*	partOfEvent	15-22	isAnotherFocus	15-13[42]	NegMorMarker	partOfScope	15-13[4]	*	
15-23	1338-1349	yakınmaları	_	_	_	_	_	_	_	_	_	_	_	_	_	_	
15-24	1350-1354	olan	_	_	_	_	_	_	_	_	_	_	_	_	_	_	
15-25	1355-1357	17	_	_	_	_	_	_	_	_	_	_	_	_	_	_	
15-26	1358-1367	yaşındaki	_	_	_	_	_	_	_	_	_	_	_	_	_	_	
15-27	1368-1371	kız	_	_	_	_	_	_	_	_	_	_	_	_	_	_	
15-28	1372-1380	hastanın	_	_	_	_	_	_	_	_	_	_	_	_	_	_	
15-29	1381-1386	başka	_	_	_	_	_	_	_	_	_	_	_	_	_	_	
15-30	1387-1390	bir	_	_	_	_	_	_	_	_	_	_	_	_	_	_	
15-31	1391-1399	merkezde	_	_	_	_	_	_	_	_	_	_	_	_	_	_	
15-32	1400-1407	yapılan	_	_	_	_	_	_	_	_	_	_	_	_	_	_	
15-33	1408-1411	ilk	_	_	_	_	_	_	_	_	_	_	_	_	_	_	
15-34	1412-1425	tetkiklerinde	_	_	_	_	_	_	_	_	_	_	_	_	_	_	
15-35	1426-1429	kan	_	_	_	_	_	_	_	_	_	_	_	_	_	_	
15-36	1430-1433	üre	_	_	_	_	_	_	_	_	_	_	_	_	_	_	
15-37	1434-1439	azotu	_	_	_	_	_	_	_	_	_	_	_	_	_	_	
15-38	1440-1442	39	_	_	_	_	_	_	_	_	_	_	_	_	_	_	
15-39	1443-1445	mg	_	_	_	_	_	_	_	_	_	_	_	_	_	_	
15-40	1445-1446	/	_	_	_	_	_	_	_	_	_	_	_	_	_	_	
15-41	1446-1448	dL	_	_	_	_	_	_	_	_	_	_	_	_	_	_	
15-42	1449-1451	ve	_	_	_	_	_	_	_	_	_	_	_	_	_	_	
15-43	1452-1457	serum	_	_	_	_	_	_	_	_	_	_	_	_	_	_	
15-44	1458-1467	kreatinin	_	_	_	_	_	_	_	_	_	_	_	_	_	_	
15-45	1468-1474	düzeyi	_	_	_	_	_	_	_	_	_	_	_	_	_	_	
15-46	1475-1479	4,56	_	_	_	_	_	_	_	_	_	_	_	_	_	_	
15-47	1480-1482	mg	_	_	_	_	_	_	_	_	_	_	_	_	_	_	
15-48	1482-1483	/	_	_	_	_	_	_	_	_	_	_	_	_	_	_	
15-49	1483-1485	dL	_	_	_	_	_	_	_	_	_	_	_	_	_	_	
15-50	1486-1492	olarak	_	_	_	_	_	_	_	_	_	_	_	_	_	_	
15-51	1493-1502	saptanmış	_	_	_	_	_	_	_	_	_	_	_	_	_	_	
15-52	1502-1503	.	_	_	_	_	_	_	_	_	_	_	_	_	_	_	

#Text=Karaciğer fonksiyon testleri ve elektrolit değerleri normal sınırlarda bulunan hastanın batın ultrasonografisinde (US) karaciğerin sol lobunu kaplayan içeriği sıvı dansitesindeki dev lezyon kist hidatik ile uyumlu bulunmuş.
16-1	1504-1513	Karaciğer	_	_	_	_	_	_	_	_	_	_	_	_	_	_	
16-2	1514-1523	fonksiyon	_	_	_	_	_	_	_	_	_	_	_	_	_	_	
16-3	1524-1532	testleri	_	_	_	_	_	_	_	_	_	_	_	_	_	_	
16-4	1533-1535	ve	_	_	_	_	_	_	_	_	_	_	_	_	_	_	
16-5	1536-1546	elektrolit	_	_	_	_	_	_	_	_	_	_	_	_	_	_	
16-6	1547-1556	değerleri	_	_	_	_	_	_	_	_	_	_	_	_	_	_	
16-7	1557-1563	normal	_	_	_	_	_	_	_	_	_	_	_	_	_	_	
16-8	1564-1574	sınırlarda	_	_	_	_	_	_	_	_	_	_	_	_	_	_	
16-9	1575-1582	bulunan	_	_	_	_	_	_	_	_	_	_	_	_	_	_	
16-10	1583-1591	hastanın	_	_	_	_	_	_	_	_	_	_	_	_	_	_	
16-11	1592-1597	batın	_	_	_	_	_	_	_	_	_	_	_	_	_	_	
16-12	1598-1617	ultrasonografisinde	_	_	_	_	_	_	_	_	_	_	_	_	_	_	
16-13	1618-1619	(	_	_	_	_	_	_	_	_	_	_	_	_	_	_	
16-14	1619-1621	US	_	_	_	_	_	_	_	_	_	_	_	_	_	_	
16-15	1621-1622	)	_	_	_	_	_	_	_	_	_	_	_	_	_	_	
16-16	1623-1634	karaciğerin	_	_	_	_	_	_	_	_	_	_	_	_	_	_	
16-17	1635-1638	sol	_	_	_	_	_	_	_	_	_	_	_	_	_	_	
16-18	1639-1645	lobunu	_	_	_	_	_	_	_	_	_	_	_	_	_	_	
16-19	1646-1654	kaplayan	_	_	_	_	_	_	_	_	_	_	_	_	_	_	
16-20	1655-1662	içeriği	_	_	_	_	_	_	_	_	_	_	_	_	_	_	
16-21	1663-1667	sıvı	_	_	_	_	_	_	_	_	_	_	_	_	_	_	
16-22	1668-1682	dansitesindeki	_	_	_	_	_	_	_	_	_	_	_	_	_	_	
16-23	1683-1686	dev	_	_	_	_	_	_	_	_	_	_	_	_	_	_	
16-24	1687-1693	lezyon	_	_	_	_	_	_	_	_	_	_	_	_	_	_	
16-25	1694-1698	kist	_	_	_	_	_	_	_	_	_	_	_	_	_	_	
16-26	1699-1706	hidatik	_	_	_	_	_	_	_	_	_	_	_	_	_	_	
16-27	1707-1710	ile	_	_	_	_	_	_	_	_	_	_	_	_	_	_	
16-28	1711-1717	uyumlu	_	_	_	_	_	_	_	_	_	_	_	_	_	_	
16-29	1718-1726	bulunmuş	_	_	_	_	_	_	_	_	_	_	_	_	_	_	
16-30	1726-1727	.	_	_	_	_	_	_	_	_	_	_	_	_	_	_	

#Text=Böbrekler, dalak ve pankreas gibi diğer organlar normal olarak değerlendirilmiş.
17-1	1728-1737	Böbrekler	_	_	_	_	_	_	_	_	_	_	_	_	_	_	
17-2	1737-1738	,	_	_	_	_	_	_	_	_	_	_	_	_	_	_	
17-3	1739-1744	dalak	_	_	_	_	_	_	_	_	_	_	_	_	_	_	
17-4	1745-1747	ve	_	_	_	_	_	_	_	_	_	_	_	_	_	_	
17-5	1748-1756	pankreas	_	_	_	_	_	_	_	_	_	_	_	_	_	_	
17-6	1757-1761	gibi	_	_	_	_	_	_	_	_	_	_	_	_	_	_	
17-7	1762-1767	diğer	_	_	_	_	_	_	_	_	_	_	_	_	_	_	
17-8	1768-1776	organlar	_	_	_	_	_	_	_	_	_	_	_	_	_	_	
17-9	1777-1783	normal	_	_	_	_	_	_	_	_	_	_	_	_	_	_	
17-10	1784-1790	olarak	_	_	_	_	_	_	_	_	_	_	_	_	_	_	
17-11	1791-1807	değerlendirilmiş	_	_	_	_	_	_	_	_	_	_	_	_	_	_	
17-12	1807-1808	.	_	_	_	_	_	_	_	_	_	_	_	_	_	_	

#Text=Hidatik kist tanısı, pozitif Ekinokok pasif hemaglutinasyon testi ile onaylanmış.
18-1	1809-1816	Hidatik	_	_	_	_	_	_	_	_	_	_	_	_	_	_	
18-2	1817-1821	kist	_	_	_	_	_	_	_	_	_	_	_	_	_	_	
18-3	1822-1828	tanısı	_	_	_	_	_	_	_	_	_	_	_	_	_	_	
18-4	1828-1829	,	_	_	_	_	_	_	_	_	_	_	_	_	_	_	
18-5	1830-1837	pozitif	_	_	_	_	_	_	_	_	_	_	_	_	_	_	
18-6	1838-1846	Ekinokok	_	_	_	_	_	_	_	_	_	_	_	_	_	_	
18-7	1847-1852	pasif	_	_	_	_	_	_	_	_	_	_	_	_	_	_	
18-8	1853-1868	hemaglutinasyon	_	_	_	_	_	_	_	_	_	_	_	_	_	_	
18-9	1869-1874	testi	_	_	_	_	_	_	_	_	_	_	_	_	_	_	
18-10	1875-1878	ile	_	_	_	_	_	_	_	_	_	_	_	_	_	_	
18-11	1879-1889	onaylanmış	_	_	_	_	_	_	_	_	_	_	_	_	_	_	
18-12	1889-1890	.	_	_	_	_	_	_	_	_	_	_	_	_	_	_	

#Text=Hastaya Albendazol tedavisi başlanmış ve Girişimsel Radyolojide PAIR (perkütan aspirasyon injeksiyon reaspirasyon) tekniği ile kiste müdahale yapılmış.
19-1	1891-1898	Hastaya	_	_	_	_	_	_	_	_	_	_	_	_	_	_	
19-2	1899-1909	Albendazol	_	_	_	_	_	_	_	_	_	_	_	_	_	_	
19-3	1910-1918	tedavisi	_	_	_	_	_	_	_	_	_	_	_	_	_	_	
19-4	1919-1928	başlanmış	_	_	_	_	_	_	_	_	_	_	_	_	_	_	
19-5	1929-1931	ve	_	_	_	_	_	_	_	_	_	_	_	_	_	_	
19-6	1932-1942	Girişimsel	_	_	_	_	_	_	_	_	_	_	_	_	_	_	
19-7	1943-1954	Radyolojide	_	_	_	_	_	_	_	_	_	_	_	_	_	_	
19-8	1955-1959	PAIR	_	_	_	_	_	_	_	_	_	_	_	_	_	_	
19-9	1960-1961	(	_	_	_	_	_	_	_	_	_	_	_	_	_	_	
19-10	1961-1969	perkütan	_	_	_	_	_	_	_	_	_	_	_	_	_	_	
19-11	1970-1980	aspirasyon	_	_	_	_	_	_	_	_	_	_	_	_	_	_	
19-12	1981-1991	injeksiyon	_	_	_	_	_	_	_	_	_	_	_	_	_	_	
19-13	1992-2004	reaspirasyon	_	_	_	_	_	_	_	_	_	_	_	_	_	_	
19-14	2004-2005	)	_	_	_	_	_	_	_	_	_	_	_	_	_	_	
19-15	2006-2013	tekniği	_	_	_	_	_	_	_	_	_	_	_	_	_	_	
19-16	2014-2017	ile	_	_	_	_	_	_	_	_	_	_	_	_	_	_	
19-17	2018-2023	kiste	_	_	_	_	_	_	_	_	_	_	_	_	_	_	
19-18	2024-2032	müdahale	_	_	_	_	_	_	_	_	_	_	_	_	_	_	
19-19	2033-2041	yapılmış	_	_	_	_	_	_	_	_	_	_	_	_	_	_	
19-20	2041-2042	.	_	_	_	_	_	_	_	_	_	_	_	_	_	_	

#Text=Transfüzyon gerektiren kanama gelişmekle birlikte başarılı bir PAIR uygulamasından sonra hasta mevcut böbrek yetersizliğinin araştırılması ve izlemi amaçlı kliniğimize yönlendirildi.
20-1	2043-2054	Transfüzyon	_	_	_	_	_	_	_	_	_	_	_	_	_	_	
20-2	2055-2065	gerektiren	_	_	_	_	_	_	_	_	_	_	_	_	_	_	
20-3	2066-2072	kanama	_	_	_	_	_	_	_	_	_	_	_	_	_	_	
20-4	2073-2083	gelişmekle	_	_	_	_	_	_	_	_	_	_	_	_	_	_	
20-5	2084-2092	birlikte	_	_	_	_	_	_	_	_	_	_	_	_	_	_	
20-6	2093-2101	başarılı	_	_	_	_	_	_	_	_	_	_	_	_	_	_	
20-7	2102-2105	bir	_	_	_	_	_	_	_	_	_	_	_	_	_	_	
20-8	2106-2110	PAIR	_	_	_	_	_	_	_	_	_	_	_	_	_	_	
20-9	2111-2125	uygulamasından	_	_	_	_	_	_	_	_	_	_	_	_	_	_	
20-10	2126-2131	sonra	_	_	_	_	_	_	_	_	_	_	_	_	_	_	
20-11	2132-2137	hasta	_	_	_	_	_	_	_	_	_	_	_	_	_	_	
20-12	2138-2144	mevcut	_	*[7]	_	*	_	_	_	_	_	_	_	_	_	_	
20-13	2145-2151	böbrek	_	*[7]	*[31]	_	_	_	_	_	_	_	_	_	_	_	
20-14	2152-2167	yetersizliğinin	_	*[7]	*[31]	_	coordination particle	20-16	partOfEvent	20-13[31]	isAnotherFocus	20-12	NegMorMarker	partOfScope	20-12[7]	*	
20-15	2168-2181	araştırılması	_	*[7]	_	_	_	_	_	_	_	_	_	_	_	_	
20-16	2182-2184	ve	*	*[7]	_	_	_	_	_	_	_	_	_	_	_	_	
20-17	2185-2191	izlemi	_	*[7]	_	_	_	_	_	_	_	_	_	_	_	_	
20-18	2192-2198	amaçlı	_	_	_	_	_	_	_	_	_	_	_	_	_	_	
20-19	2199-2210	kliniğimize	_	_	_	_	_	_	_	_	_	_	_	_	_	_	
20-20	2211-2224	yönlendirildi	_	_	_	_	_	_	_	_	_	_	_	_	_	_	
20-21	2224-2225	.	_	_	_	_	_	_	_	_	_	_	_	_	_	_	

#Text=Hasta kliniğimize başvurusunda oldukça halsiz ve soluk görünümdeydi.
21-1	2226-2231	Hasta	_	_	_	_	_	_	_	_	_	_	_	_	_	_	
21-2	2232-2243	kliniğimize	_	_	_	_	_	_	_	_	_	_	_	_	_	_	
21-3	2244-2256	başvurusunda	_	_	_	_	_	_	_	_	_	_	_	_	_	_	
21-4	2257-2264	oldukça	_	*[8]	_	*	_	_	_	_	_	_	_	_	_	_	
21-5	2265-2271	halsiz	_	*[8]	*	_	_	*	partOfEvent	21-5	isAnotherFocus	21-4	NegMorMarker	partOfScope	21-4[8]	*	
21-6	2272-2274	ve	_	_	_	_	_	_	_	_	_	_	_	_	_	_	
21-7	2275-2280	soluk	_	_	_	_	_	_	_	_	_	_	_	_	_	_	
21-8	2281-2293	görünümdeydi	_	_	_	_	_	_	_	_	_	_	_	_	_	_	
21-9	2293-2294	.	_	_	_	_	_	_	_	_	_	_	_	_	_	_	

#Text=Kalp hızı 110/dakika, kan basıncı 120/70 mm/Hg idi.
22-1	2295-2299	Kalp	_	_	_	_	_	_	_	_	_	_	_	_	_	_	
22-2	2300-2304	hızı	_	_	_	_	_	_	_	_	_	_	_	_	_	_	
22-3	2305-2308	110	_	_	_	_	_	_	_	_	_	_	_	_	_	_	
22-4	2308-2309	/	_	_	_	_	_	_	_	_	_	_	_	_	_	_	
22-5	2309-2315	dakika	_	_	_	_	_	_	_	_	_	_	_	_	_	_	
22-6	2315-2316	,	_	_	_	_	_	_	_	_	_	_	_	_	_	_	
22-7	2317-2320	kan	_	_	_	_	_	_	_	_	_	_	_	_	_	_	
22-8	2321-2328	basıncı	_	_	_	_	_	_	_	_	_	_	_	_	_	_	
22-9	2329-2332	120	_	_	_	_	_	_	_	_	_	_	_	_	_	_	
22-10	2332-2333	/	_	_	_	_	_	_	_	_	_	_	_	_	_	_	
22-11	2333-2335	70	_	_	_	_	_	_	_	_	_	_	_	_	_	_	
22-12	2336-2338	mm	_	_	_	_	_	_	_	_	_	_	_	_	_	_	
22-13	2338-2339	/	_	_	_	_	_	_	_	_	_	_	_	_	_	_	
22-14	2339-2341	Hg	_	_	_	_	_	_	_	_	_	_	_	_	_	_	
22-15	2342-2345	idi	_	_	_	_	_	_	_	_	_	_	_	_	_	_	
22-16	2345-2346	.	_	_	_	_	_	_	_	_	_	_	_	_	_	_	

#Text=Fizik muayenede karın sağ üst kadranda girişim alanında ve kostovertebral açıda hassasiyet mevcuttu.
23-1	2347-2352	Fizik	_	_	_	_	_	_	_	_	_	_	_	_	_	_	
23-2	2353-2362	muayenede	_	_	_	_	_	_	_	_	_	_	_	_	_	_	
23-3	2363-2368	karın	_	_	_	_	_	_	_	_	_	_	_	_	_	_	
23-4	2369-2372	sağ	_	_	_	_	_	_	_	_	_	_	_	_	_	_	
23-5	2373-2376	üst	_	_	_	_	_	_	_	_	_	_	_	_	_	_	
23-6	2377-2385	kadranda	_	_	_	_	_	_	_	_	_	_	_	_	_	_	
23-7	2386-2393	girişim	_	_	_	_	_	_	_	_	_	_	_	_	_	_	
23-8	2394-2402	alanında	_	_	_	_	_	_	_	_	_	_	_	_	_	_	
23-9	2403-2405	ve	_	_	_	_	_	_	_	_	_	_	_	_	_	_	
23-10	2406-2420	kostovertebral	_	_	_	_	_	_	_	_	_	_	_	_	_	_	
23-11	2421-2426	açıda	_	_	_	_	_	_	_	_	_	_	_	_	_	_	
23-12	2427-2437	hassasiyet	_	_	_	_	_	_	_	_	_	_	_	_	_	_	
23-13	2438-2446	mevcuttu	_	_	_	_	_	_	_	_	_	_	_	_	_	_	
23-14	2446-2447	.	_	_	_	_	_	_	_	_	_	_	_	_	_	_	

#Text=İlk tetkiklerinde serum kreatinin 3,8 mg/dL, CRP 18 mg/dL (normal <0,8) bulundu.
24-1	2448-2451	İlk	_	_	_	_	_	_	_	_	_	_	_	_	_	_	
24-2	2452-2465	tetkiklerinde	_	_	_	_	_	_	_	_	_	_	_	_	_	_	
24-3	2466-2471	serum	_	_	_	_	_	_	_	_	_	_	_	_	_	_	
24-4	2472-2481	kreatinin	_	_	_	_	_	_	_	_	_	_	_	_	_	_	
24-5	2482-2485	3,8	_	_	_	_	_	_	_	_	_	_	_	_	_	_	
24-6	2486-2488	mg	_	_	_	_	_	_	_	_	_	_	_	_	_	_	
24-7	2488-2489	/	_	_	_	_	_	_	_	_	_	_	_	_	_	_	
24-8	2489-2491	dL	_	_	_	_	_	_	_	_	_	_	_	_	_	_	
24-9	2491-2492	,	_	_	_	_	_	_	_	_	_	_	_	_	_	_	
24-10	2493-2496	CRP	_	_	_	_	_	_	_	_	_	_	_	_	_	_	
24-11	2497-2499	18	_	_	_	_	_	_	_	_	_	_	_	_	_	_	
24-12	2500-2502	mg	_	_	_	_	_	_	_	_	_	_	_	_	_	_	
24-13	2502-2503	/	_	_	_	_	_	_	_	_	_	_	_	_	_	_	
24-14	2503-2505	dL	_	_	_	_	_	_	_	_	_	_	_	_	_	_	
24-15	2506-2507	(	_	_	_	_	_	_	_	_	_	_	_	_	_	_	
24-16	2507-2513	normal	_	_	_	_	_	_	_	_	_	_	_	_	_	_	
24-17	2514-2515	<	_	_	_	_	_	_	_	_	_	_	_	_	_	_	
24-18	2515-2518	0,8	_	_	_	_	_	_	_	_	_	_	_	_	_	_	
24-19	2518-2519	)	_	_	_	_	_	_	_	_	_	_	_	_	_	_	
24-20	2520-2527	bulundu	_	_	_	_	_	_	_	_	_	_	_	_	_	_	
24-21	2527-2528	.	_	_	_	_	_	_	_	_	_	_	_	_	_	_	

#Text=Nonhemolitik anemisi (hb: 8,6 gr/dL) olan hastanın periferik yaymasında %64 nötrofil, %32 lökosit saptanırken eozinofil oranlarının normal sınırlarda olduğu gözlendi.
25-1	2529-2541	Nonhemolitik	_	_	_	_	_	_	_	_	_	_	_	_	_	_	
25-2	2542-2549	anemisi	_	_	_	_	_	_	_	_	_	_	_	_	_	_	
25-3	2550-2551	(	_	_	_	_	_	_	_	_	_	_	_	_	_	_	
25-4	2551-2553	hb	_	_	_	_	_	_	_	_	_	_	_	_	_	_	
25-5	2553-2554	:	_	_	_	_	_	_	_	_	_	_	_	_	_	_	
25-6	2555-2558	8,6	_	_	_	_	_	_	_	_	_	_	_	_	_	_	
25-7	2559-2561	gr	_	_	_	_	_	_	_	_	_	_	_	_	_	_	
25-8	2561-2562	/	_	_	_	_	_	_	_	_	_	_	_	_	_	_	
25-9	2562-2564	dL	_	_	_	_	_	_	_	_	_	_	_	_	_	_	
25-10	2564-2565	)	_	_	_	_	_	_	_	_	_	_	_	_	_	_	
25-11	2566-2570	olan	_	_	_	_	_	_	_	_	_	_	_	_	_	_	
25-12	2571-2579	hastanın	_	_	_	_	_	_	_	_	_	_	_	_	_	_	
25-13	2580-2589	periferik	_	_	_	_	_	_	_	_	_	_	_	_	_	_	
25-14	2590-2600	yaymasında	_	_	_	_	_	_	_	_	_	_	_	_	_	_	
25-15	2601-2602	%	_	_	_	_	_	_	_	_	_	_	_	_	_	_	
25-16	2602-2604	64	_	_	_	_	_	_	_	_	_	_	_	_	_	_	
25-17	2605-2613	nötrofil	_	_	_	_	_	_	_	_	_	_	_	_	_	_	
25-18	2613-2614	,	_	_	_	_	_	_	_	_	_	_	_	_	_	_	
25-19	2615-2616	%	_	_	_	_	_	_	_	_	_	_	_	_	_	_	
25-20	2616-2618	32	_	_	_	_	_	_	_	_	_	_	_	_	_	_	
25-21	2619-2626	lökosit	_	_	_	_	_	_	_	_	_	_	_	_	_	_	
25-22	2627-2638	saptanırken	_	_	_	_	_	_	_	_	_	_	_	_	_	_	
25-23	2639-2648	eozinofil	_	_	_	_	_	_	_	_	_	_	_	_	_	_	
25-24	2649-2660	oranlarının	_	_	_	_	_	_	_	_	_	_	_	_	_	_	
25-25	2661-2667	normal	_	_	_	_	_	_	_	_	_	_	_	_	_	_	
25-26	2668-2678	sınırlarda	_	_	_	_	_	_	_	_	_	_	_	_	_	_	
25-27	2679-2685	olduğu	_	_	_	_	_	_	_	_	_	_	_	_	_	_	
25-28	2686-2694	gözlendi	_	_	_	_	_	_	_	_	_	_	_	_	_	_	
25-29	2694-2695	.	_	_	_	_	_	_	_	_	_	_	_	_	_	_	

#Text=Hastanın kan gazı değerleri normaldi.
26-1	2696-2704	Hastanın	_	_	_	_	_	_	_	_	_	_	_	_	_	_	
26-2	2705-2708	kan	_	_	_	_	_	_	_	_	_	_	_	_	_	_	
26-3	2709-2713	gazı	_	_	_	_	_	_	_	_	_	_	_	_	_	_	
26-4	2714-2723	değerleri	_	_	_	_	_	_	_	_	_	_	_	_	_	_	
26-5	2724-2732	normaldi	_	_	_	_	_	_	_	_	_	_	_	_	_	_	
26-6	2732-2733	.	_	_	_	_	_	_	_	_	_	_	_	_	_	_	

#Text=İdrarda daldırma çubuğu ile dansite 1008, pH: 6, protein: 2+ ve glukoz: 2+ bulundu.
27-1	2734-2741	İdrarda	_	_	_	_	_	_	_	_	_	_	_	_	_	_	
27-2	2742-2750	daldırma	_	_	_	_	_	_	_	_	_	_	_	_	_	_	
27-3	2751-2757	çubuğu	_	_	_	_	_	_	_	_	_	_	_	_	_	_	
27-4	2758-2761	ile	_	_	_	_	_	_	_	_	_	_	_	_	_	_	
27-5	2762-2769	dansite	_	_	_	_	_	_	_	_	_	_	_	_	_	_	
27-6	2770-2774	1008	_	_	_	_	_	_	_	_	_	_	_	_	_	_	
27-7	2774-2775	,	_	_	_	_	_	_	_	_	_	_	_	_	_	_	
27-8	2776-2778	pH	_	_	_	_	_	_	_	_	_	_	_	_	_	_	
27-9	2778-2779	:	_	_	_	_	_	_	_	_	_	_	_	_	_	_	
27-10	2780-2781	6	_	_	_	_	_	_	_	_	_	_	_	_	_	_	
27-11	2781-2782	,	_	_	_	_	_	_	_	_	_	_	_	_	_	_	
27-12	2783-2790	protein	_	_	_	_	_	_	_	_	_	_	_	_	_	_	
27-13	2790-2791	:	_	_	_	_	_	_	_	_	_	_	_	_	_	_	
27-14	2792-2793	2	_	_	_	_	_	_	_	_	_	_	_	_	_	_	
27-15	2793-2794	+	_	_	_	_	_	_	_	_	_	_	_	_	_	_	
27-16	2795-2797	ve	_	_	_	_	_	_	_	_	_	_	_	_	_	_	
27-17	2798-2804	glukoz	_	_	_	_	_	_	_	_	_	_	_	_	_	_	
27-18	2804-2805	:	_	_	_	_	_	_	_	_	_	_	_	_	_	_	
27-19	2806-2807	2	_	_	_	_	_	_	_	_	_	_	_	_	_	_	
27-20	2807-2808	+	_	_	_	_	_	_	_	_	_	_	_	_	_	_	
27-21	2809-2816	bulundu	_	_	_	_	_	_	_	_	_	_	_	_	_	_	
27-22	2816-2817	.	_	_	_	_	_	_	_	_	_	_	_	_	_	_	

#Text=İdrar mikroskopisinde her 40’lık büyütme alanında 130 lökosit ve nadir lökosit kümeleri gözlendi.
28-1	2818-2823	İdrar	_	_	_	_	_	_	_	_	_	_	_	_	_	_	
28-2	2824-2839	mikroskopisinde	_	_	_	_	_	_	_	_	_	_	_	_	_	_	
28-3	2840-2843	her	_	_	_	_	_	_	_	_	_	_	_	_	_	_	
28-4	2844-2846	40	_	_	_	_	_	_	_	_	_	_	_	_	_	_	
28-5	2846-2847	’	_	_	_	_	_	_	_	_	_	_	_	_	_	_	
28-6	2847-2850	lık	_	_	_	_	_	_	_	_	_	_	_	_	_	_	
28-7	2851-2858	büyütme	_	_	_	_	_	_	_	_	_	_	_	_	_	_	
28-8	2859-2867	alanında	_	_	_	_	_	_	_	_	_	_	_	_	_	_	
28-9	2868-2871	130	_	_	_	_	_	_	_	_	_	_	_	_	_	_	
28-10	2872-2879	lökosit	_	_	_	_	_	_	_	_	_	_	_	_	_	_	
28-11	2880-2882	ve	_	_	_	_	_	_	_	_	_	_	_	_	_	_	
28-12	2883-2888	nadir	_	_	_	_	_	_	_	_	_	_	_	_	_	_	
28-13	2889-2896	lökosit	_	_	_	_	_	_	_	_	_	_	_	_	_	_	
28-14	2897-2905	kümeleri	_	_	_	_	_	_	_	_	_	_	_	_	_	_	
28-15	2906-2914	gözlendi	_	_	_	_	_	_	_	_	_	_	_	_	_	_	
28-16	2914-2915	.	_	_	_	_	_	_	_	_	_	_	_	_	_	_	

#Text=Rastgele idrar örneğinde nonnefrotik düzeyde proteinüri (0,9 mg/mg kreatinin) ile birlikte mikroalbüminüri (0,9 g/L) ve artmış beta-2 mikroglobulin (2,9 mg/L; normal 0,8-2,2) düzeyleri saptandı (Tablo 1).
29-1	2916-2924	Rastgele	_	_	_	_	_	_	_	_	_	_	_	_	_	_	
29-2	2925-2930	idrar	_	_	_	_	_	_	_	_	_	_	_	_	_	_	
29-3	2931-2940	örneğinde	_	_	_	_	_	_	_	_	_	_	_	_	_	_	
29-4	2941-2952	nonnefrotik	_	_	_	_	_	_	_	_	_	_	_	_	_	_	
29-5	2953-2960	düzeyde	_	_	_	_	_	_	_	_	_	_	_	_	_	_	
29-6	2961-2971	proteinüri	_	_	_	_	_	_	_	_	_	_	_	_	_	_	
29-7	2972-2973	(	_	_	_	_	_	_	_	_	_	_	_	_	_	_	
29-8	2973-2976	0,9	_	_	_	_	_	_	_	_	_	_	_	_	_	_	
29-9	2977-2979	mg	_	_	_	_	_	_	_	_	_	_	_	_	_	_	
29-10	2979-2980	/	_	_	_	_	_	_	_	_	_	_	_	_	_	_	
29-11	2980-2982	mg	_	_	_	_	_	_	_	_	_	_	_	_	_	_	
29-12	2983-2992	kreatinin	_	_	_	_	_	_	_	_	_	_	_	_	_	_	
29-13	2992-2993	)	_	_	_	_	_	_	_	_	_	_	_	_	_	_	
29-14	2994-2997	ile	_	_	_	_	_	_	_	_	_	_	_	_	_	_	
29-15	2998-3006	birlikte	_	_	_	_	_	_	_	_	_	_	_	_	_	_	
29-16	3007-3022	mikroalbüminüri	_	_	_	_	_	_	_	_	_	_	_	_	_	_	
29-17	3023-3024	(	_	_	_	_	_	_	_	_	_	_	_	_	_	_	
29-18	3024-3027	0,9	_	_	_	_	_	_	_	_	_	_	_	_	_	_	
29-19	3028-3029	g	_	_	_	_	_	_	_	_	_	_	_	_	_	_	
29-20	3029-3030	/	_	_	_	_	_	_	_	_	_	_	_	_	_	_	
29-21	3030-3031	L	_	_	_	_	_	_	_	_	_	_	_	_	_	_	
29-22	3031-3032	)	_	_	_	_	_	_	_	_	_	_	_	_	_	_	
29-23	3033-3035	ve	_	_	_	_	_	_	_	_	_	_	_	_	_	_	
29-24	3036-3042	artmış	_	_	_	_	_	_	_	_	_	_	_	_	_	_	
29-25	3043-3047	beta	_	_	_	_	_	_	_	_	_	_	_	_	_	_	
29-26	3047-3048	-	_	_	_	_	_	_	_	_	_	_	_	_	_	_	
29-27	3048-3049	2	_	_	_	_	_	_	_	_	_	_	_	_	_	_	
29-28	3050-3063	mikroglobulin	_	_	_	_	_	_	_	_	_	_	_	_	_	_	
29-29	3064-3065	(	_	_	_	_	_	_	_	_	_	_	_	_	_	_	
29-30	3065-3068	2,9	_	_	_	_	_	_	_	_	_	_	_	_	_	_	
29-31	3069-3071	mg	_	_	_	_	_	_	_	_	_	_	_	_	_	_	
29-32	3071-3072	/	_	_	_	_	_	_	_	_	_	_	_	_	_	_	
29-33	3072-3073	L	_	_	_	_	_	_	_	_	_	_	_	_	_	_	
29-34	3073-3074	;	_	_	_	_	_	_	_	_	_	_	_	_	_	_	
29-35	3075-3081	normal	_	_	_	_	_	_	_	_	_	_	_	_	_	_	
29-36	3082-3085	0,8	_	_	_	_	_	_	_	_	_	_	_	_	_	_	
29-37	3085-3086	-	_	_	_	_	_	_	_	_	_	_	_	_	_	_	
29-38	3086-3089	2,2	_	_	_	_	_	_	_	_	_	_	_	_	_	_	
29-39	3089-3090	)	_	_	_	_	_	_	_	_	_	_	_	_	_	_	
29-40	3091-3100	düzeyleri	_	_	_	_	_	_	_	_	_	_	_	_	_	_	
29-41	3101-3109	saptandı	_	_	_	_	_	_	_	_	_	_	_	_	_	_	
29-42	3110-3111	(	_	_	_	_	_	_	_	_	_	_	_	_	_	_	
29-43	3111-3116	Tablo	_	_	_	_	_	_	_	_	_	_	_	_	_	_	
29-44	3117-3118	1	_	_	_	_	_	_	_	_	_	_	_	_	_	_	
29-45	3118-3119	)	_	_	_	_	_	_	_	_	_	_	_	_	_	_	
29-46	3119-3120	.	_	_	_	_	_	_	_	_	_	_	_	_	_	_	

#Text=İzlemde hastanın idrar miktarı 3400 cc/gün ile artmış olarak değerlendirildi.
30-1	3121-3128	İzlemde	_	_	_	_	_	_	_	_	_	_	_	_	_	_	
30-2	3129-3137	hastanın	_	_	_	_	_	_	_	_	_	_	_	_	_	_	
30-3	3138-3143	idrar	_	_	_	_	_	_	_	_	_	_	_	_	_	_	
30-4	3144-3151	miktarı	_	_	_	_	_	_	_	_	_	_	_	_	_	_	
30-5	3152-3156	3400	_	_	_	_	_	_	_	_	_	_	_	_	_	_	
30-6	3157-3159	cc	_	_	_	_	_	_	_	_	_	_	_	_	_	_	
30-7	3159-3160	/	_	_	_	_	_	_	_	_	_	_	_	_	_	_	
30-8	3160-3163	gün	_	_	_	_	_	_	_	_	_	_	_	_	_	_	
30-9	3164-3167	ile	_	_	_	_	_	_	_	_	_	_	_	_	_	_	
30-10	3168-3174	artmış	_	_	_	_	_	_	_	_	_	_	_	_	_	_	
30-11	3175-3181	olarak	_	_	_	_	_	_	_	_	_	_	_	_	_	_	
30-12	3182-3197	değerlendirildi	_	_	_	_	_	_	_	_	_	_	_	_	_	_	
30-13	3197-3198	.	_	_	_	_	_	_	_	_	_	_	_	_	_	_	

#Text=İdrar ve kan kültürleri normaldi.
31-1	3199-3204	İdrar	_	_	_	_	_	_	_	_	_	_	_	_	_	_	
31-2	3205-3207	ve	_	_	_	_	_	_	_	_	_	_	_	_	_	_	
31-3	3208-3211	kan	_	_	_	_	_	_	_	_	_	_	_	_	_	_	
31-4	3212-3222	kültürleri	_	_	_	_	_	_	_	_	_	_	_	_	_	_	
31-5	3223-3231	normaldi	_	_	_	_	_	_	_	_	_	_	_	_	_	_	
31-6	3231-3232	.	_	_	_	_	_	_	_	_	_	_	_	_	_	_	

#Text=Göz muayenesinde patoloji saptanmadı.
32-1	3233-3236	Göz	_	*[9]	_	*[44]	_	_	_	_	_	_	_	_	_	_	
32-2	3237-3249	muayenesinde	_	*[9]	_	*[44]	_	_	_	_	_	_	_	_	_	_	
32-3	3250-3258	patoloji	_	*[9]	_	_	_	_	_	_	_	_	_	_	_	_	
32-4	3259-3269	saptanmadı	_	*[9]	*	_	_	*	partOfEvent	32-4	isAnotherFocus	32-1[44]	NegLexMarker	partOfScope	32-1[9]	*	
32-5	3269-3270	.	_	_	_	_	_	_	_	_	_	_	_	_	_	_	

#Text=Ultrasonografik incelemede böbrek boyutları yaşına göre üst sınırda ve hafif ekojenite artışı vardı.
33-1	3271-3286	Ultrasonografik	_	_	_	_	_	_	_	_	_	_	_	_	_	_	
33-2	3287-3297	incelemede	_	_	_	_	_	_	_	_	_	_	_	_	_	_	
33-3	3298-3304	böbrek	_	_	_	_	_	_	_	_	_	_	_	_	_	_	
33-4	3305-3314	boyutları	_	_	_	_	_	_	_	_	_	_	_	_	_	_	
33-5	3315-3321	yaşına	_	_	_	_	_	_	_	_	_	_	_	_	_	_	
33-6	3322-3326	göre	_	_	_	_	_	_	_	_	_	_	_	_	_	_	
33-7	3327-3330	üst	_	_	_	_	_	_	_	_	_	_	_	_	_	_	
33-8	3331-3338	sınırda	_	_	_	_	_	_	_	_	_	_	_	_	_	_	
33-9	3339-3341	ve	_	_	_	_	_	_	_	_	_	_	_	_	_	_	
33-10	3342-3347	hafif	_	_	_	_	_	_	_	_	_	_	_	_	_	_	
33-11	3348-3357	ekojenite	_	_	_	_	_	_	_	_	_	_	_	_	_	_	
33-12	3358-3364	artışı	_	_	_	_	_	_	_	_	_	_	_	_	_	_	
33-13	3365-3370	vardı	_	_	_	_	_	_	_	_	_	_	_	_	_	_	
33-14	3370-3371	.	_	_	_	_	_	_	_	_	_	_	_	_	_	_	

#Text=Toplayıcı sistemleri normal değerlendirilen her iki böbrekte kist görünümü yoktu.
34-1	3372-3381	Toplayıcı	_	*[10]	_	*[45]	_	_	_	_	_	_	_	_	_	_	
34-2	3382-3392	sistemleri	_	*[10]	_	*[45]	_	_	_	_	_	_	_	_	_	_	
34-3	3393-3399	normal	_	*[10]	_	*[45]	_	_	_	_	_	_	_	_	_	_	
34-4	3400-3415	değerlendirilen	_	*[10]	_	*[45]	_	_	_	_	_	_	_	_	_	_	
34-5	3416-3419	her	_	*[10]	_	*[45]	_	_	_	_	_	_	_	_	_	_	
34-6	3420-3423	iki	_	*[10]	_	*[45]	_	_	_	_	_	_	_	_	_	_	
34-7	3424-3432	böbrekte	_	*[10]	_	*[45]	_	_	_	_	_	_	_	_	_	_	
34-8	3433-3437	kist	_	*[10]	_	_	_	_	_	_	_	_	_	_	_	_	
34-9	3438-3446	görünümü	_	*[10]	*	_	_	_	_	_	_	_	_	_	_	_	
34-10	3447-3452	yoktu	_	_	_	_	_	*	partOfEvent	34-9	isAnotherFocus	34-1[45]	NegLexMarker	partOfScope	34-1[10]	*	
34-11	3452-3453	.	_	_	_	_	_	_	_	_	_	_	_	_	_	_	

#Text=Başarılı PAIR uygulaması sonrası yapılan kontrastsız BT görüntülemede kistin sıvı içeriğinin kaybolduğu, semisolid heterojen bir görünüm oluştuğu ve kist duvarının kalınlaştığı gözlendi (Resim 2).
35-1	3454-3462	Başarılı	_	*[11]	_	*[46]|*[47]	_	_	_	_	_	_	_	_	_	_	
35-2	3463-3467	PAIR	_	*[11]	_	*[46]|*[47]	_	_	_	_	_	_	_	_	_	_	
35-3	3468-3478	uygulaması	_	*[11]	_	*[46]|*[47]	_	_	_	_	_	_	_	_	_	_	
35-4	3479-3486	sonrası	_	*[11]	_	*[46]|*[47]	_	_	_	_	_	_	_	_	_	_	
35-5	3487-3494	yapılan	_	*[11]	_	*[46]|*[47]	_	_	_	_	_	_	_	_	_	_	
35-6	3495-3506	kontrastsız	_	*[11]|*[12]	*[32]	*[46]	_	*	partOfEvent	35-6[32]	isAnotherFocus	35-1[47]	NegMorMarker	partOfScope	35-6[12]	*	
35-7	3507-3509	BT	_	*[11]|*[12]	*[32]	*[46]	_	_	_	_	_	_	_	_	_	_	
35-8	3510-3523	görüntülemede	_	*[11]|*[12]	_	*[46]	_	_	_	_	_	_	_	_	_	_	
35-9	3524-3530	kistin	_	*[11]	_	_	_	_	_	_	_	_	_	_	_	_	
35-10	3531-3535	sıvı	_	*[11]	_	_	_	_	_	_	_	_	_	_	_	_	
35-11	3536-3546	içeriğinin	_	*[11]	*	_	_	_	_	_	_	_	_	_	_	_	
35-12	3547-3557	kaybolduğu	_	_	_	_	_	*	partOfEvent	35-11	isAnotherFocus	35-1[46]	NegLexMarker	partOfScope	35-1[11]	*	
35-13	3557-3558	,	_	_	_	_	_	_	_	_	_	_	_	_	_	_	
35-14	3559-3568	semisolid	_	_	_	_	_	_	_	_	_	_	_	_	_	_	
35-15	3569-3578	heterojen	_	_	_	_	_	_	_	_	_	_	_	_	_	_	
35-16	3579-3582	bir	_	_	_	_	_	_	_	_	_	_	_	_	_	_	
35-17	3583-3590	görünüm	_	_	_	_	_	_	_	_	_	_	_	_	_	_	
35-18	3591-3599	oluştuğu	_	_	_	_	_	_	_	_	_	_	_	_	_	_	
35-19	3600-3602	ve	_	_	_	_	_	_	_	_	_	_	_	_	_	_	
35-20	3603-3607	kist	_	_	_	_	_	_	_	_	_	_	_	_	_	_	
35-21	3608-3617	duvarının	_	_	_	_	_	_	_	_	_	_	_	_	_	_	
35-22	3618-3630	kalınlaştığı	_	_	_	_	_	_	_	_	_	_	_	_	_	_	
35-23	3631-3639	gözlendi	_	_	_	_	_	_	_	_	_	_	_	_	_	_	
35-24	3640-3641	(	_	_	_	_	_	_	_	_	_	_	_	_	_	_	
35-25	3641-3646	Resim	_	_	_	_	_	_	_	_	_	_	_	_	_	_	
35-26	3647-3648	2	_	_	_	_	_	_	_	_	_	_	_	_	_	_	
35-27	3648-3649	)	_	_	_	_	_	_	_	_	_	_	_	_	_	_	
35-28	3649-3650	.	_	_	_	_	_	_	_	_	_	_	_	_	_	_	

#Text=Serolojjk çalışmalar ile C3 ve C4 düzeylerinin, antinükleer antikor (ANA), antinötrofil sitoplazmik antikorlar (ANCA) ve ekstrakte edilebilir antijen test panelinin normal olduğu saptandı.
36-1	3651-3660	Serolojjk	_	_	_	_	_	_	_	_	_	_	_	_	_	_	
36-2	3661-3671	çalışmalar	_	_	_	_	_	_	_	_	_	_	_	_	_	_	
36-3	3672-3675	ile	_	_	_	_	_	_	_	_	_	_	_	_	_	_	
36-4	3676-3678	C3	_	_	_	_	_	_	_	_	_	_	_	_	_	_	
36-5	3679-3681	ve	_	_	_	_	_	_	_	_	_	_	_	_	_	_	
36-6	3682-3684	C4	_	_	_	_	_	_	_	_	_	_	_	_	_	_	
36-7	3685-3697	düzeylerinin	_	_	_	_	_	_	_	_	_	_	_	_	_	_	
36-8	3697-3698	,	_	_	_	_	_	_	_	_	_	_	_	_	_	_	
36-9	3699-3710	antinükleer	_	_	_	_	_	_	_	_	_	_	_	_	_	_	
36-10	3711-3718	antikor	_	_	_	_	_	_	_	_	_	_	_	_	_	_	
36-11	3719-3720	(	_	_	_	_	_	_	_	_	_	_	_	_	_	_	
36-12	3720-3723	ANA	_	_	_	_	_	_	_	_	_	_	_	_	_	_	
36-13	3723-3724	)	_	_	_	_	_	_	_	_	_	_	_	_	_	_	
36-14	3724-3725	,	_	_	_	_	_	_	_	_	_	_	_	_	_	_	
36-15	3726-3738	antinötrofil	_	_	_	_	_	_	_	_	_	_	_	_	_	_	
36-16	3739-3750	sitoplazmik	_	_	_	_	_	_	_	_	_	_	_	_	_	_	
36-17	3751-3761	antikorlar	_	_	_	_	_	_	_	_	_	_	_	_	_	_	
36-18	3762-3763	(	_	_	_	_	_	_	_	_	_	_	_	_	_	_	
36-19	3763-3767	ANCA	_	_	_	_	_	_	_	_	_	_	_	_	_	_	
36-20	3767-3768	)	_	_	_	_	_	_	_	_	_	_	_	_	_	_	
36-21	3769-3771	ve	_	_	_	_	_	_	_	_	_	_	_	_	_	_	
36-22	3772-3781	ekstrakte	_	_	_	_	_	_	_	_	_	_	_	_	_	_	
36-23	3782-3792	edilebilir	_	_	_	_	_	_	_	_	_	_	_	_	_	_	
36-24	3793-3800	antijen	_	_	_	_	_	_	_	_	_	_	_	_	_	_	
36-25	3801-3805	test	_	_	_	_	_	_	_	_	_	_	_	_	_	_	
36-26	3806-3815	panelinin	_	_	_	_	_	_	_	_	_	_	_	_	_	_	
36-27	3816-3822	normal	_	_	_	_	_	_	_	_	_	_	_	_	_	_	
36-28	3823-3829	olduğu	_	_	_	_	_	_	_	_	_	_	_	_	_	_	
36-29	3830-3838	saptandı	_	_	_	_	_	_	_	_	_	_	_	_	_	_	
36-30	3838-3839	.	_	_	_	_	_	_	_	_	_	_	_	_	_	_	

#Text=Ayrıca Mycoplasma pneumoniae, klamidya, hepatiti B ve C, Toxoplasma gondii, sitomegalovirus (CMV), ve Epstein Barr virus (EBV) ait testler de negatif olarak sonuçlandı.
37-1	3840-3846	Ayrıca	_	_	_	_	_	_	_	_	_	_	_	_	_	_	
37-2	3847-3857	Mycoplasma	_	*[13]	_	*[48]	_	_	_	_	_	_	_	_	_	_	
37-3	3858-3868	pneumoniae	_	*[13]	_	*[48]	_	_	_	_	_	_	_	_	_	_	
37-4	3868-3869	,	_	*[13]	_	*[48]	_	_	_	_	_	_	_	_	_	_	
37-5	3870-3878	klamidya	_	*[13]	_	*[48]	_	_	_	_	_	_	_	_	_	_	
37-6	3878-3879	,	_	*[13]	_	*[48]	_	_	_	_	_	_	_	_	_	_	
37-7	3880-3888	hepatiti	_	*[13]	_	*[48]	_	_	_	_	_	_	_	_	_	_	
37-8	3889-3890	B	_	*[13]	_	*[48]	_	_	_	_	_	_	_	_	_	_	
37-9	3891-3893	ve	*	*[13]	_	*[48]	_	_	_	_	_	_	_	_	_	_	
37-10	3894-3895	C	_	*[13]	_	*[48]	_	_	_	_	_	_	_	_	_	_	
37-11	3895-3896	,	_	*[13]	_	*[48]	_	_	_	_	_	_	_	_	_	_	
37-12	3897-3907	Toxoplasma	_	*[13]	_	*[48]	_	_	_	_	_	_	_	_	_	_	
37-13	3908-3914	gondii	_	*[13]	_	*[48]	_	_	_	_	_	_	_	_	_	_	
37-14	3914-3915	,	_	*[13]	_	*[48]	_	_	_	_	_	_	_	_	_	_	
37-15	3916-3931	sitomegalovirus	_	*[13]	_	*[48]	_	_	_	_	_	_	_	_	_	_	
37-16	3932-3933	(	_	*[13]	_	*[48]	_	_	_	_	_	_	_	_	_	_	
37-17	3933-3936	CMV	_	*[13]	_	*[48]	_	_	_	_	_	_	_	_	_	_	
37-18	3936-3937	)	_	*[13]	_	*[48]	_	_	_	_	_	_	_	_	_	_	
37-19	3937-3938	,	_	*[13]	_	*[48]	_	_	_	_	_	_	_	_	_	_	
37-20	3939-3941	ve	_	*[13]	_	*[48]	_	*	_	*	_	*	*	_	*	*	
37-21	3942-3949	Epstein	_	*[13]	_	*[48]	_	_	_	_	_	_	_	_	_	_	
37-22	3950-3954	Barr	_	*[13]	_	*[48]	_	_	_	_	_	_	_	_	_	_	
37-23	3955-3960	virus	_	*[13]	_	*[48]	_	_	_	_	_	_	_	_	_	_	
37-24	3961-3962	(	_	*[13]	_	*[48]	_	_	_	_	_	_	_	_	_	_	
37-25	3962-3965	EBV	_	*[13]	_	*[48]	_	_	_	_	_	_	_	_	_	_	
37-26	3965-3966	)	_	*[13]	_	*[48]	_	_	_	_	_	_	_	_	_	_	
37-27	3967-3970	ait	_	*[13]	_	_	_	_	_	_	_	_	_	_	_	_	
37-28	3971-3978	testler	_	*[13]	_	_	_	_	_	_	_	_	_	_	_	_	
37-29	3979-3981	de	_	*[13]	_	_	_	_	_	_	_	_	_	_	_	_	
37-30	3982-3989	negatif	_	_	_	_	coordination particle	37-9	_	*	isAnotherFocus	37-2[48]	NegLexMarker	partOfScope;partOfScope	37-31;37-2[13]	*	
37-31	3990-3996	olarak	_	*	_	_	_	_	_	_	_	_	_	_	_	_	
37-32	3997-4007	sonuçlandı	_	_	_	_	_	_	_	_	_	_	_	_	_	_	
37-33	4007-4008	.	_	_	_	_	_	_	_	_	_	_	_	_	_	_	

#Text=Hasta ve ailesinin kanama gelişen invaziv PAIR girişimi sonrası böbrek biyopsisi için isteksiz davranması ve izlemde böbrek işlevlerinin kendiliğinden düzelme eğilimi göstermesi nedeni ile böbrek biyopsisi yapılmasına gerek olmadığı düşünüldü.
38-1	4009-4014	Hasta	_	*[14]|*[15]	_	*[49]	_	_	_	_	_	_	_	_	_	_	
38-2	4015-4017	ve	_	*[14]|*[15]	_	*[49]	_	_	_	_	_	_	_	_	_	_	
38-3	4018-4027	ailesinin	_	*[14]|*[15]	_	*[49]	_	_	_	_	_	_	_	_	_	_	
38-4	4028-4034	kanama	_	*[14]|*[15]	_	*[49]	_	_	_	_	_	_	_	_	_	_	
38-5	4035-4042	gelişen	_	*[14]|*[15]	_	*[49]	_	_	_	_	_	_	_	_	_	_	
38-6	4043-4050	invaziv	_	*[14]|*[15]	_	*[49]	_	_	_	_	_	_	_	_	_	_	
38-7	4051-4055	PAIR	_	*[14]|*[15]	_	*[49]	_	_	_	_	_	_	_	_	_	_	
38-8	4056-4064	girişimi	_	*[14]|*[15]	_	*[49]	_	_	_	_	_	_	_	_	_	_	
38-9	4065-4072	sonrası	_	*[14]|*[15]	_	*[49]	_	_	_	_	_	_	_	_	_	_	
38-10	4073-4079	böbrek	_	*[14]|*[15]	_	*[49]|*[50]	_	_	_	_	_	_	_	_	_	_	
38-11	4080-4089	biyopsisi	_	*[14]|*[15]	_	*[49]|*[50]	_	_	_	_	_	_	_	_	_	_	
38-12	4090-4094	için	_	*[14]|*[15]	_	*[49]|*[50]	_	_	_	_	_	_	_	_	_	_	
38-13	4095-4103	isteksiz	_	*[14]|*[15]	*	*[49]	_	*	partOfEvent	38-13	isAnotherFocus	38-10[50]	NegMorMarker	partOfScope	38-1[15]	*	
38-14	4104-4114	davranması	_	*[14]|*[15]	_	*[49]	_	_	_	_	_	_	_	_	_	_	
38-15	4115-4117	ve	*	*[14]	_	*[49]	_	_	_	_	_	_	_	_	_	_	
38-16	4118-4125	izlemde	_	*[14]	_	*[49]	_	_	_	_	_	_	_	_	_	_	
38-17	4126-4132	böbrek	_	*[14]	_	*[49]	_	_	_	_	_	_	_	_	_	_	
38-18	4133-4145	işlevlerinin	_	*[14]	_	*[49]	_	_	_	_	_	_	_	_	_	_	
38-19	4146-4159	kendiliğinden	_	*[14]	_	*[49]	_	_	_	_	_	_	_	_	_	_	
38-20	4160-4167	düzelme	_	*[14]	_	*[49]	_	_	_	_	_	_	_	_	_	_	
38-21	4168-4175	eğilimi	_	*[14]	_	*[49]	_	_	_	_	_	_	_	_	_	_	
38-22	4176-4186	göstermesi	_	*[14]	_	*[49]	_	_	_	_	_	_	_	_	_	_	
38-23	4187-4193	nedeni	_	*[14]	_	*[49]	_	_	_	_	_	_	_	_	_	_	
38-24	4194-4197	ile	_	*[14]	_	*[49]	_	_	_	_	_	_	_	_	_	_	
38-25	4198-4204	böbrek	_	*[14]	_	_	_	_	_	_	_	_	_	_	_	_	
38-26	4205-4214	biyopsisi	_	*[14]	_	_	_	_	_	_	_	_	_	_	_	_	
38-27	4215-4226	yapılmasına	_	*[14]	_	_	_	_	_	_	_	_	_	_	_	_	
38-28	4227-4232	gerek	_	*[14]	*[33]	_	_	_	_	_	_	_	_	_	_	_	
38-29	4233-4241	olmadığı	_	*[14]	*[33]	_	coordination particle	38-15	partOfEvent	38-28[33]	isAnotherFocus	38-1[49]	NegMorMarker	partOfScope	38-1[14]	*	
38-30	4242-4251	düşünüldü	_	_	_	_	_	_	_	_	_	_	_	_	_	_	
38-31	4251-4252	.	_	_	_	_	_	_	_	_	_	_	_	_	_	_	

#Text=(İçerik Çıkarıldı.)
39-1	4253-4254	(	_	_	_	_	_	_	_	_	_	_	_	_	_	_	
39-2	4254-4260	İçerik	_	_	_	_	_	_	_	_	_	_	_	_	_	_	
39-3	4261-4270	Çıkarıldı	_	_	_	_	_	_	_	_	_	_	_	_	_	_	
39-4	4270-4271	.	_	_	_	_	_	_	_	_	_	_	_	_	_	_	
39-5	4271-4272	)	_	_	_	_	_	_	_	_	_	_	_	_	_	_	

#Text=Taburcu edildikten iki ay sonra böbrek işlevlerinde tam düzelme olduğu ve tekrarlama olmadığı görüldü.
40-1	4273-4280	Taburcu	_	*[16]	_	*[51]	_	_	_	_	_	_	_	_	_	_	
40-2	4281-4291	edildikten	_	*[16]	_	*[51]	_	_	_	_	_	_	_	_	_	_	
40-3	4292-4295	iki	_	*[16]	_	*[51]	_	_	_	_	_	_	_	_	_	_	
40-4	4296-4298	ay	_	*[16]	_	*[51]	_	_	_	_	_	_	_	_	_	_	
40-5	4299-4304	sonra	_	*[16]	_	*[51]	_	_	_	_	_	_	_	_	_	_	
40-6	4305-4311	böbrek	_	_	_	_	_	_	_	_	_	_	_	_	_	_	
40-7	4312-4324	işlevlerinde	_	_	_	_	_	_	_	_	_	_	_	_	_	_	
40-8	4325-4328	tam	_	_	_	_	_	_	_	_	_	_	_	_	_	_	
40-9	4329-4336	düzelme	_	_	_	_	_	_	_	_	_	_	_	_	_	_	
40-10	4337-4343	olduğu	_	_	_	_	_	_	_	_	_	_	_	_	_	_	
40-11	4344-4346	ve	_	_	_	_	_	_	_	_	_	_	_	_	_	_	
40-12	4347-4357	tekrarlama	_	*[17]	*[34]	_	_	_	_	_	_	_	_	_	_	_	
40-13	4358-4366	olmadığı	_	*[17]	*[34]	_	_	*	partOfEvent	40-12[34]	isAnotherFocus	40-1[51]	NegMorMarker	partOfScope;partOfScope	40-12[17];40-1[16]	*	
40-14	4367-4374	görüldü	_	_	_	_	_	_	_	_	_	_	_	_	_	_	
40-15	4374-4375	.	_	_	_	_	_	_	_	_	_	_	_	_	_	_	

#Text=Hastamızın klinik ve laboratuvar bulguları böbrek hasarının tübüler düzeyde olduğunu işaret ediyordu.
41-1	4376-4386	Hastamızın	_	_	_	_	_	_	_	_	_	_	_	_	_	_	
41-2	4387-4393	klinik	_	_	_	_	_	_	_	_	_	_	_	_	_	_	
41-3	4394-4396	ve	_	_	_	_	_	_	_	_	_	_	_	_	_	_	
41-4	4397-4408	laboratuvar	_	_	_	_	_	_	_	_	_	_	_	_	_	_	
41-5	4409-4418	bulguları	_	_	_	_	_	_	_	_	_	_	_	_	_	_	
41-6	4419-4425	böbrek	_	_	_	_	_	_	_	_	_	_	_	_	_	_	
41-7	4426-4435	hasarının	_	_	_	_	_	_	_	_	_	_	_	_	_	_	
41-8	4436-4443	tübüler	_	_	_	_	_	_	_	_	_	_	_	_	_	_	
41-9	4444-4451	düzeyde	_	_	_	_	_	_	_	_	_	_	_	_	_	_	
41-10	4452-4460	olduğunu	_	_	_	_	_	_	_	_	_	_	_	_	_	_	
41-11	4461-4467	işaret	_	_	_	_	_	_	_	_	_	_	_	_	_	_	
41-12	4468-4476	ediyordu	_	_	_	_	_	_	_	_	_	_	_	_	_	_	
41-13	4476-4477	.	_	_	_	_	_	_	_	_	_	_	_	_	_	_	

#Text=İdrar tetkiklerinde saptanan poliüri, glikozüri, düşük idrar dansitesi ve artmış idrar beta-2 mikroglobulin düzeyleri tübüler hasarın kanıtı olarak değerlendirildi.
42-1	4478-4483	İdrar	_	_	_	_	_	_	_	_	_	_	_	_	_	_	
42-2	4484-4497	tetkiklerinde	_	_	_	_	_	_	_	_	_	_	_	_	_	_	
42-3	4498-4506	saptanan	_	_	_	_	_	_	_	_	_	_	_	_	_	_	
42-4	4507-4514	poliüri	_	_	_	_	_	_	_	_	_	_	_	_	_	_	
42-5	4514-4515	,	_	_	_	_	_	_	_	_	_	_	_	_	_	_	
42-6	4516-4525	glikozüri	_	_	_	_	_	_	_	_	_	_	_	_	_	_	
42-7	4525-4526	,	_	_	_	_	_	_	_	_	_	_	_	_	_	_	
42-8	4527-4532	düşük	_	_	_	_	_	_	_	_	_	_	_	_	_	_	
42-9	4533-4538	idrar	_	_	_	_	_	_	_	_	_	_	_	_	_	_	
42-10	4539-4548	dansitesi	_	_	_	_	_	_	_	_	_	_	_	_	_	_	
42-11	4549-4551	ve	_	_	_	_	_	_	_	_	_	_	_	_	_	_	
42-12	4552-4558	artmış	_	_	_	_	_	_	_	_	_	_	_	_	_	_	
42-13	4559-4564	idrar	_	_	_	_	_	_	_	_	_	_	_	_	_	_	
42-14	4565-4569	beta	_	_	_	_	_	_	_	_	_	_	_	_	_	_	
42-15	4569-4570	-	_	_	_	_	_	_	_	_	_	_	_	_	_	_	
42-16	4570-4571	2	_	_	_	_	_	_	_	_	_	_	_	_	_	_	
42-17	4572-4585	mikroglobulin	_	_	_	_	_	_	_	_	_	_	_	_	_	_	
42-18	4586-4595	düzeyleri	_	_	_	_	_	_	_	_	_	_	_	_	_	_	
42-19	4596-4603	tübüler	_	_	_	_	_	_	_	_	_	_	_	_	_	_	
42-20	4604-4611	hasarın	_	_	_	_	_	_	_	_	_	_	_	_	_	_	
42-21	4612-4618	kanıtı	_	_	_	_	_	_	_	_	_	_	_	_	_	_	
42-22	4619-4625	olarak	_	_	_	_	_	_	_	_	_	_	_	_	_	_	
42-23	4626-4641	değerlendirildi	_	_	_	_	_	_	_	_	_	_	_	_	_	_	
42-24	4641-4642	.	_	_	_	_	_	_	_	_	_	_	_	_	_	_	

#Text=Daha önce bilinen bir böbrek hastalığı olmayan, gelişimi normal hastamızda US’de kortikomedüller ayırımın korunması, böbrek boyutlarındaki artış ile birlikte hafif ekojenite artışı saptanması böbrek yetersizliğinin akut bir süreçte geliştiğini işaret etmekteydi.
43-1	4643-4647	Daha	_	*[18]	_	*[52]	_	_	_	_	_	_	_	_	_	_	
43-2	4648-4652	önce	_	*[18]	_	*[52]	_	_	_	_	_	_	_	_	_	_	
43-3	4653-4660	bilinen	_	*[18]	_	*[52]	_	_	_	_	_	_	_	_	_	_	
43-4	4661-4664	bir	_	*[18]	_	*[52]	_	_	_	_	_	_	_	_	_	_	
43-5	4665-4671	böbrek	_	*[18]	_	*[52]	_	_	_	_	_	_	_	_	_	_	
43-6	4672-4681	hastalığı	_	*[18]	_	*[52]	_	_	_	_	_	_	_	_	_	_	
43-7	4682-4689	olmayan	_	*[18]	*	_	_	*	partOfEvent	43-7	isAnotherFocus	43-1[52]	NegMorMarker	partOfScope;partOfScope	43-11;43-1[18]	*	
43-8	4689-4690	,	_	_	_	_	_	_	_	_	_	_	_	_	_	_	
43-9	4691-4699	gelişimi	_	_	_	_	_	_	_	_	_	_	_	_	_	_	
43-10	4700-4706	normal	_	_	_	_	_	_	_	_	_	_	_	_	_	_	
43-11	4707-4717	hastamızda	_	*	_	_	_	_	_	_	_	_	_	_	_	_	
43-12	4718-4720	US	_	_	_	_	_	_	_	_	_	_	_	_	_	_	
43-13	4720-4721	’	_	_	_	_	_	_	_	_	_	_	_	_	_	_	
43-14	4721-4723	de	_	_	_	_	_	_	_	_	_	_	_	_	_	_	
43-15	4724-4739	kortikomedüller	_	_	_	_	_	_	_	_	_	_	_	_	_	_	
43-16	4740-4748	ayırımın	_	_	_	_	_	_	_	_	_	_	_	_	_	_	
43-17	4749-4758	korunması	_	_	_	_	_	_	_	_	_	_	_	_	_	_	
43-18	4758-4759	,	_	_	_	_	_	_	_	_	_	_	_	_	_	_	
43-19	4760-4766	böbrek	_	_	_	_	_	_	_	_	_	_	_	_	_	_	
43-20	4767-4781	boyutlarındaki	_	_	_	_	_	_	_	_	_	_	_	_	_	_	
43-21	4782-4787	artış	_	_	_	_	_	_	_	_	_	_	_	_	_	_	
43-22	4788-4791	ile	_	_	_	_	_	_	_	_	_	_	_	_	_	_	
43-23	4792-4800	birlikte	_	_	_	_	_	_	_	_	_	_	_	_	_	_	
43-24	4801-4806	hafif	_	_	_	_	_	_	_	_	_	_	_	_	_	_	
43-25	4807-4816	ekojenite	_	_	_	_	_	_	_	_	_	_	_	_	_	_	
43-26	4817-4823	artışı	_	_	_	_	_	_	_	_	_	_	_	_	_	_	
43-27	4824-4834	saptanması	_	_	_	_	_	_	_	_	_	_	_	_	_	_	
43-28	4835-4841	böbrek	_	*[19]	*[35]	*[53]	_	_	_	_	_	_	_	_	_	_	
43-29	4842-4857	yetersizliğinin	_	*[19]	*[35]	*[53]	_	*	partOfEvent	43-28[35]	isAnotherFocus	43-28[53]	NegMorMarker	partOfScope	43-28[19]	*	
43-30	4858-4862	akut	_	*[19]	_	_	_	_	_	_	_	_	_	_	_	_	
43-31	4863-4866	bir	_	*[19]	_	_	_	_	_	_	_	_	_	_	_	_	
43-32	4867-4874	süreçte	_	*[19]	_	_	_	_	_	_	_	_	_	_	_	_	
43-33	4875-4886	geliştiğini	_	*[19]	_	_	_	_	_	_	_	_	_	_	_	_	
43-34	4887-4893	işaret	_	_	_	_	_	_	_	_	_	_	_	_	_	_	
43-35	4894-4904	etmekteydi	_	_	_	_	_	_	_	_	_	_	_	_	_	_	
43-36	4904-4905	.	_	_	_	_	_	_	_	_	_	_	_	_	_	_	

#Text=Tübülointerstisyel nefrit (TİN), çocuklarda akut böbrek hasarının önemli bir nedenidir.
44-1	4906-4924	Tübülointerstisyel	_	_	_	_	_	_	_	_	_	_	_	_	_	_	
44-2	4925-4931	nefrit	_	_	_	_	_	_	_	_	_	_	_	_	_	_	
44-3	4932-4933	(	_	_	_	_	_	_	_	_	_	_	_	_	_	_	
44-4	4933-4936	TİN	_	_	_	_	_	_	_	_	_	_	_	_	_	_	
44-5	4936-4937	)	_	_	_	_	_	_	_	_	_	_	_	_	_	_	
44-6	4937-4938	,	_	_	_	_	_	_	_	_	_	_	_	_	_	_	
44-7	4939-4949	çocuklarda	_	_	_	_	_	_	_	_	_	_	_	_	_	_	
44-8	4950-4954	akut	_	_	_	_	_	_	_	_	_	_	_	_	_	_	
44-9	4955-4961	böbrek	_	_	_	_	_	_	_	_	_	_	_	_	_	_	
44-10	4962-4971	hasarının	_	_	_	_	_	_	_	_	_	_	_	_	_	_	
44-11	4972-4978	önemli	_	_	_	_	_	_	_	_	_	_	_	_	_	_	
44-12	4979-4982	bir	_	_	_	_	_	_	_	_	_	_	_	_	_	_	
44-13	4983-4992	nedenidir	_	_	_	_	_	_	_	_	_	_	_	_	_	_	
44-14	4992-4993	.	_	_	_	_	_	_	_	_	_	_	_	_	_	_	

#Text=İlaçlar ve enfektif ajanlar başta olmak üzere otoimmun hastalıklar, sistemik hastalıklar ve Tübülointerstisyel nefrit ve uveit (TİNU) sendromu çocukluk çağında TİN gelişiminde rol oynar.
45-1	4994-5001	İlaçlar	_	_	_	_	_	_	_	_	_	_	_	_	_	_	
45-2	5002-5004	ve	_	_	_	_	_	_	_	_	_	_	_	_	_	_	
45-3	5005-5013	enfektif	_	_	_	_	_	_	_	_	_	_	_	_	_	_	
45-4	5014-5021	ajanlar	_	_	_	_	_	_	_	_	_	_	_	_	_	_	
45-5	5022-5027	başta	_	_	_	_	_	_	_	_	_	_	_	_	_	_	
45-6	5028-5033	olmak	_	_	_	_	_	_	_	_	_	_	_	_	_	_	
45-7	5034-5039	üzere	_	_	_	_	_	_	_	_	_	_	_	_	_	_	
45-8	5040-5048	otoimmun	_	_	_	_	_	_	_	_	_	_	_	_	_	_	
45-9	5049-5060	hastalıklar	_	_	_	_	_	_	_	_	_	_	_	_	_	_	
45-10	5060-5061	,	_	_	_	_	_	_	_	_	_	_	_	_	_	_	
45-11	5062-5070	sistemik	_	_	_	_	_	_	_	_	_	_	_	_	_	_	
45-12	5071-5082	hastalıklar	_	_	_	_	_	_	_	_	_	_	_	_	_	_	
45-13	5083-5085	ve	_	_	_	_	_	_	_	_	_	_	_	_	_	_	
45-14	5086-5104	Tübülointerstisyel	_	_	_	_	_	_	_	_	_	_	_	_	_	_	
45-15	5105-5111	nefrit	_	_	_	_	_	_	_	_	_	_	_	_	_	_	
45-16	5112-5114	ve	_	_	_	_	_	_	_	_	_	_	_	_	_	_	
45-17	5115-5120	uveit	_	_	_	_	_	_	_	_	_	_	_	_	_	_	
45-18	5121-5122	(	_	_	_	_	_	_	_	_	_	_	_	_	_	_	
45-19	5122-5126	TİNU	_	_	_	_	_	_	_	_	_	_	_	_	_	_	
45-20	5126-5127	)	_	_	_	_	_	_	_	_	_	_	_	_	_	_	
45-21	5128-5136	sendromu	_	_	_	_	_	_	_	_	_	_	_	_	_	_	
45-22	5137-5145	çocukluk	_	_	_	_	_	_	_	_	_	_	_	_	_	_	
45-23	5146-5153	çağında	_	_	_	_	_	_	_	_	_	_	_	_	_	_	
45-24	5154-5157	TİN	_	_	_	_	_	_	_	_	_	_	_	_	_	_	
45-25	5158-5169	gelişiminde	_	_	_	_	_	_	_	_	_	_	_	_	_	_	
45-26	5170-5173	rol	_	_	_	_	_	_	_	_	_	_	_	_	_	_	
45-27	5174-5179	oynar	_	_	_	_	_	_	_	_	_	_	_	_	_	_	
45-28	5179-5180	.	_	_	_	_	_	_	_	_	_	_	_	_	_	_	

#Text=Hastamızda TİN etyolojisini araştırıldığında kist hidatik hastalığı dışında herhangi ilaç kullanımı, akut veya kronik sistemik hastalığa ait bir bulgu elde edemedik.
46-1	5181-5191	Hastamızda	_	*[20]	_	*[54]	_	_	_	_	_	_	_	_	_	_	
46-2	5192-5195	TİN	_	*[20]	_	*[54]	_	_	_	_	_	_	_	_	_	_	
46-3	5196-5208	etyolojisini	_	*[20]	_	*[54]	_	_	_	_	_	_	_	_	_	_	
46-4	5209-5225	araştırıldığında	_	*[20]	_	*[54]	_	_	_	_	_	_	_	_	_	_	
46-5	5226-5230	kist	_	*[20]|*[21]	*[36]	*[55]	_	_	_	_	_	_	_	_	_	_	
46-6	5231-5238	hidatik	_	*[20]|*[21]	*[36]	*[55]	_	_	_	_	_	_	_	_	_	_	
46-7	5239-5248	hastalığı	_	*[20]|*[21]	*[36]	*[55]	_	_	_	_	_	_	_	_	_	_	
46-8	5249-5256	dışında	_	*[20]	_	_	_	*	partOfEvent	46-5[36]	isAnotherFocus	46-5[55]	NegLexMarker	partOfScope;partOfScope	46-9[22];46-5[21]	*	
46-9	5257-5265	herhangi	_	*[20]|*[22]	_	_	_	_	_	_	_	_	_	_	_	_	
46-10	5266-5270	ilaç	_	*[20]|*[22]	_	_	_	_	_	_	_	_	_	_	_	_	
46-11	5271-5280	kullanımı	_	*[20]|*[22]	_	_	_	_	_	_	_	_	_	_	_	_	
46-12	5280-5281	,	_	*[20]	_	_	_	_	_	_	_	_	_	_	_	_	
46-13	5282-5286	akut	_	*[20]	_	_	_	_	_	_	_	_	_	_	_	_	
46-14	5287-5291	veya	_	*[20]	_	_	_	_	_	_	_	_	_	_	_	_	
46-15	5292-5298	kronik	_	*[20]	_	_	_	_	_	_	_	_	_	_	_	_	
46-16	5299-5307	sistemik	_	*[20]	_	_	_	_	_	_	_	_	_	_	_	_	
46-17	5308-5317	hastalığa	_	*[20]	_	_	_	_	_	_	_	_	_	_	_	_	
46-18	5318-5321	ait	_	*[20]	_	_	_	_	_	_	_	_	_	_	_	_	
46-19	5322-5325	bir	_	*[20]	_	_	_	_	_	_	_	_	_	_	_	_	
46-20	5326-5331	bulgu	_	*[20]	_	_	_	_	_	_	_	_	_	_	_	_	
46-21	5332-5336	elde	_	*[20]	*[37]	_	_	_	_	_	_	_	_	_	_	_	
46-22	5337-5345	edemedik	_	*[20]	*[37]	_	_	*	partOfEvent	46-21[37]	isAnotherFocus	46-1[54]	NegMorMarker	partOfScope	46-1[20]	*	
46-23	5345-5346	.	_	_	_	_	_	_	_	_	_	_	_	_	_	_	

#Text=Böylece hastamızda gelişen TİN’e bağlı akut böbrek hasarını karaciğer kist hidatik hastalığına bağlı ikincil böbrek hasarı olarak yorumladık.
47-1	5347-5354	Böylece	_	_	_	_	_	_	_	_	_	_	_	_	_	_	
47-2	5355-5365	hastamızda	_	_	_	_	_	_	_	_	_	_	_	_	_	_	
47-3	5366-5373	gelişen	_	_	_	_	_	_	_	_	_	_	_	_	_	_	
47-4	5374-5377	TİN	_	_	_	_	_	_	_	_	_	_	_	_	_	_	
47-5	5377-5378	’	_	_	_	_	_	_	_	_	_	_	_	_	_	_	
47-6	5378-5379	e	_	_	_	_	_	_	_	_	_	_	_	_	_	_	
47-7	5380-5385	bağlı	_	_	_	_	_	_	_	_	_	_	_	_	_	_	
47-8	5386-5390	akut	_	_	_	_	_	_	_	_	_	_	_	_	_	_	
47-9	5391-5397	böbrek	_	_	_	_	_	_	_	_	_	_	_	_	_	_	
47-10	5398-5406	hasarını	_	_	_	_	_	_	_	_	_	_	_	_	_	_	
47-11	5407-5416	karaciğer	_	_	_	_	_	_	_	_	_	_	_	_	_	_	
47-12	5417-5421	kist	_	_	_	_	_	_	_	_	_	_	_	_	_	_	
47-13	5422-5429	hidatik	_	_	_	_	_	_	_	_	_	_	_	_	_	_	
47-14	5430-5441	hastalığına	_	_	_	_	_	_	_	_	_	_	_	_	_	_	
47-15	5442-5447	bağlı	_	_	_	_	_	_	_	_	_	_	_	_	_	_	
47-16	5448-5455	ikincil	_	_	_	_	_	_	_	_	_	_	_	_	_	_	
47-17	5456-5462	böbrek	_	_	_	_	_	_	_	_	_	_	_	_	_	_	
47-18	5463-5469	hasarı	_	_	_	_	_	_	_	_	_	_	_	_	_	_	
47-19	5470-5476	olarak	_	_	_	_	_	_	_	_	_	_	_	_	_	_	
47-20	5477-5487	yorumladık	_	_	_	_	_	_	_	_	_	_	_	_	_	_	
47-21	5487-5488	.	_	_	_	_	_	_	_	_	_	_	_	_	_	_	

#Text=Karaciğer kist hidatiğine yönelik yapılan tıbbi ve girişimsel tedavi sonrası izlem sürecinde serum kreatinin düzeylerinde kendiliğinden gerileme olması tanımızı desteklemekte idi.
48-1	5489-5498	Karaciğer	_	_	_	_	_	_	_	_	_	_	_	_	_	_	
48-2	5499-5503	kist	_	_	_	_	_	_	_	_	_	_	_	_	_	_	
48-3	5504-5514	hidatiğine	_	_	_	_	_	_	_	_	_	_	_	_	_	_	
48-4	5515-5522	yönelik	_	_	_	_	_	_	_	_	_	_	_	_	_	_	
48-5	5523-5530	yapılan	_	_	_	_	_	_	_	_	_	_	_	_	_	_	
48-6	5531-5536	tıbbi	_	_	_	_	_	_	_	_	_	_	_	_	_	_	
48-7	5537-5539	ve	_	_	_	_	_	_	_	_	_	_	_	_	_	_	
48-8	5540-5550	girişimsel	_	_	_	_	_	_	_	_	_	_	_	_	_	_	
48-9	5551-5557	tedavi	_	_	_	_	_	_	_	_	_	_	_	_	_	_	
48-10	5558-5565	sonrası	_	_	_	_	_	_	_	_	_	_	_	_	_	_	
48-11	5566-5571	izlem	_	_	_	_	_	_	_	_	_	_	_	_	_	_	
48-12	5572-5581	sürecinde	_	_	_	_	_	_	_	_	_	_	_	_	_	_	
48-13	5582-5587	serum	_	_	_	_	_	_	_	_	_	_	_	_	_	_	
48-14	5588-5597	kreatinin	_	_	_	_	_	_	_	_	_	_	_	_	_	_	
48-15	5598-5610	düzeylerinde	_	_	_	_	_	_	_	_	_	_	_	_	_	_	
48-16	5611-5624	kendiliğinden	_	_	_	_	_	_	_	_	_	_	_	_	_	_	
48-17	5625-5633	gerileme	_	_	_	_	_	_	_	_	_	_	_	_	_	_	
48-18	5634-5640	olması	_	_	_	_	_	_	_	_	_	_	_	_	_	_	
48-19	5641-5649	tanımızı	_	_	_	_	_	_	_	_	_	_	_	_	_	_	
48-20	5650-5663	desteklemekte	_	_	_	_	_	_	_	_	_	_	_	_	_	_	
48-21	5664-5667	idi	_	_	_	_	_	_	_	_	_	_	_	_	_	_	
48-22	5667-5668	.	_	_	_	_	_	_	_	_	_	_	_	_	_	_	

#Text=Hidatik kistler, insanlarda parankimal dokularda yıllar içerisinde yavaş bir büyüme gösterirler ve sıklıkla belli bir boyuta ulaştıktan sonra komşu organlara yaptıkları basıya bağlı belirtiler verirler.
49-1	5669-5676	Hidatik	_	_	_	_	_	_	_	_	_	_	_	_	_	_	
49-2	5677-5684	kistler	_	_	_	_	_	_	_	_	_	_	_	_	_	_	
49-3	5684-5685	,	_	_	_	_	_	_	_	_	_	_	_	_	_	_	
49-4	5686-5696	insanlarda	_	_	_	_	_	_	_	_	_	_	_	_	_	_	
49-5	5697-5707	parankimal	_	_	_	_	_	_	_	_	_	_	_	_	_	_	
49-6	5708-5717	dokularda	_	_	_	_	_	_	_	_	_	_	_	_	_	_	
49-7	5718-5724	yıllar	_	_	_	_	_	_	_	_	_	_	_	_	_	_	
49-8	5725-5735	içerisinde	_	_	_	_	_	_	_	_	_	_	_	_	_	_	
49-9	5736-5741	yavaş	_	_	_	_	_	_	_	_	_	_	_	_	_	_	
49-10	5742-5745	bir	_	_	_	_	_	_	_	_	_	_	_	_	_	_	
49-11	5746-5752	büyüme	_	_	_	_	_	_	_	_	_	_	_	_	_	_	
49-12	5753-5764	gösterirler	_	_	_	_	_	_	_	_	_	_	_	_	_	_	
49-13	5765-5767	ve	_	_	_	_	_	_	_	_	_	_	_	_	_	_	
49-14	5768-5776	sıklıkla	_	_	_	_	_	_	_	_	_	_	_	_	_	_	
49-15	5777-5782	belli	_	_	_	_	_	_	_	_	_	_	_	_	_	_	
49-16	5783-5786	bir	_	_	_	_	_	_	_	_	_	_	_	_	_	_	
49-17	5787-5793	boyuta	_	_	_	_	_	_	_	_	_	_	_	_	_	_	
49-18	5794-5804	ulaştıktan	_	_	_	_	_	_	_	_	_	_	_	_	_	_	
49-19	5805-5810	sonra	_	_	_	_	_	_	_	_	_	_	_	_	_	_	
49-20	5811-5816	komşu	_	_	_	_	_	_	_	_	_	_	_	_	_	_	
49-21	5817-5826	organlara	_	_	_	_	_	_	_	_	_	_	_	_	_	_	
49-22	5827-5837	yaptıkları	_	_	_	_	_	_	_	_	_	_	_	_	_	_	
49-23	5838-5844	basıya	_	_	_	_	_	_	_	_	_	_	_	_	_	_	
49-24	5845-5850	bağlı	_	_	_	_	_	_	_	_	_	_	_	_	_	_	
49-25	5851-5861	belirtiler	_	_	_	_	_	_	_	_	_	_	_	_	_	_	
49-26	5862-5870	verirler	_	_	_	_	_	_	_	_	_	_	_	_	_	_	
49-27	5870-5871	.	_	_	_	_	_	_	_	_	_	_	_	_	_	_	

#Text=Diğer yandan nadir de olsa doğrudan invazyon olmaksızın enfestasyonun sistemik etkileri veya immun yanıta bağlı olarak ikincil organ hasarına neden olabilirler.
50-1	5872-5877	Diğer	_	_	_	_	_	_	_	_	_	_	_	_	_	_	
50-2	5878-5884	yandan	_	_	_	_	_	_	_	_	_	_	_	_	_	_	
50-3	5885-5890	nadir	_	*[23]	_	*[56]	_	_	_	_	_	_	_	_	_	_	
50-4	5891-5893	de	_	*[23]	_	*[56]	_	_	_	_	_	_	_	_	_	_	
50-5	5894-5898	olsa	_	*[23]	_	*[56]	_	_	_	_	_	_	_	_	_	_	
50-6	5899-5907	doğrudan	_	*[23]	_	_	_	_	_	_	_	_	_	_	_	_	
50-7	5908-5916	invazyon	_	*[23]	_	_	_	_	_	_	_	_	_	_	_	_	
50-8	5917-5927	olmaksızın	_	*[23]	*	_	_	*	partOfEvent	50-8	isAnotherFocus	50-3[56]	NegMorMarker	partOfScope	50-3[23]	*	
50-9	5928-5941	enfestasyonun	_	_	_	_	_	_	_	_	_	_	_	_	_	_	
50-10	5942-5950	sistemik	_	_	_	_	_	_	_	_	_	_	_	_	_	_	
50-11	5951-5959	etkileri	_	_	_	_	_	_	_	_	_	_	_	_	_	_	
50-12	5960-5964	veya	_	_	_	_	_	_	_	_	_	_	_	_	_	_	
50-13	5965-5970	immun	_	_	_	_	_	_	_	_	_	_	_	_	_	_	
50-14	5971-5977	yanıta	_	_	_	_	_	_	_	_	_	_	_	_	_	_	
50-15	5978-5983	bağlı	_	_	_	_	_	_	_	_	_	_	_	_	_	_	
50-16	5984-5990	olarak	_	_	_	_	_	_	_	_	_	_	_	_	_	_	
50-17	5991-5998	ikincil	_	_	_	_	_	_	_	_	_	_	_	_	_	_	
50-18	5999-6004	organ	_	_	_	_	_	_	_	_	_	_	_	_	_	_	
50-19	6005-6013	hasarına	_	_	_	_	_	_	_	_	_	_	_	_	_	_	
50-20	6014-6019	neden	_	_	_	_	_	_	_	_	_	_	_	_	_	_	
50-21	6020-6031	olabilirler	_	_	_	_	_	_	_	_	_	_	_	_	_	_	
50-22	6031-6032	.	_	_	_	_	_	_	_	_	_	_	_	_	_	_	

#Text=Vialtel ve ark glomerüllerde ekinokok antijen ve antikorlarını saptayarak ikincil böbrek hasarının gelişiminde immunkompleks oluşumunun rolünü göstermişlerdir.
51-1	6033-6040	Vialtel	_	_	_	_	_	_	_	_	_	_	_	_	_	_	
51-2	6041-6043	ve	_	_	_	_	_	_	_	_	_	_	_	_	_	_	
51-3	6044-6047	ark	_	_	_	_	_	_	_	_	_	_	_	_	_	_	
51-4	6048-6061	glomerüllerde	_	_	_	_	_	_	_	_	_	_	_	_	_	_	
51-5	6062-6070	ekinokok	_	_	_	_	_	_	_	_	_	_	_	_	_	_	
51-6	6071-6078	antijen	_	_	_	_	_	_	_	_	_	_	_	_	_	_	
51-7	6079-6081	ve	_	_	_	_	_	_	_	_	_	_	_	_	_	_	
51-8	6082-6095	antikorlarını	_	_	_	_	_	_	_	_	_	_	_	_	_	_	
51-9	6096-6106	saptayarak	_	_	_	_	_	_	_	_	_	_	_	_	_	_	
51-10	6107-6114	ikincil	_	_	_	_	_	_	_	_	_	_	_	_	_	_	
51-11	6115-6121	böbrek	_	_	_	_	_	_	_	_	_	_	_	_	_	_	
51-12	6122-6131	hasarının	_	_	_	_	_	_	_	_	_	_	_	_	_	_	
51-13	6132-6143	gelişiminde	_	_	_	_	_	_	_	_	_	_	_	_	_	_	
51-14	6144-6157	immunkompleks	_	_	_	_	_	_	_	_	_	_	_	_	_	_	
51-15	6158-6168	oluşumunun	_	_	_	_	_	_	_	_	_	_	_	_	_	_	
51-16	6169-6175	rolünü	_	_	_	_	_	_	_	_	_	_	_	_	_	_	
51-17	6176-6191	göstermişlerdir	_	_	_	_	_	_	_	_	_	_	_	_	_	_	
51-18	6191-6192	.	_	_	_	_	_	_	_	_	_	_	_	_	_	_	

#Text=Karaciğer kist hidatik hastalığı sonrası membranöz glomerülopati, mezangioroliferatif glomerülonefrit, minimal lezyon hastalığı ve akut postinfeksiyoz glomerülonefrit gelişen hastalar daha önce bildirilmiştir.
52-1	6193-6202	Karaciğer	_	_	_	_	_	_	_	_	_	_	_	_	_	_	
52-2	6203-6207	kist	_	_	_	_	_	_	_	_	_	_	_	_	_	_	
52-3	6208-6215	hidatik	_	_	_	_	_	_	_	_	_	_	_	_	_	_	
52-4	6216-6225	hastalığı	_	_	_	_	_	_	_	_	_	_	_	_	_	_	
52-5	6226-6233	sonrası	_	_	_	_	_	_	_	_	_	_	_	_	_	_	
52-6	6234-6243	membranöz	_	_	_	_	_	_	_	_	_	_	_	_	_	_	
52-7	6244-6257	glomerülopati	_	_	_	_	_	_	_	_	_	_	_	_	_	_	
52-8	6257-6258	,	_	_	_	_	_	_	_	_	_	_	_	_	_	_	
52-9	6259-6278	mezangioroliferatif	_	_	_	_	_	_	_	_	_	_	_	_	_	_	
52-10	6279-6294	glomerülonefrit	_	_	_	_	_	_	_	_	_	_	_	_	_	_	
52-11	6294-6295	,	_	_	_	_	_	_	_	_	_	_	_	_	_	_	
52-12	6296-6303	minimal	_	_	_	_	_	_	_	_	_	_	_	_	_	_	
52-13	6304-6310	lezyon	_	_	_	_	_	_	_	_	_	_	_	_	_	_	
52-14	6311-6320	hastalığı	_	_	_	_	_	_	_	_	_	_	_	_	_	_	
52-15	6321-6323	ve	_	_	_	_	_	_	_	_	_	_	_	_	_	_	
52-16	6324-6328	akut	_	_	_	_	_	_	_	_	_	_	_	_	_	_	
52-17	6329-6343	postinfeksiyoz	_	_	_	_	_	_	_	_	_	_	_	_	_	_	
52-18	6344-6359	glomerülonefrit	_	_	_	_	_	_	_	_	_	_	_	_	_	_	
52-19	6360-6367	gelişen	_	_	_	_	_	_	_	_	_	_	_	_	_	_	
52-20	6368-6376	hastalar	_	_	_	_	_	_	_	_	_	_	_	_	_	_	
52-21	6377-6381	daha	_	_	_	_	_	_	_	_	_	_	_	_	_	_	
52-22	6382-6386	önce	_	_	_	_	_	_	_	_	_	_	_	_	_	_	
52-23	6387-6401	bildirilmiştir	_	_	_	_	_	_	_	_	_	_	_	_	_	_	
52-24	6401-6402	.	_	_	_	_	_	_	_	_	_	_	_	_	_	_	

#Text=Sürekli ekinokok antijen sunumuna karşı gelişen antikor yanıtı ile glomerül bazal membranda antijen-antikor birikimi gelişebilir.
53-1	6403-6410	Sürekli	_	_	_	_	_	_	_	_	_	_	_	_	_	_	
53-2	6411-6419	ekinokok	_	_	_	_	_	_	_	_	_	_	_	_	_	_	
53-3	6420-6427	antijen	_	_	_	_	_	_	_	_	_	_	_	_	_	_	
53-4	6428-6436	sunumuna	_	_	_	_	_	_	_	_	_	_	_	_	_	_	
53-5	6437-6442	karşı	_	_	_	_	_	_	_	_	_	_	_	_	_	_	
53-6	6443-6450	gelişen	_	_	_	_	_	_	_	_	_	_	_	_	_	_	
53-7	6451-6458	antikor	_	_	_	_	_	_	_	_	_	_	_	_	_	_	
53-8	6459-6465	yanıtı	_	_	_	_	_	_	_	_	_	_	_	_	_	_	
53-9	6466-6469	ile	_	_	_	_	_	_	_	_	_	_	_	_	_	_	
53-10	6470-6478	glomerül	_	_	_	_	_	_	_	_	_	_	_	_	_	_	
53-11	6479-6484	bazal	_	_	_	_	_	_	_	_	_	_	_	_	_	_	
53-12	6485-6494	membranda	_	_	_	_	_	_	_	_	_	_	_	_	_	_	
53-13	6495-6510	antijen-antikor	_	_	_	_	_	_	_	_	_	_	_	_	_	_	
53-14	6511-6519	birikimi	_	_	_	_	_	_	_	_	_	_	_	_	_	_	
53-15	6520-6531	gelişebilir	_	_	_	_	_	_	_	_	_	_	_	_	_	_	
53-16	6531-6532	.	_	_	_	_	_	_	_	_	_	_	_	_	_	_	

#Text=Bu süreçte konakçı, monositer fagositoz, doğal öldürücü hücrelerin sunumu ve alternan kompleman aktivasyonu gibi doğal immun mekanizmalar ile paraziti yok etmeye çalışır.
54-1	6533-6535	Bu	_	_	_	_	_	_	_	_	_	_	_	_	_	_	
54-2	6536-6543	süreçte	_	_	_	_	_	_	_	_	_	_	_	_	_	_	
54-3	6544-6551	konakçı	_	_	_	_	_	_	_	_	_	_	_	_	_	_	
54-4	6551-6552	,	_	_	_	_	_	_	_	_	_	_	_	_	_	_	
54-5	6553-6562	monositer	_	*[24]	_	*[57]	_	_	_	_	_	_	_	_	_	_	
54-6	6563-6572	fagositoz	_	*[24]	_	*[57]	_	_	_	_	_	_	_	_	_	_	
54-7	6572-6573	,	_	*[24]	_	*[57]	_	_	_	_	_	_	_	_	_	_	
54-8	6574-6579	doğal	_	*[24]	_	*[57]	_	_	_	_	_	_	_	_	_	_	
54-9	6580-6588	öldürücü	_	*[24]	_	*[57]	_	_	_	_	_	_	_	_	_	_	
54-10	6589-6599	hücrelerin	_	*[24]	_	*[57]	_	_	_	_	_	_	_	_	_	_	
54-11	6600-6606	sunumu	_	*[24]	_	*[57]	_	_	_	_	_	_	_	_	_	_	
54-12	6607-6609	ve	_	*[24]	_	*[57]	_	_	_	_	_	_	_	_	_	_	
54-13	6610-6618	alternan	_	*[24]	_	*[57]	_	_	_	_	_	_	_	_	_	_	
54-14	6619-6628	kompleman	_	*[24]	_	*[57]	_	_	_	_	_	_	_	_	_	_	
54-15	6629-6640	aktivasyonu	_	*[24]	_	*[57]	_	_	_	_	_	_	_	_	_	_	
54-16	6641-6645	gibi	_	*[24]	_	*[57]	_	_	_	_	_	_	_	_	_	_	
54-17	6646-6651	doğal	_	*[24]	_	*[57]	_	_	_	_	_	_	_	_	_	_	
54-18	6652-6657	immun	_	*[24]	_	*[57]	_	_	_	_	_	_	_	_	_	_	
54-19	6658-6670	mekanizmalar	_	*[24]	_	*[57]	_	_	_	_	_	_	_	_	_	_	
54-20	6671-6674	ile	_	*[24]	_	*[57]	_	_	_	_	_	_	_	_	_	_	
54-21	6675-6683	paraziti	_	*[24]	*	_	_	_	_	_	_	_	_	_	_	_	
54-22	6684-6687	yok	_	*[24]	_	_	_	*	partOfEvent	54-21	isAnotherFocus	54-5[57]	NegLexMarker	partOfScope	54-5[24]	*	
54-23	6688-6694	etmeye	_	*[24]	_	_	_	_	_	_	_	_	_	_	_	_	
54-24	6695-6702	çalışır	_	_	_	_	_	_	_	_	_	_	_	_	_	_	
54-25	6702-6703	.	_	_	_	_	_	_	_	_	_	_	_	_	_	_	

#Text=Hidatik kist ve TİN birlikteliği daha önce çok az sayıda çalışmada tanımlanmıştır.
55-1	6704-6711	Hidatik	_	_	_	_	_	_	_	_	_	_	_	_	_	_	
55-2	6712-6716	kist	_	_	_	_	_	_	_	_	_	_	_	_	_	_	
55-3	6717-6719	ve	_	_	_	_	_	_	_	_	_	_	_	_	_	_	
55-4	6720-6723	TİN	_	_	_	_	_	_	_	_	_	_	_	_	_	_	
55-5	6724-6736	birlikteliği	_	_	_	_	_	_	_	_	_	_	_	_	_	_	
55-6	6737-6741	daha	_	_	_	_	_	_	_	_	_	_	_	_	_	_	
55-7	6742-6746	önce	_	_	_	_	_	_	_	_	_	_	_	_	_	_	
55-8	6747-6750	çok	_	_	_	_	_	_	_	_	_	_	_	_	_	_	
55-9	6751-6753	az	_	_	_	_	_	_	_	_	_	_	_	_	_	_	
55-10	6754-6760	sayıda	_	_	_	_	_	_	_	_	_	_	_	_	_	_	
55-11	6761-6770	çalışmada	_	_	_	_	_	_	_	_	_	_	_	_	_	_	
55-12	6771-6785	tanımlanmıştır	_	_	_	_	_	_	_	_	_	_	_	_	_	_	
55-13	6785-6786	.	_	_	_	_	_	_	_	_	_	_	_	_	_	_	

#Text=Nickavar dev renal hidatik kisti olan bir hastada TİN geliştiğini göstermiş ve bu hastaya albendazol ve kortikosteroid başlandığını ancak sonuç olarak nefrektomi uygulandığını bildirmiştir.
56-1	6787-6795	Nickavar	_	_	_	_	_	_	_	_	_	_	_	_	_	_	
56-2	6796-6799	dev	_	_	_	_	_	_	_	_	_	_	_	_	_	_	
56-3	6800-6805	renal	_	_	_	_	_	_	_	_	_	_	_	_	_	_	
56-4	6806-6813	hidatik	_	_	_	_	_	_	_	_	_	_	_	_	_	_	
56-5	6814-6819	kisti	_	_	_	_	_	_	_	_	_	_	_	_	_	_	
56-6	6820-6824	olan	_	_	_	_	_	_	_	_	_	_	_	_	_	_	
56-7	6825-6828	bir	_	_	_	_	_	_	_	_	_	_	_	_	_	_	
56-8	6829-6836	hastada	_	_	_	_	_	_	_	_	_	_	_	_	_	_	
56-9	6837-6840	TİN	_	_	_	_	_	_	_	_	_	_	_	_	_	_	
56-10	6841-6852	geliştiğini	_	_	_	_	_	_	_	_	_	_	_	_	_	_	
56-11	6853-6862	göstermiş	_	_	_	_	_	_	_	_	_	_	_	_	_	_	
56-12	6863-6865	ve	_	_	_	_	_	_	_	_	_	_	_	_	_	_	
56-13	6866-6868	bu	_	_	_	_	_	_	_	_	_	_	_	_	_	_	
56-14	6869-6876	hastaya	_	_	_	_	_	_	_	_	_	_	_	_	_	_	
56-15	6877-6887	albendazol	_	_	_	_	_	_	_	_	_	_	_	_	_	_	
56-16	6888-6890	ve	_	_	_	_	_	_	_	_	_	_	_	_	_	_	
56-17	6891-6905	kortikosteroid	_	_	_	_	_	_	_	_	_	_	_	_	_	_	
56-18	6906-6918	başlandığını	_	_	_	_	_	_	_	_	_	_	_	_	_	_	
56-19	6919-6924	ancak	_	_	_	_	_	_	_	_	_	_	_	_	_	_	
56-20	6925-6930	sonuç	_	_	_	_	_	_	_	_	_	_	_	_	_	_	
56-21	6931-6937	olarak	_	_	_	_	_	_	_	_	_	_	_	_	_	_	
56-22	6938-6948	nefrektomi	_	_	_	_	_	_	_	_	_	_	_	_	_	_	
56-23	6949-6962	uygulandığını	_	_	_	_	_	_	_	_	_	_	_	_	_	_	
56-24	6963-6975	bildirmiştir	_	_	_	_	_	_	_	_	_	_	_	_	_	_	
56-25	6975-6976	.	_	_	_	_	_	_	_	_	_	_	_	_	_	_	

#Text=Diğer organlarda Ekinokok saptanan hastalarda ikincil TİN gelişimi ise çok daha az bilinen bir durumdur.
57-1	6977-6982	Diğer	_	_	_	_	_	_	_	_	_	_	_	_	_	_	
57-2	6983-6993	organlarda	_	_	_	_	_	_	_	_	_	_	_	_	_	_	
57-3	6994-7002	Ekinokok	_	_	_	_	_	_	_	_	_	_	_	_	_	_	
57-4	7003-7011	saptanan	_	_	_	_	_	_	_	_	_	_	_	_	_	_	
57-5	7012-7022	hastalarda	_	_	_	_	_	_	_	_	_	_	_	_	_	_	
57-6	7023-7030	ikincil	_	_	_	_	_	_	_	_	_	_	_	_	_	_	
57-7	7031-7034	TİN	_	_	_	_	_	_	_	_	_	_	_	_	_	_	
57-8	7035-7043	gelişimi	_	_	_	_	_	_	_	_	_	_	_	_	_	_	
57-9	7044-7047	ise	_	_	_	_	_	_	_	_	_	_	_	_	_	_	
57-10	7048-7051	çok	_	_	_	_	_	_	_	_	_	_	_	_	_	_	
57-11	7052-7056	daha	_	_	_	_	_	_	_	_	_	_	_	_	_	_	
57-12	7057-7059	az	_	_	_	_	_	_	_	_	_	_	_	_	_	_	
57-13	7060-7067	bilinen	_	_	_	_	_	_	_	_	_	_	_	_	_	_	
57-14	7068-7071	bir	_	_	_	_	_	_	_	_	_	_	_	_	_	_	
57-15	7072-7080	durumdur	_	_	_	_	_	_	_	_	_	_	_	_	_	_	
57-16	7080-7081	.	_	_	_	_	_	_	_	_	_	_	_	_	_	_	

#Text=Aziz ve ark dev karaciğer kist hidatiğine bağlı mezangioproliferatif glomerülonefrit ve TİN gelişen bir hasta bildirmişlerdir.
58-1	7082-7086	Aziz	_	_	_	_	_	_	_	_	_	_	_	_	_	_	
58-2	7087-7089	ve	_	_	_	_	_	_	_	_	_	_	_	_	_	_	
58-3	7090-7093	ark	_	_	_	_	_	_	_	_	_	_	_	_	_	_	
58-4	7094-7097	dev	_	_	_	_	_	_	_	_	_	_	_	_	_	_	
58-5	7098-7107	karaciğer	_	_	_	_	_	_	_	_	_	_	_	_	_	_	
58-6	7108-7112	kist	_	_	_	_	_	_	_	_	_	_	_	_	_	_	
58-7	7113-7123	hidatiğine	_	_	_	_	_	_	_	_	_	_	_	_	_	_	
58-8	7124-7129	bağlı	_	_	_	_	_	_	_	_	_	_	_	_	_	_	
58-9	7130-7150	mezangioproliferatif	_	_	_	_	_	_	_	_	_	_	_	_	_	_	
58-10	7151-7166	glomerülonefrit	_	_	_	_	_	_	_	_	_	_	_	_	_	_	
58-11	7167-7169	ve	_	_	_	_	_	_	_	_	_	_	_	_	_	_	
58-12	7170-7173	TİN	_	_	_	_	_	_	_	_	_	_	_	_	_	_	
58-13	7174-7181	gelişen	_	_	_	_	_	_	_	_	_	_	_	_	_	_	
58-14	7182-7185	bir	_	_	_	_	_	_	_	_	_	_	_	_	_	_	
58-15	7186-7191	hasta	_	_	_	_	_	_	_	_	_	_	_	_	_	_	
58-16	7192-7207	bildirmişlerdir	_	_	_	_	_	_	_	_	_	_	_	_	_	_	
58-17	7207-7208	.	_	_	_	_	_	_	_	_	_	_	_	_	_	_	

#Text=Altay ve ark ise kist rezeksiyonunu takiben iyileşen izole TİN olan bir erişkin kadın hastayı olgu serilerinde tanımlamışlardır.
59-1	7209-7214	Altay	_	_	_	_	_	_	_	_	_	_	_	_	_	_	
59-2	7215-7217	ve	_	_	_	_	_	_	_	_	_	_	_	_	_	_	
59-3	7218-7221	ark	_	_	_	_	_	_	_	_	_	_	_	_	_	_	
59-4	7222-7225	ise	_	_	_	_	_	_	_	_	_	_	_	_	_	_	
59-5	7226-7230	kist	_	*	*	*	_	_	_	_	_	_	_	_	_	_	
59-6	7231-7244	rezeksiyonunu	_	_	_	_	_	*	partOfEvent	59-5	isAnotherFocus	59-5	NegLexMarker	partOfScope;partOfScope;partOfScope	59-5;59-7[25];59-12[26]	*	
59-7	7245-7252	takiben	_	*[25]	_	_	_	_	_	_	_	_	_	_	_	_	
59-8	7253-7261	iyileşen	_	*[25]	_	_	_	_	_	_	_	_	_	_	_	_	
59-9	7262-7267	izole	_	_	_	_	_	_	_	_	_	_	_	_	_	_	
59-10	7268-7271	TİN	_	_	_	_	_	_	_	_	_	_	_	_	_	_	
59-11	7272-7276	olan	_	_	_	_	_	_	_	_	_	_	_	_	_	_	
59-12	7277-7280	bir	_	*[26]	_	_	_	_	_	_	_	_	_	_	_	_	
59-13	7281-7288	erişkin	_	*[26]	_	_	_	_	_	_	_	_	_	_	_	_	
59-14	7289-7294	kadın	_	*[26]	_	_	_	_	_	_	_	_	_	_	_	_	
59-15	7295-7302	hastayı	_	*[26]	_	_	_	_	_	_	_	_	_	_	_	_	
59-16	7303-7307	olgu	_	_	_	_	_	_	_	_	_	_	_	_	_	_	
59-17	7308-7319	serilerinde	_	_	_	_	_	_	_	_	_	_	_	_	_	_	
59-18	7320-7336	tanımlamışlardır	_	_	_	_	_	_	_	_	_	_	_	_	_	_	
59-19	7336-7337	.	_	_	_	_	_	_	_	_	_	_	_	_	_	_	

#Text=Bizim hastamızda da hematüri, nefrotik proteinüri ve hipoalbüminemi gibi glomerüler tutulumu düşündürecek bulgular yoktu.
60-1	7338-7343	Bizim	_	*[27]	_	_	_	_	_	_	_	_	_	_	_	_	
60-2	7344-7354	hastamızda	_	*[27]	_	_	_	_	_	_	_	_	_	_	_	_	
60-3	7355-7357	da	_	*[27]	_	_	_	_	_	_	_	_	_	_	_	_	
60-4	7358-7366	hematüri	_	*[27]	_	*[58]	_	_	_	_	_	_	_	_	_	_	
60-5	7366-7367	,	_	*[27]	_	*[58]	_	_	_	_	_	_	_	_	_	_	
60-6	7368-7376	nefrotik	_	*[27]	_	*[58]	_	_	_	_	_	_	_	_	_	_	
60-7	7377-7387	proteinüri	_	*[27]	_	*[58]	_	_	_	_	_	_	_	_	_	_	
60-8	7388-7390	ve	_	*[27]	_	*[58]	_	_	_	_	_	_	_	_	_	_	
60-9	7391-7405	hipoalbüminemi	_	*[27]	_	*[58]	_	_	_	_	_	_	_	_	_	_	
60-10	7406-7410	gibi	_	*[27]	_	*[58]	_	_	_	_	_	_	_	_	_	_	
60-11	7411-7421	glomerüler	_	*[27]	_	*[58]	_	_	_	_	_	_	_	_	_	_	
60-12	7422-7430	tutulumu	_	*[27]	_	*[58]	_	_	_	_	_	_	_	_	_	_	
60-13	7431-7443	düşündürecek	_	*[27]	_	*[58]	_	_	_	_	_	_	_	_	_	_	
60-14	7444-7452	bulgular	_	*[27]	*	*[58]	_	_	_	_	_	_	_	_	_	_	
60-15	7453-7458	yoktu	_	_	_	_	_	*	partOfEvent	60-14	isAnotherFocus	60-4[58]	NegLexMarker	partOfScope	60-1[27]	*	
60-16	7458-7459	.	_	_	_	_	_	_	_	_	_	_	_	_	_	_	

#Text=Albendazol tedavisi ile birlikte PAİR girişimi geçiren hastanın mevcut tübülointerstisyel bulguları kısa sürede düzelme eğilimi gösterdiğinden biyopsi yapılmadan hasta izlendi.
61-1	7460-7470	Albendazol	_	*[28]	_	*[59]	_	_	_	_	_	_	_	_	_	_	
61-2	7471-7479	tedavisi	_	*[28]	_	*[59]	_	_	_	_	_	_	_	_	_	_	
61-3	7480-7483	ile	_	*[28]	_	*[59]	_	_	_	_	_	_	_	_	_	_	
61-4	7484-7492	birlikte	_	*[28]	_	*[59]	_	_	_	_	_	_	_	_	_	_	
61-5	7493-7497	PAİR	_	*[28]	_	*[59]	_	_	_	_	_	_	_	_	_	_	
61-6	7498-7506	girişimi	_	*[28]	_	*[59]	_	_	_	_	_	_	_	_	_	_	
61-7	7507-7514	geçiren	_	*[28]	_	*[59]	_	_	_	_	_	_	_	_	_	_	
61-8	7515-7523	hastanın	_	*[28]	_	*[59]	_	_	_	_	_	_	_	_	_	_	
61-9	7524-7530	mevcut	_	*[28]	_	*[59]	_	_	_	_	_	_	_	_	_	_	
61-10	7531-7549	tübülointerstisyel	_	*[28]	_	*[59]	_	_	_	_	_	_	_	_	_	_	
61-11	7550-7559	bulguları	_	*[28]	_	*[59]	_	_	_	_	_	_	_	_	_	_	
61-12	7560-7564	kısa	_	*[28]	_	*[59]	_	_	_	_	_	_	_	_	_	_	
61-13	7565-7571	sürede	_	*[28]	_	*[59]	_	_	_	_	_	_	_	_	_	_	
61-14	7572-7579	düzelme	_	*[28]	_	*[59]	_	_	_	_	_	_	_	_	_	_	
61-15	7580-7587	eğilimi	_	*[28]	_	*[59]	_	_	_	_	_	_	_	_	_	_	
61-16	7588-7602	gösterdiğinden	_	*[28]	_	*[59]	_	_	_	_	_	_	_	_	_	_	
61-17	7603-7610	biyopsi	_	*[28]	_	_	_	_	_	_	_	_	_	_	_	_	
61-18	7611-7621	yapılmadan	_	*[28]	*	_	_	*	partOfEvent	61-18	isAnotherFocus	61-1[59]	NegMorMarker	partOfScope	61-1[28]	*	
61-19	7622-7627	hasta	_	_	_	_	_	_	_	_	_	_	_	_	_	_	
61-20	7628-7635	izlendi	_	_	_	_	_	_	_	_	_	_	_	_	_	_	
61-21	7635-7636	.	_	_	_	_	_	_	_	_	_	_	_	_	_	_	

#Text=Bizim hastamızda histopatolojik değişiklikleri tanımlama imkanımız olmadı.
62-1	7637-7642	Bizim	_	*[29]	_	_	_	_	_	_	_	_	_	_	_	_	
62-2	7643-7653	hastamızda	_	*[29]	_	_	_	_	_	_	_	_	_	_	_	_	
62-3	7654-7668	histopatolojik	_	*[29]	_	*[60]	_	_	_	_	_	_	_	_	_	_	
62-4	7669-7683	değişiklikleri	_	*[29]	_	*[60]	_	_	_	_	_	_	_	_	_	_	
62-5	7684-7693	tanımlama	_	*[29]	_	*[60]	_	_	_	_	_	_	_	_	_	_	
62-6	7694-7703	imkanımız	_	*[29]	*[38]	_	_	_	_	_	_	_	_	_	_	_	
62-7	7704-7710	olmadı	_	*[29]	*[38]	_	_	*	partOfEvent	62-6[38]	isAnotherFocus	62-3[60]	NegMorMarker	partOfScope	62-1[29]	*	
62-8	7710-7711	.	_	_	_	_	_	_	_	_	_	_	_	_	_	_	

#Text=Bununla birlikte Altay ve ark izole TİN gelişen hastalarında renal interstisyumun monosit ve lenfositler ile infiltre olduğunu göstermişler ve diğer parazitik enfestasyonlarda da tanımlanan yaygın monosit aktivasyonunun tübüler nekroz gelişiminden sorumlu temel mekanizma olabileceğini düşünmüşlerdir.
63-1	7712-7719	Bununla	_	_	_	_	_	_	_	_	_	_	_	_	_	_	
63-2	7720-7728	birlikte	_	_	_	_	_	_	_	_	_	_	_	_	_	_	
63-3	7729-7734	Altay	_	_	_	_	_	_	_	_	_	_	_	_	_	_	
63-4	7735-7737	ve	_	_	_	_	_	_	_	_	_	_	_	_	_	_	
63-5	7738-7741	ark	_	_	_	_	_	_	_	_	_	_	_	_	_	_	
63-6	7742-7747	izole	_	_	_	_	_	_	_	_	_	_	_	_	_	_	
63-7	7748-7751	TİN	_	_	_	_	_	_	_	_	_	_	_	_	_	_	
63-8	7752-7759	gelişen	_	_	_	_	_	_	_	_	_	_	_	_	_	_	
63-9	7760-7772	hastalarında	_	_	_	_	_	_	_	_	_	_	_	_	_	_	
63-10	7773-7778	renal	_	_	_	_	_	_	_	_	_	_	_	_	_	_	
63-11	7779-7793	interstisyumun	_	_	_	_	_	_	_	_	_	_	_	_	_	_	
63-12	7794-7801	monosit	_	_	_	_	_	_	_	_	_	_	_	_	_	_	
63-13	7802-7804	ve	_	_	_	_	_	_	_	_	_	_	_	_	_	_	
63-14	7805-7816	lenfositler	_	_	_	_	_	_	_	_	_	_	_	_	_	_	
63-15	7817-7820	ile	_	_	_	_	_	_	_	_	_	_	_	_	_	_	
63-16	7821-7829	infiltre	_	_	_	_	_	_	_	_	_	_	_	_	_	_	
63-17	7830-7838	olduğunu	_	_	_	_	_	_	_	_	_	_	_	_	_	_	
63-18	7839-7851	göstermişler	_	_	_	_	_	_	_	_	_	_	_	_	_	_	
63-19	7852-7854	ve	_	_	_	_	_	_	_	_	_	_	_	_	_	_	
63-20	7855-7860	diğer	_	_	_	_	_	_	_	_	_	_	_	_	_	_	
63-21	7861-7870	parazitik	_	_	_	_	_	_	_	_	_	_	_	_	_	_	
63-22	7871-7887	enfestasyonlarda	_	_	_	_	_	_	_	_	_	_	_	_	_	_	
63-23	7888-7890	da	_	_	_	_	_	_	_	_	_	_	_	_	_	_	
63-24	7891-7901	tanımlanan	_	_	_	_	_	_	_	_	_	_	_	_	_	_	
63-25	7902-7908	yaygın	_	_	_	_	_	_	_	_	_	_	_	_	_	_	
63-26	7909-7916	monosit	_	_	_	_	_	_	_	_	_	_	_	_	_	_	
63-27	7917-7931	aktivasyonunun	_	_	_	_	_	_	_	_	_	_	_	_	_	_	
63-28	7932-7939	tübüler	_	_	_	_	_	_	_	_	_	_	_	_	_	_	
63-29	7940-7946	nekroz	_	_	_	_	_	_	_	_	_	_	_	_	_	_	
63-30	7947-7959	gelişiminden	_	_	_	_	_	_	_	_	_	_	_	_	_	_	
63-31	7960-7967	sorumlu	_	_	_	_	_	_	_	_	_	_	_	_	_	_	
63-32	7968-7973	temel	_	_	_	_	_	_	_	_	_	_	_	_	_	_	
63-33	7974-7983	mekanizma	_	_	_	_	_	_	_	_	_	_	_	_	_	_	
63-34	7984-7997	olabileceğini	_	_	_	_	_	_	_	_	_	_	_	_	_	_	
63-35	7998-8012	düşünmüşlerdir	_	_	_	_	_	_	_	_	_	_	_	_	_	_	
63-36	8012-8013	.	_	_	_	_	_	_	_	_	_	_	_	_	_	_	

#Text=Sonuç olarak, başka organlardaki hidatik kistlerin böbreklerde ikincil ve nadir klinik bulgulara yol açabileceği akılda tutulmalıdır.
64-1	8014-8019	Sonuç	_	_	_	_	_	_	_	_	_	_	_	_	_	_	
64-2	8020-8026	olarak	_	_	_	_	_	_	_	_	_	_	_	_	_	_	
64-3	8026-8027	,	_	_	_	_	_	_	_	_	_	_	_	_	_	_	
64-4	8028-8033	başka	_	_	_	_	_	_	_	_	_	_	_	_	_	_	
64-5	8034-8046	organlardaki	_	_	_	_	_	_	_	_	_	_	_	_	_	_	
64-6	8047-8054	hidatik	_	_	_	_	_	_	_	_	_	_	_	_	_	_	
64-7	8055-8064	kistlerin	_	_	_	_	_	_	_	_	_	_	_	_	_	_	
64-8	8065-8076	böbreklerde	_	_	_	_	_	_	_	_	_	_	_	_	_	_	
64-9	8077-8084	ikincil	_	_	_	_	_	_	_	_	_	_	_	_	_	_	
64-10	8085-8087	ve	_	_	_	_	_	_	_	_	_	_	_	_	_	_	
64-11	8088-8093	nadir	_	_	_	_	_	_	_	_	_	_	_	_	_	_	
64-12	8094-8100	klinik	_	_	_	_	_	_	_	_	_	_	_	_	_	_	
64-13	8101-8110	bulgulara	_	_	_	_	_	_	_	_	_	_	_	_	_	_	
64-14	8111-8114	yol	_	_	_	_	_	_	_	_	_	_	_	_	_	_	
64-15	8115-8126	açabileceği	_	_	_	_	_	_	_	_	_	_	_	_	_	_	
64-16	8127-8133	akılda	_	_	_	_	_	_	_	_	_	_	_	_	_	_	
64-17	8134-8146	tutulmalıdır	_	_	_	_	_	_	_	_	_	_	_	_	_	_	
64-18	8146-8147	.	_	_	_	_	_	_	_	_	_	_	_	_	_	_	

#Text=Özellikle hidatik hastalığın sıkça görüldüğü gelişmekte olan ülkelerde TİN’in enfeksiyöz etkenleri arasında hidatik kist varlığı da araştırılmalıdır.
65-1	8148-8157	Özellikle	_	_	_	_	_	_	_	_	_	_	_	_	_	_	
65-2	8158-8165	hidatik	_	_	_	_	_	_	_	_	_	_	_	_	_	_	
65-3	8166-8176	hastalığın	_	_	_	_	_	_	_	_	_	_	_	_	_	_	
65-4	8177-8182	sıkça	_	_	_	_	_	_	_	_	_	_	_	_	_	_	
65-5	8183-8192	görüldüğü	_	_	_	_	_	_	_	_	_	_	_	_	_	_	
65-6	8193-8203	gelişmekte	_	_	_	_	_	_	_	_	_	_	_	_	_	_	
65-7	8204-8208	olan	_	_	_	_	_	_	_	_	_	_	_	_	_	_	
65-8	8209-8218	ülkelerde	_	_	_	_	_	_	_	_	_	_	_	_	_	_	
65-9	8219-8222	TİN	_	_	_	_	_	_	_	_	_	_	_	_	_	_	
65-10	8222-8223	’	_	_	_	_	_	_	_	_	_	_	_	_	_	_	
65-11	8223-8225	in	_	_	_	_	_	_	_	_	_	_	_	_	_	_	
65-12	8226-8236	enfeksiyöz	_	_	_	_	_	_	_	_	_	_	_	_	_	_	
65-13	8237-8246	etkenleri	_	_	_	_	_	_	_	_	_	_	_	_	_	_	
65-14	8247-8255	arasında	_	_	_	_	_	_	_	_	_	_	_	_	_	_	
65-15	8256-8263	hidatik	_	_	_	_	_	_	_	_	_	_	_	_	_	_	
65-16	8264-8268	kist	_	_	_	_	_	_	_	_	_	_	_	_	_	_	
65-17	8269-8276	varlığı	_	_	_	_	_	_	_	_	_	_	_	_	_	_	
65-18	8277-8279	da	_	_	_	_	_	_	_	_	_	_	_	_	_	_	
65-19	8280-8296	araştırılmalıdır	_	_	_	_	_	_	_	_	_	_	_	_	_	_	
65-20	8296-8297	.	_	_	_	_	_	_	_	_	_	_	_	_	_	_	
