#FORMAT=WebAnno TSV 3.3


#Text=ÖZET
1-1	1-5	ÖZET	

#Text=Ovaryan ven tromboflebiti (OVT) pelvik hastalıklara ovaryan damarlarda trombozun eşlik ettiği nadir bir hastalıktır.
2-1	7-14	Ovaryan	
2-2	15-18	ven	
2-3	19-32	tromboflebiti	
2-4	33-34	(	
2-5	34-37	OVT	
2-6	37-38	)	
2-7	39-45	pelvik	
2-8	46-58	hastalıklara	
2-9	59-66	ovaryan	
2-10	67-77	damarlarda	
2-11	78-87	trombozun	
2-12	88-93	eşlik	
2-13	94-100	ettiği	
2-14	101-106	nadir	
2-15	107-110	bir	
2-16	111-122	hastalıktır	
2-17	122-123	.	

#Text=Hastalık sıklıkla sezaryen, vaginal doğum, pelvik cerrahi ve enfeksiyonlar ile malignite durumlarında görülmektedir.
3-1	125-133	Hastalık	
3-2	134-142	sıklıkla	
3-3	143-151	sezaryen	
3-4	151-152	,	
3-5	153-160	vaginal	
3-6	161-166	doğum	
3-7	166-167	,	
3-8	168-174	pelvik	
3-9	175-182	cerrahi	
3-10	183-185	ve	
3-11	186-199	enfeksiyonlar	
3-12	200-203	ile	
3-13	204-213	malignite	
3-14	214-226	durumlarında	
3-15	227-240	görülmektedir	
3-16	240-241	.	

#Text=Cerrahi ile tedavisi mümkün olsa da günümüzde antibiyoterapi ve antikoagulan tedavi kabul görmektedir.
4-1	243-250	Cerrahi	
4-2	251-254	ile	
4-3	255-263	tedavisi	
4-4	264-270	mümkün	
4-5	271-275	olsa	
4-6	276-278	da	
4-7	279-288	günümüzde	
4-8	289-303	antibiyoterapi	
4-9	304-306	ve	
4-10	307-319	antikoagulan	
4-11	320-326	tedavi	
4-12	327-332	kabul	
4-13	333-344	görmektedir	
4-14	344-345	.	

#Text=Bu olgumuzda pelvik inflamatuar enfeksiyona sekonder gelişmiş ovaryan ven tromboflebiti olgusunu tartışmayı amaçladık.
5-1	347-349	Bu	
5-2	350-359	olgumuzda	
5-3	360-366	pelvik	
5-4	367-378	inflamatuar	
5-5	379-390	enfeksiyona	
5-6	391-399	sekonder	
5-7	400-408	gelişmiş	
5-8	409-416	ovaryan	
5-9	417-420	ven	
5-10	421-434	tromboflebiti	
5-11	435-443	olgusunu	
5-12	444-454	tartışmayı	
5-13	455-464	amaçladık	
5-14	464-465	.	

#Text=GİRİŞ
6-1	467-472	GİRİŞ	

#Text=Ovaryan ven tromboflebiti (OVT) pelvik hastalıklara ovaryan damarlarda trombozun eşlik ettiği nadir bir hastalıktır .
7-1	474-481	Ovaryan	
7-2	482-485	ven	
7-3	486-499	tromboflebiti	
7-4	500-501	(	
7-5	501-504	OVT	
7-6	504-505	)	
7-7	506-512	pelvik	
7-8	513-525	hastalıklara	
7-9	526-533	ovaryan	
7-10	534-544	damarlarda	
7-11	545-554	trombozun	
7-12	555-560	eşlik	
7-13	561-567	ettiği	
7-14	568-573	nadir	
7-15	574-577	bir	
7-16	578-589	hastalıktır	
7-17	590-591	.	

#Text=İnsidansı 1/1000 ile 1/3000 arasında görülmektedir.
8-1	593-602	İnsidansı	
8-2	603-604	1	
8-3	604-605	/	
8-4	605-609	1000	
8-5	610-613	ile	
8-6	614-615	1	
8-7	615-616	/	
8-8	616-620	3000	
8-9	621-629	arasında	
8-10	630-643	görülmektedir	
8-11	643-644	.	

#Text=Hastalık sıklıkla sezaryen ile doğumlarda görülse de vaginal doğum, pelvik cerrahi ve enfeksiyonlar ile malignite durumlarında da görülmektedir.
9-1	646-654	Hastalık	
9-2	655-663	sıklıkla	
9-3	664-672	sezaryen	
9-4	673-676	ile	
9-5	677-687	doğumlarda	
9-6	688-695	görülse	
9-7	696-698	de	
9-8	699-706	vaginal	
9-9	707-712	doğum	
9-10	712-713	,	
9-11	714-720	pelvik	
9-12	721-728	cerrahi	
9-13	729-731	ve	
9-14	732-745	enfeksiyonlar	
9-15	746-749	ile	
9-16	750-759	malignite	
9-17	760-772	durumlarında	
9-18	773-775	da	
9-19	776-789	görülmektedir	
9-20	789-790	.	

#Text=Tanıda görüntüleme yöntemleri öncelikli olmakla birlikte bazı olgularda antikoagulan tedaviye yanıt ile de tanı konulabilmektedir.
10-1	792-798	Tanıda	
10-2	799-810	görüntüleme	
10-3	811-821	yöntemleri	
10-4	822-831	öncelikli	
10-5	832-839	olmakla	
10-6	840-848	birlikte	
10-7	849-853	bazı	
10-8	854-863	olgularda	
10-9	864-876	antikoagulan	
10-10	877-885	tedaviye	
10-11	886-891	yanıt	
10-12	892-895	ile	
10-13	896-898	de	
10-14	899-903	tanı	
10-15	904-921	konulabilmektedir	
10-16	921-922	.	

#Text=Cerrahi müdahale ile tromboze venin ligasyonu ve eksizyonu yapılsa da günümüzde antibiyoterapi ve antikoagulan tedavi kabul görmektedir.
11-1	924-931	Cerrahi	
11-2	932-940	müdahale	
11-3	941-944	ile	
11-4	945-953	tromboze	
11-5	954-959	venin	
11-6	960-969	ligasyonu	
11-7	970-972	ve	
11-8	973-982	eksizyonu	
11-9	983-990	yapılsa	
11-10	991-993	da	
11-11	994-1003	günümüzde	
11-12	1004-1018	antibiyoterapi	
11-13	1019-1021	ve	
11-14	1022-1034	antikoagulan	
11-15	1035-1041	tedavi	
11-16	1042-1047	kabul	
11-17	1048-1059	görmektedir	
11-18	1059-1060	.	

#Text=Bu olgumuzda pelvik inflamatuar enfeksiyona sekonder gelişmiş OVT olgusunu tartışmayı amaçladık.
12-1	1062-1064	Bu	
12-2	1065-1074	olgumuzda	
12-3	1075-1081	pelvik	
12-4	1082-1093	inflamatuar	
12-5	1094-1105	enfeksiyona	
12-6	1106-1114	sekonder	
12-7	1115-1123	gelişmiş	
12-8	1124-1127	OVT	
12-9	1128-1136	olgusunu	
12-10	1137-1147	tartışmayı	
12-11	1148-1157	amaçladık	
12-12	1157-1158	.	

#Text=Olgu 46 yaşında, evli hasta ateş, pelvik hassasiyet ve dış merkezde çekilen bilgisayarlı tomografide (BT) pelvik damarlarda trombüs saptanması üzerine kliniğimize sevk edilen hasta değerlendirildi.
13-1	1160-1164	Olgu	
13-2	1165-1167	46	
13-3	1168-1175	yaşında	
13-4	1175-1176	,	
13-5	1177-1181	evli	
13-6	1182-1187	hasta	
13-7	1188-1192	ateş	
13-8	1192-1193	,	
13-9	1194-1200	pelvik	
13-10	1201-1211	hassasiyet	
13-11	1212-1214	ve	
13-12	1215-1218	dış	
13-13	1219-1227	merkezde	
13-14	1228-1235	çekilen	
13-15	1236-1248	bilgisayarlı	
13-16	1249-1260	tomografide	
13-17	1261-1262	(	
13-18	1262-1264	BT	
13-19	1264-1265	)	
13-20	1266-1272	pelvik	
13-21	1273-1283	damarlarda	
13-22	1284-1291	trombüs	
13-23	1292-1302	saptanması	
13-24	1303-1310	üzerine	
13-25	1311-1322	kliniğimize	
13-26	1323-1327	sevk	
13-27	1328-1334	edilen	
13-28	1335-1340	hasta	
13-29	1341-1356	değerlendirildi	
13-30	1356-1357	.	

#Text=Hastanın hikayesinde hipotroidi, diyabet ve hipertansiyon olduğu öğrenildi.
14-1	1359-1367	Hastanın	
14-2	1368-1379	hikayesinde	
14-3	1380-1390	hipotroidi	
14-4	1390-1391	,	
14-5	1392-1399	diyabet	
14-6	1400-1402	ve	
14-7	1403-1416	hipertansiyon	
14-8	1417-1423	olduğu	
14-9	1424-1433	öğrenildi	
14-10	1433-1434	.	

#Text=Diyabeti için oral antidiyabetik , hipertansiyonu ve hipotroidi için de düzenli ilaç kullandığı öğrenildi.
15-1	1436-1444	Diyabeti	
15-2	1445-1449	için	
15-3	1450-1454	oral	
15-4	1455-1468	antidiyabetik	
15-5	1469-1470	,	
15-6	1471-1485	hipertansiyonu	
15-7	1486-1488	ve	
15-8	1489-1499	hipotroidi	
15-9	1500-1504	için	
15-10	1505-1507	de	
15-11	1508-1515	düzenli	
15-12	1516-1520	ilaç	
15-13	1521-1531	kullandığı	
15-14	1532-1541	öğrenildi	
15-15	1541-1542	.	

#Text=Hastanın yapılan abdominopelvik muayenesinde yaygın hassasiyet, servikal pürülan akıntı, servikal hassasiyet izlendi.
16-1	1544-1552	Hastanın	
16-2	1553-1560	yapılan	
16-3	1561-1575	abdominopelvik	
16-4	1576-1588	muayenesinde	
16-5	1589-1595	yaygın	
16-6	1596-1606	hassasiyet	
16-7	1606-1607	,	
16-8	1608-1616	servikal	
16-9	1617-1624	pürülan	
16-10	1625-1631	akıntı	
16-11	1631-1632	,	
16-12	1633-1641	servikal	
16-13	1642-1652	hassasiyet	
16-14	1653-1660	izlendi	
16-15	1660-1661	.	

#Text=Diğer sistemlerde yapılan muayenelerde patoloji saptanmadı.
17-1	1663-1668	Diğer	
17-2	1669-1680	sistemlerde	
17-3	1681-1688	yapılan	
17-4	1689-1701	muayenelerde	
17-5	1702-1710	patoloji	
17-6	1711-1721	saptanmadı	
17-7	1721-1722	.	

#Text=Başvuru esnasında ateş 38,1 C, tansiyon 140/90 nabız 92 atım/dakika olarak ölçüldü.
18-1	1724-1731	Başvuru	
18-2	1732-1741	esnasında	
18-3	1742-1746	ateş	
18-4	1747-1751	38,1	
18-5	1752-1753	C	
18-6	1753-1754	,	
18-7	1755-1763	tansiyon	
18-8	1764-1767	140	
18-9	1767-1768	/	
18-10	1768-1770	90	
18-11	1771-1776	nabız	
18-12	1777-1779	92	
18-13	1780-1784	atım	
18-14	1784-1785	/	
18-15	1785-1791	dakika	
18-16	1792-1798	olarak	
18-17	1799-1806	ölçüldü	
18-18	1806-1807	.	

#Text=Laboratuvar analizinde WBC: 15,4 K/uL, CRP:13,1 mg/dl, prokalsitonin 0,372 mg/ml olarak ölçüldü.
19-1	1809-1820	Laboratuvar	
19-2	1821-1831	analizinde	
19-3	1832-1835	WBC	
19-4	1835-1836	:	
19-5	1837-1841	15,4	
19-6	1842-1843	K	
19-7	1843-1844	/	
19-8	1844-1846	uL	
19-9	1846-1847	,	
19-10	1848-1851	CRP	
19-11	1851-1852	:	
19-12	1852-1856	13,1	
19-13	1857-1859	mg	
19-14	1859-1860	/	
19-15	1860-1862	dl	
19-16	1862-1863	,	
19-17	1864-1877	prokalsitonin	
19-18	1878-1883	0,372	
19-19	1884-1886	mg	
19-20	1886-1887	/	
19-21	1887-1889	ml	
19-22	1890-1896	olarak	
19-23	1897-1904	ölçüldü	
19-24	1904-1905	.	

#Text=Hastadan vajinal serviks kültürü için örnek alındı.
20-1	1907-1915	Hastadan	
20-2	1916-1923	vajinal	
20-3	1924-1931	serviks	
20-4	1932-1939	kültürü	
20-5	1940-1944	için	
20-6	1945-1950	örnek	
20-7	1951-1957	alındı	
20-8	1957-1958	.	

#Text=Hastanın takibi ve tedavisi amacıyla pelvik MR (Manyetik Resonans) çekildi.
21-1	1960-1968	Hastanın	
21-2	1969-1975	takibi	
21-3	1976-1978	ve	
21-4	1979-1987	tedavisi	
21-5	1988-1996	amacıyla	
21-6	1997-2003	pelvik	
21-7	2004-2006	MR	
21-8	2007-2008	(	
21-9	2008-2016	Manyetik	
21-10	2017-2025	Resonans	
21-11	2025-2026	)	
21-12	2027-2034	çekildi	
21-13	2034-2035	.	

#Text=MR raporunda pelvik bölgede minimal sıvı, uterus sağında 6 cm ebadında myom, 65*50 mm ebadında ödemli görünümde sağ over ve sağ ovaryan vende distalden proksimale kadar uzanan trombüs izlendi (Şekil-1a).
22-1	2037-2039	MR	
22-2	2040-2049	raporunda	
22-3	2050-2056	pelvik	
22-4	2057-2064	bölgede	
22-5	2065-2072	minimal	
22-6	2073-2077	sıvı	
22-7	2077-2078	,	
22-8	2079-2085	uterus	
22-9	2086-2093	sağında	
22-10	2094-2095	6	
22-11	2096-2098	cm	
22-12	2099-2107	ebadında	
22-13	2108-2112	myom	
22-14	2112-2113	,	
22-15	2114-2116	65	
22-16	2116-2117	*	
22-17	2117-2119	50	
22-18	2120-2122	mm	
22-19	2123-2131	ebadında	
22-20	2132-2138	ödemli	
22-21	2139-2148	görünümde	
22-22	2149-2152	sağ	
22-23	2153-2157	over	
22-24	2158-2160	ve	
22-25	2161-2164	sağ	
22-26	2165-2172	ovaryan	
22-27	2173-2178	vende	
22-28	2179-2188	distalden	
22-29	2189-2199	proksimale	
22-30	2200-2205	kadar	
22-31	2206-2212	uzanan	
22-32	2213-2220	trombüs	
22-33	2221-2228	izlendi	
22-34	2229-2230	(	
22-35	2230-2235	Şekil	
22-36	2235-2236	-	
22-37	2236-2238	1a	
22-38	2238-2239	)	
22-39	2239-2240	.	

#Text=Hastaya yapılan pelvik doppler ultrasonograisinde (USG) sağ overde kanlanma artışı izlendi.
23-1	2242-2249	Hastaya	
23-2	2250-2257	yapılan	
23-3	2258-2264	pelvik	
23-4	2265-2272	doppler	
23-5	2273-2291	ultrasonograisinde	
23-6	2292-2293	(	
23-7	2293-2296	USG	
23-8	2296-2297	)	
23-9	2298-2301	sağ	
23-10	2302-2308	overde	
23-11	2309-2317	kanlanma	
23-12	2318-2324	artışı	
23-13	2325-2332	izlendi	
23-14	2332-2333	.	

#Text=Bilateral alt ekstremite doppler USG ’de ise alt ekstremitelerde trombüsle uyumlu görünüm izlenmedi.
24-1	2335-2344	Bilateral	
24-2	2345-2348	alt	
24-3	2349-2359	ekstremite	
24-4	2360-2367	doppler	
24-5	2368-2371	USG	
24-6	2372-2373	’	
24-7	2373-2375	de	
24-8	2376-2379	ise	
24-9	2380-2383	alt	
24-10	2384-2399	ekstremitelerde	
24-11	2400-2409	trombüsle	
24-12	2410-2416	uyumlu	
24-13	2417-2424	görünüm	
24-14	2425-2434	izlenmedi	
24-15	2434-2435	.	

#Text=Hasta servise yatırıldı .
25-1	2437-2442	Hasta	
25-2	2443-2450	servise	
25-3	2451-2460	yatırıldı	
25-4	2461-2462	.	

#Text=Antibiyoterapi (intravenöz [İV] seftriakson 1gr 2 x1 ve İV metronidazol 500mg 3 x1) ve antikoagulan tedavi (subkutan enoxaparin 6000 IU 2 x1) başlandı.
26-1	2464-2478	Antibiyoterapi	
26-2	2479-2480	(	
26-3	2480-2490	intravenöz	
26-4	2491-2492	[	
26-5	2492-2494	İV	
26-6	2494-2495	]	
26-7	2496-2507	seftriakson	
26-8	2508-2511	1gr	
26-9	2512-2513	2	
26-10	2514-2516	x1	
26-11	2517-2519	ve	
26-12	2520-2522	İV	
26-13	2523-2535	metronidazol	
26-14	2536-2541	500mg	
26-15	2542-2543	3	
26-16	2544-2546	x1	
26-17	2546-2547	)	
26-18	2548-2550	ve	
26-19	2551-2563	antikoagulan	
26-20	2564-2570	tedavi	
26-21	2571-2572	(	
26-22	2572-2580	subkutan	
26-23	2581-2591	enoxaparin	
26-24	2592-2596	6000	
26-25	2597-2599	IU	
26-26	2600-2601	2	
26-27	2602-2604	x1	
26-28	2604-2605	)	
26-29	2606-2614	başlandı	
26-30	2614-2615	.	

#Text=Tedavinin 24. saatinden itibaren hastanın genel durumu düzeldi ve tekrar ateşi olmadı.
27-1	2617-2626	Tedavinin	
27-2	2627-2629	24	
27-3	2629-2630	.	
27-4	2631-2640	saatinden	
27-5	2641-2649	itibaren	
27-6	2650-2658	hastanın	
27-7	2659-2664	genel	
27-8	2665-2671	durumu	
27-9	2672-2679	düzeldi	
27-10	2680-2682	ve	
27-11	2683-2689	tekrar	
27-12	2690-2695	ateşi	
27-13	2696-2702	olmadı	
27-14	2702-2703	.	

#Text=Antibiyoterapi 14 güne tamamlandı.
28-1	2705-2719	Antibiyoterapi	
28-2	2720-2722	14	
28-3	2723-2727	güne	
28-4	2728-2738	tamamlandı	
28-5	2738-2739	.	

#Text=On dördüncü günde çekilen pelvik MR da trombüsün oldukça gerilediği ve sağ over deki yaklaşık 3 cm boyutundaki görüntü kist veya apse şüphesi şeklinde raporlandı (Şekil-1b).
29-1	2741-2743	On	
29-2	2744-2752	dördüncü	
29-3	2753-2758	günde	
29-4	2759-2766	çekilen	
29-5	2767-2773	pelvik	
29-6	2774-2776	MR	
29-7	2777-2779	da	
29-8	2780-2789	trombüsün	
29-9	2790-2797	oldukça	
29-10	2798-2808	gerilediği	
29-11	2809-2811	ve	
29-12	2812-2815	sağ	
29-13	2816-2820	over	
29-14	2821-2825	deki	
29-15	2826-2834	yaklaşık	
29-16	2835-2836	3	
29-17	2837-2839	cm	
29-18	2840-2851	boyutundaki	
29-19	2852-2859	görüntü	
29-20	2860-2864	kist	
29-21	2865-2869	veya	
29-22	2870-2874	apse	
29-23	2875-2882	şüphesi	
29-24	2883-2891	şeklinde	
29-25	2892-2902	raporlandı	
29-26	2903-2904	(	
29-27	2904-2909	Şekil	
29-28	2909-2910	-	
29-29	2910-2912	1b	
29-30	2912-2913	)	
29-31	2913-2914	.	

#Text=Yapılan laboratuvar analizinde WBC ve CRP normal sınırlarda olması ve serviks kültüründe üreme olmaması üzerine hasta oral antibiyoterapi ve antikoagulan tedavi ile taburcu edildi.
30-1	2916-2923	Yapılan	
30-2	2924-2935	laboratuvar	
30-3	2936-2946	analizinde	
30-4	2947-2950	WBC	
30-5	2951-2953	ve	
30-6	2954-2957	CRP	
30-7	2958-2964	normal	
30-8	2965-2975	sınırlarda	
30-9	2976-2982	olması	
30-10	2983-2985	ve	
30-11	2986-2993	serviks	
30-12	2994-3004	kültüründe	
30-13	3005-3010	üreme	
30-14	3011-3019	olmaması	
30-15	3020-3027	üzerine	
30-16	3028-3033	hasta	
30-17	3034-3038	oral	
30-18	3039-3053	antibiyoterapi	
30-19	3054-3056	ve	
30-20	3057-3069	antikoagulan	
30-21	3070-3076	tedavi	
30-22	3077-3080	ile	
30-23	3081-3088	taburcu	
30-24	3089-3095	edildi	
30-25	3095-3096	.	

#Text=Ayrıca antikoagulan tedavinin altı haftaya tamamlanması planlandı.
31-1	3098-3104	Ayrıca	
31-2	3105-3117	antikoagulan	
31-3	3118-3127	tedavinin	
31-4	3128-3132	altı	
31-5	3133-3140	haftaya	
31-6	3141-3153	tamamlanması	
31-7	3154-3163	planlandı	
31-8	3163-3164	.	

#Text=Takiplerinde yapılan USG ve pelvik MR görüntülemede overin ve sağ ovaryan venin tamamen normale döndüğü gözlendi (Şekil-1c).
32-1	3166-3178	Takiplerinde	
32-2	3179-3186	yapılan	
32-3	3187-3190	USG	
32-4	3191-3193	ve	
32-5	3194-3200	pelvik	
32-6	3201-3203	MR	
32-7	3204-3217	görüntülemede	
32-8	3218-3224	overin	
32-9	3225-3227	ve	
32-10	3228-3231	sağ	
32-11	3232-3239	ovaryan	
32-12	3240-3245	venin	
32-13	3246-3253	tamamen	
32-14	3254-3261	normale	
32-15	3262-3269	döndüğü	
32-16	3270-3278	gözlendi	
32-17	3279-3280	(	
32-18	3280-3285	Şekil	
32-19	3285-3286	-	
32-20	3286-3288	1c	
32-21	3288-3289	)	
32-22	3289-3290	.	

#Text=Hastadan tıbbi verilerinin yayınlanabileceğine ilişkin yazılı onam belgesi alındı .
33-1	3292-3300	Hastadan	
33-2	3301-3306	tıbbi	
33-3	3307-3318	verilerinin	
33-4	3319-3338	yayınlanabileceğine	
33-5	3339-3346	ilişkin	
33-6	3347-3353	yazılı	
33-7	3354-3358	onam	
33-8	3359-3366	belgesi	
33-9	3367-3373	alındı	
33-10	3374-3375	.	

#Text=OVT oldukça nadir görülen ancak ciddi klinik sonuçları olabilen bir hastalıktır.
34-1	3377-3380	OVT	
34-2	3381-3388	oldukça	
34-3	3389-3394	nadir	
34-4	3395-3402	görülen	
34-5	3403-3408	ancak	
34-6	3409-3414	ciddi	
34-7	3415-3421	klinik	
34-8	3422-3431	sonuçları	
34-9	3432-3440	olabilen	
34-10	3441-3444	bir	
34-11	3445-3456	hastalıktır	
34-12	3456-3457	.	

#Text=İlk olarak 1800’lü yılların sonunda Von Recklinghausen tarafından tanımlanmış ve daha sonra 1950 yılında yapılan 70 hasta serisi ile hastalık net olarak açıklanabilmiştir.
35-1	3459-3462	İlk	
35-2	3463-3469	olarak	
35-3	3470-3474	1800	
35-4	3474-3475	’	
35-5	3475-3477	lü	
35-6	3478-3486	yılların	
35-7	3487-3494	sonunda	
35-8	3495-3498	Von	
35-9	3499-3513	Recklinghausen	
35-10	3514-3524	tarafından	
35-11	3525-3536	tanımlanmış	
35-12	3537-3539	ve	
35-13	3540-3544	daha	
35-14	3545-3550	sonra	
35-15	3551-3555	1950	
35-16	3556-3563	yılında	
35-17	3564-3571	yapılan	
35-18	3572-3574	70	
35-19	3575-3580	hasta	
35-20	3581-3587	serisi	
35-21	3588-3591	ile	
35-22	3592-3600	hastalık	
35-23	3601-3604	net	
35-24	3605-3611	olarak	
35-25	3612-3629	açıklanabilmiştir	
35-26	3629-3630	.	

#Text=OVT’nin patogenezinde Virchow’un triadı olan endotel hasarı, venöz durgunluk ve hiperkoagülabilite rol oynamaktadır.
36-1	3632-3635	OVT	
36-2	3635-3636	’	
36-3	3636-3639	nin	
36-4	3640-3653	patogenezinde	
36-5	3654-3661	Virchow	
36-6	3661-3662	’	
36-7	3662-3664	un	
36-8	3665-3671	triadı	
36-9	3672-3676	olan	
36-10	3677-3684	endotel	
36-11	3685-3691	hasarı	
36-12	3691-3692	,	
36-13	3693-3698	venöz	
36-14	3699-3708	durgunluk	
36-15	3709-3711	ve	
36-16	3712-3730	hiperkoagülabilite	
36-17	3731-3734	rol	
36-18	3735-3747	oynamaktadır	
36-19	3747-3748	.	

#Text=Endotel hasarı; doğum veya cerrahi işlemlere bağlı doğrudan veya enfeksiyona ikincil oluşmaktadır.
37-1	3750-3757	Endotel	
37-2	3758-3764	hasarı	
37-3	3764-3765	;	
37-4	3766-3771	doğum	
37-5	3772-3776	veya	
37-6	3777-3784	cerrahi	
37-7	3785-3794	işlemlere	
37-8	3795-3800	bağlı	
37-9	3801-3809	doğrudan	
37-10	3810-3814	veya	
37-11	3815-3826	enfeksiyona	
37-12	3827-3834	ikincil	
37-13	3835-3847	oluşmaktadır	
37-14	3847-3848	.	

#Text=Venöz durgunluk ise gebeliğe bağlı oluşan venöz dilatasyon ve azalmış venöz basınca bağlı oluşmaktadır.
38-1	3850-3855	Venöz	
38-2	3856-3865	durgunluk	
38-3	3866-3869	ise	
38-4	3870-3878	gebeliğe	
38-5	3879-3884	bağlı	
38-6	3885-3891	oluşan	
38-7	3892-3897	venöz	
38-8	3898-3908	dilatasyon	
38-9	3909-3911	ve	
38-10	3912-3919	azalmış	
38-11	3920-3925	venöz	
38-12	3926-3933	basınca	
38-13	3934-3939	bağlı	
38-14	3940-3952	oluşmaktadır	
38-15	3952-3953	.	

#Text=Ayrıca sağ ovaryan venin sol ovaryan venden daha uzun olması, uterusun görece olarak sağ ovaryan vene daha fazla bası yapması sonucu sol ovaryan venden sağ ovaryan vene doğru retrograd akım meydana gelmektedir.
39-1	3955-3961	Ayrıca	
39-2	3962-3965	sağ	
39-3	3966-3973	ovaryan	
39-4	3974-3979	venin	
39-5	3980-3983	sol	
39-6	3984-3991	ovaryan	
39-7	3992-3998	venden	
39-8	3999-4003	daha	
39-9	4004-4008	uzun	
39-10	4009-4015	olması	
39-11	4015-4016	,	
39-12	4017-4025	uterusun	
39-13	4026-4032	görece	
39-14	4033-4039	olarak	
39-15	4040-4043	sağ	
39-16	4044-4051	ovaryan	
39-17	4052-4056	vene	
39-18	4057-4061	daha	
39-19	4062-4067	fazla	
39-20	4068-4072	bası	
39-21	4073-4080	yapması	
39-22	4081-4087	sonucu	
39-23	4088-4091	sol	
39-24	4092-4099	ovaryan	
39-25	4100-4106	venden	
39-26	4107-4110	sağ	
39-27	4111-4118	ovaryan	
39-28	4119-4123	vene	
39-29	4124-4129	doğru	
39-30	4130-4139	retrograd	
39-31	4140-4144	akım	
39-32	4145-4152	meydana	
39-33	4153-4164	gelmektedir	
39-34	4164-4165	.	

#Text=Bu sebeple sağ overde OVT daha sık görülmektedir.
40-1	4167-4169	Bu	
40-2	4170-4177	sebeple	
40-3	4178-4181	sağ	
40-4	4182-4188	overde	
40-5	4189-4192	OVT	
40-6	4193-4197	daha	
40-7	4198-4201	sık	
40-8	4202-4215	görülmektedir	
40-9	4215-4216	.	

#Text=Literatürde myom yerleşiminin de suçlandığı OVT bildirimleri de mevcuttur.
41-1	4218-4229	Literatürde	
41-2	4230-4234	myom	
41-3	4235-4247	yerleşiminin	
41-4	4248-4250	de	
41-5	4251-4261	suçlandığı	
41-6	4262-4265	OVT	
41-7	4266-4278	bildirimleri	
41-8	4279-4281	de	
41-9	4282-4291	mevcuttur	
41-10	4291-4292	.	

#Text=Olgumuzda da gebelik söz konusu olmadan sağ OVT gözlenmiştir.
42-1	4294-4303	Olgumuzda	
42-2	4304-4306	da	
42-3	4307-4314	gebelik	
42-4	4315-4318	söz	
42-5	4319-4325	konusu	
42-6	4326-4333	olmadan	
42-7	4334-4337	sağ	
42-8	4338-4341	OVT	
42-9	4342-4354	gözlenmiştir	
42-10	4354-4355	.	

#Text=Muhtemelen myom sebebiyle venöz staz zemininde gelişen, enfeksiyöz sebeplere bağlı olan endotel hasarı ve hiperkoagulabilite patogenezde rol oynamıştır.
43-1	4357-4367	Muhtemelen	
43-2	4368-4372	myom	
43-3	4373-4382	sebebiyle	
43-4	4383-4388	venöz	
43-5	4389-4393	staz	
43-6	4394-4403	zemininde	
43-7	4404-4411	gelişen	
43-8	4411-4412	,	
43-9	4413-4423	enfeksiyöz	
43-10	4424-4433	sebeplere	
43-11	4434-4439	bağlı	
43-12	4440-4444	olan	
43-13	4445-4452	endotel	
43-14	4453-4459	hasarı	
43-15	4460-4462	ve	
43-16	4463-4481	hiperkoagulabilite	
43-17	4482-4493	patogenezde	
43-18	4494-4497	rol	
43-19	4498-4508	oynamıştır	
43-20	4508-4509	.	

#Text=OVT çoğunlukla postpartum endometrit ve buna eşlik eden venöz sistemdeki akım değişiklikleri sonucu puerperyum dönemde oluşmaktadır.
44-1	4511-4514	OVT	
44-2	4515-4525	çoğunlukla	
44-3	4526-4536	postpartum	
44-4	4537-4547	endometrit	
44-5	4548-4550	ve	
44-6	4551-4555	buna	
44-7	4556-4561	eşlik	
44-8	4562-4566	eden	
44-9	4567-4572	venöz	
44-10	4573-4583	sistemdeki	
44-11	4584-4588	akım	
44-12	4589-4603	değişiklikleri	
44-13	4604-4610	sonucu	
44-14	4611-4621	puerperyum	
44-15	4622-4629	dönemde	
44-16	4630-4642	oluşmaktadır	
44-17	4642-4643	.	

#Text=Jinekolojik cerrahi geçiren hastalarda eşlik eden enfeksiyonlara ek olarak pelvik damarlardaki iatrojenik hasar sonucu oluşmaktadır.
45-1	4645-4656	Jinekolojik	
45-2	4657-4664	cerrahi	
45-3	4665-4672	geçiren	
45-4	4673-4683	hastalarda	
45-5	4684-4689	eşlik	
45-6	4690-4694	eden	
45-7	4695-4709	enfeksiyonlara	
45-8	4710-4712	ek	
45-9	4713-4719	olarak	
45-10	4720-4726	pelvik	
45-11	4727-4739	damarlardaki	
45-12	4740-4750	iatrojenik	
45-13	4751-4756	hasar	
45-14	4757-4763	sonucu	
45-15	4764-4776	oluşmaktadır	
45-16	4776-4777	.	

#Text=Pelvik enfeksiyonlarda ise asendan yolla enfeksiyonun ovaryan damarlardan derin pelvik damarlara kadar yayılması sonucu oluşmaktadır.
46-1	4779-4785	Pelvik	
46-2	4786-4801	enfeksiyonlarda	
46-3	4802-4805	ise	
46-4	4806-4813	asendan	
46-5	4814-4819	yolla	
46-6	4820-4832	enfeksiyonun	
46-7	4833-4840	ovaryan	
46-8	4841-4852	damarlardan	
46-9	4853-4858	derin	
46-10	4859-4865	pelvik	
46-11	4866-4875	damarlara	
46-12	4876-4881	kadar	
46-13	4882-4891	yayılması	
46-14	4892-4898	sonucu	
46-15	4899-4911	oluşmaktadır	
46-16	4911-4912	.	

#Text=Olgumuzda muhtemelen tedavi edilmediği takdirde tubo-ovaryan apse ve septik pelvik tormboflebite (SPT) dönüşecek PID ve sağ ovaryan ven trombüsü mevcuttu.
47-1	4914-4923	Olgumuzda	
47-2	4924-4934	muhtemelen	
47-3	4935-4941	tedavi	
47-4	4942-4952	edilmediği	
47-5	4953-4961	takdirde	
47-6	4962-4974	tubo-ovaryan	
47-7	4975-4979	apse	
47-8	4980-4982	ve	
47-9	4983-4989	septik	
47-10	4990-4996	pelvik	
47-11	4997-5010	tormboflebite	
47-12	5011-5012	(	
47-13	5012-5015	SPT	
47-14	5015-5016	)	
47-15	5017-5026	dönüşecek	
47-16	5027-5030	PID	
47-17	5031-5033	ve	
47-18	5034-5037	sağ	
47-19	5038-5045	ovaryan	
47-20	5046-5049	ven	
47-21	5050-5058	trombüsü	
47-22	5059-5067	mevcuttu	
47-23	5067-5068	.	

#Text=OVT hastalarının kan kültürleri genellikle negatiftir.
48-1	5070-5073	OVT	
48-2	5074-5086	hastalarının	
48-3	5087-5090	kan	
48-4	5091-5101	kültürleri	
48-5	5102-5112	genellikle	
48-6	5113-5123	negatiftir	
48-7	5123-5124	.	

#Text=Bu hastalarda çoğunlukla pelvik hastalıklarda sıklıkla üreyen streptokok, enterobaktericae ve anaerobik bakteriler üremektedir.
49-1	5126-5128	Bu	
49-2	5129-5139	hastalarda	
49-3	5140-5150	çoğunlukla	
49-4	5151-5157	pelvik	
49-5	5158-5171	hastalıklarda	
49-6	5172-5180	sıklıkla	
49-7	5181-5187	üreyen	
49-8	5188-5198	streptokok	
49-9	5198-5199	,	
49-10	5200-5216	enterobaktericae	
49-11	5217-5219	ve	
49-12	5220-5229	anaerobik	
49-13	5230-5240	bakteriler	
49-14	5241-5252	üremektedir	
49-15	5252-5253	.	

#Text=Olgumuzda eşlik eden yüksek ateş izlenmediğinden kan kültürü çalışılmamış, serviks kültüründe ise üreme gözlenmemiştir.
50-1	5255-5264	Olgumuzda	
50-2	5265-5270	eşlik	
50-3	5271-5275	eden	
50-4	5276-5282	yüksek	
50-5	5283-5287	ateş	
50-6	5288-5303	izlenmediğinden	
50-7	5304-5307	kan	
50-8	5308-5315	kültürü	
50-9	5316-5328	çalışılmamış	
50-10	5328-5329	,	
50-11	5330-5337	serviks	
50-12	5338-5348	kültüründe	
50-13	5349-5352	ise	
50-14	5353-5358	üreme	
50-15	5359-5373	gözlenmemiştir	
50-16	5373-5374	.	

#Text=OVT, derin SPT ile beraber SPT hastalık grubunun alt grubunu oluşturmaktadır.
51-1	5376-5379	OVT	
51-2	5379-5380	,	
51-3	5381-5386	derin	
51-4	5387-5390	SPT	
51-5	5391-5394	ile	
51-6	5395-5402	beraber	
51-7	5403-5406	SPT	
51-8	5407-5415	hastalık	
51-9	5416-5424	grubunun	
51-10	5425-5428	alt	
51-11	5429-5436	grubunu	
51-12	5437-5452	oluşturmaktadır	
51-13	5452-5453	.	

#Text=Bu iki varyasyon klinik presentasyon ve tanısal açısından farklılık göstermektedirler.
52-1	5455-5457	Bu	
52-2	5458-5461	iki	
52-3	5462-5471	varyasyon	
52-4	5472-5478	klinik	
52-5	5479-5491	presentasyon	
52-6	5492-5494	ve	
52-7	5495-5502	tanısal	
52-8	5503-5512	açısından	
52-9	5513-5522	farklılık	
52-10	5523-5540	göstermektedirler	
52-11	5540-5541	.	

#Text=OVT çoğunlukla doğum veya pelvik cerrahiden yaklaşık bir hafta sonra ortaya çıkmakta, etkilenen over tarafında hassasiyet, akut hastalık hali, hafif gastrointestinal semptomlar gözlenmekte ve görüntüleme yöntemleri ile (CT ve MR) tanı konulabilmektedir.
53-1	5543-5546	OVT	
53-2	5547-5557	çoğunlukla	
53-3	5558-5563	doğum	
53-4	5564-5568	veya	
53-5	5569-5575	pelvik	
53-6	5576-5586	cerrahiden	
53-7	5587-5595	yaklaşık	
53-8	5596-5599	bir	
53-9	5600-5605	hafta	
53-10	5606-5611	sonra	
53-11	5612-5618	ortaya	
53-12	5619-5627	çıkmakta	
53-13	5627-5628	,	
53-14	5629-5638	etkilenen	
53-15	5639-5643	over	
53-16	5644-5653	tarafında	
53-17	5654-5664	hassasiyet	
53-18	5664-5665	,	
53-19	5666-5670	akut	
53-20	5671-5679	hastalık	
53-21	5680-5684	hali	
53-22	5684-5685	,	
53-23	5686-5691	hafif	
53-24	5692-5708	gastrointestinal	
53-25	5709-5719	semptomlar	
53-26	5720-5731	gözlenmekte	
53-27	5732-5734	ve	
53-28	5735-5746	görüntüleme	
53-29	5747-5757	yöntemleri	
53-30	5758-5761	ile	
53-31	5762-5763	(	
53-32	5763-5765	CT	
53-33	5766-5768	ve	
53-34	5769-5771	MR	
53-35	5771-5772	)	
53-36	5773-5777	tanı	
53-37	5778-5795	konulabilmektedir	
53-38	5795-5796	.	

#Text=Derin septik pelvik tromboflebit hasta grubunda hastalık doğum veya diğer durumlardan sonra yaklaşık üç hafta kadar sonra ortaya çıkmakta, ateş atakları olmakta ve karında herhangi bir hassasiyet gözlenmemektedir.
54-1	5798-5803	Derin	
54-2	5804-5810	septik	
54-3	5811-5817	pelvik	
54-4	5818-5830	tromboflebit	
54-5	5831-5836	hasta	
54-6	5837-5845	grubunda	
54-7	5846-5854	hastalık	
54-8	5855-5860	doğum	
54-9	5861-5865	veya	
54-10	5866-5871	diğer	
54-11	5872-5883	durumlardan	
54-12	5884-5889	sonra	
54-13	5890-5898	yaklaşık	
54-14	5899-5901	üç	
54-15	5902-5907	hafta	
54-16	5908-5913	kadar	
54-17	5914-5919	sonra	
54-18	5920-5926	ortaya	
54-19	5927-5935	çıkmakta	
54-20	5935-5936	,	
54-21	5937-5941	ateş	
54-22	5942-5950	atakları	
54-23	5951-5958	olmakta	
54-24	5959-5961	ve	
54-25	5962-5969	karında	
54-26	5970-5978	herhangi	
54-27	5979-5982	bir	
54-28	5983-5993	hassasiyet	
54-29	5994-6010	gözlenmemektedir	
54-30	6010-6011	.	

#Text=Bu hastalara tanı koymak zordur.
55-1	6013-6015	Bu	
55-2	6016-6025	hastalara	
55-3	6026-6030	tanı	
55-4	6031-6037	koymak	
55-5	6038-6044	zordur	
55-6	6044-6045	.	

#Text=Çünkü görüntüleme yöntemleri ile tanı konulması OVT ye göre düşüktür .
56-1	6047-6052	Çünkü	
56-2	6053-6064	görüntüleme	
56-3	6065-6075	yöntemleri	
56-4	6076-6079	ile	
56-5	6080-6084	tanı	
56-6	6085-6094	konulması	
56-7	6095-6098	OVT	
56-8	6099-6101	ye	
56-9	6102-6106	göre	
56-10	6107-6115	düşüktür	
56-11	6116-6117	.	

#Text=Olgumuzda alt kadranda hassasiyet olması ve görüntüleme yöntemleri ile tanı konması literatür bilgileriyle örtüşmektedir.
57-1	6119-6128	Olgumuzda	
57-2	6129-6132	alt	
57-3	6133-6141	kadranda	
57-4	6142-6152	hassasiyet	
57-5	6153-6159	olması	
57-6	6160-6162	ve	
57-7	6163-6174	görüntüleme	
57-8	6175-6185	yöntemleri	
57-9	6186-6189	ile	
57-10	6190-6194	tanı	
57-11	6195-6202	konması	
57-12	6203-6212	literatür	
57-13	6213-6225	bilgileriyle	
57-14	6226-6239	örtüşmektedir	
57-15	6239-6240	.	

#Text=OVT hastalarında tanı konulması her zaman kolay olamamaktadır.
58-1	6242-6245	OVT	
58-2	6246-6258	hastalarında	
58-3	6259-6263	tanı	
58-4	6264-6273	konulması	
58-5	6274-6277	her	
58-6	6278-6283	zaman	
58-7	6284-6289	kolay	
58-8	6290-6303	olamamaktadır	
58-9	6303-6304	.	

#Text=Doğum sonrası veya postoperatif ateş ve karın ağrısı ile başvuran hastalarda, muayenede ele gelen kordon benzeri bir kitlesi varsa veya görüntüleme pozitifse tanı koymak görece kolay olabilir.
59-1	6306-6311	Doğum	
59-2	6312-6319	sonrası	
59-3	6320-6324	veya	
59-4	6325-6337	postoperatif	
59-5	6338-6342	ateş	
59-6	6343-6345	ve	
59-7	6346-6351	karın	
59-8	6352-6358	ağrısı	
59-9	6359-6362	ile	
59-10	6363-6371	başvuran	
59-11	6372-6382	hastalarda	
59-12	6382-6383	,	
59-13	6384-6393	muayenede	
59-14	6394-6397	ele	
59-15	6398-6403	gelen	
59-16	6404-6410	kordon	
59-17	6411-6418	benzeri	
59-18	6419-6422	bir	
59-19	6423-6430	kitlesi	
59-20	6431-6436	varsa	
59-21	6437-6441	veya	
59-22	6442-6453	görüntüleme	
59-23	6454-6463	pozitifse	
59-24	6464-6468	tanı	
59-25	6469-6475	koymak	
59-26	6476-6482	görece	
59-27	6483-6488	kolay	
59-28	6489-6497	olabilir	
59-29	6497-6498	.	

#Text=Ancak özellikle SPT hastalarında görüntüleme genellikle negatiftir.
60-1	6500-6505	Ancak	
60-2	6506-6515	özellikle	
60-3	6516-6519	SPT	
60-4	6520-6532	hastalarında	
60-5	6533-6544	görüntüleme	
60-6	6545-6555	genellikle	
60-7	6556-6566	negatiftir	
60-8	6566-6567	.	

#Text=Bu hastaların tanısı çoğunlukla diğer tanıların dışlanması ile konmaktadır.
61-1	6569-6571	Bu	
61-2	6572-6582	hastaların	
61-3	6583-6589	tanısı	
61-4	6590-6600	çoğunlukla	
61-5	6601-6606	diğer	
61-6	6607-6616	tanıların	
61-7	6617-6627	dışlanması	
61-8	6628-6631	ile	
61-9	6632-6643	konmaktadır	
61-10	6643-6644	.	

#Text=Antibiyotik tedavisine rağmen ateşinde düşme olmayan şüpheli olgularda 48 saat antikoagulan sonrası ateş yanıtının alınması tanı için kullanılabilir.
62-1	6646-6657	Antibiyotik	
62-2	6658-6668	tedavisine	
62-3	6669-6675	rağmen	
62-4	6676-6684	ateşinde	
62-5	6685-6690	düşme	
62-6	6691-6698	olmayan	
62-7	6699-6706	şüpheli	
62-8	6707-6716	olgularda	
62-9	6717-6719	48	
62-10	6720-6724	saat	
62-11	6725-6737	antikoagulan	
62-12	6738-6745	sonrası	
62-13	6746-6750	ateş	
62-14	6751-6760	yanıtının	
62-15	6761-6769	alınması	
62-16	6770-6774	tanı	
62-17	6775-6779	için	
62-18	6780-6794	kullanılabilir	
62-19	6794-6795	.	

#Text=OVT ve özellikle SPT tanısı, eksploratuar laparotomide palpe edilebilen intravenöz trombüs ve seropürülan sıvının bulunmasıyla kesin olarak yapılabilir, ancak bu nadiren kullanılmaktadır.
63-1	6797-6800	OVT	
63-2	6801-6803	ve	
63-3	6804-6813	özellikle	
63-4	6814-6817	SPT	
63-5	6818-6824	tanısı	
63-6	6824-6825	,	
63-7	6826-6838	eksploratuar	
63-8	6839-6851	laparotomide	
63-9	6852-6857	palpe	
63-10	6858-6868	edilebilen	
63-11	6869-6879	intravenöz	
63-12	6880-6887	trombüs	
63-13	6888-6890	ve	
63-14	6891-6902	seropürülan	
63-15	6903-6910	sıvının	
63-16	6911-6923	bulunmasıyla	
63-17	6924-6929	kesin	
63-18	6930-6936	olarak	
63-19	6937-6948	yapılabilir	
63-20	6948-6949	,	
63-21	6950-6955	ancak	
63-22	6956-6958	bu	
63-23	6959-6966	nadiren	
63-24	6967-6983	kullanılmaktadır	
63-25	6983-6984	.	

#Text=OVT’nin komplikasyonları çoğunlukla enfekte trombüsün pulmoner embolisi, retrograd seyrederek iliofemoral veni tıkaması veya renal veni tıkanması şeklinde bildirilmiştir.
64-1	6986-6989	OVT	
64-2	6989-6990	’	
64-3	6990-6993	nin	
64-4	6994-7010	komplikasyonları	
64-5	7011-7021	çoğunlukla	
64-6	7022-7029	enfekte	
64-7	7030-7039	trombüsün	
64-8	7040-7048	pulmoner	
64-9	7049-7057	embolisi	
64-10	7057-7058	,	
64-11	7059-7068	retrograd	
64-12	7069-7079	seyrederek	
64-13	7080-7091	iliofemoral	
64-14	7092-7096	veni	
64-15	7097-7105	tıkaması	
64-16	7106-7110	veya	
64-17	7111-7116	renal	
64-18	7117-7121	veni	
64-19	7122-7131	tıkanması	
64-20	7132-7140	şeklinde	
64-21	7141-7155	bildirilmiştir	
64-22	7155-7156	.	

#Text=Hastalığın tedavisinde, olası bakterileri içine alan geniş spektrumlu antibiyoterapi ye antikoagülan tedavinin eklenmesi uygun görülmektedir.
65-1	7158-7168	Hastalığın	
65-2	7169-7180	tedavisinde	
65-3	7180-7181	,	
65-4	7182-7187	olası	
65-5	7188-7199	bakterileri	
65-6	7200-7205	içine	
65-7	7206-7210	alan	
65-8	7211-7216	geniş	
65-9	7217-7227	spektrumlu	
65-10	7228-7242	antibiyoterapi	
65-11	7243-7245	ye	
65-12	7246-7258	antikoagülan	
65-13	7259-7268	tedavinin	
65-14	7269-7278	eklenmesi	
65-15	7279-7284	uygun	
65-16	7285-7298	görülmektedir	
65-17	7298-7299	.	

#Text=Antikoagülan tedavinin ne olacağı ve ne kadar süreceği ile ilgili literatürde yerleşmiş bir kullanım olmamakla birlikte sıklıkla unfraksiyone heparin ile düşük molekül ağırlıklı heparin kullanılmaktadır.
66-1	7301-7313	Antikoagülan	
66-2	7314-7323	tedavinin	
66-3	7324-7326	ne	
66-4	7327-7334	olacağı	
66-5	7335-7337	ve	
66-6	7338-7340	ne	
66-7	7341-7346	kadar	
66-8	7347-7355	süreceği	
66-9	7356-7359	ile	
66-10	7360-7366	ilgili	
66-11	7367-7378	literatürde	
66-12	7379-7388	yerleşmiş	
66-13	7389-7392	bir	
66-14	7393-7401	kullanım	
66-15	7402-7411	olmamakla	
66-16	7412-7420	birlikte	
66-17	7421-7429	sıklıkla	
66-18	7430-7442	unfraksiyone	
66-19	7443-7450	heparin	
66-20	7451-7454	ile	
66-21	7455-7460	düşük	
66-22	7461-7468	molekül	
66-23	7469-7478	ağırlıklı	
66-24	7479-7486	heparin	
66-25	7487-7503	kullanılmaktadır	
66-26	7503-7504	.	

#Text=Olgumuzda 1 mg/kg dozunda 12 saat arayla düşük molekül ağırlıklı heparin kullanılmış ve radyolojik olarak trombüs doğrulandığı için altı hafta tedavi sürdürülerek şifa elde edilmiştir.
67-1	7506-7515	Olgumuzda	
67-2	7516-7517	1	
67-3	7518-7520	mg	
67-4	7520-7521	/	
67-5	7521-7523	kg	
67-6	7524-7531	dozunda	
67-7	7532-7534	12	
67-8	7535-7539	saat	
67-9	7540-7546	arayla	
67-10	7547-7552	düşük	
67-11	7553-7560	molekül	
67-12	7561-7570	ağırlıklı	
67-13	7571-7578	heparin	
67-14	7579-7590	kullanılmış	
67-15	7591-7593	ve	
67-16	7594-7604	radyolojik	
67-17	7605-7611	olarak	
67-18	7612-7619	trombüs	
67-19	7620-7632	doğrulandığı	
67-20	7633-7637	için	
67-21	7638-7642	altı	
67-22	7643-7648	hafta	
67-23	7649-7655	tedavi	
67-24	7656-7668	sürdürülerek	
67-25	7669-7673	şifa	
67-26	7674-7678	elde	
67-27	7679-7689	edilmiştir	
67-28	7689-7690	.	

#Text=OVT radyolojik olarak tanı konulabilen ve tedavi edilebilen bir hastalıktır.
68-1	7692-7695	OVT	
68-2	7696-7706	radyolojik	
68-3	7707-7713	olarak	
68-4	7714-7718	tanı	
68-5	7719-7730	konulabilen	
68-6	7731-7733	ve	
68-7	7734-7740	tedavi	
68-8	7741-7751	edilebilen	
68-9	7752-7755	bir	
68-10	7756-7767	hastalıktır	
68-11	7767-7768	.	

#Text=Doğum, pelvik cerrahi ve pelvik enfeksiyonlar sonrası antibiyoterapiye dirençli yüksek ateş olgularında pelvik damarlarda tromboflebit olabileceği akla gelmelidir.
69-1	7770-7775	Doğum	
69-2	7775-7776	,	
69-3	7777-7783	pelvik	
69-4	7784-7791	cerrahi	
69-5	7792-7794	ve	
69-6	7795-7801	pelvik	
69-7	7802-7815	enfeksiyonlar	
69-8	7816-7823	sonrası	
69-9	7824-7840	antibiyoterapiye	
69-10	7841-7849	dirençli	
69-11	7850-7856	yüksek	
69-12	7857-7861	ateş	
69-13	7862-7873	olgularında	
69-14	7874-7880	pelvik	
69-15	7881-7891	damarlarda	
69-16	7892-7904	tromboflebit	
69-17	7905-7916	olabileceği	
69-18	7917-7921	akla	
69-19	7922-7932	gelmelidir	
69-20	7932-7933	.	

#Text=Görüntüleme yöntemlerinin her zaman tanıya götüremeyeceği ve bazı olgularda antikoagulan tedavinin de tanıda fayda sağlayabileceğinin bilinmesi gerekmektedir.
70-1	7935-7946	Görüntüleme	
70-2	7947-7960	yöntemlerinin	
70-3	7961-7964	her	
70-4	7965-7970	zaman	
70-5	7971-7977	tanıya	
70-6	7978-7992	götüremeyeceği	
70-7	7993-7995	ve	
70-8	7996-8000	bazı	
70-9	8001-8010	olgularda	
70-10	8011-8023	antikoagulan	
70-11	8024-8033	tedavinin	
70-12	8034-8036	de	
70-13	8037-8043	tanıda	
70-14	8044-8049	fayda	
70-15	8050-8068	sağlayabileceğinin	
70-16	8069-8078	bilinmesi	
70-17	8079-8092	gerekmektedir	
70-18	8092-8093	.	
