#FORMAT=WebAnno TSV 3.3


#Text=ÖZET
1-1	0-4	ÖZET	

#Text=Eritema Nodozum (EN) subkutan yağ dokusunda meydana gelen inflamasyon sonucu oluşan sıklıkla tibianın ön yüzüne yerleşen bilateral ağrılı, hassas ve ülsere olmayan nodüllerle karakterizedir.
2-1	5-12	Eritema	
2-2	13-20	Nodozum	
2-3	21-22	(	
2-4	22-24	EN	
2-5	24-25	)	
2-6	26-34	subkutan	
2-7	35-38	yağ	
2-8	39-48	dokusunda	
2-9	49-56	meydana	
2-10	57-62	gelen	
2-11	63-74	inflamasyon	
2-12	75-81	sonucu	
2-13	82-88	oluşan	
2-14	89-97	sıklıkla	
2-15	98-106	tibianın	
2-16	107-109	ön	
2-17	110-116	yüzüne	
2-18	117-125	yerleşen	
2-19	126-135	bilateral	
2-20	136-142	ağrılı	
2-21	142-143	,	
2-22	144-150	hassas	
2-23	151-153	ve	
2-24	154-160	ülsere	
2-25	161-168	olmayan	
2-26	169-179	nodüllerle	
2-27	180-194	karakterizedir	
2-28	194-195	.	

#Text=Genellikle erişkinlerde görülen EN, çocuklarda oldukça nadir bildirilmektedir.
3-1	196-206	Genellikle	
3-2	207-219	erişkinlerde	
3-3	220-227	görülen	
3-4	228-230	EN	
3-5	230-231	,	
3-6	232-242	çocuklarda	
3-7	243-250	oldukça	
3-8	251-256	nadir	
3-9	257-273	bildirilmektedir	
3-10	273-274	.	

#Text=Etyolojisinde başta streptokokal farenjit, tüberküloz gibi enfeksiyonlar yer almakla birlikte sarkoidoz, inflamatuvar barsak hastalıkları vekollajen doku hastalıkları da EN sebep olmaktadır.
4-1	275-288	Etyolojisinde	
4-2	289-294	başta	
4-3	295-307	streptokokal	
4-4	308-316	farenjit	
4-5	316-317	,	
4-6	318-328	tüberküloz	
4-7	329-333	gibi	
4-8	334-347	enfeksiyonlar	
4-9	348-351	yer	
4-10	352-359	almakla	
4-11	360-368	birlikte	
4-12	369-378	sarkoidoz	
4-13	378-379	,	
4-14	380-392	inflamatuvar	
4-15	393-399	barsak	
4-16	400-412	hastalıkları	
4-17	413-423	vekollajen	
4-18	424-428	doku	
4-19	429-441	hastalıkları	
4-20	442-444	da	
4-21	445-447	EN	
4-22	448-453	sebep	
4-23	454-464	olmaktadır	
4-24	464-465	.	

#Text=Bu olgu sunumunda çocuk acil servisine ateş, boğaz ağrısı ve eritema nodozum lezyonları ile başvuran bir hasta sunulmuştur.
5-1	466-468	Bu	
5-2	469-473	olgu	
5-3	474-483	sunumunda	
5-4	484-489	çocuk	
5-5	490-494	acil	
5-6	495-504	servisine	
5-7	505-509	ateş	
5-8	509-510	,	
5-9	511-516	boğaz	
5-10	517-523	ağrısı	
5-11	524-526	ve	
5-12	527-534	eritema	
5-13	535-542	nodozum	
5-14	543-553	lezyonları	
5-15	554-557	ile	
5-16	558-566	başvuran	
5-17	567-570	bir	
5-18	571-576	hasta	
5-19	577-588	sunulmuştur	
5-20	588-589	.	

#Text=GİRİŞ
6-1	590-595	GİRİŞ	

#Text=Eritema Nodozum (EN) subkutan yağ dokusunda meydana gelen inflamasyon sonucu oluşan sıklıkla tibianın ön yüzüne yerleşen bilateral ağrılı, hassas ve ülsere olmayan nodüllerle karakterizedir.
7-1	596-603	Eritema	
7-2	604-611	Nodozum	
7-3	612-613	(	
7-4	613-615	EN	
7-5	615-616	)	
7-6	617-625	subkutan	
7-7	626-629	yağ	
7-8	630-639	dokusunda	
7-9	640-647	meydana	
7-10	648-653	gelen	
7-11	654-665	inflamasyon	
7-12	666-672	sonucu	
7-13	673-679	oluşan	
7-14	680-688	sıklıkla	
7-15	689-697	tibianın	
7-16	698-700	ön	
7-17	701-707	yüzüne	
7-18	708-716	yerleşen	
7-19	717-726	bilateral	
7-20	727-733	ağrılı	
7-21	733-734	,	
7-22	735-741	hassas	
7-23	742-744	ve	
7-24	745-751	ülsere	
7-25	752-759	olmayan	
7-26	760-770	nodüllerle	
7-27	771-785	karakterizedir	
7-28	785-786	.	

#Text=Genellikle erişkinlerde görülen EN, çocuklarda oldukça nadirdir.
8-1	787-797	Genellikle	
8-2	798-810	erişkinlerde	
8-3	811-818	görülen	
8-4	819-821	EN	
8-5	821-822	,	
8-6	823-833	çocuklarda	
8-7	834-841	oldukça	
8-8	842-850	nadirdir	
8-9	850-851	.	

#Text=Patogenezinde başta streptokokal farenjit, tüberküloz gibi enfeksiyonlar rol almakla birlikte sarkoidoz, inflamatuvar barsak hastalıkları, kollajen doku hastalıkları ve malignitelerin yol açtığı hipersensitivite reaksiyonları da EN sebep olmaktadır.
9-1	852-865	Patogenezinde	
9-2	866-871	başta	
9-3	872-884	streptokokal	
9-4	885-893	farenjit	
9-5	893-894	,	
9-6	895-905	tüberküloz	
9-7	906-910	gibi	
9-8	911-924	enfeksiyonlar	
9-9	925-928	rol	
9-10	929-936	almakla	
9-11	937-945	birlikte	
9-12	946-955	sarkoidoz	
9-13	955-956	,	
9-14	957-969	inflamatuvar	
9-15	970-976	barsak	
9-16	977-989	hastalıkları	
9-17	989-990	,	
9-18	991-999	kollajen	
9-19	1000-1004	doku	
9-20	1005-1017	hastalıkları	
9-21	1018-1020	ve	
9-22	1021-1035	malignitelerin	
9-23	1036-1039	yol	
9-24	1040-1046	açtığı	
9-25	1047-1063	hipersensitivite	
9-26	1064-1077	reaksiyonları	
9-27	1078-1080	da	
9-28	1081-1083	EN	
9-29	1084-1089	sebep	
9-30	1090-1100	olmaktadır	
9-31	1100-1101	.	

#Text=Bu yazıda poststreptokoksik EN gelişen bir olgu sunuldu.
10-1	1102-1104	Bu	
10-2	1105-1111	yazıda	
10-3	1112-1129	poststreptokoksik	
10-4	1130-1132	EN	
10-5	1133-1140	gelişen	
10-6	1141-1144	bir	
10-7	1145-1149	olgu	
10-8	1150-1157	sunuldu	
10-9	1157-1158	.	

#Text=İÇERİK
11-1	1159-1165	İÇERİK	

#Text=Bilinen bir hastalığı olmayan 10 yaşındaki kız hasta, on gün önce başlayan ateş, boğaz ağrısı ve son 4-5 gündür olan her iki tibia ön yüzde ağrılı, kızarık lezyonlar nedeniyle Çocuk Acil servise başvurdu.
12-1	1166-1173	Bilinen	
12-2	1174-1177	bir	
12-3	1178-1187	hastalığı	
12-4	1188-1195	olmayan	
12-5	1196-1198	10	
12-6	1199-1208	yaşındaki	
12-7	1209-1212	kız	
12-8	1213-1218	hasta	
12-9	1218-1219	,	
12-10	1220-1222	on	
12-11	1223-1226	gün	
12-12	1227-1231	önce	
12-13	1232-1240	başlayan	
12-14	1241-1245	ateş	
12-15	1245-1246	,	
12-16	1247-1252	boğaz	
12-17	1253-1259	ağrısı	
12-18	1260-1262	ve	
12-19	1263-1266	son	
12-20	1267-1268	4	
12-21	1268-1269	-	
12-22	1269-1270	5	
12-23	1271-1277	gündür	
12-24	1278-1282	olan	
12-25	1283-1286	her	
12-26	1287-1290	iki	
12-27	1291-1296	tibia	
12-28	1297-1299	ön	
12-29	1300-1305	yüzde	
12-30	1306-1312	ağrılı	
12-31	1312-1313	,	
12-32	1314-1321	kızarık	
12-33	1322-1331	lezyonlar	
12-34	1332-1341	nedeniyle	
12-35	1342-1347	Çocuk	
12-36	1348-1352	Acil	
12-37	1353-1360	servise	
12-38	1361-1369	başvurdu	
12-39	1369-1370	.	

#Text=Hastanın boğaz ağrısı ve ateş nedeniyle oral amoksisilin-klavulonat kullandığı, tedavi sürerken bacaklarındaki döküntüleri çıkınca selülit düşünülerek üç gün parenteral seftriakson tedavisi aldığı öğrenildi.
13-1	1371-1379	Hastanın	
13-2	1380-1385	boğaz	
13-3	1386-1392	ağrısı	
13-4	1393-1395	ve	
13-5	1396-1400	ateş	
13-6	1401-1410	nedeniyle	
13-7	1411-1415	oral	
13-8	1416-1438	amoksisilin-klavulonat	
13-9	1439-1449	kullandığı	
13-10	1449-1450	,	
13-11	1451-1457	tedavi	
13-12	1458-1466	sürerken	
13-13	1467-1481	bacaklarındaki	
13-14	1482-1493	döküntüleri	
13-15	1494-1501	çıkınca	
13-16	1502-1509	selülit	
13-17	1510-1521	düşünülerek	
13-18	1522-1524	üç	
13-19	1525-1528	gün	
13-20	1529-1539	parenteral	
13-21	1540-1551	seftriakson	
13-22	1552-1560	tedavisi	
13-23	1561-1567	aldığı	
13-24	1568-1577	öğrenildi	
13-25	1577-1578	.	

#Text=Öyküsünde tekrarlayan oral aftlarının olduğu, anne ve babasında da benzer şekilde tekrarlayan oral aft yakınmasının olduğu fakat ailede herhangi bir romatizmal hastalık olmadığı belirlendi.
14-1	1579-1588	Öyküsünde	
14-2	1589-1600	tekrarlayan	
14-3	1601-1605	oral	
14-4	1606-1616	aftlarının	
14-5	1617-1623	olduğu	
14-6	1623-1624	,	
14-7	1625-1629	anne	
14-8	1630-1632	ve	
14-9	1633-1642	babasında	
14-10	1643-1645	da	
14-11	1646-1652	benzer	
14-12	1653-1660	şekilde	
14-13	1661-1672	tekrarlayan	
14-14	1673-1677	oral	
14-15	1678-1681	aft	
14-16	1682-1694	yakınmasının	
14-17	1695-1701	olduğu	
14-18	1702-1707	fakat	
14-19	1708-1714	ailede	
14-20	1715-1723	herhangi	
14-21	1724-1727	bir	
14-22	1728-1738	romatizmal	
14-23	1739-1747	hastalık	
14-24	1748-1756	olmadığı	
14-25	1757-1767	belirlendi	
14-26	1767-1768	.	

#Text=Hastanın fizik muayenesinde ağırlığı 33.7 kg, boyu 138 cm, kan basıncı 100/60 mmHg, kalp tepe atımı 88/dakika, vücut ısısı 37.70 C idi.
15-1	1769-1777	Hastanın	
15-2	1778-1783	fizik	
15-3	1784-1796	muayenesinde	
15-4	1797-1805	ağırlığı	
15-5	1806-1810	33.7	
15-6	1811-1813	kg	
15-7	1813-1814	,	
15-8	1815-1819	boyu	
15-9	1820-1823	138	
15-10	1824-1826	cm	
15-11	1826-1827	,	
15-12	1828-1831	kan	
15-13	1832-1839	basıncı	
15-14	1840-1843	100	
15-15	1843-1844	/	
15-16	1844-1846	60	
15-17	1847-1851	mmHg	
15-18	1851-1852	,	
15-19	1853-1857	kalp	
15-20	1858-1862	tepe	
15-21	1863-1868	atımı	
15-22	1869-1871	88	
15-23	1871-1872	/	
15-24	1872-1878	dakika	
15-25	1878-1879	,	
15-26	1880-1885	vücut	
15-27	1886-1891	ısısı	
15-28	1892-1897	37.70	
15-29	1898-1899	C	
15-30	1900-1903	idi	
15-31	1903-1904	.	

#Text=Deri muayenesinde sağ ve sol tibia ön yüzünde bilateral, simetrik yerleşimli, ciltten kabarık, basmakla çok ağrılı, kırmızı-mor renkli, farklı büyüklükte lezyonlar izlendi.
16-1	1905-1909	Deri	
16-2	1910-1922	muayenesinde	
16-3	1923-1926	sağ	
16-4	1927-1929	ve	
16-5	1930-1933	sol	
16-6	1934-1939	tibia	
16-7	1940-1942	ön	
16-8	1943-1950	yüzünde	
16-9	1951-1960	bilateral	
16-10	1960-1961	,	
16-11	1962-1970	simetrik	
16-12	1971-1981	yerleşimli	
16-13	1981-1982	,	
16-14	1983-1990	ciltten	
16-15	1991-1998	kabarık	
16-16	1998-1999	,	
16-17	2000-2008	basmakla	
16-18	2009-2012	çok	
16-19	2013-2019	ağrılı	
16-20	2019-2020	,	
16-21	2021-2032	kırmızı-mor	
16-22	2033-2039	renkli	
16-23	2039-2040	,	
16-24	2041-2047	farklı	
16-25	2048-2058	büyüklükte	
16-26	2059-2068	lezyonlar	
16-27	2069-2076	izlendi	
16-28	2076-2077	.	

#Text=Bu lezyonlar eritema nodozum olarak değerlendirildi.
17-1	2078-2080	Bu	
17-2	2081-2090	lezyonlar	
17-3	2091-2098	eritema	
17-4	2099-2106	nodozum	
17-5	2107-2113	olarak	
17-6	2114-2129	değerlendirildi	
17-7	2129-2130	.	

#Text=Deri bulguları dışında fizik muayenesi doğal olan hastanın Behçet hastalığı ön tanısına yönelik yapılan göz muayenesi doğaldı ve paterji testi negatifti.
18-1	2131-2135	Deri	
18-2	2136-2145	bulguları	
18-3	2146-2153	dışında	
18-4	2154-2159	fizik	
18-5	2160-2169	muayenesi	
18-6	2170-2175	doğal	
18-7	2176-2180	olan	
18-8	2181-2189	hastanın	
18-9	2190-2196	Behçet	
18-10	2197-2206	hastalığı	
18-11	2207-2209	ön	
18-12	2210-2218	tanısına	
18-13	2219-2226	yönelik	
18-14	2227-2234	yapılan	
18-15	2235-2238	göz	
18-16	2239-2248	muayenesi	
18-17	2249-2256	doğaldı	
18-18	2257-2259	ve	
18-19	2260-2267	paterji	
18-20	2268-2273	testi	
18-21	2274-2283	negatifti	
18-22	2283-2284	.	

#Text=Laboratuvar incelemesinde eritrosit sedimantasyon hızı 106 mm/saat, C-reaktif proteini 275.8 mg/L (0-5), anti-streptolizin O(ASO) >1600U (0-259) idi.
19-1	2285-2296	Laboratuvar	
19-2	2297-2310	incelemesinde	
19-3	2311-2320	eritrosit	
19-4	2321-2334	sedimantasyon	
19-5	2335-2339	hızı	
19-6	2340-2343	106	
19-7	2344-2346	mm	
19-8	2346-2347	/	
19-9	2347-2351	saat	
19-10	2351-2352	,	
19-11	2353-2362	C-reaktif	
19-12	2363-2371	proteini	
19-13	2372-2377	275.8	
19-14	2378-2380	mg	
19-15	2380-2381	/	
19-16	2381-2382	L	
19-17	2383-2384	(	
19-18	2384-2385	0	
19-19	2385-2386	-	
19-20	2386-2387	5	
19-21	2387-2388	)	
19-22	2388-2389	,	
19-23	2390-2407	anti-streptolizin	
19-24	2408-2409	O	
19-25	2409-2410	(	
19-26	2410-2413	ASO	
19-27	2413-2414	)	
19-28	2415-2416	>	
19-29	2416-2421	1600U	
19-30	2422-2423	(	
19-31	2423-2424	0	
19-32	2424-2425	-	
19-33	2425-2428	259	
19-34	2428-2429	)	
19-35	2430-2433	idi	
19-36	2433-2434	.	

#Text=Tam kan sayımı ve periferik yayması, kan biyokimyası, tam idrar tetkiki, serum C3 düzeyleri normaldi.
20-1	2435-2438	Tam	
20-2	2439-2442	kan	
20-3	2443-2449	sayımı	
20-4	2450-2452	ve	
20-5	2453-2462	periferik	
20-6	2463-2470	yayması	
20-7	2470-2471	,	
20-8	2472-2475	kan	
20-9	2476-2487	biyokimyası	
20-10	2487-2488	,	
20-11	2489-2492	tam	
20-12	2493-2498	idrar	
20-13	2499-2506	tetkiki	
20-14	2506-2507	,	
20-15	2508-2513	serum	
20-16	2514-2516	C3	
20-17	2517-2526	düzeyleri	
20-18	2527-2535	normaldi	
20-19	2535-2536	.	

#Text=Akciğer grafisi normal olan hastanın PPD’si negatif saptandı.
21-1	2537-2544	Akciğer	
21-2	2545-2552	grafisi	
21-3	2553-2559	normal	
21-4	2560-2564	olan	
21-5	2565-2573	hastanın	
21-6	2574-2577	PPD	
21-7	2577-2578	’	
21-8	2578-2580	si	
21-9	2581-2588	negatif	
21-10	2589-2597	saptandı	
21-11	2597-2598	.	

#Text=Boğaz kültüründe üreme olmadı.
22-1	2599-2604	Boğaz	
22-2	2605-2615	kültüründe	
22-3	2616-2621	üreme	
22-4	2622-2628	olmadı	
22-5	2628-2629	.	

#Text=Hastaya 10 mg/kg/gün ibubrofen ve 60 mg/kg/gün amoksisilin klavulonat başlanıldı.
23-1	2630-2637	Hastaya	
23-2	2638-2640	10	
23-3	2641-2643	mg	
23-4	2643-2644	/	
23-5	2644-2646	kg	
23-6	2646-2647	/	
23-7	2647-2650	gün	
23-8	2651-2660	ibubrofen	
23-9	2661-2663	ve	
23-10	2664-2666	60	
23-11	2667-2669	mg	
23-12	2669-2670	/	
23-13	2670-2672	kg	
23-14	2672-2673	/	
23-15	2673-2676	gün	
23-16	2677-2688	amoksisilin	
23-17	2689-2699	klavulonat	
23-18	2700-2710	başlanıldı	
23-19	2710-2711	.	

#Text=Tedavin 4. gününde hastanın ağrısı belirgin geriledi ve döküntüleri solmaya başladı.
24-1	2712-2719	Tedavin	
24-2	2720-2721	4	
24-3	2721-2722	.	
24-4	2723-2730	gününde	
24-5	2731-2739	hastanın	
24-6	2740-2746	ağrısı	
24-7	2747-2755	belirgin	
24-8	2756-2764	geriledi	
24-9	2765-2767	ve	
24-10	2768-2779	döküntüleri	
24-11	2780-2787	solmaya	
24-12	2788-2795	başladı	
24-13	2795-2796	.	

#Text=İzlemde bulguları tamamen gerileyen hasta kontrollere gelmek üzere taburcu edildi.
25-1	2797-2804	İzlemde	
25-2	2805-2814	bulguları	
25-3	2815-2822	tamamen	
25-4	2823-2832	gerileyen	
25-5	2833-2838	hasta	
25-6	2839-2850	kontrollere	
25-7	2851-2857	gelmek	
25-8	2858-2863	üzere	
25-9	2864-2871	taburcu	
25-10	2872-2878	edildi	
25-11	2878-2879	.	

#Text=Hastanın ibuprofen tedavisi 1. haftada, anti biyotiği ise 14. günde kesildi.
26-1	2880-2888	Hastanın	
26-2	2889-2898	ibuprofen	
26-3	2899-2907	tedavisi	
26-4	2908-2909	1	
26-5	2909-2910	.	
26-6	2911-2918	haftada	
26-7	2918-2919	,	
26-8	2920-2924	anti	
26-9	2925-2933	biyotiği	
26-10	2934-2937	ise	
26-11	2938-2940	14	
26-12	2940-2941	.	
26-13	2942-2947	günde	
26-14	2948-2955	kesildi	
26-15	2955-2956	.	

#Text=Eritema nodozum her iki tibia ön yüzüne yerleşen, ani başlayan ve birkaç hafta içinde kendiliğinden kaybolan, 1-5 cm çapında, deriden kabarık, ağrılı, kırmızı- mor renkli deri nodülleridir.
27-1	2957-2964	Eritema	
27-2	2965-2972	nodozum	
27-3	2973-2976	her	
27-4	2977-2980	iki	
27-5	2981-2986	tibia	
27-6	2987-2989	ön	
27-7	2990-2996	yüzüne	
27-8	2997-3005	yerleşen	
27-9	3005-3006	,	
27-10	3007-3010	ani	
27-11	3011-3019	başlayan	
27-12	3020-3022	ve	
27-13	3023-3029	birkaç	
27-14	3030-3035	hafta	
27-15	3036-3042	içinde	
27-16	3043-3056	kendiliğinden	
27-17	3057-3065	kaybolan	
27-18	3065-3066	,	
27-19	3067-3068	1	
27-20	3068-3069	-	
27-21	3069-3070	5	
27-22	3071-3073	cm	
27-23	3074-3081	çapında	
27-24	3081-3082	,	
27-25	3083-3090	deriden	
27-26	3091-3098	kabarık	
27-27	3098-3099	,	
27-28	3100-3106	ağrılı	
27-29	3106-3107	,	
27-30	3108-3115	kırmızı	
27-31	3115-3116	-	
27-32	3117-3120	mor	
27-33	3121-3127	renkli	
27-34	3128-3132	deri	
27-35	3133-3145	nodülleridir	
27-36	3145-3146	.	

#Text=Nodüller ülserleşmez ve skar bırakmadan iyileşir.
28-1	3147-3155	Nodüller	
28-2	3156-3167	ülserleşmez	
28-3	3168-3170	ve	
28-4	3171-3175	skar	
28-5	3176-3186	bırakmadan	
28-6	3187-3195	iyileşir	
28-7	3195-3196	.	

#Text=Tanı genellikle klinik bulgularla konulmakta nadiren cilt biyopsisine ihtiyaç duyulmaktadır.
29-1	3197-3201	Tanı	
29-2	3202-3212	genellikle	
29-3	3213-3219	klinik	
29-4	3220-3230	bulgularla	
29-5	3231-3241	konulmakta	
29-6	3242-3249	nadiren	
29-7	3250-3254	cilt	
29-8	3255-3266	biyopsisine	
29-9	3267-3274	ihtiyaç	
29-10	3275-3288	duyulmaktadır	
29-11	3288-3289	.	

#Text=Bizim olgumuzda da klinik ve fizik muayene bulguları ile EN tanısı konuldu ve biyopsi yapılmadı.
30-1	3290-3295	Bizim	
30-2	3296-3305	olgumuzda	
30-3	3306-3308	da	
30-4	3309-3315	klinik	
30-5	3316-3318	ve	
30-6	3319-3324	fizik	
30-7	3325-3332	muayene	
30-8	3333-3342	bulguları	
30-9	3343-3346	ile	
30-10	3347-3349	EN	
30-11	3350-3356	tanısı	
30-12	3357-3364	konuldu	
30-13	3365-3367	ve	
30-14	3368-3375	biyopsi	
30-15	3376-3385	yapılmadı	
30-16	3385-3386	.	

#Text=Eritema nodozumun sıklığı ülkemizde bilinmemektedir.
31-1	3387-3394	Eritema	
31-2	3395-3404	nodozumun	
31-3	3405-3412	sıklığı	
31-4	3413-3422	ülkemizde	
31-5	3423-3438	bilinmemektedir	
31-6	3438-3439	.	

#Text=Ryan ve arkadaşlarının yaptığı bir çalışmada İngiltere’de genel popülasyondaki sıklığı yılda on binde 2.4 bulunmuştur.
32-1	3440-3444	Ryan	
32-2	3445-3447	ve	
32-3	3448-3462	arkadaşlarının	
32-4	3463-3470	yaptığı	
32-5	3471-3474	bir	
32-6	3475-3484	çalışmada	
32-7	3485-3494	İngiltere	
32-8	3494-3495	’	
32-9	3495-3497	de	
32-10	3498-3503	genel	
32-11	3504-3518	popülasyondaki	
32-12	3519-3526	sıklığı	
32-13	3527-3532	yılda	
32-14	3533-3535	on	
32-15	3536-3541	binde	
32-16	3542-3545	2.4	
32-17	3546-3557	bulunmuştur	
32-18	3557-3558	.	

#Text=EN sıklıkla erişkinlerde görülmekte ve kadınları daha sık etkilemektedir.
33-1	3559-3561	EN	
33-2	3562-3570	sıklıkla	
33-3	3571-3583	erişkinlerde	
33-4	3584-3594	görülmekte	
33-5	3595-3597	ve	
33-6	3598-3607	kadınları	
33-7	3608-3612	daha	
33-8	3613-3616	sık	
33-9	3617-3631	etkilemektedir	
33-10	3631-3632	.	

#Text=Çocuklarda nadir görülen EN’un genellikle 8-10 yaşlar arasında ortaya çıktığı bildirilmektedir.
34-1	3633-3643	Çocuklarda	
34-2	3644-3649	nadir	
34-3	3650-3657	görülen	
34-4	3658-3660	EN	
34-5	3660-3661	’	
34-6	3661-3663	un	
34-7	3664-3674	genellikle	
34-8	3675-3676	8	
34-9	3676-3677	-	
34-10	3677-3679	10	
34-11	3680-3686	yaşlar	
34-12	3687-3695	arasında	
34-13	3696-3702	ortaya	
34-14	3703-3710	çıktığı	
34-15	3711-3727	bildirilmektedir	
34-16	3727-3728	.	

#Text=Çocukluk döneminde puberte öncesi cinsiyet farkı görülmezken adölesan dönemde kız çocuklarında daha sık görülmektedir.
35-1	3729-3737	Çocukluk	
35-2	3738-3747	döneminde	
35-3	3748-3755	puberte	
35-4	3756-3762	öncesi	
35-5	3763-3771	cinsiyet	
35-6	3772-3777	farkı	
35-7	3778-3789	görülmezken	
35-8	3790-3798	adölesan	
35-9	3799-3806	dönemde	
35-10	3807-3810	kız	
35-11	3811-3823	çocuklarında	
35-12	3824-3828	daha	
35-13	3829-3832	sık	
35-14	3833-3846	görülmektedir	
35-15	3846-3847	.	

#Text=Bizim olgumuzda bu verilerle uyumlu olarak 10 yaşında kız hasta idi.
36-1	3848-3853	Bizim	
36-2	3854-3863	olgumuzda	
36-3	3864-3866	bu	
36-4	3867-3876	verilerle	
36-5	3877-3883	uyumlu	
36-6	3884-3890	olarak	
36-7	3891-3893	10	
36-8	3894-3901	yaşında	
36-9	3902-3905	kız	
36-10	3906-3911	hasta	
36-11	3912-3915	idi	
36-12	3915-3916	.	

#Text=Eritema nodozumun etyolojisinde erişkin olguların yarısında neden bulunamazken olguların çoğunluğunda enfeksiyonlar (streptokokal farenjit ve primer tüberküloz), sarkoidoz, ilaçlar, Behçet hastalığı, inflamatuvar barsak hastalıkları ve maligniteler etyolojide yer almaktadır.
37-1	3917-3924	Eritema	
37-2	3925-3934	nodozumun	
37-3	3935-3948	etyolojisinde	
37-4	3949-3956	erişkin	
37-5	3957-3966	olguların	
37-6	3967-3976	yarısında	
37-7	3977-3982	neden	
37-8	3983-3995	bulunamazken	
37-9	3996-4005	olguların	
37-10	4006-4018	çoğunluğunda	
37-11	4019-4032	enfeksiyonlar	
37-12	4033-4034	(	
37-13	4034-4046	streptokokal	
37-14	4047-4055	farenjit	
37-15	4056-4058	ve	
37-16	4059-4065	primer	
37-17	4066-4076	tüberküloz	
37-18	4076-4077	)	
37-19	4077-4078	,	
37-20	4079-4088	sarkoidoz	
37-21	4088-4089	,	
37-22	4090-4097	ilaçlar	
37-23	4097-4098	,	
37-24	4099-4105	Behçet	
37-25	4106-4115	hastalığı	
37-26	4115-4116	,	
37-27	4117-4129	inflamatuvar	
37-28	4130-4136	barsak	
37-29	4137-4149	hastalıkları	
37-30	4150-4152	ve	
37-31	4153-4165	maligniteler	
37-32	4166-4176	etyolojide	
37-33	4177-4180	yer	
37-34	4181-4191	almaktadır	
37-35	4191-4192	.	

#Text=Çocuklarda ise EN en sık A grubu beta hemolitik streptokok (AGBHS) enfeksiyonu sonrası görülmektedir.
38-1	4193-4203	Çocuklarda	
38-2	4204-4207	ise	
38-3	4208-4210	EN	
38-4	4211-4213	en	
38-5	4214-4217	sık	
38-6	4218-4219	A	
38-7	4220-4225	grubu	
38-8	4226-4230	beta	
38-9	4231-4240	hemolitik	
38-10	4241-4251	streptokok	
38-11	4252-4253	(	
38-12	4253-4258	AGBHS	
38-13	4258-4259	)	
38-14	4260-4271	enfeksiyonu	
38-15	4272-4279	sonrası	
38-16	4280-4293	görülmektedir	
38-17	4293-4294	.	

#Text=Cengiz ve arkadaşlarının 10 EN’lu çocuğu değerlendirdikleri bir çalışmada %30 olguda streptokokal enfeksiyon, %20’sinde tüberküloz saptanmıştır.
39-1	4295-4301	Cengiz	
39-2	4302-4304	ve	
39-3	4305-4319	arkadaşlarının	
39-4	4320-4322	10	
39-5	4323-4325	EN	
39-6	4325-4326	’	
39-7	4326-4328	lu	
39-8	4329-4335	çocuğu	
39-9	4336-4354	değerlendirdikleri	
39-10	4355-4358	bir	
39-11	4359-4368	çalışmada	
39-12	4369-4370	%	
39-13	4370-4372	30	
39-14	4373-4379	olguda	
39-15	4380-4392	streptokokal	
39-16	4393-4403	enfeksiyon	
39-17	4403-4404	,	
39-18	4405-4406	%	
39-19	4406-4408	20	
39-20	4408-4409	’	
39-21	4409-4414	sinde	
39-22	4415-4425	tüberküloz	
39-23	4426-4438	saptanmıştır	
39-24	4438-4439	.	

#Text=Olguların diğer yarısında ise neden bulunamamıştır.
40-1	4440-4449	Olguların	
40-2	4450-4455	diğer	
40-3	4456-4465	yarısında	
40-4	4466-4469	ise	
40-5	4470-4475	neden	
40-6	4476-4490	bulunamamıştır	
40-7	4490-4491	.	

#Text=Çelebi ve arkadaşlarının yaptığı EN’lu 14 çocuk olguyu değerlendirdikleri bir çalışmada ise en sık etken tularemi (%28.5), ardından tüberküloz (%21.4), AGBHS (%14.2) ve Salmonella gastroenteriti (%14.2) olarak bildirilmiştir.
41-1	4492-4498	Çelebi	
41-2	4499-4501	ve	
41-3	4502-4516	arkadaşlarının	
41-4	4517-4524	yaptığı	
41-5	4525-4527	EN	
41-6	4527-4528	’	
41-7	4528-4530	lu	
41-8	4531-4533	14	
41-9	4534-4539	çocuk	
41-10	4540-4546	olguyu	
41-11	4547-4565	değerlendirdikleri	
41-12	4566-4569	bir	
41-13	4570-4579	çalışmada	
41-14	4580-4583	ise	
41-15	4584-4586	en	
41-16	4587-4590	sık	
41-17	4591-4596	etken	
41-18	4597-4605	tularemi	
41-19	4606-4607	(	
41-20	4607-4608	%	
41-21	4608-4612	28.5	
41-22	4612-4613	)	
41-23	4613-4614	,	
41-24	4615-4623	ardından	
41-25	4624-4634	tüberküloz	
41-26	4635-4636	(	
41-27	4636-4637	%	
41-28	4637-4641	21.4	
41-29	4641-4642	)	
41-30	4642-4643	,	
41-31	4644-4649	AGBHS	
41-32	4650-4651	(	
41-33	4651-4652	%	
41-34	4652-4656	14.2	
41-35	4656-4657	)	
41-36	4658-4660	ve	
41-37	4661-4671	Salmonella	
41-38	4672-4686	gastroenteriti	
41-39	4687-4688	(	
41-40	4688-4689	%	
41-41	4689-4693	14.2	
41-42	4693-4694	)	
41-43	4695-4701	olarak	
41-44	4702-4716	bildirilmiştir	
41-45	4716-4717	.	

#Text=Bizim olgumuzda ailede tüberküloz öyküsünün olmaması, akciğer grafisinin normal olması ve PPD negatifliği nedeniyle tüberküloz tanısı dışlandı.
42-1	4718-4723	Bizim	
42-2	4724-4733	olgumuzda	
42-3	4734-4740	ailede	
42-4	4741-4751	tüberküloz	
42-5	4752-4761	öyküsünün	
42-6	4762-4770	olmaması	
42-7	4770-4771	,	
42-8	4772-4779	akciğer	
42-9	4780-4790	grafisinin	
42-10	4791-4797	normal	
42-11	4798-4804	olması	
42-12	4805-4807	ve	
42-13	4808-4811	PPD	
42-14	4812-4823	negatifliği	
42-15	4824-4833	nedeniyle	
42-16	4834-4844	tüberküloz	
42-17	4845-4851	tanısı	
42-18	4852-4860	dışlandı	
42-19	4860-4861	.	

#Text=Olgumuza başvurudan 1 -2 hafta önce boğaz ağrısının olması ve ASO titresinin çok yüksek olması nedeniyle AGBHS enfeksiyonuna bağlı EN tanısı konuldu.
43-1	4862-4870	Olgumuza	
43-2	4871-4881	başvurudan	
43-3	4882-4883	1	
43-4	4884-4885	-	
43-5	4885-4886	2	
43-6	4887-4892	hafta	
43-7	4893-4897	önce	
43-8	4898-4903	boğaz	
43-9	4904-4913	ağrısının	
43-10	4914-4920	olması	
43-11	4921-4923	ve	
43-12	4924-4927	ASO	
43-13	4928-4938	titresinin	
43-14	4939-4942	çok	
43-15	4943-4949	yüksek	
43-16	4950-4956	olması	
43-17	4957-4966	nedeniyle	
43-18	4967-4972	AGBHS	
43-19	4973-4986	enfeksiyonuna	
43-20	4987-4992	bağlı	
43-21	4993-4995	EN	
43-22	4996-5002	tanısı	
43-23	5003-5010	konuldu	
43-24	5010-5011	.	

#Text=Olgunun ağrısının ve döküntülerinin tedavi ile kısa sürede toparlaması da bu tanımızı destekledi.
44-1	5012-5019	Olgunun	
44-2	5020-5029	ağrısının	
44-3	5030-5032	ve	
44-4	5033-5047	döküntülerinin	
44-5	5048-5054	tedavi	
44-6	5055-5058	ile	
44-7	5059-5063	kısa	
44-8	5064-5070	sürede	
44-9	5071-5082	toparlaması	
44-10	5083-5085	da	
44-11	5086-5088	bu	
44-12	5089-5097	tanımızı	
44-13	5098-5108	destekledi	
44-14	5108-5109	.	

#Text=Behçet hastalığı tekrarlayan oral aft ve EN birlikteliğinde akla gelmesi gereken ve ülkemizde prevelansı yüksek olan bir hastalıktır.
45-1	5110-5116	Behçet	
45-2	5117-5126	hastalığı	
45-3	5127-5138	tekrarlayan	
45-4	5139-5143	oral	
45-5	5144-5147	aft	
45-6	5148-5150	ve	
45-7	5151-5153	EN	
45-8	5154-5169	birlikteliğinde	
45-9	5170-5174	akla	
45-10	5175-5182	gelmesi	
45-11	5183-5190	gereken	
45-12	5191-5193	ve	
45-13	5194-5203	ülkemizde	
45-14	5204-5214	prevelansı	
45-15	5215-5221	yüksek	
45-16	5222-5226	olan	
45-17	5227-5230	bir	
45-18	5231-5242	hastalıktır	
45-19	5242-5243	.	

#Text=Behçet hastalığı olanların yarısında EN görülmektedir.
46-1	5244-5250	Behçet	
46-2	5251-5260	hastalığı	
46-3	5261-5270	olanların	
46-4	5271-5280	yarısında	
46-5	5281-5283	EN	
46-6	5284-5297	görülmektedir	
46-7	5297-5298	.	

#Text=Tanısı Uluslararası Behçet Hastalığı Tanı Kriterleri Uluslararası Çalışma grubu tarafından belirlenen kriterlere göre konulmaktadır.
47-1	5299-5305	Tanısı	
47-2	5306-5318	Uluslararası	
47-3	5319-5325	Behçet	
47-4	5326-5335	Hastalığı	
47-5	5336-5340	Tanı	
47-6	5341-5351	Kriterleri	
47-7	5352-5364	Uluslararası	
47-8	5365-5372	Çalışma	
47-9	5373-5378	grubu	
47-10	5379-5389	tarafından	
47-11	5390-5400	belirlenen	
47-12	5401-5411	kriterlere	
47-13	5412-5416	göre	
47-14	5417-5430	konulmaktadır	
47-15	5430-5431	.	

#Text=Bu kriterlerde tekrarlayan oral aftla birlikte tekrarlayan genital ülserler, göz lezyonları (anterior veya posterior üveit), cilt lezyonları (EN, psödofollikülit, papülopüstüler lezyonlar) ve paterji testi pozitifliği yer almaktadır.
48-1	5432-5434	Bu	
48-2	5435-5446	kriterlerde	
48-3	5447-5458	tekrarlayan	
48-4	5459-5463	oral	
48-5	5464-5469	aftla	
48-6	5470-5478	birlikte	
48-7	5479-5490	tekrarlayan	
48-8	5491-5498	genital	
48-9	5499-5507	ülserler	
48-10	5507-5508	,	
48-11	5509-5512	göz	
48-12	5513-5523	lezyonları	
48-13	5524-5525	(	
48-14	5525-5533	anterior	
48-15	5534-5538	veya	
48-16	5539-5548	posterior	
48-17	5549-5554	üveit	
48-18	5554-5555	)	
48-19	5555-5556	,	
48-20	5557-5561	cilt	
48-21	5562-5572	lezyonları	
48-22	5573-5574	(	
48-23	5574-5576	EN	
48-24	5576-5577	,	
48-25	5578-5593	psödofollikülit	
48-26	5593-5594	,	
48-27	5595-5609	papülopüstüler	
48-28	5610-5619	lezyonlar	
48-29	5619-5620	)	
48-30	5621-5623	ve	
48-31	5624-5631	paterji	
48-32	5632-5637	testi	
48-33	5638-5649	pozitifliği	
48-34	5650-5653	yer	
48-35	5654-5664	almaktadır	
48-36	5664-5665	.	

#Text=Tekrarlayan oral aftla birlikte en az 2 kriterin olması Behçet Hastalığı tanısını koydurmaktadır.
49-1	5666-5677	Tekrarlayan	
49-2	5678-5682	oral	
49-3	5683-5688	aftla	
49-4	5689-5697	birlikte	
49-5	5698-5700	en	
49-6	5701-5703	az	
49-7	5704-5705	2	
49-8	5706-5714	kriterin	
49-9	5715-5721	olması	
49-10	5722-5728	Behçet	
49-11	5729-5738	Hastalığı	
49-12	5739-5747	tanısını	
49-13	5748-5762	koydurmaktadır	
49-14	5762-5763	.	

#Text=Bu nedenle tekrarlayan oral aft ve EN yakınması olan hastalarda ilk önce Behçet Hastalığı dışlanmalıdır.
50-1	5764-5766	Bu	
50-2	5767-5774	nedenle	
50-3	5775-5786	tekrarlayan	
50-4	5787-5791	oral	
50-5	5792-5795	aft	
50-6	5796-5798	ve	
50-7	5799-5801	EN	
50-8	5802-5811	yakınması	
50-9	5812-5816	olan	
50-10	5817-5827	hastalarda	
50-11	5828-5831	ilk	
50-12	5832-5836	önce	
50-13	5837-5843	Behçet	
50-14	5844-5853	Hastalığı	
50-15	5854-5867	dışlanmalıdır	
50-16	5867-5868	.	

#Text=Bizim olgumuzun da öyküsünde tekrarlayan oral aft olması nedeniyle hastaya paterji testi yaptırılıp üveit açısından değerlendirildi ve Behçet Hastalığı tanısı dışlandı.
51-1	5869-5874	Bizim	
51-2	5875-5884	olgumuzun	
51-3	5885-5887	da	
51-4	5888-5897	öyküsünde	
51-5	5898-5909	tekrarlayan	
51-6	5910-5914	oral	
51-7	5915-5918	aft	
51-8	5919-5925	olması	
51-9	5926-5935	nedeniyle	
51-10	5936-5943	hastaya	
51-11	5944-5951	paterji	
51-12	5952-5957	testi	
51-13	5958-5968	yaptırılıp	
51-14	5969-5974	üveit	
51-15	5975-5984	açısından	
51-16	5985-6000	değerlendirildi	
51-17	6001-6003	ve	
51-18	6004-6010	Behçet	
51-19	6011-6020	Hastalığı	
51-20	6021-6027	tanısı	
51-21	6028-6036	dışlandı	
51-22	6036-6037	.	

#Text=Eritema nodozum inflamatuvar barsak hastalığı olan olgularda da sıklıkla görülübilmektedir.
52-1	6038-6045	Eritema	
52-2	6046-6053	nodozum	
52-3	6054-6066	inflamatuvar	
52-4	6067-6073	barsak	
52-5	6074-6083	hastalığı	
52-6	6084-6088	olan	
52-7	6089-6098	olgularda	
52-8	6099-6101	da	
52-9	6102-6110	sıklıkla	
52-10	6111-6128	görülübilmektedir	
52-11	6128-6129	.	

#Text=Özellikle ülseratif kolitli olgularda EN rastlanılmaktadır.
53-1	6130-6139	Özellikle	
53-2	6140-6149	ülseratif	
53-3	6150-6157	kolitli	
53-4	6158-6167	olgularda	
53-5	6168-6170	EN	
53-6	6171-6188	rastlanılmaktadır	
53-7	6188-6189	.	

#Text=Gastrointestinal sistemle ilgili yakınmaları olan EN’lu olgularda ayırıcı tanıda mutlaka akla gelmesi gerekmektedir.
54-1	6190-6206	Gastrointestinal	
54-2	6207-6215	sistemle	
54-3	6216-6222	ilgili	
54-4	6223-6234	yakınmaları	
54-5	6235-6239	olan	
54-6	6240-6242	EN	
54-7	6242-6243	’	
54-8	6243-6245	lu	
54-9	6246-6255	olgularda	
54-10	6256-6263	ayırıcı	
54-11	6264-6270	tanıda	
54-12	6271-6278	mutlaka	
54-13	6279-6283	akla	
54-14	6284-6291	gelmesi	
54-15	6292-6305	gerekmektedir	
54-16	6305-6306	.	

#Text=Bizim olgumuzun öyküsünde gastrointestinal sisteme ait yakınmaların (ishal, karın ağrısı, kramp, dışkıda kan) olmaması ve gelişme geriliğinin eşlik etmemesi nedeniyle inflamatuvar barsak hastalıkları dışlandı.
55-1	6307-6312	Bizim	
55-2	6313-6322	olgumuzun	
55-3	6323-6332	öyküsünde	
55-4	6333-6349	gastrointestinal	
55-5	6350-6357	sisteme	
55-6	6358-6361	ait	
55-7	6362-6374	yakınmaların	
55-8	6375-6376	(	
55-9	6376-6381	ishal	
55-10	6381-6382	,	
55-11	6383-6388	karın	
55-12	6389-6395	ağrısı	
55-13	6395-6396	,	
55-14	6397-6402	kramp	
55-15	6402-6403	,	
55-16	6404-6411	dışkıda	
55-17	6412-6415	kan	
55-18	6415-6416	)	
55-19	6417-6425	olmaması	
55-20	6426-6428	ve	
55-21	6429-6436	gelişme	
55-22	6437-6448	geriliğinin	
55-23	6449-6454	eşlik	
55-24	6455-6463	etmemesi	
55-25	6464-6473	nedeniyle	
55-26	6474-6486	inflamatuvar	
55-27	6487-6493	barsak	
55-28	6494-6506	hastalıkları	
55-29	6507-6515	dışlandı	
55-30	6515-6516	.	

#Text=Eritema nodozum pek çok hastalığa bağlı ortaya çıkabilen bir deri lezyonudur.
56-1	6517-6524	Eritema	
56-2	6525-6532	nodozum	
56-3	6533-6536	pek	
56-4	6537-6540	çok	
56-5	6541-6550	hastalığa	
56-6	6551-6556	bağlı	
56-7	6557-6563	ortaya	
56-8	6564-6573	çıkabilen	
56-9	6574-6577	bir	
56-10	6578-6582	deri	
56-11	6583-6593	lezyonudur	
56-12	6593-6594	.	

#Text=Çocukluk çağında nadir görülen EN en sık AGBHS enfeksiyonları sonrası görülmektedir.
57-1	6595-6603	Çocukluk	
57-2	6604-6611	çağında	
57-3	6612-6617	nadir	
57-4	6618-6625	görülen	
57-5	6626-6628	EN	
57-6	6629-6631	en	
57-7	6632-6635	sık	
57-8	6636-6641	AGBHS	
57-9	6642-6656	enfeksiyonları	
57-10	6657-6664	sonrası	
57-11	6665-6678	görülmektedir	
57-12	6678-6679	.	

#Text=EN etkili bir şekilde tedavi edilmesi için altta yatan neden belirlenmelidir.
58-1	6680-6682	EN	
58-2	6683-6689	etkili	
58-3	6690-6693	bir	
58-4	6694-6701	şekilde	
58-5	6702-6708	tedavi	
58-6	6709-6717	edilmesi	
58-7	6718-6722	için	
58-8	6723-6728	altta	
58-9	6729-6734	yatan	
58-10	6735-6740	neden	
58-11	6741-6756	belirlenmelidir	
58-12	6756-6757	.	
