#FORMAT=WebAnno TSV 3.3
#T_SP=webanno.custom.Negation|
#T_SP=webanno.custom.NegationEvent|
#T_SP=webanno.custom.NegationFocus|
#T_SP=webanno.custom.NegationMarker|ROLE_webanno.custom.NegationMarker:coordinationparticle_webanno.custom.NegationMarkerCoordinationparticleLink|webanno.custom.CoordinationParticle|ROLE_webanno.custom.NegationMarker:event_webanno.custom.NegationMarkerEventLink|webanno.custom.NegationEvent|ROLE_webanno.custom.NegationMarker:focus_webanno.custom.NegationMarkerFocusLink|webanno.custom.NegationFocus|markerType|ROLE_webanno.custom.NegationMarker:scope_webanno.custom.NegationMarkerScopeLink|webanno.custom.Negation|value


#Text=ÖZET
1-1	0-4	ÖZET	_	_	_	_	_	_	_	_	_	_	_	_	_	

#Text=Eritema Nodozum (EN) subkutan yağ dokusunda meydana gelen inflamasyon sonucu oluşan sıklıkla tibianın ön yüzüne yerleşen bilateral ağrılı, hassas ve ülsere olmayan nodüllerle karakterizedir.
2-1	5-12	Eritema	_	_	_	_	_	_	_	_	_	_	_	_	_	
2-2	13-20	Nodozum	_	_	_	_	_	_	_	_	_	_	_	_	_	
2-3	21-22	(	_	_	_	_	_	_	_	_	_	_	_	_	_	
2-4	22-24	EN	_	_	_	_	_	_	_	_	_	_	_	_	_	
2-5	24-25	)	_	_	_	_	_	_	_	_	_	_	_	_	_	
2-6	26-34	subkutan	_	_	_	_	_	_	_	_	_	_	_	_	_	
2-7	35-38	yağ	_	_	_	_	_	_	_	_	_	_	_	_	_	
2-8	39-48	dokusunda	_	_	_	_	_	_	_	_	_	_	_	_	_	
2-9	49-56	meydana	_	_	_	_	_	_	_	_	_	_	_	_	_	
2-10	57-62	gelen	_	_	_	_	_	_	_	_	_	_	_	_	_	
2-11	63-74	inflamasyon	_	_	_	_	_	_	_	_	_	_	_	_	_	
2-12	75-81	sonucu	_	_	_	_	_	_	_	_	_	_	_	_	_	
2-13	82-88	oluşan	_	_	_	_	_	_	_	_	_	_	_	_	_	
2-14	89-97	sıklıkla	_	_	_	_	_	_	_	_	_	_	_	_	_	
2-15	98-106	tibianın	_	_	_	_	_	_	_	_	_	_	_	_	_	
2-16	107-109	ön	_	_	_	_	_	_	_	_	_	_	_	_	_	
2-17	110-116	yüzüne	_	_	_	_	_	_	_	_	_	_	_	_	_	
2-18	117-125	yerleşen	_	_	_	_	_	_	_	_	_	_	_	_	_	
2-19	126-135	bilateral	_	_	_	_	_	_	_	_	_	_	_	_	_	
2-20	136-142	ağrılı	_	_	_	_	_	_	_	_	_	_	_	_	_	
2-21	142-143	,	_	_	_	_	_	_	_	_	_	_	_	_	_	
2-22	144-150	hassas	_	_	_	_	_	_	_	_	_	_	_	_	_	
2-23	151-153	ve	_	_	_	_	_	_	_	_	_	_	_	_	_	
2-24	154-160	ülsere	_	_	_	_	_	_	_	_	_	_	_	_	_	
2-25	161-168	olmayan	_	_	_	_	_	_	_	_	_	_	_	_	_	
2-26	169-179	nodüllerle	_	_	_	_	_	_	_	_	_	_	_	_	_	
2-27	180-194	karakterizedir	_	_	_	_	_	_	_	_	_	_	_	_	_	
2-28	194-195	.	_	_	_	_	_	_	_	_	_	_	_	_	_	

#Text=Genellikle erişkinlerde görülen EN, çocuklarda oldukça nadir bildirilmektedir.
3-1	196-206	Genellikle	_	_	_	_	_	_	_	_	_	_	_	_	_	
3-2	207-219	erişkinlerde	_	_	_	_	_	_	_	_	_	_	_	_	_	
3-3	220-227	görülen	_	_	_	_	_	_	_	_	_	_	_	_	_	
3-4	228-230	EN	_	_	_	_	_	_	_	_	_	_	_	_	_	
3-5	230-231	,	_	_	_	_	_	_	_	_	_	_	_	_	_	
3-6	232-242	çocuklarda	_	_	_	_	_	_	_	_	_	_	_	_	_	
3-7	243-250	oldukça	_	_	_	_	_	_	_	_	_	_	_	_	_	
3-8	251-256	nadir	_	_	_	_	_	_	_	_	_	_	_	_	_	
3-9	257-273	bildirilmektedir	_	_	_	_	_	_	_	_	_	_	_	_	_	
3-10	273-274	.	_	_	_	_	_	_	_	_	_	_	_	_	_	

#Text=Etyolojisinde başta streptokokal farenjit, tüberküloz gibi enfeksiyonlar yer almakla birlikte sarkoidoz, inflamatuvar barsak hastalıkları vekollajen doku hastalıkları da EN sebep olmaktadır.
4-1	275-288	Etyolojisinde	_	_	_	_	_	_	_	_	_	_	_	_	_	
4-2	289-294	başta	_	_	_	_	_	_	_	_	_	_	_	_	_	
4-3	295-307	streptokokal	_	_	_	_	_	_	_	_	_	_	_	_	_	
4-4	308-316	farenjit	_	_	_	_	_	_	_	_	_	_	_	_	_	
4-5	316-317	,	_	_	_	_	_	_	_	_	_	_	_	_	_	
4-6	318-328	tüberküloz	_	_	_	_	_	_	_	_	_	_	_	_	_	
4-7	329-333	gibi	_	_	_	_	_	_	_	_	_	_	_	_	_	
4-8	334-347	enfeksiyonlar	_	_	_	_	_	_	_	_	_	_	_	_	_	
4-9	348-351	yer	_	_	_	_	_	_	_	_	_	_	_	_	_	
4-10	352-359	almakla	_	_	_	_	_	_	_	_	_	_	_	_	_	
4-11	360-368	birlikte	_	_	_	_	_	_	_	_	_	_	_	_	_	
4-12	369-378	sarkoidoz	_	_	_	_	_	_	_	_	_	_	_	_	_	
4-13	378-379	,	_	_	_	_	_	_	_	_	_	_	_	_	_	
4-14	380-392	inflamatuvar	_	_	_	_	_	_	_	_	_	_	_	_	_	
4-15	393-399	barsak	_	_	_	_	_	_	_	_	_	_	_	_	_	
4-16	400-412	hastalıkları	_	_	_	_	_	_	_	_	_	_	_	_	_	
4-17	413-423	vekollajen	_	_	_	_	_	_	_	_	_	_	_	_	_	
4-18	424-428	doku	_	_	_	_	_	_	_	_	_	_	_	_	_	
4-19	429-441	hastalıkları	_	_	_	_	_	_	_	_	_	_	_	_	_	
4-20	442-444	da	_	_	_	_	_	_	_	_	_	_	_	_	_	
4-21	445-447	EN	_	_	_	_	_	_	_	_	_	_	_	_	_	
4-22	448-453	sebep	_	_	_	_	_	_	_	_	_	_	_	_	_	
4-23	454-464	olmaktadır	_	_	_	_	_	_	_	_	_	_	_	_	_	
4-24	464-465	.	_	_	_	_	_	_	_	_	_	_	_	_	_	

#Text=Bu olgu sunumunda çocuk acil servisine ateş, boğaz ağrısı ve eritema nodozum lezyonları ile başvuran bir hasta sunulmuştur.
5-1	466-468	Bu	_	_	_	_	_	_	_	_	_	_	_	_	_	
5-2	469-473	olgu	_	_	_	_	_	_	_	_	_	_	_	_	_	
5-3	474-483	sunumunda	_	_	_	_	_	_	_	_	_	_	_	_	_	
5-4	484-489	çocuk	_	_	_	_	_	_	_	_	_	_	_	_	_	
5-5	490-494	acil	_	_	_	_	_	_	_	_	_	_	_	_	_	
5-6	495-504	servisine	_	_	_	_	_	_	_	_	_	_	_	_	_	
5-7	505-509	ateş	_	_	_	_	_	_	_	_	_	_	_	_	_	
5-8	509-510	,	_	_	_	_	_	_	_	_	_	_	_	_	_	
5-9	511-516	boğaz	_	_	_	_	_	_	_	_	_	_	_	_	_	
5-10	517-523	ağrısı	_	_	_	_	_	_	_	_	_	_	_	_	_	
5-11	524-526	ve	_	_	_	_	_	_	_	_	_	_	_	_	_	
5-12	527-534	eritema	_	_	_	_	_	_	_	_	_	_	_	_	_	
5-13	535-542	nodozum	_	_	_	_	_	_	_	_	_	_	_	_	_	
5-14	543-553	lezyonları	_	_	_	_	_	_	_	_	_	_	_	_	_	
5-15	554-557	ile	_	_	_	_	_	_	_	_	_	_	_	_	_	
5-16	558-566	başvuran	_	_	_	_	_	_	_	_	_	_	_	_	_	
5-17	567-570	bir	_	_	_	_	_	_	_	_	_	_	_	_	_	
5-18	571-576	hasta	_	_	_	_	_	_	_	_	_	_	_	_	_	
5-19	577-588	sunulmuştur	_	_	_	_	_	_	_	_	_	_	_	_	_	
5-20	588-589	.	_	_	_	_	_	_	_	_	_	_	_	_	_	

#Text=GİRİŞ
6-1	590-595	GİRİŞ	_	_	_	_	_	_	_	_	_	_	_	_	_	

#Text=Eritema Nodozum (EN) subkutan yağ dokusunda meydana gelen inflamasyon sonucu oluşan sıklıkla tibianın ön yüzüne yerleşen bilateral ağrılı, hassas ve ülsere olmayan nodüllerle karakterizedir.
7-1	596-603	Eritema	_	_	_	_	_	_	_	_	_	_	_	_	_	
7-2	604-611	Nodozum	_	_	_	_	_	_	_	_	_	_	_	_	_	
7-3	612-613	(	_	_	_	_	_	_	_	_	_	_	_	_	_	
7-4	613-615	EN	_	_	_	_	_	_	_	_	_	_	_	_	_	
7-5	615-616	)	_	_	_	_	_	_	_	_	_	_	_	_	_	
7-6	617-625	subkutan	_	_	_	_	_	_	_	_	_	_	_	_	_	
7-7	626-629	yağ	_	_	_	_	_	_	_	_	_	_	_	_	_	
7-8	630-639	dokusunda	_	_	_	_	_	_	_	_	_	_	_	_	_	
7-9	640-647	meydana	_	_	_	_	_	_	_	_	_	_	_	_	_	
7-10	648-653	gelen	_	_	_	_	_	_	_	_	_	_	_	_	_	
7-11	654-665	inflamasyon	_	_	_	_	_	_	_	_	_	_	_	_	_	
7-12	666-672	sonucu	_	_	_	_	_	_	_	_	_	_	_	_	_	
7-13	673-679	oluşan	_	_	_	_	_	_	_	_	_	_	_	_	_	
7-14	680-688	sıklıkla	_	_	_	_	_	_	_	_	_	_	_	_	_	
7-15	689-697	tibianın	_	_	_	_	_	_	_	_	_	_	_	_	_	
7-16	698-700	ön	_	_	_	_	_	_	_	_	_	_	_	_	_	
7-17	701-707	yüzüne	_	_	_	_	_	_	_	_	_	_	_	_	_	
7-18	708-716	yerleşen	_	_	_	_	_	_	_	_	_	_	_	_	_	
7-19	717-726	bilateral	_	_	_	_	_	_	_	_	_	_	_	_	_	
7-20	727-733	ağrılı	_	_	_	_	_	_	_	_	_	_	_	_	_	
7-21	733-734	,	_	_	_	_	_	_	_	_	_	_	_	_	_	
7-22	735-741	hassas	_	_	_	_	_	_	_	_	_	_	_	_	_	
7-23	742-744	ve	_	_	_	_	_	_	_	_	_	_	_	_	_	
7-24	745-751	ülsere	*[1]	_	*	_	_	_	_	_	_	_	_	_	_	
7-25	752-759	olmayan	*[1]	*	_	_	*	partOfEvent	7-25	isAnotherFocus	7-24	NegMorMarker	partOfScope	7-24[1]	*	
7-26	760-770	nodüllerle	*[1]	_	_	_	_	_	_	_	_	_	_	_	_	
7-27	771-785	karakterizedir	_	_	_	_	_	_	_	_	_	_	_	_	_	
7-28	785-786	.	_	_	_	_	_	_	_	_	_	_	_	_	_	

#Text=Genellikle erişkinlerde görülen EN, çocuklarda oldukça nadirdir.
8-1	787-797	Genellikle	_	_	_	_	_	_	_	_	_	_	_	_	_	
8-2	798-810	erişkinlerde	_	_	_	_	_	_	_	_	_	_	_	_	_	
8-3	811-818	görülen	_	_	_	_	_	_	_	_	_	_	_	_	_	
8-4	819-821	EN	_	_	_	_	_	_	_	_	_	_	_	_	_	
8-5	821-822	,	_	_	_	_	_	_	_	_	_	_	_	_	_	
8-6	823-833	çocuklarda	_	_	_	_	_	_	_	_	_	_	_	_	_	
8-7	834-841	oldukça	_	_	_	_	_	_	_	_	_	_	_	_	_	
8-8	842-850	nadirdir	_	_	_	_	_	_	_	_	_	_	_	_	_	
8-9	850-851	.	_	_	_	_	_	_	_	_	_	_	_	_	_	

#Text=Patogenezinde başta streptokokal farenjit, tüberküloz gibi enfeksiyonlar rol almakla birlikte sarkoidoz, inflamatuvar barsak hastalıkları, kollajen doku hastalıkları ve malignitelerin yol açtığı hipersensitivite reaksiyonları da EN sebep olmaktadır.
9-1	852-865	Patogenezinde	_	_	_	_	_	_	_	_	_	_	_	_	_	
9-2	866-871	başta	_	_	_	_	_	_	_	_	_	_	_	_	_	
9-3	872-884	streptokokal	_	_	_	_	_	_	_	_	_	_	_	_	_	
9-4	885-893	farenjit	_	_	_	_	_	_	_	_	_	_	_	_	_	
9-5	893-894	,	_	_	_	_	_	_	_	_	_	_	_	_	_	
9-6	895-905	tüberküloz	_	_	_	_	_	_	_	_	_	_	_	_	_	
9-7	906-910	gibi	_	_	_	_	_	_	_	_	_	_	_	_	_	
9-8	911-924	enfeksiyonlar	_	_	_	_	_	_	_	_	_	_	_	_	_	
9-9	925-928	rol	_	_	_	_	_	_	_	_	_	_	_	_	_	
9-10	929-936	almakla	_	_	_	_	_	_	_	_	_	_	_	_	_	
9-11	937-945	birlikte	_	_	_	_	_	_	_	_	_	_	_	_	_	
9-12	946-955	sarkoidoz	_	_	_	_	_	_	_	_	_	_	_	_	_	
9-13	955-956	,	_	_	_	_	_	_	_	_	_	_	_	_	_	
9-14	957-969	inflamatuvar	_	_	_	_	_	_	_	_	_	_	_	_	_	
9-15	970-976	barsak	_	_	_	_	_	_	_	_	_	_	_	_	_	
9-16	977-989	hastalıkları	_	_	_	_	_	_	_	_	_	_	_	_	_	
9-17	989-990	,	_	_	_	_	_	_	_	_	_	_	_	_	_	
9-18	991-999	kollajen	_	_	_	_	_	_	_	_	_	_	_	_	_	
9-19	1000-1004	doku	_	_	_	_	_	_	_	_	_	_	_	_	_	
9-20	1005-1017	hastalıkları	_	_	_	_	_	_	_	_	_	_	_	_	_	
9-21	1018-1020	ve	_	_	_	_	_	_	_	_	_	_	_	_	_	
9-22	1021-1035	malignitelerin	_	_	_	_	_	_	_	_	_	_	_	_	_	
9-23	1036-1039	yol	_	_	_	_	_	_	_	_	_	_	_	_	_	
9-24	1040-1046	açtığı	_	_	_	_	_	_	_	_	_	_	_	_	_	
9-25	1047-1063	hipersensitivite	_	_	_	_	_	_	_	_	_	_	_	_	_	
9-26	1064-1077	reaksiyonları	_	_	_	_	_	_	_	_	_	_	_	_	_	
9-27	1078-1080	da	_	_	_	_	_	_	_	_	_	_	_	_	_	
9-28	1081-1083	EN	_	_	_	_	_	_	_	_	_	_	_	_	_	
9-29	1084-1089	sebep	_	_	_	_	_	_	_	_	_	_	_	_	_	
9-30	1090-1100	olmaktadır	_	_	_	_	_	_	_	_	_	_	_	_	_	
9-31	1100-1101	.	_	_	_	_	_	_	_	_	_	_	_	_	_	

#Text=Bu yazıda poststreptokoksik EN gelişen bir olgu sunuldu.
10-1	1102-1104	Bu	_	_	_	_	_	_	_	_	_	_	_	_	_	
10-2	1105-1111	yazıda	_	_	_	_	_	_	_	_	_	_	_	_	_	
10-3	1112-1129	poststreptokoksik	_	_	_	_	_	_	_	_	_	_	_	_	_	
10-4	1130-1132	EN	_	_	_	_	_	_	_	_	_	_	_	_	_	
10-5	1133-1140	gelişen	_	_	_	_	_	_	_	_	_	_	_	_	_	
10-6	1141-1144	bir	_	_	_	_	_	_	_	_	_	_	_	_	_	
10-7	1145-1149	olgu	_	_	_	_	_	_	_	_	_	_	_	_	_	
10-8	1150-1157	sunuldu	_	_	_	_	_	_	_	_	_	_	_	_	_	
10-9	1157-1158	.	_	_	_	_	_	_	_	_	_	_	_	_	_	

#Text=İÇERİK
11-1	1159-1165	İÇERİK	_	_	_	_	_	_	_	_	_	_	_	_	_	

#Text=Bilinen bir hastalığı olmayan 10 yaşındaki kız hasta, on gün önce başlayan ateş, boğaz ağrısı ve son 4-5 gündür olan her iki tibia ön yüzde ağrılı, kızarık lezyonlar nedeniyle Çocuk Acil servise başvurdu.
12-1	1166-1173	Bilinen	*[2]	_	*[26]	_	_	_	_	_	_	_	_	_	_	
12-2	1174-1177	bir	*[2]	_	*[26]	_	_	_	_	_	_	_	_	_	_	
12-3	1178-1187	hastalığı	*[2]	_	*[26]	_	_	_	_	_	_	_	_	_	_	
12-4	1188-1195	olmayan	*[2]	*	_	_	*	partOfEvent	12-4	isAnotherFocus	12-1[26]	NegMorMarker	partOfScope	12-1[2]	*	
12-5	1196-1198	10	_	_	_	_	_	_	_	_	_	_	_	_	_	
12-6	1199-1208	yaşındaki	_	_	_	_	_	_	_	_	_	_	_	_	_	
12-7	1209-1212	kız	_	_	_	_	_	_	_	_	_	_	_	_	_	
12-8	1213-1218	hasta	_	_	_	_	_	_	_	_	_	_	_	_	_	
12-9	1218-1219	,	_	_	_	_	_	_	_	_	_	_	_	_	_	
12-10	1220-1222	on	_	_	_	_	_	_	_	_	_	_	_	_	_	
12-11	1223-1226	gün	_	_	_	_	_	_	_	_	_	_	_	_	_	
12-12	1227-1231	önce	_	_	_	_	_	_	_	_	_	_	_	_	_	
12-13	1232-1240	başlayan	_	_	_	_	_	_	_	_	_	_	_	_	_	
12-14	1241-1245	ateş	_	_	_	_	_	_	_	_	_	_	_	_	_	
12-15	1245-1246	,	_	_	_	_	_	_	_	_	_	_	_	_	_	
12-16	1247-1252	boğaz	_	_	_	_	_	_	_	_	_	_	_	_	_	
12-17	1253-1259	ağrısı	_	_	_	_	_	_	_	_	_	_	_	_	_	
12-18	1260-1262	ve	_	_	_	_	_	_	_	_	_	_	_	_	_	
12-19	1263-1266	son	_	_	_	_	_	_	_	_	_	_	_	_	_	
12-20	1267-1268	4	_	_	_	_	_	_	_	_	_	_	_	_	_	
12-21	1268-1269	-	_	_	_	_	_	_	_	_	_	_	_	_	_	
12-22	1269-1270	5	_	_	_	_	_	_	_	_	_	_	_	_	_	
12-23	1271-1277	gündür	_	_	_	_	_	_	_	_	_	_	_	_	_	
12-24	1278-1282	olan	_	_	_	_	_	_	_	_	_	_	_	_	_	
12-25	1283-1286	her	_	_	_	_	_	_	_	_	_	_	_	_	_	
12-26	1287-1290	iki	_	_	_	_	_	_	_	_	_	_	_	_	_	
12-27	1291-1296	tibia	_	_	_	_	_	_	_	_	_	_	_	_	_	
12-28	1297-1299	ön	_	_	_	_	_	_	_	_	_	_	_	_	_	
12-29	1300-1305	yüzde	_	_	_	_	_	_	_	_	_	_	_	_	_	
12-30	1306-1312	ağrılı	_	_	_	_	_	_	_	_	_	_	_	_	_	
12-31	1312-1313	,	_	_	_	_	_	_	_	_	_	_	_	_	_	
12-32	1314-1321	kızarık	_	_	_	_	_	_	_	_	_	_	_	_	_	
12-33	1322-1331	lezyonlar	_	_	_	_	_	_	_	_	_	_	_	_	_	
12-34	1332-1341	nedeniyle	_	_	_	_	_	_	_	_	_	_	_	_	_	
12-35	1342-1347	Çocuk	_	_	_	_	_	_	_	_	_	_	_	_	_	
12-36	1348-1352	Acil	_	_	_	_	_	_	_	_	_	_	_	_	_	
12-37	1353-1360	servise	_	_	_	_	_	_	_	_	_	_	_	_	_	
12-38	1361-1369	başvurdu	_	_	_	_	_	_	_	_	_	_	_	_	_	
12-39	1369-1370	.	_	_	_	_	_	_	_	_	_	_	_	_	_	

#Text=Hastanın boğaz ağrısı ve ateş nedeniyle oral amoksisilin-klavulonat kullandığı, tedavi sürerken bacaklarındaki döküntüleri çıkınca selülit düşünülerek üç gün parenteral seftriakson tedavisi aldığı öğrenildi.
13-1	1371-1379	Hastanın	_	_	_	_	_	_	_	_	_	_	_	_	_	
13-2	1380-1385	boğaz	_	_	_	_	_	_	_	_	_	_	_	_	_	
13-3	1386-1392	ağrısı	_	_	_	_	_	_	_	_	_	_	_	_	_	
13-4	1393-1395	ve	_	_	_	_	_	_	_	_	_	_	_	_	_	
13-5	1396-1400	ateş	_	_	_	_	_	_	_	_	_	_	_	_	_	
13-6	1401-1410	nedeniyle	_	_	_	_	_	_	_	_	_	_	_	_	_	
13-7	1411-1415	oral	_	_	_	_	_	_	_	_	_	_	_	_	_	
13-8	1416-1438	amoksisilin-klavulonat	_	_	_	_	_	_	_	_	_	_	_	_	_	
13-9	1439-1449	kullandığı	_	_	_	_	_	_	_	_	_	_	_	_	_	
13-10	1449-1450	,	_	_	_	_	_	_	_	_	_	_	_	_	_	
13-11	1451-1457	tedavi	_	_	_	_	_	_	_	_	_	_	_	_	_	
13-12	1458-1466	sürerken	_	_	_	_	_	_	_	_	_	_	_	_	_	
13-13	1467-1481	bacaklarındaki	_	_	_	_	_	_	_	_	_	_	_	_	_	
13-14	1482-1493	döküntüleri	_	_	_	_	_	_	_	_	_	_	_	_	_	
13-15	1494-1501	çıkınca	_	_	_	_	_	_	_	_	_	_	_	_	_	
13-16	1502-1509	selülit	_	_	_	_	_	_	_	_	_	_	_	_	_	
13-17	1510-1521	düşünülerek	_	_	_	_	_	_	_	_	_	_	_	_	_	
13-18	1522-1524	üç	_	_	_	_	_	_	_	_	_	_	_	_	_	
13-19	1525-1528	gün	_	_	_	_	_	_	_	_	_	_	_	_	_	
13-20	1529-1539	parenteral	_	_	_	_	_	_	_	_	_	_	_	_	_	
13-21	1540-1551	seftriakson	_	_	_	_	_	_	_	_	_	_	_	_	_	
13-22	1552-1560	tedavisi	_	_	_	_	_	_	_	_	_	_	_	_	_	
13-23	1561-1567	aldığı	_	_	_	_	_	_	_	_	_	_	_	_	_	
13-24	1568-1577	öğrenildi	_	_	_	_	_	_	_	_	_	_	_	_	_	
13-25	1577-1578	.	_	_	_	_	_	_	_	_	_	_	_	_	_	

#Text=Öyküsünde tekrarlayan oral aftlarının olduğu, anne ve babasında da benzer şekilde tekrarlayan oral aft yakınmasının olduğu fakat ailede herhangi bir romatizmal hastalık olmadığı belirlendi.
14-1	1579-1588	Öyküsünde	_	_	_	_	_	_	_	_	_	_	_	_	_	
14-2	1589-1600	tekrarlayan	_	_	_	_	_	_	_	_	_	_	_	_	_	
14-3	1601-1605	oral	_	_	_	_	_	_	_	_	_	_	_	_	_	
14-4	1606-1616	aftlarının	_	_	_	_	_	_	_	_	_	_	_	_	_	
14-5	1617-1623	olduğu	_	_	_	_	_	_	_	_	_	_	_	_	_	
14-6	1623-1624	,	_	_	_	_	_	_	_	_	_	_	_	_	_	
14-7	1625-1629	anne	_	_	_	_	_	_	_	_	_	_	_	_	_	
14-8	1630-1632	ve	_	_	_	_	_	_	_	_	_	_	_	_	_	
14-9	1633-1642	babasında	_	_	_	_	_	_	_	_	_	_	_	_	_	
14-10	1643-1645	da	_	_	_	_	_	_	_	_	_	_	_	_	_	
14-11	1646-1652	benzer	_	_	_	_	_	_	_	_	_	_	_	_	_	
14-12	1653-1660	şekilde	_	_	_	_	_	_	_	_	_	_	_	_	_	
14-13	1661-1672	tekrarlayan	_	_	_	_	_	_	_	_	_	_	_	_	_	
14-14	1673-1677	oral	_	_	_	_	_	_	_	_	_	_	_	_	_	
14-15	1678-1681	aft	_	_	_	_	_	_	_	_	_	_	_	_	_	
14-16	1682-1694	yakınmasının	_	_	_	_	_	_	_	_	_	_	_	_	_	
14-17	1695-1701	olduğu	_	_	_	_	_	_	_	_	_	_	_	_	_	
14-18	1702-1707	fakat	_	_	_	_	_	_	_	_	_	_	_	_	_	
14-19	1708-1714	ailede	*[3]	_	*	_	_	_	_	_	_	_	_	_	_	
14-20	1715-1723	herhangi	*[3]	_	_	_	_	_	_	_	_	_	_	_	_	
14-21	1724-1727	bir	*[3]	_	_	_	_	_	_	_	_	_	_	_	_	
14-22	1728-1738	romatizmal	*[3]	_	_	_	_	_	_	_	_	_	_	_	_	
14-23	1739-1747	hastalık	*[3]	_	_	_	_	_	_	_	_	_	_	_	_	
14-24	1748-1756	olmadığı	*[3]	*	_	_	*	partOfEvent	14-24	isAnotherFocus	14-19	NegMorMarker	partOfScope	14-19[3]	*	
14-25	1757-1767	belirlendi	_	_	_	_	_	_	_	_	_	_	_	_	_	
14-26	1767-1768	.	_	_	_	_	_	_	_	_	_	_	_	_	_	

#Text=Hastanın fizik muayenesinde ağırlığı 33.7 kg, boyu 138 cm, kan basıncı 100/60 mmHg, kalp tepe atımı 88/dakika, vücut ısısı 37.70 C idi.
15-1	1769-1777	Hastanın	_	_	_	_	_	_	_	_	_	_	_	_	_	
15-2	1778-1783	fizik	_	_	_	_	_	_	_	_	_	_	_	_	_	
15-3	1784-1796	muayenesinde	_	_	_	_	_	_	_	_	_	_	_	_	_	
15-4	1797-1805	ağırlığı	_	_	_	_	_	_	_	_	_	_	_	_	_	
15-5	1806-1810	33.7	_	_	_	_	_	_	_	_	_	_	_	_	_	
15-6	1811-1813	kg	_	_	_	_	_	_	_	_	_	_	_	_	_	
15-7	1813-1814	,	_	_	_	_	_	_	_	_	_	_	_	_	_	
15-8	1815-1819	boyu	_	_	_	_	_	_	_	_	_	_	_	_	_	
15-9	1820-1823	138	_	_	_	_	_	_	_	_	_	_	_	_	_	
15-10	1824-1826	cm	_	_	_	_	_	_	_	_	_	_	_	_	_	
15-11	1826-1827	,	_	_	_	_	_	_	_	_	_	_	_	_	_	
15-12	1828-1831	kan	_	_	_	_	_	_	_	_	_	_	_	_	_	
15-13	1832-1839	basıncı	_	_	_	_	_	_	_	_	_	_	_	_	_	
15-14	1840-1843	100	_	_	_	_	_	_	_	_	_	_	_	_	_	
15-15	1843-1844	/	_	_	_	_	_	_	_	_	_	_	_	_	_	
15-16	1844-1846	60	_	_	_	_	_	_	_	_	_	_	_	_	_	
15-17	1847-1851	mmHg	_	_	_	_	_	_	_	_	_	_	_	_	_	
15-18	1851-1852	,	_	_	_	_	_	_	_	_	_	_	_	_	_	
15-19	1853-1857	kalp	_	_	_	_	_	_	_	_	_	_	_	_	_	
15-20	1858-1862	tepe	_	_	_	_	_	_	_	_	_	_	_	_	_	
15-21	1863-1868	atımı	_	_	_	_	_	_	_	_	_	_	_	_	_	
15-22	1869-1871	88	_	_	_	_	_	_	_	_	_	_	_	_	_	
15-23	1871-1872	/	_	_	_	_	_	_	_	_	_	_	_	_	_	
15-24	1872-1878	dakika	_	_	_	_	_	_	_	_	_	_	_	_	_	
15-25	1878-1879	,	_	_	_	_	_	_	_	_	_	_	_	_	_	
15-26	1880-1885	vücut	_	_	_	_	_	_	_	_	_	_	_	_	_	
15-27	1886-1891	ısısı	_	_	_	_	_	_	_	_	_	_	_	_	_	
15-28	1892-1897	37.70	_	_	_	_	_	_	_	_	_	_	_	_	_	
15-29	1898-1899	C	_	_	_	_	_	_	_	_	_	_	_	_	_	
15-30	1900-1903	idi	_	_	_	_	_	_	_	_	_	_	_	_	_	
15-31	1903-1904	.	_	_	_	_	_	_	_	_	_	_	_	_	_	

#Text=Deri muayenesinde sağ ve sol tibia ön yüzünde bilateral, simetrik yerleşimli, ciltten kabarık, basmakla çok ağrılı, kırmızı-mor renkli, farklı büyüklükte lezyonlar izlendi.
16-1	1905-1909	Deri	_	_	_	_	_	_	_	_	_	_	_	_	_	
16-2	1910-1922	muayenesinde	_	_	_	_	_	_	_	_	_	_	_	_	_	
16-3	1923-1926	sağ	_	_	_	_	_	_	_	_	_	_	_	_	_	
16-4	1927-1929	ve	_	_	_	_	_	_	_	_	_	_	_	_	_	
16-5	1930-1933	sol	_	_	_	_	_	_	_	_	_	_	_	_	_	
16-6	1934-1939	tibia	_	_	_	_	_	_	_	_	_	_	_	_	_	
16-7	1940-1942	ön	_	_	_	_	_	_	_	_	_	_	_	_	_	
16-8	1943-1950	yüzünde	_	_	_	_	_	_	_	_	_	_	_	_	_	
16-9	1951-1960	bilateral	_	_	_	_	_	_	_	_	_	_	_	_	_	
16-10	1960-1961	,	_	_	_	_	_	_	_	_	_	_	_	_	_	
16-11	1962-1970	simetrik	_	_	_	_	_	_	_	_	_	_	_	_	_	
16-12	1971-1981	yerleşimli	_	_	_	_	_	_	_	_	_	_	_	_	_	
16-13	1981-1982	,	_	_	_	_	_	_	_	_	_	_	_	_	_	
16-14	1983-1990	ciltten	_	_	_	_	_	_	_	_	_	_	_	_	_	
16-15	1991-1998	kabarık	_	_	_	_	_	_	_	_	_	_	_	_	_	
16-16	1998-1999	,	_	_	_	_	_	_	_	_	_	_	_	_	_	
16-17	2000-2008	basmakla	_	_	_	_	_	_	_	_	_	_	_	_	_	
16-18	2009-2012	çok	_	_	_	_	_	_	_	_	_	_	_	_	_	
16-19	2013-2019	ağrılı	_	_	_	_	_	_	_	_	_	_	_	_	_	
16-20	2019-2020	,	_	_	_	_	_	_	_	_	_	_	_	_	_	
16-21	2021-2032	kırmızı-mor	_	_	_	_	_	_	_	_	_	_	_	_	_	
16-22	2033-2039	renkli	_	_	_	_	_	_	_	_	_	_	_	_	_	
16-23	2039-2040	,	_	_	_	_	_	_	_	_	_	_	_	_	_	
16-24	2041-2047	farklı	_	_	_	_	_	_	_	_	_	_	_	_	_	
16-25	2048-2058	büyüklükte	_	_	_	_	_	_	_	_	_	_	_	_	_	
16-26	2059-2068	lezyonlar	_	_	_	_	_	_	_	_	_	_	_	_	_	
16-27	2069-2076	izlendi	_	_	_	_	_	_	_	_	_	_	_	_	_	
16-28	2076-2077	.	_	_	_	_	_	_	_	_	_	_	_	_	_	

#Text=Bu lezyonlar eritema nodozum olarak değerlendirildi.
17-1	2078-2080	Bu	_	_	_	_	_	_	_	_	_	_	_	_	_	
17-2	2081-2090	lezyonlar	_	_	_	_	_	_	_	_	_	_	_	_	_	
17-3	2091-2098	eritema	_	_	_	_	_	_	_	_	_	_	_	_	_	
17-4	2099-2106	nodozum	_	_	_	_	_	_	_	_	_	_	_	_	_	
17-5	2107-2113	olarak	_	_	_	_	_	_	_	_	_	_	_	_	_	
17-6	2114-2129	değerlendirildi	_	_	_	_	_	_	_	_	_	_	_	_	_	
17-7	2129-2130	.	_	_	_	_	_	_	_	_	_	_	_	_	_	

#Text=Deri bulguları dışında fizik muayenesi doğal olan hastanın Behçet hastalığı ön tanısına yönelik yapılan göz muayenesi doğaldı ve paterji testi negatifti.
18-1	2131-2135	Deri	_	_	_	_	_	_	_	_	_	_	_	_	_	
18-2	2136-2145	bulguları	_	_	_	_	_	_	_	_	_	_	_	_	_	
18-3	2146-2153	dışında	_	_	_	_	_	_	_	_	_	_	_	_	_	
18-4	2154-2159	fizik	_	_	_	_	_	_	_	_	_	_	_	_	_	
18-5	2160-2169	muayenesi	_	_	_	_	_	_	_	_	_	_	_	_	_	
18-6	2170-2175	doğal	_	_	_	_	_	_	_	_	_	_	_	_	_	
18-7	2176-2180	olan	_	_	_	_	_	_	_	_	_	_	_	_	_	
18-8	2181-2189	hastanın	_	_	_	_	_	_	_	_	_	_	_	_	_	
18-9	2190-2196	Behçet	_	_	_	_	_	_	_	_	_	_	_	_	_	
18-10	2197-2206	hastalığı	_	_	_	_	_	_	_	_	_	_	_	_	_	
18-11	2207-2209	ön	_	_	_	_	_	_	_	_	_	_	_	_	_	
18-12	2210-2218	tanısına	_	_	_	_	_	_	_	_	_	_	_	_	_	
18-13	2219-2226	yönelik	_	_	_	_	_	_	_	_	_	_	_	_	_	
18-14	2227-2234	yapılan	_	_	_	_	_	_	_	_	_	_	_	_	_	
18-15	2235-2238	göz	_	_	_	_	_	_	_	_	_	_	_	_	_	
18-16	2239-2248	muayenesi	_	_	_	_	_	_	_	_	_	_	_	_	_	
18-17	2249-2256	doğaldı	_	_	_	_	_	_	_	_	_	_	_	_	_	
18-18	2257-2259	ve	_	_	_	_	_	_	_	_	_	_	_	_	_	
18-19	2260-2267	paterji	*[4]	_	*[27]	_	_	_	_	_	_	_	_	_	_	
18-20	2268-2273	testi	*[4]	_	*[27]	_	_	_	_	_	_	_	_	_	_	
18-21	2274-2283	negatifti	_	*	_	_	*	partOfEvent	18-21	isAnotherFocus	18-19[27]	NegLexMarker	partOfScope	18-19[4]	*	
18-22	2283-2284	.	_	_	_	_	_	_	_	_	_	_	_	_	_	

#Text=Laboratuvar incelemesinde eritrosit sedimantasyon hızı 106 mm/saat, C-reaktif proteini 275.8 mg/L (0-5), anti-streptolizin O(ASO) >1600U (0-259) idi.
19-1	2285-2296	Laboratuvar	_	_	_	_	_	_	_	_	_	_	_	_	_	
19-2	2297-2310	incelemesinde	_	_	_	_	_	_	_	_	_	_	_	_	_	
19-3	2311-2320	eritrosit	_	_	_	_	_	_	_	_	_	_	_	_	_	
19-4	2321-2334	sedimantasyon	_	_	_	_	_	_	_	_	_	_	_	_	_	
19-5	2335-2339	hızı	_	_	_	_	_	_	_	_	_	_	_	_	_	
19-6	2340-2343	106	_	_	_	_	_	_	_	_	_	_	_	_	_	
19-7	2344-2346	mm	_	_	_	_	_	_	_	_	_	_	_	_	_	
19-8	2346-2347	/	_	_	_	_	_	_	_	_	_	_	_	_	_	
19-9	2347-2351	saat	_	_	_	_	_	_	_	_	_	_	_	_	_	
19-10	2351-2352	,	_	_	_	_	_	_	_	_	_	_	_	_	_	
19-11	2353-2362	C-reaktif	_	_	_	_	_	_	_	_	_	_	_	_	_	
19-12	2363-2371	proteini	_	_	_	_	_	_	_	_	_	_	_	_	_	
19-13	2372-2377	275.8	_	_	_	_	_	_	_	_	_	_	_	_	_	
19-14	2378-2380	mg	_	_	_	_	_	_	_	_	_	_	_	_	_	
19-15	2380-2381	/	_	_	_	_	_	_	_	_	_	_	_	_	_	
19-16	2381-2382	L	_	_	_	_	_	_	_	_	_	_	_	_	_	
19-17	2383-2384	(	_	_	_	_	_	_	_	_	_	_	_	_	_	
19-18	2384-2385	0	_	_	_	_	_	_	_	_	_	_	_	_	_	
19-19	2385-2386	-	_	_	_	_	_	_	_	_	_	_	_	_	_	
19-20	2386-2387	5	_	_	_	_	_	_	_	_	_	_	_	_	_	
19-21	2387-2388	)	_	_	_	_	_	_	_	_	_	_	_	_	_	
19-22	2388-2389	,	_	_	_	_	_	_	_	_	_	_	_	_	_	
19-23	2390-2407	anti-streptolizin	_	_	_	_	_	_	_	_	_	_	_	_	_	
19-24	2408-2409	O	_	_	_	_	_	_	_	_	_	_	_	_	_	
19-25	2409-2410	(	_	_	_	_	_	_	_	_	_	_	_	_	_	
19-26	2410-2413	ASO	_	_	_	_	_	_	_	_	_	_	_	_	_	
19-27	2413-2414	)	_	_	_	_	_	_	_	_	_	_	_	_	_	
19-28	2415-2416	>	_	_	_	_	_	_	_	_	_	_	_	_	_	
19-29	2416-2421	1600U	_	_	_	_	_	_	_	_	_	_	_	_	_	
19-30	2422-2423	(	_	_	_	_	_	_	_	_	_	_	_	_	_	
19-31	2423-2424	0	_	_	_	_	_	_	_	_	_	_	_	_	_	
19-32	2424-2425	-	_	_	_	_	_	_	_	_	_	_	_	_	_	
19-33	2425-2428	259	_	_	_	_	_	_	_	_	_	_	_	_	_	
19-34	2428-2429	)	_	_	_	_	_	_	_	_	_	_	_	_	_	
19-35	2430-2433	idi	_	_	_	_	_	_	_	_	_	_	_	_	_	
19-36	2433-2434	.	_	_	_	_	_	_	_	_	_	_	_	_	_	

#Text=Tam kan sayımı ve periferik yayması, kan biyokimyası, tam idrar tetkiki, serum C3 düzeyleri normaldi.
20-1	2435-2438	Tam	_	_	_	_	_	_	_	_	_	_	_	_	_	
20-2	2439-2442	kan	_	_	_	_	_	_	_	_	_	_	_	_	_	
20-3	2443-2449	sayımı	_	_	_	_	_	_	_	_	_	_	_	_	_	
20-4	2450-2452	ve	_	_	_	_	_	_	_	_	_	_	_	_	_	
20-5	2453-2462	periferik	_	_	_	_	_	_	_	_	_	_	_	_	_	
20-6	2463-2470	yayması	_	_	_	_	_	_	_	_	_	_	_	_	_	
20-7	2470-2471	,	_	_	_	_	_	_	_	_	_	_	_	_	_	
20-8	2472-2475	kan	_	_	_	_	_	_	_	_	_	_	_	_	_	
20-9	2476-2487	biyokimyası	_	_	_	_	_	_	_	_	_	_	_	_	_	
20-10	2487-2488	,	_	_	_	_	_	_	_	_	_	_	_	_	_	
20-11	2489-2492	tam	_	_	_	_	_	_	_	_	_	_	_	_	_	
20-12	2493-2498	idrar	_	_	_	_	_	_	_	_	_	_	_	_	_	
20-13	2499-2506	tetkiki	_	_	_	_	_	_	_	_	_	_	_	_	_	
20-14	2506-2507	,	_	_	_	_	_	_	_	_	_	_	_	_	_	
20-15	2508-2513	serum	_	_	_	_	_	_	_	_	_	_	_	_	_	
20-16	2514-2516	C3	_	_	_	_	_	_	_	_	_	_	_	_	_	
20-17	2517-2526	düzeyleri	_	_	_	_	_	_	_	_	_	_	_	_	_	
20-18	2527-2535	normaldi	_	_	_	_	_	_	_	_	_	_	_	_	_	
20-19	2535-2536	.	_	_	_	_	_	_	_	_	_	_	_	_	_	

#Text=Akciğer grafisi normal olan hastanın PPD’si negatif saptandı.
21-1	2537-2544	Akciğer	*[5]	_	*[28]	_	_	_	_	_	_	_	_	_	_	
21-2	2545-2552	grafisi	*[5]	_	*[28]	_	_	_	_	_	_	_	_	_	_	
21-3	2553-2559	normal	*[5]	_	*[28]	_	_	_	_	_	_	_	_	_	_	
21-4	2560-2564	olan	*[5]	_	*[28]	_	_	_	_	_	_	_	_	_	_	
21-5	2565-2573	hastanın	*[5]	_	*[28]	_	_	_	_	_	_	_	_	_	_	
21-6	2574-2577	PPD	*[5]	_	*[28]	_	_	_	_	_	_	_	_	_	_	
21-7	2577-2578	’	*[5]	_	*[28]	_	_	_	_	_	_	_	_	_	_	
21-8	2578-2580	si	*[5]	_	*[28]	_	_	_	_	_	_	_	_	_	_	
21-9	2581-2588	negatif	_	_	_	_	*	_	*	isAnotherFocus	21-1[28]	NegLexMarker	partOfScope;partOfScope	21-1[5];21-10	*	
21-10	2589-2597	saptandı	*	_	_	_	_	_	_	_	_	_	_	_	_	
21-11	2597-2598	.	_	_	_	_	_	_	_	_	_	_	_	_	_	

#Text=Boğaz kültüründe üreme olmadı.
22-1	2599-2604	Boğaz	*[6]	_	*[29]	_	_	_	_	_	_	_	_	_	_	
22-2	2605-2615	kültüründe	*[6]	_	*[29]	_	_	_	_	_	_	_	_	_	_	
22-3	2616-2621	üreme	*[6]	_	_	_	_	_	_	_	_	_	_	_	_	
22-4	2622-2628	olmadı	*[6]	*	_	_	*	partOfEvent	22-4	isAnotherFocus	22-1[29]	NegMorMarker	partOfScope	22-1[6]	*	
22-5	2628-2629	.	_	_	_	_	_	_	_	_	_	_	_	_	_	

#Text=Hastaya 10 mg/kg/gün ibubrofen ve 60 mg/kg/gün amoksisilin klavulonat başlanıldı.
23-1	2630-2637	Hastaya	_	_	_	_	_	_	_	_	_	_	_	_	_	
23-2	2638-2640	10	_	_	_	_	_	_	_	_	_	_	_	_	_	
23-3	2641-2643	mg	_	_	_	_	_	_	_	_	_	_	_	_	_	
23-4	2643-2644	/	_	_	_	_	_	_	_	_	_	_	_	_	_	
23-5	2644-2646	kg	_	_	_	_	_	_	_	_	_	_	_	_	_	
23-6	2646-2647	/	_	_	_	_	_	_	_	_	_	_	_	_	_	
23-7	2647-2650	gün	_	_	_	_	_	_	_	_	_	_	_	_	_	
23-8	2651-2660	ibubrofen	_	_	_	_	_	_	_	_	_	_	_	_	_	
23-9	2661-2663	ve	_	_	_	_	_	_	_	_	_	_	_	_	_	
23-10	2664-2666	60	_	_	_	_	_	_	_	_	_	_	_	_	_	
23-11	2667-2669	mg	_	_	_	_	_	_	_	_	_	_	_	_	_	
23-12	2669-2670	/	_	_	_	_	_	_	_	_	_	_	_	_	_	
23-13	2670-2672	kg	_	_	_	_	_	_	_	_	_	_	_	_	_	
23-14	2672-2673	/	_	_	_	_	_	_	_	_	_	_	_	_	_	
23-15	2673-2676	gün	_	_	_	_	_	_	_	_	_	_	_	_	_	
23-16	2677-2688	amoksisilin	_	_	_	_	_	_	_	_	_	_	_	_	_	
23-17	2689-2699	klavulonat	_	_	_	_	_	_	_	_	_	_	_	_	_	
23-18	2700-2710	başlanıldı	_	_	_	_	_	_	_	_	_	_	_	_	_	
23-19	2710-2711	.	_	_	_	_	_	_	_	_	_	_	_	_	_	

#Text=Tedavin 4. gününde hastanın ağrısı belirgin geriledi ve döküntüleri solmaya başladı.
24-1	2712-2719	Tedavin	_	_	_	_	_	_	_	_	_	_	_	_	_	
24-2	2720-2721	4	_	_	_	_	_	_	_	_	_	_	_	_	_	
24-3	2721-2722	.	_	_	_	_	_	_	_	_	_	_	_	_	_	
24-4	2723-2730	gününde	_	_	_	_	_	_	_	_	_	_	_	_	_	
24-5	2731-2739	hastanın	_	_	_	_	_	_	_	_	_	_	_	_	_	
24-6	2740-2746	ağrısı	_	_	_	_	_	_	_	_	_	_	_	_	_	
24-7	2747-2755	belirgin	_	_	_	_	_	_	_	_	_	_	_	_	_	
24-8	2756-2764	geriledi	_	_	_	_	_	_	_	_	_	_	_	_	_	
24-9	2765-2767	ve	_	_	_	_	_	_	_	_	_	_	_	_	_	
24-10	2768-2779	döküntüleri	_	_	_	_	_	_	_	_	_	_	_	_	_	
24-11	2780-2787	solmaya	_	_	_	_	_	_	_	_	_	_	_	_	_	
24-12	2788-2795	başladı	_	_	_	_	_	_	_	_	_	_	_	_	_	
24-13	2795-2796	.	_	_	_	_	_	_	_	_	_	_	_	_	_	

#Text=İzlemde bulguları tamamen gerileyen hasta kontrollere gelmek üzere taburcu edildi.
25-1	2797-2804	İzlemde	_	_	_	_	_	_	_	_	_	_	_	_	_	
25-2	2805-2814	bulguları	_	_	_	_	_	_	_	_	_	_	_	_	_	
25-3	2815-2822	tamamen	_	_	_	_	_	_	_	_	_	_	_	_	_	
25-4	2823-2832	gerileyen	_	_	_	_	_	_	_	_	_	_	_	_	_	
25-5	2833-2838	hasta	_	_	_	_	_	_	_	_	_	_	_	_	_	
25-6	2839-2850	kontrollere	_	_	_	_	_	_	_	_	_	_	_	_	_	
25-7	2851-2857	gelmek	_	_	_	_	_	_	_	_	_	_	_	_	_	
25-8	2858-2863	üzere	_	_	_	_	_	_	_	_	_	_	_	_	_	
25-9	2864-2871	taburcu	_	_	_	_	_	_	_	_	_	_	_	_	_	
25-10	2872-2878	edildi	_	_	_	_	_	_	_	_	_	_	_	_	_	
25-11	2878-2879	.	_	_	_	_	_	_	_	_	_	_	_	_	_	

#Text=Hastanın ibuprofen tedavisi 1. haftada, anti biyotiği ise 14. günde kesildi.
26-1	2880-2888	Hastanın	*[7]	_	_	_	_	_	_	_	_	_	_	_	_	
26-2	2889-2898	ibuprofen	*[7]	_	_	_	_	_	_	_	_	_	_	_	_	
26-3	2899-2907	tedavisi	*[7]	_	_	_	_	_	_	_	_	_	_	_	_	
26-4	2908-2909	1	*[7]	_	_	_	_	_	_	_	_	_	_	_	_	
26-5	2909-2910	.	*[7]	_	_	_	_	_	_	_	_	_	_	_	_	
26-6	2911-2918	haftada	*[7]	_	_	_	_	_	_	_	_	_	_	_	_	
26-7	2918-2919	,	*[7]	_	_	_	_	_	_	_	_	_	_	_	_	
26-8	2920-2924	anti	*[7]	_	_	_	_	_	_	_	_	_	_	_	_	
26-9	2925-2933	biyotiği	*[7]	_	_	_	_	_	_	_	_	_	_	_	_	
26-10	2934-2937	ise	*[7]	_	_	_	_	_	_	_	_	_	_	_	_	
26-11	2938-2940	14	*[7]	_	_	_	_	_	_	_	_	_	_	_	_	
26-12	2940-2941	.	*[7]	_	_	_	_	_	_	_	_	_	_	_	_	
26-13	2942-2947	günde	*[7]	_	_	_	_	_	_	_	_	_	_	_	_	
26-14	2948-2955	kesildi	_	_	_	_	*	_	*	_	*	NegLexMarker	partOfScope	26-1[7]	*	
26-15	2955-2956	.	_	_	_	_	_	_	_	_	_	_	_	_	_	

#Text=Eritema nodozum her iki tibia ön yüzüne yerleşen, ani başlayan ve birkaç hafta içinde kendiliğinden kaybolan, 1-5 cm çapında, deriden kabarık, ağrılı, kırmızı- mor renkli deri nodülleridir.
27-1	2957-2964	Eritema	*[8]	_	_	_	_	_	_	_	_	_	_	_	_	
27-2	2965-2972	nodozum	*[8]	_	_	_	_	_	_	_	_	_	_	_	_	
27-3	2973-2976	her	_	_	_	_	_	_	_	_	_	_	_	_	_	
27-4	2977-2980	iki	_	_	_	_	_	_	_	_	_	_	_	_	_	
27-5	2981-2986	tibia	_	_	_	_	_	_	_	_	_	_	_	_	_	
27-6	2987-2989	ön	_	_	_	_	_	_	_	_	_	_	_	_	_	
27-7	2990-2996	yüzüne	_	_	_	_	_	_	_	_	_	_	_	_	_	
27-8	2997-3005	yerleşen	_	_	_	_	_	_	_	_	_	_	_	_	_	
27-9	3005-3006	,	_	_	_	_	_	_	_	_	_	_	_	_	_	
27-10	3007-3010	ani	_	_	_	_	_	_	_	_	_	_	_	_	_	
27-11	3011-3019	başlayan	_	_	_	_	_	_	_	_	_	_	_	_	_	
27-12	3020-3022	ve	_	_	_	_	_	_	_	_	_	_	_	_	_	
27-13	3023-3029	birkaç	*[9]	_	*[30]	_	_	_	_	_	_	_	_	_	_	
27-14	3030-3035	hafta	*[9]	_	*[30]	_	_	_	_	_	_	_	_	_	_	
27-15	3036-3042	içinde	*[9]	_	*[30]	_	_	_	_	_	_	_	_	_	_	
27-16	3043-3056	kendiliğinden	*[9]	_	_	_	_	_	_	_	_	_	_	_	_	
27-17	3057-3065	kaybolan	_	*	_	_	*	partOfEvent	27-17	isAnotherFocus	27-13[30]	NegLexMarker	partOfScope;partOfScope;partOfScope	27-13[9];27-1[8];27-34[10]	*	
27-18	3065-3066	,	_	_	_	_	_	_	_	_	_	_	_	_	_	
27-19	3067-3068	1	_	_	_	_	_	_	_	_	_	_	_	_	_	
27-20	3068-3069	-	_	_	_	_	_	_	_	_	_	_	_	_	_	
27-21	3069-3070	5	_	_	_	_	_	_	_	_	_	_	_	_	_	
27-22	3071-3073	cm	_	_	_	_	_	_	_	_	_	_	_	_	_	
27-23	3074-3081	çapında	_	_	_	_	_	_	_	_	_	_	_	_	_	
27-24	3081-3082	,	_	_	_	_	_	_	_	_	_	_	_	_	_	
27-25	3083-3090	deriden	_	_	_	_	_	_	_	_	_	_	_	_	_	
27-26	3091-3098	kabarık	_	_	_	_	_	_	_	_	_	_	_	_	_	
27-27	3098-3099	,	_	_	_	_	_	_	_	_	_	_	_	_	_	
27-28	3100-3106	ağrılı	_	_	_	_	_	_	_	_	_	_	_	_	_	
27-29	3106-3107	,	_	_	_	_	_	_	_	_	_	_	_	_	_	
27-30	3108-3115	kırmızı	_	_	_	_	_	_	_	_	_	_	_	_	_	
27-31	3115-3116	-	_	_	_	_	_	_	_	_	_	_	_	_	_	
27-32	3117-3120	mor	_	_	_	_	_	_	_	_	_	_	_	_	_	
27-33	3121-3127	renkli	_	_	_	_	_	_	_	_	_	_	_	_	_	
27-34	3128-3132	deri	*[10]	_	_	_	_	_	_	_	_	_	_	_	_	
27-35	3133-3145	nodülleridir	*[10]	_	_	_	_	_	_	_	_	_	_	_	_	
27-36	3145-3146	.	_	_	_	_	_	_	_	_	_	_	_	_	_	

#Text=Nodüller ülserleşmez ve skar bırakmadan iyileşir.
28-1	3147-3155	Nodüller	*[11]|*[12]	_	*	_	_	_	_	_	_	_	_	_	_	
28-2	3156-3167	ülserleşmez	*[11]	*	_	_	*	partOfEvent	28-2	isAnotherFocus	28-1	NegMorMarker	partOfScope	28-1[11]	*	
28-3	3168-3170	ve	_	_	_	_	_	_	_	_	_	_	_	_	_	
28-4	3171-3175	skar	*[13]	*[25]	*	_	_	_	_	_	_	_	_	_	_	
28-5	3176-3186	bırakmadan	*[13]	*[25]	_	_	*	partOfEvent	28-4[25]	isAnotherFocus	28-4	NegMorMarker	partOfScope;partOfScope	28-4[13];28-1[12]	*	
28-6	3187-3195	iyileşir	*[13]	_	_	_	_	_	_	_	_	_	_	_	_	
28-7	3195-3196	.	_	_	_	_	_	_	_	_	_	_	_	_	_	

#Text=Tanı genellikle klinik bulgularla konulmakta nadiren cilt biyopsisine ihtiyaç duyulmaktadır.
29-1	3197-3201	Tanı	_	_	_	_	_	_	_	_	_	_	_	_	_	
29-2	3202-3212	genellikle	_	_	_	_	_	_	_	_	_	_	_	_	_	
29-3	3213-3219	klinik	_	_	_	_	_	_	_	_	_	_	_	_	_	
29-4	3220-3230	bulgularla	_	_	_	_	_	_	_	_	_	_	_	_	_	
29-5	3231-3241	konulmakta	_	_	_	_	_	_	_	_	_	_	_	_	_	
29-6	3242-3249	nadiren	_	_	_	_	_	_	_	_	_	_	_	_	_	
29-7	3250-3254	cilt	_	_	_	_	_	_	_	_	_	_	_	_	_	
29-8	3255-3266	biyopsisine	_	_	_	_	_	_	_	_	_	_	_	_	_	
29-9	3267-3274	ihtiyaç	_	_	_	_	_	_	_	_	_	_	_	_	_	
29-10	3275-3288	duyulmaktadır	_	_	_	_	_	_	_	_	_	_	_	_	_	
29-11	3288-3289	.	_	_	_	_	_	_	_	_	_	_	_	_	_	

#Text=Bizim olgumuzda da klinik ve fizik muayene bulguları ile EN tanısı konuldu ve biyopsi yapılmadı.
30-1	3290-3295	Bizim	*[14]	_	*[31]	_	_	_	_	_	_	_	_	_	_	
30-2	3296-3305	olgumuzda	*[14]	_	*[31]	_	_	_	_	_	_	_	_	_	_	
30-3	3306-3308	da	*[14]	_	_	_	_	_	_	_	_	_	_	_	_	
30-4	3309-3315	klinik	_	_	_	_	_	_	_	_	_	_	_	_	_	
30-5	3316-3318	ve	_	_	_	_	_	_	_	_	_	_	_	_	_	
30-6	3319-3324	fizik	_	_	_	_	_	_	_	_	_	_	_	_	_	
30-7	3325-3332	muayene	_	_	_	_	_	_	_	_	_	_	_	_	_	
30-8	3333-3342	bulguları	_	_	_	_	_	_	_	_	_	_	_	_	_	
30-9	3343-3346	ile	_	_	_	_	_	_	_	_	_	_	_	_	_	
30-10	3347-3349	EN	_	_	_	_	_	_	_	_	_	_	_	_	_	
30-11	3350-3356	tanısı	_	_	_	_	_	_	_	_	_	_	_	_	_	
30-12	3357-3364	konuldu	_	_	_	_	_	_	_	_	_	_	_	_	_	
30-13	3365-3367	ve	_	_	_	_	_	_	_	_	_	_	_	_	_	
30-14	3368-3375	biyopsi	*[15]	_	_	_	_	_	_	_	_	_	_	_	_	
30-15	3376-3385	yapılmadı	*[15]	*	_	_	*	partOfEvent	30-15	isAnotherFocus	30-1[31]	NegMorMarker	partOfScope;partOfScope	30-14[15];30-1[14]	*	
30-16	3385-3386	.	_	_	_	_	_	_	_	_	_	_	_	_	_	

#Text=Eritema nodozumun sıklığı ülkemizde bilinmemektedir.
31-1	3387-3394	Eritema	*[16]	_	_	_	_	_	_	_	_	_	_	_	_	
31-2	3395-3404	nodozumun	*[16]	_	_	_	_	_	_	_	_	_	_	_	_	
31-3	3405-3412	sıklığı	*[16]	_	_	_	_	_	_	_	_	_	_	_	_	
31-4	3413-3422	ülkemizde	*[16]	_	*	_	_	_	_	_	_	_	_	_	_	
31-5	3423-3438	bilinmemektedir	*[16]	*	_	_	*	partOfEvent	31-5	isAnotherFocus	31-4	NegMorMarker	partOfScope	31-1[16]	*	
31-6	3438-3439	.	_	_	_	_	_	_	_	_	_	_	_	_	_	

#Text=Ryan ve arkadaşlarının yaptığı bir çalışmada İngiltere’de genel popülasyondaki sıklığı yılda on binde 2.4 bulunmuştur.
32-1	3440-3444	Ryan	_	_	_	_	_	_	_	_	_	_	_	_	_	
32-2	3445-3447	ve	_	_	_	_	_	_	_	_	_	_	_	_	_	
32-3	3448-3462	arkadaşlarının	_	_	_	_	_	_	_	_	_	_	_	_	_	
32-4	3463-3470	yaptığı	_	_	_	_	_	_	_	_	_	_	_	_	_	
32-5	3471-3474	bir	_	_	_	_	_	_	_	_	_	_	_	_	_	
32-6	3475-3484	çalışmada	_	_	_	_	_	_	_	_	_	_	_	_	_	
32-7	3485-3494	İngiltere	_	_	_	_	_	_	_	_	_	_	_	_	_	
32-8	3494-3495	’	_	_	_	_	_	_	_	_	_	_	_	_	_	
32-9	3495-3497	de	_	_	_	_	_	_	_	_	_	_	_	_	_	
32-10	3498-3503	genel	_	_	_	_	_	_	_	_	_	_	_	_	_	
32-11	3504-3518	popülasyondaki	_	_	_	_	_	_	_	_	_	_	_	_	_	
32-12	3519-3526	sıklığı	_	_	_	_	_	_	_	_	_	_	_	_	_	
32-13	3527-3532	yılda	_	_	_	_	_	_	_	_	_	_	_	_	_	
32-14	3533-3535	on	_	_	_	_	_	_	_	_	_	_	_	_	_	
32-15	3536-3541	binde	_	_	_	_	_	_	_	_	_	_	_	_	_	
32-16	3542-3545	2.4	_	_	_	_	_	_	_	_	_	_	_	_	_	
32-17	3546-3557	bulunmuştur	_	_	_	_	_	_	_	_	_	_	_	_	_	
32-18	3557-3558	.	_	_	_	_	_	_	_	_	_	_	_	_	_	

#Text=EN sıklıkla erişkinlerde görülmekte ve kadınları daha sık etkilemektedir.
33-1	3559-3561	EN	_	_	_	_	_	_	_	_	_	_	_	_	_	
33-2	3562-3570	sıklıkla	_	_	_	_	_	_	_	_	_	_	_	_	_	
33-3	3571-3583	erişkinlerde	_	_	_	_	_	_	_	_	_	_	_	_	_	
33-4	3584-3594	görülmekte	_	_	_	_	_	_	_	_	_	_	_	_	_	
33-5	3595-3597	ve	_	_	_	_	_	_	_	_	_	_	_	_	_	
33-6	3598-3607	kadınları	_	_	_	_	_	_	_	_	_	_	_	_	_	
33-7	3608-3612	daha	_	_	_	_	_	_	_	_	_	_	_	_	_	
33-8	3613-3616	sık	_	_	_	_	_	_	_	_	_	_	_	_	_	
33-9	3617-3631	etkilemektedir	_	_	_	_	_	_	_	_	_	_	_	_	_	
33-10	3631-3632	.	_	_	_	_	_	_	_	_	_	_	_	_	_	

#Text=Çocuklarda nadir görülen EN’un genellikle 8-10 yaşlar arasında ortaya çıktığı bildirilmektedir.
34-1	3633-3643	Çocuklarda	_	_	_	_	_	_	_	_	_	_	_	_	_	
34-2	3644-3649	nadir	_	_	_	_	_	_	_	_	_	_	_	_	_	
34-3	3650-3657	görülen	_	_	_	_	_	_	_	_	_	_	_	_	_	
34-4	3658-3660	EN	_	_	_	_	_	_	_	_	_	_	_	_	_	
34-5	3660-3661	’	_	_	_	_	_	_	_	_	_	_	_	_	_	
34-6	3661-3663	un	_	_	_	_	_	_	_	_	_	_	_	_	_	
34-7	3664-3674	genellikle	_	_	_	_	_	_	_	_	_	_	_	_	_	
34-8	3675-3676	8	_	_	_	_	_	_	_	_	_	_	_	_	_	
34-9	3676-3677	-	_	_	_	_	_	_	_	_	_	_	_	_	_	
34-10	3677-3679	10	_	_	_	_	_	_	_	_	_	_	_	_	_	
34-11	3680-3686	yaşlar	_	_	_	_	_	_	_	_	_	_	_	_	_	
34-12	3687-3695	arasında	_	_	_	_	_	_	_	_	_	_	_	_	_	
34-13	3696-3702	ortaya	_	_	_	_	_	_	_	_	_	_	_	_	_	
34-14	3703-3710	çıktığı	_	_	_	_	_	_	_	_	_	_	_	_	_	
34-15	3711-3727	bildirilmektedir	_	_	_	_	_	_	_	_	_	_	_	_	_	
34-16	3727-3728	.	_	_	_	_	_	_	_	_	_	_	_	_	_	

#Text=Çocukluk döneminde puberte öncesi cinsiyet farkı görülmezken adölesan dönemde kız çocuklarında daha sık görülmektedir.
35-1	3729-3737	Çocukluk	_	_	_	_	_	_	_	_	_	_	_	_	_	
35-2	3738-3747	döneminde	_	_	_	_	_	_	_	_	_	_	_	_	_	
35-3	3748-3755	puberte	_	_	_	_	_	_	_	_	_	_	_	_	_	
35-4	3756-3762	öncesi	_	_	_	_	_	_	_	_	_	_	_	_	_	
35-5	3763-3771	cinsiyet	_	_	_	_	_	_	_	_	_	_	_	_	_	
35-6	3772-3777	farkı	_	_	_	_	_	_	_	_	_	_	_	_	_	
35-7	3778-3789	görülmezken	_	_	_	_	_	_	_	_	_	_	_	_	_	
35-8	3790-3798	adölesan	_	_	_	_	_	_	_	_	_	_	_	_	_	
35-9	3799-3806	dönemde	_	_	_	_	_	_	_	_	_	_	_	_	_	
35-10	3807-3810	kız	_	_	_	_	_	_	_	_	_	_	_	_	_	
35-11	3811-3823	çocuklarında	_	_	_	_	_	_	_	_	_	_	_	_	_	
35-12	3824-3828	daha	_	_	_	_	_	_	_	_	_	_	_	_	_	
35-13	3829-3832	sık	_	_	_	_	_	_	_	_	_	_	_	_	_	
35-14	3833-3846	görülmektedir	_	_	_	_	_	_	_	_	_	_	_	_	_	
35-15	3846-3847	.	_	_	_	_	_	_	_	_	_	_	_	_	_	

#Text=Bizim olgumuzda bu verilerle uyumlu olarak 10 yaşında kız hasta idi.
36-1	3848-3853	Bizim	_	_	_	_	_	_	_	_	_	_	_	_	_	
36-2	3854-3863	olgumuzda	_	_	_	_	_	_	_	_	_	_	_	_	_	
36-3	3864-3866	bu	_	_	_	_	_	_	_	_	_	_	_	_	_	
36-4	3867-3876	verilerle	_	_	_	_	_	_	_	_	_	_	_	_	_	
36-5	3877-3883	uyumlu	_	_	_	_	_	_	_	_	_	_	_	_	_	
36-6	3884-3890	olarak	_	_	_	_	_	_	_	_	_	_	_	_	_	
36-7	3891-3893	10	_	_	_	_	_	_	_	_	_	_	_	_	_	
36-8	3894-3901	yaşında	_	_	_	_	_	_	_	_	_	_	_	_	_	
36-9	3902-3905	kız	_	_	_	_	_	_	_	_	_	_	_	_	_	
36-10	3906-3911	hasta	_	_	_	_	_	_	_	_	_	_	_	_	_	
36-11	3912-3915	idi	_	_	_	_	_	_	_	_	_	_	_	_	_	
36-12	3915-3916	.	_	_	_	_	_	_	_	_	_	_	_	_	_	

#Text=Eritema nodozumun etyolojisinde erişkin olguların yarısında neden bulunamazken olguların çoğunluğunda enfeksiyonlar (streptokokal farenjit ve primer tüberküloz), sarkoidoz, ilaçlar, Behçet hastalığı, inflamatuvar barsak hastalıkları ve maligniteler etyolojide yer almaktadır.
37-1	3917-3924	Eritema	_	_	_	_	_	_	_	_	_	_	_	_	_	
37-2	3925-3934	nodozumun	_	_	_	_	_	_	_	_	_	_	_	_	_	
37-3	3935-3948	etyolojisinde	_	_	_	_	_	_	_	_	_	_	_	_	_	
37-4	3949-3956	erişkin	*[17]	_	*[32]	_	_	_	_	_	_	_	_	_	_	
37-5	3957-3966	olguların	*[17]	_	*[32]	_	_	_	_	_	_	_	_	_	_	
37-6	3967-3976	yarısında	*[17]	_	*[32]	_	_	_	_	_	_	_	_	_	_	
37-7	3977-3982	neden	*[17]	_	_	_	_	_	_	_	_	_	_	_	_	
37-8	3983-3995	bulunamazken	*[17]	*	_	_	*	partOfEvent	37-8	isAnotherFocus	37-4[32]	NegMorMarker	partOfScope	37-4[17]	*	
37-9	3996-4005	olguların	_	_	_	_	_	_	_	_	_	_	_	_	_	
37-10	4006-4018	çoğunluğunda	_	_	_	_	_	_	_	_	_	_	_	_	_	
37-11	4019-4032	enfeksiyonlar	_	_	_	_	_	_	_	_	_	_	_	_	_	
37-12	4033-4034	(	_	_	_	_	_	_	_	_	_	_	_	_	_	
37-13	4034-4046	streptokokal	_	_	_	_	_	_	_	_	_	_	_	_	_	
37-14	4047-4055	farenjit	_	_	_	_	_	_	_	_	_	_	_	_	_	
37-15	4056-4058	ve	_	_	_	_	_	_	_	_	_	_	_	_	_	
37-16	4059-4065	primer	_	_	_	_	_	_	_	_	_	_	_	_	_	
37-17	4066-4076	tüberküloz	_	_	_	_	_	_	_	_	_	_	_	_	_	
37-18	4076-4077	)	_	_	_	_	_	_	_	_	_	_	_	_	_	
37-19	4077-4078	,	_	_	_	_	_	_	_	_	_	_	_	_	_	
37-20	4079-4088	sarkoidoz	_	_	_	_	_	_	_	_	_	_	_	_	_	
37-21	4088-4089	,	_	_	_	_	_	_	_	_	_	_	_	_	_	
37-22	4090-4097	ilaçlar	_	_	_	_	_	_	_	_	_	_	_	_	_	
37-23	4097-4098	,	_	_	_	_	_	_	_	_	_	_	_	_	_	
37-24	4099-4105	Behçet	_	_	_	_	_	_	_	_	_	_	_	_	_	
37-25	4106-4115	hastalığı	_	_	_	_	_	_	_	_	_	_	_	_	_	
37-26	4115-4116	,	_	_	_	_	_	_	_	_	_	_	_	_	_	
37-27	4117-4129	inflamatuvar	_	_	_	_	_	_	_	_	_	_	_	_	_	
37-28	4130-4136	barsak	_	_	_	_	_	_	_	_	_	_	_	_	_	
37-29	4137-4149	hastalıkları	_	_	_	_	_	_	_	_	_	_	_	_	_	
37-30	4150-4152	ve	_	_	_	_	_	_	_	_	_	_	_	_	_	
37-31	4153-4165	maligniteler	_	_	_	_	_	_	_	_	_	_	_	_	_	
37-32	4166-4176	etyolojide	_	_	_	_	_	_	_	_	_	_	_	_	_	
37-33	4177-4180	yer	_	_	_	_	_	_	_	_	_	_	_	_	_	
37-34	4181-4191	almaktadır	_	_	_	_	_	_	_	_	_	_	_	_	_	
37-35	4191-4192	.	_	_	_	_	_	_	_	_	_	_	_	_	_	

#Text=Çocuklarda ise EN en sık A grubu beta hemolitik streptokok (AGBHS) enfeksiyonu sonrası görülmektedir.
38-1	4193-4203	Çocuklarda	_	_	_	_	_	_	_	_	_	_	_	_	_	
38-2	4204-4207	ise	_	_	_	_	_	_	_	_	_	_	_	_	_	
38-3	4208-4210	EN	_	_	_	_	_	_	_	_	_	_	_	_	_	
38-4	4211-4213	en	_	_	_	_	_	_	_	_	_	_	_	_	_	
38-5	4214-4217	sık	_	_	_	_	_	_	_	_	_	_	_	_	_	
38-6	4218-4219	A	_	_	_	_	_	_	_	_	_	_	_	_	_	
38-7	4220-4225	grubu	_	_	_	_	_	_	_	_	_	_	_	_	_	
38-8	4226-4230	beta	_	_	_	_	_	_	_	_	_	_	_	_	_	
38-9	4231-4240	hemolitik	_	_	_	_	_	_	_	_	_	_	_	_	_	
38-10	4241-4251	streptokok	_	_	_	_	_	_	_	_	_	_	_	_	_	
38-11	4252-4253	(	_	_	_	_	_	_	_	_	_	_	_	_	_	
38-12	4253-4258	AGBHS	_	_	_	_	_	_	_	_	_	_	_	_	_	
38-13	4258-4259	)	_	_	_	_	_	_	_	_	_	_	_	_	_	
38-14	4260-4271	enfeksiyonu	_	_	_	_	_	_	_	_	_	_	_	_	_	
38-15	4272-4279	sonrası	_	_	_	_	_	_	_	_	_	_	_	_	_	
38-16	4280-4293	görülmektedir	_	_	_	_	_	_	_	_	_	_	_	_	_	
38-17	4293-4294	.	_	_	_	_	_	_	_	_	_	_	_	_	_	

#Text=Cengiz ve arkadaşlarının 10 EN’lu çocuğu değerlendirdikleri bir çalışmada %30 olguda streptokokal enfeksiyon, %20’sinde tüberküloz saptanmıştır.
39-1	4295-4301	Cengiz	_	_	_	_	_	_	_	_	_	_	_	_	_	
39-2	4302-4304	ve	_	_	_	_	_	_	_	_	_	_	_	_	_	
39-3	4305-4319	arkadaşlarının	_	_	_	_	_	_	_	_	_	_	_	_	_	
39-4	4320-4322	10	_	_	_	_	_	_	_	_	_	_	_	_	_	
39-5	4323-4325	EN	_	_	_	_	_	_	_	_	_	_	_	_	_	
39-6	4325-4326	’	_	_	_	_	_	_	_	_	_	_	_	_	_	
39-7	4326-4328	lu	_	_	_	_	_	_	_	_	_	_	_	_	_	
39-8	4329-4335	çocuğu	_	_	_	_	_	_	_	_	_	_	_	_	_	
39-9	4336-4354	değerlendirdikleri	_	_	_	_	_	_	_	_	_	_	_	_	_	
39-10	4355-4358	bir	_	_	_	_	_	_	_	_	_	_	_	_	_	
39-11	4359-4368	çalışmada	_	_	_	_	_	_	_	_	_	_	_	_	_	
39-12	4369-4370	%	_	_	_	_	_	_	_	_	_	_	_	_	_	
39-13	4370-4372	30	_	_	_	_	_	_	_	_	_	_	_	_	_	
39-14	4373-4379	olguda	_	_	_	_	_	_	_	_	_	_	_	_	_	
39-15	4380-4392	streptokokal	_	_	_	_	_	_	_	_	_	_	_	_	_	
39-16	4393-4403	enfeksiyon	_	_	_	_	_	_	_	_	_	_	_	_	_	
39-17	4403-4404	,	_	_	_	_	_	_	_	_	_	_	_	_	_	
39-18	4405-4406	%	_	_	_	_	_	_	_	_	_	_	_	_	_	
39-19	4406-4408	20	_	_	_	_	_	_	_	_	_	_	_	_	_	
39-20	4408-4409	’	_	_	_	_	_	_	_	_	_	_	_	_	_	
39-21	4409-4414	sinde	_	_	_	_	_	_	_	_	_	_	_	_	_	
39-22	4415-4425	tüberküloz	_	_	_	_	_	_	_	_	_	_	_	_	_	
39-23	4426-4438	saptanmıştır	_	_	_	_	_	_	_	_	_	_	_	_	_	
39-24	4438-4439	.	_	_	_	_	_	_	_	_	_	_	_	_	_	

#Text=Olguların diğer yarısında ise neden bulunamamıştır.
40-1	4440-4449	Olguların	*[18]	_	*[33]	_	_	_	_	_	_	_	_	_	_	
40-2	4450-4455	diğer	*[18]	_	*[33]	_	_	_	_	_	_	_	_	_	_	
40-3	4456-4465	yarısında	*[18]	_	*[33]	_	_	_	_	_	_	_	_	_	_	
40-4	4466-4469	ise	*[18]	_	_	_	_	_	_	_	_	_	_	_	_	
40-5	4470-4475	neden	*[18]	_	_	_	_	_	_	_	_	_	_	_	_	
40-6	4476-4490	bulunamamıştır	*[18]	*	_	_	*	partOfEvent	40-6	isAnotherFocus	40-1[33]	NegMorMarker	partOfScope	40-1[18]	*	
40-7	4490-4491	.	_	_	_	_	_	_	_	_	_	_	_	_	_	

#Text=Çelebi ve arkadaşlarının yaptığı EN’lu 14 çocuk olguyu değerlendirdikleri bir çalışmada ise en sık etken tularemi (%28.5), ardından tüberküloz (%21.4), AGBHS (%14.2) ve Salmonella gastroenteriti (%14.2) olarak bildirilmiştir.
41-1	4492-4498	Çelebi	_	_	_	_	_	_	_	_	_	_	_	_	_	
41-2	4499-4501	ve	_	_	_	_	_	_	_	_	_	_	_	_	_	
41-3	4502-4516	arkadaşlarının	_	_	_	_	_	_	_	_	_	_	_	_	_	
41-4	4517-4524	yaptığı	_	_	_	_	_	_	_	_	_	_	_	_	_	
41-5	4525-4527	EN	_	_	_	_	_	_	_	_	_	_	_	_	_	
41-6	4527-4528	’	_	_	_	_	_	_	_	_	_	_	_	_	_	
41-7	4528-4530	lu	_	_	_	_	_	_	_	_	_	_	_	_	_	
41-8	4531-4533	14	_	_	_	_	_	_	_	_	_	_	_	_	_	
41-9	4534-4539	çocuk	_	_	_	_	_	_	_	_	_	_	_	_	_	
41-10	4540-4546	olguyu	_	_	_	_	_	_	_	_	_	_	_	_	_	
41-11	4547-4565	değerlendirdikleri	_	_	_	_	_	_	_	_	_	_	_	_	_	
41-12	4566-4569	bir	_	_	_	_	_	_	_	_	_	_	_	_	_	
41-13	4570-4579	çalışmada	_	_	_	_	_	_	_	_	_	_	_	_	_	
41-14	4580-4583	ise	_	_	_	_	_	_	_	_	_	_	_	_	_	
41-15	4584-4586	en	_	_	_	_	_	_	_	_	_	_	_	_	_	
41-16	4587-4590	sık	_	_	_	_	_	_	_	_	_	_	_	_	_	
41-17	4591-4596	etken	_	_	_	_	_	_	_	_	_	_	_	_	_	
41-18	4597-4605	tularemi	_	_	_	_	_	_	_	_	_	_	_	_	_	
41-19	4606-4607	(	_	_	_	_	_	_	_	_	_	_	_	_	_	
41-20	4607-4608	%	_	_	_	_	_	_	_	_	_	_	_	_	_	
41-21	4608-4612	28.5	_	_	_	_	_	_	_	_	_	_	_	_	_	
41-22	4612-4613	)	_	_	_	_	_	_	_	_	_	_	_	_	_	
41-23	4613-4614	,	_	_	_	_	_	_	_	_	_	_	_	_	_	
41-24	4615-4623	ardından	_	_	_	_	_	_	_	_	_	_	_	_	_	
41-25	4624-4634	tüberküloz	_	_	_	_	_	_	_	_	_	_	_	_	_	
41-26	4635-4636	(	_	_	_	_	_	_	_	_	_	_	_	_	_	
41-27	4636-4637	%	_	_	_	_	_	_	_	_	_	_	_	_	_	
41-28	4637-4641	21.4	_	_	_	_	_	_	_	_	_	_	_	_	_	
41-29	4641-4642	)	_	_	_	_	_	_	_	_	_	_	_	_	_	
41-30	4642-4643	,	_	_	_	_	_	_	_	_	_	_	_	_	_	
41-31	4644-4649	AGBHS	_	_	_	_	_	_	_	_	_	_	_	_	_	
41-32	4650-4651	(	_	_	_	_	_	_	_	_	_	_	_	_	_	
41-33	4651-4652	%	_	_	_	_	_	_	_	_	_	_	_	_	_	
41-34	4652-4656	14.2	_	_	_	_	_	_	_	_	_	_	_	_	_	
41-35	4656-4657	)	_	_	_	_	_	_	_	_	_	_	_	_	_	
41-36	4658-4660	ve	_	_	_	_	_	_	_	_	_	_	_	_	_	
41-37	4661-4671	Salmonella	_	_	_	_	_	_	_	_	_	_	_	_	_	
41-38	4672-4686	gastroenteriti	_	_	_	_	_	_	_	_	_	_	_	_	_	
41-39	4687-4688	(	_	_	_	_	_	_	_	_	_	_	_	_	_	
41-40	4688-4689	%	_	_	_	_	_	_	_	_	_	_	_	_	_	
41-41	4689-4693	14.2	_	_	_	_	_	_	_	_	_	_	_	_	_	
41-42	4693-4694	)	_	_	_	_	_	_	_	_	_	_	_	_	_	
41-43	4695-4701	olarak	_	_	_	_	_	_	_	_	_	_	_	_	_	
41-44	4702-4716	bildirilmiştir	_	_	_	_	_	_	_	_	_	_	_	_	_	
41-45	4716-4717	.	_	_	_	_	_	_	_	_	_	_	_	_	_	

#Text=Bizim olgumuzda ailede tüberküloz öyküsünün olmaması, akciğer grafisinin normal olması ve PPD negatifliği nedeniyle tüberküloz tanısı dışlandı.
42-1	4718-4723	Bizim	*[19]	_	_	_	_	_	_	_	_	_	_	_	_	
42-2	4724-4733	olgumuzda	*[19]	_	_	_	_	_	_	_	_	_	_	_	_	
42-3	4734-4740	ailede	*[19]|*[20]	_	*	_	_	_	_	_	_	_	_	_	_	
42-4	4741-4751	tüberküloz	*[19]|*[20]	_	_	_	_	_	_	_	_	_	_	_	_	
42-5	4752-4761	öyküsünün	*[19]|*[20]	_	_	_	_	_	_	_	_	_	_	_	_	
42-6	4762-4770	olmaması	*[19]|*[20]	*	_	_	*	partOfEvent	42-6	isAnotherFocus	42-3	NegMorMarker	partOfScope	42-3[20]	*	
42-7	4770-4771	,	*[19]	_	_	_	_	_	_	_	_	_	_	_	_	
42-8	4772-4779	akciğer	*[19]	_	_	_	_	_	_	_	_	_	_	_	_	
42-9	4780-4790	grafisinin	*[19]	_	_	_	_	_	_	_	_	_	_	_	_	
42-10	4791-4797	normal	*[19]	_	_	_	_	_	_	_	_	_	_	_	_	
42-11	4798-4804	olması	*[19]	_	_	_	_	_	_	_	_	_	_	_	_	
42-12	4805-4807	ve	*[19]	_	_	_	_	_	_	_	_	_	_	_	_	
42-13	4808-4811	PPD	*[19]|*[21]	_	*	_	_	_	_	_	_	_	_	_	_	
42-14	4812-4823	negatifliği	*[19]	*	_	_	*	partOfEvent	42-14	isAnotherFocus	42-13	NegLexMarker	partOfScope	42-13[21]	*	
42-15	4824-4833	nedeniyle	*[19]	_	_	_	_	_	_	_	_	_	_	_	_	
42-16	4834-4844	tüberküloz	*[19]	_	_	_	_	_	_	_	_	_	_	_	_	
42-17	4845-4851	tanısı	*[19]	_	_	_	_	_	_	_	_	_	_	_	_	
42-18	4852-4860	dışlandı	_	*	_	_	_	_	_	_	_	_	_	_	_	
42-19	4860-4861	.	_	_	_	_	_	_	_	_	_	_	_	_	_	

#Text=Olgumuza başvurudan 1 -2 hafta önce boğaz ağrısının olması ve ASO titresinin çok yüksek olması nedeniyle AGBHS enfeksiyonuna bağlı EN tanısı konuldu.
43-1	4862-4870	Olgumuza	_	_	_	_	_	_	_	_	_	_	_	_	_	
43-2	4871-4881	başvurudan	_	_	_	_	_	_	_	_	_	_	_	_	_	
43-3	4882-4883	1	_	_	_	_	_	_	_	_	_	_	_	_	_	
43-4	4884-4885	-	_	_	_	_	_	_	_	_	_	_	_	_	_	
43-5	4885-4886	2	_	_	_	_	_	_	_	_	_	_	_	_	_	
43-6	4887-4892	hafta	_	_	_	_	_	_	_	_	_	_	_	_	_	
43-7	4893-4897	önce	_	_	_	_	_	_	_	_	_	_	_	_	_	
43-8	4898-4903	boğaz	_	_	_	_	_	_	_	_	_	_	_	_	_	
43-9	4904-4913	ağrısının	_	_	_	_	_	_	_	_	_	_	_	_	_	
43-10	4914-4920	olması	_	_	_	_	_	_	_	_	_	_	_	_	_	
43-11	4921-4923	ve	_	_	_	_	_	_	_	_	_	_	_	_	_	
43-12	4924-4927	ASO	_	_	_	_	_	_	_	_	_	_	_	_	_	
43-13	4928-4938	titresinin	_	_	_	_	_	_	_	_	_	_	_	_	_	
43-14	4939-4942	çok	_	_	_	_	_	_	_	_	_	_	_	_	_	
43-15	4943-4949	yüksek	_	_	_	_	_	_	_	_	_	_	_	_	_	
43-16	4950-4956	olması	_	_	_	_	_	_	_	_	_	_	_	_	_	
43-17	4957-4966	nedeniyle	_	_	_	_	_	_	_	_	_	_	_	_	_	
43-18	4967-4972	AGBHS	_	_	_	_	_	_	_	_	_	_	_	_	_	
43-19	4973-4986	enfeksiyonuna	_	_	_	_	_	_	_	_	_	_	_	_	_	
43-20	4987-4992	bağlı	_	_	_	_	_	_	_	_	_	_	_	_	_	
43-21	4993-4995	EN	_	_	_	_	_	_	_	_	_	_	_	_	_	
43-22	4996-5002	tanısı	_	_	_	_	_	_	_	_	_	_	_	_	_	
43-23	5003-5010	konuldu	_	_	_	_	_	_	_	_	_	_	_	_	_	
43-24	5010-5011	.	_	_	_	_	_	_	_	_	_	_	_	_	_	

#Text=Olgunun ağrısının ve döküntülerinin tedavi ile kısa sürede toparlaması da bu tanımızı destekledi.
44-1	5012-5019	Olgunun	_	_	_	_	_	_	_	_	_	_	_	_	_	
44-2	5020-5029	ağrısının	_	_	_	_	_	_	_	_	_	_	_	_	_	
44-3	5030-5032	ve	_	_	_	_	_	_	_	_	_	_	_	_	_	
44-4	5033-5047	döküntülerinin	_	_	_	_	_	_	_	_	_	_	_	_	_	
44-5	5048-5054	tedavi	_	_	_	_	_	_	_	_	_	_	_	_	_	
44-6	5055-5058	ile	_	_	_	_	_	_	_	_	_	_	_	_	_	
44-7	5059-5063	kısa	_	_	_	_	_	_	_	_	_	_	_	_	_	
44-8	5064-5070	sürede	_	_	_	_	_	_	_	_	_	_	_	_	_	
44-9	5071-5082	toparlaması	_	_	_	_	_	_	_	_	_	_	_	_	_	
44-10	5083-5085	da	_	_	_	_	_	_	_	_	_	_	_	_	_	
44-11	5086-5088	bu	_	_	_	_	_	_	_	_	_	_	_	_	_	
44-12	5089-5097	tanımızı	_	_	_	_	_	_	_	_	_	_	_	_	_	
44-13	5098-5108	destekledi	_	_	_	_	_	_	_	_	_	_	_	_	_	
44-14	5108-5109	.	_	_	_	_	_	_	_	_	_	_	_	_	_	

#Text=Behçet hastalığı tekrarlayan oral aft ve EN birlikteliğinde akla gelmesi gereken ve ülkemizde prevelansı yüksek olan bir hastalıktır.
45-1	5110-5116	Behçet	_	_	_	_	_	_	_	_	_	_	_	_	_	
45-2	5117-5126	hastalığı	_	_	_	_	_	_	_	_	_	_	_	_	_	
45-3	5127-5138	tekrarlayan	_	_	_	_	_	_	_	_	_	_	_	_	_	
45-4	5139-5143	oral	_	_	_	_	_	_	_	_	_	_	_	_	_	
45-5	5144-5147	aft	_	_	_	_	_	_	_	_	_	_	_	_	_	
45-6	5148-5150	ve	_	_	_	_	_	_	_	_	_	_	_	_	_	
45-7	5151-5153	EN	_	_	_	_	_	_	_	_	_	_	_	_	_	
45-8	5154-5169	birlikteliğinde	_	_	_	_	_	_	_	_	_	_	_	_	_	
45-9	5170-5174	akla	_	_	_	_	_	_	_	_	_	_	_	_	_	
45-10	5175-5182	gelmesi	_	_	_	_	_	_	_	_	_	_	_	_	_	
45-11	5183-5190	gereken	_	_	_	_	_	_	_	_	_	_	_	_	_	
45-12	5191-5193	ve	_	_	_	_	_	_	_	_	_	_	_	_	_	
45-13	5194-5203	ülkemizde	_	_	_	_	_	_	_	_	_	_	_	_	_	
45-14	5204-5214	prevelansı	_	_	_	_	_	_	_	_	_	_	_	_	_	
45-15	5215-5221	yüksek	_	_	_	_	_	_	_	_	_	_	_	_	_	
45-16	5222-5226	olan	_	_	_	_	_	_	_	_	_	_	_	_	_	
45-17	5227-5230	bir	_	_	_	_	_	_	_	_	_	_	_	_	_	
45-18	5231-5242	hastalıktır	_	_	_	_	_	_	_	_	_	_	_	_	_	
45-19	5242-5243	.	_	_	_	_	_	_	_	_	_	_	_	_	_	

#Text=Behçet hastalığı olanların yarısında EN görülmektedir.
46-1	5244-5250	Behçet	_	_	_	_	_	_	_	_	_	_	_	_	_	
46-2	5251-5260	hastalığı	_	_	_	_	_	_	_	_	_	_	_	_	_	
46-3	5261-5270	olanların	_	_	_	_	_	_	_	_	_	_	_	_	_	
46-4	5271-5280	yarısında	_	_	_	_	_	_	_	_	_	_	_	_	_	
46-5	5281-5283	EN	_	_	_	_	_	_	_	_	_	_	_	_	_	
46-6	5284-5297	görülmektedir	_	_	_	_	_	_	_	_	_	_	_	_	_	
46-7	5297-5298	.	_	_	_	_	_	_	_	_	_	_	_	_	_	

#Text=Tanısı Uluslararası Behçet Hastalığı Tanı Kriterleri Uluslararası Çalışma grubu tarafından belirlenen kriterlere göre konulmaktadır.
47-1	5299-5305	Tanısı	_	_	_	_	_	_	_	_	_	_	_	_	_	
47-2	5306-5318	Uluslararası	_	_	_	_	_	_	_	_	_	_	_	_	_	
47-3	5319-5325	Behçet	_	_	_	_	_	_	_	_	_	_	_	_	_	
47-4	5326-5335	Hastalığı	_	_	_	_	_	_	_	_	_	_	_	_	_	
47-5	5336-5340	Tanı	_	_	_	_	_	_	_	_	_	_	_	_	_	
47-6	5341-5351	Kriterleri	_	_	_	_	_	_	_	_	_	_	_	_	_	
47-7	5352-5364	Uluslararası	_	_	_	_	_	_	_	_	_	_	_	_	_	
47-8	5365-5372	Çalışma	_	_	_	_	_	_	_	_	_	_	_	_	_	
47-9	5373-5378	grubu	_	_	_	_	_	_	_	_	_	_	_	_	_	
47-10	5379-5389	tarafından	_	_	_	_	_	_	_	_	_	_	_	_	_	
47-11	5390-5400	belirlenen	_	_	_	_	_	_	_	_	_	_	_	_	_	
47-12	5401-5411	kriterlere	_	_	_	_	_	_	_	_	_	_	_	_	_	
47-13	5412-5416	göre	_	_	_	_	_	_	_	_	_	_	_	_	_	
47-14	5417-5430	konulmaktadır	_	_	_	_	_	_	_	_	_	_	_	_	_	
47-15	5430-5431	.	_	_	_	_	_	_	_	_	_	_	_	_	_	

#Text=Bu kriterlerde tekrarlayan oral aftla birlikte tekrarlayan genital ülserler, göz lezyonları (anterior veya posterior üveit), cilt lezyonları (EN, psödofollikülit, papülopüstüler lezyonlar) ve paterji testi pozitifliği yer almaktadır.
48-1	5432-5434	Bu	_	_	_	_	_	_	_	_	_	_	_	_	_	
48-2	5435-5446	kriterlerde	_	_	_	_	_	_	_	_	_	_	_	_	_	
48-3	5447-5458	tekrarlayan	_	_	_	_	_	_	_	_	_	_	_	_	_	
48-4	5459-5463	oral	_	_	_	_	_	_	_	_	_	_	_	_	_	
48-5	5464-5469	aftla	_	_	_	_	_	_	_	_	_	_	_	_	_	
48-6	5470-5478	birlikte	_	_	_	_	_	_	_	_	_	_	_	_	_	
48-7	5479-5490	tekrarlayan	_	_	_	_	_	_	_	_	_	_	_	_	_	
48-8	5491-5498	genital	_	_	_	_	_	_	_	_	_	_	_	_	_	
48-9	5499-5507	ülserler	_	_	_	_	_	_	_	_	_	_	_	_	_	
48-10	5507-5508	,	_	_	_	_	_	_	_	_	_	_	_	_	_	
48-11	5509-5512	göz	_	_	_	_	_	_	_	_	_	_	_	_	_	
48-12	5513-5523	lezyonları	_	_	_	_	_	_	_	_	_	_	_	_	_	
48-13	5524-5525	(	_	_	_	_	_	_	_	_	_	_	_	_	_	
48-14	5525-5533	anterior	_	_	_	_	_	_	_	_	_	_	_	_	_	
48-15	5534-5538	veya	_	_	_	_	_	_	_	_	_	_	_	_	_	
48-16	5539-5548	posterior	_	_	_	_	_	_	_	_	_	_	_	_	_	
48-17	5549-5554	üveit	_	_	_	_	_	_	_	_	_	_	_	_	_	
48-18	5554-5555	)	_	_	_	_	_	_	_	_	_	_	_	_	_	
48-19	5555-5556	,	_	_	_	_	_	_	_	_	_	_	_	_	_	
48-20	5557-5561	cilt	_	_	_	_	_	_	_	_	_	_	_	_	_	
48-21	5562-5572	lezyonları	_	_	_	_	_	_	_	_	_	_	_	_	_	
48-22	5573-5574	(	_	_	_	_	_	_	_	_	_	_	_	_	_	
48-23	5574-5576	EN	_	_	_	_	_	_	_	_	_	_	_	_	_	
48-24	5576-5577	,	_	_	_	_	_	_	_	_	_	_	_	_	_	
48-25	5578-5593	psödofollikülit	_	_	_	_	_	_	_	_	_	_	_	_	_	
48-26	5593-5594	,	_	_	_	_	_	_	_	_	_	_	_	_	_	
48-27	5595-5609	papülopüstüler	_	_	_	_	_	_	_	_	_	_	_	_	_	
48-28	5610-5619	lezyonlar	_	_	_	_	_	_	_	_	_	_	_	_	_	
48-29	5619-5620	)	_	_	_	_	_	_	_	_	_	_	_	_	_	
48-30	5621-5623	ve	_	_	_	_	_	_	_	_	_	_	_	_	_	
48-31	5624-5631	paterji	_	_	_	_	_	_	_	_	_	_	_	_	_	
48-32	5632-5637	testi	_	_	_	_	_	_	_	_	_	_	_	_	_	
48-33	5638-5649	pozitifliği	_	_	_	_	_	_	_	_	_	_	_	_	_	
48-34	5650-5653	yer	_	_	_	_	_	_	_	_	_	_	_	_	_	
48-35	5654-5664	almaktadır	_	_	_	_	_	_	_	_	_	_	_	_	_	
48-36	5664-5665	.	_	_	_	_	_	_	_	_	_	_	_	_	_	

#Text=Tekrarlayan oral aftla birlikte en az 2 kriterin olması Behçet Hastalığı tanısını koydurmaktadır.
49-1	5666-5677	Tekrarlayan	_	_	_	_	_	_	_	_	_	_	_	_	_	
49-2	5678-5682	oral	_	_	_	_	_	_	_	_	_	_	_	_	_	
49-3	5683-5688	aftla	_	_	_	_	_	_	_	_	_	_	_	_	_	
49-4	5689-5697	birlikte	_	_	_	_	_	_	_	_	_	_	_	_	_	
49-5	5698-5700	en	_	_	_	_	_	_	_	_	_	_	_	_	_	
49-6	5701-5703	az	_	_	_	_	_	_	_	_	_	_	_	_	_	
49-7	5704-5705	2	_	_	_	_	_	_	_	_	_	_	_	_	_	
49-8	5706-5714	kriterin	_	_	_	_	_	_	_	_	_	_	_	_	_	
49-9	5715-5721	olması	_	_	_	_	_	_	_	_	_	_	_	_	_	
49-10	5722-5728	Behçet	_	_	_	_	_	_	_	_	_	_	_	_	_	
49-11	5729-5738	Hastalığı	_	_	_	_	_	_	_	_	_	_	_	_	_	
49-12	5739-5747	tanısını	_	_	_	_	_	_	_	_	_	_	_	_	_	
49-13	5748-5762	koydurmaktadır	_	_	_	_	_	_	_	_	_	_	_	_	_	
49-14	5762-5763	.	_	_	_	_	_	_	_	_	_	_	_	_	_	

#Text=Bu nedenle tekrarlayan oral aft ve EN yakınması olan hastalarda ilk önce Behçet Hastalığı dışlanmalıdır.
50-1	5764-5766	Bu	_	_	_	_	_	_	_	_	_	_	_	_	_	
50-2	5767-5774	nedenle	_	_	_	_	_	_	_	_	_	_	_	_	_	
50-3	5775-5786	tekrarlayan	*[22]	_	*[34]	_	_	_	_	_	_	_	_	_	_	
50-4	5787-5791	oral	*[22]	_	*[34]	_	_	_	_	_	_	_	_	_	_	
50-5	5792-5795	aft	*[22]	_	*[34]	_	_	_	_	_	_	_	_	_	_	
50-6	5796-5798	ve	*[22]	_	*[34]	_	_	_	_	_	_	_	_	_	_	
50-7	5799-5801	EN	*[22]	_	*[34]	_	_	_	_	_	_	_	_	_	_	
50-8	5802-5811	yakınması	*[22]	_	*[34]	_	_	_	_	_	_	_	_	_	_	
50-9	5812-5816	olan	*[22]	_	*[34]	_	_	_	_	_	_	_	_	_	_	
50-10	5817-5827	hastalarda	*[22]	_	*[34]	_	_	_	_	_	_	_	_	_	_	
50-11	5828-5831	ilk	*[22]	_	_	_	_	_	_	_	_	_	_	_	_	
50-12	5832-5836	önce	*[22]	_	_	_	_	_	_	_	_	_	_	_	_	
50-13	5837-5843	Behçet	*[22]	_	_	_	_	_	_	_	_	_	_	_	_	
50-14	5844-5853	Hastalığı	*[22]	_	_	_	_	_	_	_	_	_	_	_	_	
50-15	5854-5867	dışlanmalıdır	_	*	_	_	*	partOfEvent	50-15	isAnotherFocus	50-3[34]	NegLexMarker	partOfScope	50-3[22]	*	
50-16	5867-5868	.	_	_	_	_	_	_	_	_	_	_	_	_	_	

#Text=Bizim olgumuzun da öyküsünde tekrarlayan oral aft olması nedeniyle hastaya paterji testi yaptırılıp üveit açısından değerlendirildi ve Behçet Hastalığı tanısı dışlandı.
51-1	5869-5874	Bizim	_	_	_	_	_	_	_	_	_	_	_	_	_	
51-2	5875-5884	olgumuzun	_	_	_	_	_	_	_	_	_	_	_	_	_	
51-3	5885-5887	da	_	_	_	_	_	_	_	_	_	_	_	_	_	
51-4	5888-5897	öyküsünde	_	_	_	_	_	_	_	_	_	_	_	_	_	
51-5	5898-5909	tekrarlayan	_	_	_	_	_	_	_	_	_	_	_	_	_	
51-6	5910-5914	oral	_	_	_	_	_	_	_	_	_	_	_	_	_	
51-7	5915-5918	aft	_	_	_	_	_	_	_	_	_	_	_	_	_	
51-8	5919-5925	olması	_	_	_	_	_	_	_	_	_	_	_	_	_	
51-9	5926-5935	nedeniyle	_	_	_	_	_	_	_	_	_	_	_	_	_	
51-10	5936-5943	hastaya	_	_	_	_	_	_	_	_	_	_	_	_	_	
51-11	5944-5951	paterji	_	_	_	_	_	_	_	_	_	_	_	_	_	
51-12	5952-5957	testi	_	_	_	_	_	_	_	_	_	_	_	_	_	
51-13	5958-5968	yaptırılıp	_	_	_	_	_	_	_	_	_	_	_	_	_	
51-14	5969-5974	üveit	_	_	_	_	_	_	_	_	_	_	_	_	_	
51-15	5975-5984	açısından	_	_	_	_	_	_	_	_	_	_	_	_	_	
51-16	5985-6000	değerlendirildi	_	_	_	_	_	_	_	_	_	_	_	_	_	
51-17	6001-6003	ve	_	_	_	_	_	_	_	_	_	_	_	_	_	
51-18	6004-6010	Behçet	*[23]	_	*[35]	_	_	_	_	_	_	_	_	_	_	
51-19	6011-6020	Hastalığı	*[23]	_	*[35]	_	_	_	_	_	_	_	_	_	_	
51-20	6021-6027	tanısı	*[23]	_	*[35]	_	_	_	_	_	_	_	_	_	_	
51-21	6028-6036	dışlandı	_	*	_	_	*	partOfEvent	51-21	isAnotherFocus	51-18[35]	NegLexMarker	partOfScope	51-18[23]	*	
51-22	6036-6037	.	_	_	_	_	_	_	_	_	_	_	_	_	_	

#Text=Eritema nodozum inflamatuvar barsak hastalığı olan olgularda da sıklıkla görülübilmektedir.
52-1	6038-6045	Eritema	_	_	_	_	_	_	_	_	_	_	_	_	_	
52-2	6046-6053	nodozum	_	_	_	_	_	_	_	_	_	_	_	_	_	
52-3	6054-6066	inflamatuvar	_	_	_	_	_	_	_	_	_	_	_	_	_	
52-4	6067-6073	barsak	_	_	_	_	_	_	_	_	_	_	_	_	_	
52-5	6074-6083	hastalığı	_	_	_	_	_	_	_	_	_	_	_	_	_	
52-6	6084-6088	olan	_	_	_	_	_	_	_	_	_	_	_	_	_	
52-7	6089-6098	olgularda	_	_	_	_	_	_	_	_	_	_	_	_	_	
52-8	6099-6101	da	_	_	_	_	_	_	_	_	_	_	_	_	_	
52-9	6102-6110	sıklıkla	_	_	_	_	_	_	_	_	_	_	_	_	_	
52-10	6111-6128	görülübilmektedir	_	_	_	_	_	_	_	_	_	_	_	_	_	
52-11	6128-6129	.	_	_	_	_	_	_	_	_	_	_	_	_	_	

#Text=Özellikle ülseratif kolitli olgularda EN rastlanılmaktadır.
53-1	6130-6139	Özellikle	_	_	_	_	_	_	_	_	_	_	_	_	_	
53-2	6140-6149	ülseratif	_	_	_	_	_	_	_	_	_	_	_	_	_	
53-3	6150-6157	kolitli	_	_	_	_	_	_	_	_	_	_	_	_	_	
53-4	6158-6167	olgularda	_	_	_	_	_	_	_	_	_	_	_	_	_	
53-5	6168-6170	EN	_	_	_	_	_	_	_	_	_	_	_	_	_	
53-6	6171-6188	rastlanılmaktadır	_	_	_	_	_	_	_	_	_	_	_	_	_	
53-7	6188-6189	.	_	_	_	_	_	_	_	_	_	_	_	_	_	

#Text=Gastrointestinal sistemle ilgili yakınmaları olan EN’lu olgularda ayırıcı tanıda mutlaka akla gelmesi gerekmektedir.
54-1	6190-6206	Gastrointestinal	_	_	_	_	_	_	_	_	_	_	_	_	_	
54-2	6207-6215	sistemle	_	_	_	_	_	_	_	_	_	_	_	_	_	
54-3	6216-6222	ilgili	_	_	_	_	_	_	_	_	_	_	_	_	_	
54-4	6223-6234	yakınmaları	_	_	_	_	_	_	_	_	_	_	_	_	_	
54-5	6235-6239	olan	_	_	_	_	_	_	_	_	_	_	_	_	_	
54-6	6240-6242	EN	_	_	_	_	_	_	_	_	_	_	_	_	_	
54-7	6242-6243	’	_	_	_	_	_	_	_	_	_	_	_	_	_	
54-8	6243-6245	lu	_	_	_	_	_	_	_	_	_	_	_	_	_	
54-9	6246-6255	olgularda	_	_	_	_	_	_	_	_	_	_	_	_	_	
54-10	6256-6263	ayırıcı	_	_	_	_	_	_	_	_	_	_	_	_	_	
54-11	6264-6270	tanıda	_	_	_	_	_	_	_	_	_	_	_	_	_	
54-12	6271-6278	mutlaka	_	_	_	_	_	_	_	_	_	_	_	_	_	
54-13	6279-6283	akla	_	_	_	_	_	_	_	_	_	_	_	_	_	
54-14	6284-6291	gelmesi	_	_	_	_	_	_	_	_	_	_	_	_	_	
54-15	6292-6305	gerekmektedir	_	_	_	_	_	_	_	_	_	_	_	_	_	
54-16	6305-6306	.	_	_	_	_	_	_	_	_	_	_	_	_	_	

#Text=Bizim olgumuzun öyküsünde gastrointestinal sisteme ait yakınmaların (ishal, karın ağrısı, kramp, dışkıda kan) olmaması ve gelişme geriliğinin eşlik etmemesi nedeniyle inflamatuvar barsak hastalıkları dışlandı.
55-1	6307-6312	Bizim	*[24]	_	*[36]	_	_	_	_	_	_	_	_	_	_	
55-2	6313-6322	olgumuzun	*[24]	_	*[36]	_	_	_	_	_	_	_	_	_	_	
55-3	6323-6332	öyküsünde	*[24]	_	*[36]	_	_	_	_	_	_	_	_	_	_	
55-4	6333-6349	gastrointestinal	*[24]	_	_	_	_	_	_	_	_	_	_	_	_	
55-5	6350-6357	sisteme	*[24]	_	_	_	_	_	_	_	_	_	_	_	_	
55-6	6358-6361	ait	*[24]	_	_	_	_	_	_	_	_	_	_	_	_	
55-7	6362-6374	yakınmaların	*[24]	_	_	_	_	_	_	_	_	_	_	_	_	
55-8	6375-6376	(	_	_	_	_	_	_	_	_	_	_	_	_	_	
55-9	6376-6381	ishal	_	_	_	_	_	_	_	_	_	_	_	_	_	
55-10	6381-6382	,	_	_	_	_	_	_	_	_	_	_	_	_	_	
55-11	6383-6388	karın	_	_	_	_	_	_	_	_	_	_	_	_	_	
55-12	6389-6395	ağrısı	_	_	_	_	_	_	_	_	_	_	_	_	_	
55-13	6395-6396	,	_	_	_	_	_	_	_	_	_	_	_	_	_	
55-14	6397-6402	kramp	_	_	_	_	_	_	_	_	_	_	_	_	_	
55-15	6402-6403	,	_	_	_	_	_	_	_	_	_	_	_	_	_	
55-16	6404-6411	dışkıda	_	_	_	_	_	_	_	_	_	_	_	_	_	
55-17	6412-6415	kan	_	_	_	_	_	_	_	_	_	_	_	_	_	
55-18	6415-6416	)	_	_	_	_	_	_	_	_	_	_	_	_	_	
55-19	6417-6425	olmaması	_	_	_	_	*	_	*	isAnotherFocus	55-1[36]	NegMorMarker	partOfScope	55-1[24]	*	
55-20	6426-6428	ve	_	_	_	_	_	_	_	_	_	_	_	_	_	
55-21	6429-6436	gelişme	_	_	_	_	_	_	_	_	_	_	_	_	_	
55-22	6437-6448	geriliğinin	_	_	_	_	_	_	_	_	_	_	_	_	_	
55-23	6449-6454	eşlik	_	_	_	_	_	_	_	_	_	_	_	_	_	
55-24	6455-6463	etmemesi	_	_	_	_	*	_	*	_	*	*	_	*	*	
55-25	6464-6473	nedeniyle	_	_	_	_	_	_	_	_	_	_	_	_	_	
55-26	6474-6486	inflamatuvar	_	_	_	_	_	_	_	_	_	_	_	_	_	
55-27	6487-6493	barsak	_	_	_	_	_	_	_	_	_	_	_	_	_	
55-28	6494-6506	hastalıkları	_	_	_	_	_	_	_	_	_	_	_	_	_	
55-29	6507-6515	dışlandı	_	_	_	_	*	_	*	_	*	*	_	*	*	
55-30	6515-6516	.	_	_	_	_	_	_	_	_	_	_	_	_	_	

#Text=Eritema nodozum pek çok hastalığa bağlı ortaya çıkabilen bir deri lezyonudur.
56-1	6517-6524	Eritema	_	_	_	_	_	_	_	_	_	_	_	_	_	
56-2	6525-6532	nodozum	_	_	_	_	_	_	_	_	_	_	_	_	_	
56-3	6533-6536	pek	_	_	_	_	_	_	_	_	_	_	_	_	_	
56-4	6537-6540	çok	_	_	_	_	_	_	_	_	_	_	_	_	_	
56-5	6541-6550	hastalığa	_	_	_	_	_	_	_	_	_	_	_	_	_	
56-6	6551-6556	bağlı	_	_	_	_	_	_	_	_	_	_	_	_	_	
56-7	6557-6563	ortaya	_	_	_	_	_	_	_	_	_	_	_	_	_	
56-8	6564-6573	çıkabilen	_	_	_	_	_	_	_	_	_	_	_	_	_	
56-9	6574-6577	bir	_	_	_	_	_	_	_	_	_	_	_	_	_	
56-10	6578-6582	deri	_	_	_	_	_	_	_	_	_	_	_	_	_	
56-11	6583-6593	lezyonudur	_	_	_	_	_	_	_	_	_	_	_	_	_	
56-12	6593-6594	.	_	_	_	_	_	_	_	_	_	_	_	_	_	

#Text=Çocukluk çağında nadir görülen EN en sık AGBHS enfeksiyonları sonrası görülmektedir.
57-1	6595-6603	Çocukluk	_	_	_	_	_	_	_	_	_	_	_	_	_	
57-2	6604-6611	çağında	_	_	_	_	_	_	_	_	_	_	_	_	_	
57-3	6612-6617	nadir	_	_	_	_	_	_	_	_	_	_	_	_	_	
57-4	6618-6625	görülen	_	_	_	_	_	_	_	_	_	_	_	_	_	
57-5	6626-6628	EN	_	_	_	_	_	_	_	_	_	_	_	_	_	
57-6	6629-6631	en	_	_	_	_	_	_	_	_	_	_	_	_	_	
57-7	6632-6635	sık	_	_	_	_	_	_	_	_	_	_	_	_	_	
57-8	6636-6641	AGBHS	_	_	_	_	_	_	_	_	_	_	_	_	_	
57-9	6642-6656	enfeksiyonları	_	_	_	_	_	_	_	_	_	_	_	_	_	
57-10	6657-6664	sonrası	_	_	_	_	_	_	_	_	_	_	_	_	_	
57-11	6665-6678	görülmektedir	_	_	_	_	_	_	_	_	_	_	_	_	_	
57-12	6678-6679	.	_	_	_	_	_	_	_	_	_	_	_	_	_	

#Text=EN etkili bir şekilde tedavi edilmesi için altta yatan neden belirlenmelidir.
58-1	6680-6682	EN	_	_	_	_	_	_	_	_	_	_	_	_	_	
58-2	6683-6689	etkili	_	_	_	_	_	_	_	_	_	_	_	_	_	
58-3	6690-6693	bir	_	_	_	_	_	_	_	_	_	_	_	_	_	
58-4	6694-6701	şekilde	_	_	_	_	_	_	_	_	_	_	_	_	_	
58-5	6702-6708	tedavi	_	_	_	_	_	_	_	_	_	_	_	_	_	
58-6	6709-6717	edilmesi	_	_	_	_	_	_	_	_	_	_	_	_	_	
58-7	6718-6722	için	_	_	_	_	_	_	_	_	_	_	_	_	_	
58-8	6723-6728	altta	_	_	_	_	_	_	_	_	_	_	_	_	_	
58-9	6729-6734	yatan	_	_	_	_	_	_	_	_	_	_	_	_	_	
58-10	6735-6740	neden	_	_	_	_	_	_	_	_	_	_	_	_	_	
58-11	6741-6756	belirlenmelidir	_	_	_	_	_	_	_	_	_	_	_	_	_	
58-12	6756-6757	.	_	_	_	_	_	_	_	_	_	_	_	_	_	
