#FORMAT=WebAnno TSV 3.3


#Text=ÖZET
1-1	0-4	ÖZET	

#Text=Disgerminom, dev boyutlara ulaşabilen overin en sık görülen malign tümörüdür.
2-1	6-17	Disgerminom	
2-2	17-18	,	
2-3	19-22	dev	
2-4	23-32	boyutlara	
2-5	33-43	ulaşabilen	
2-6	44-50	overin	
2-7	51-53	en	
2-8	54-57	sık	
2-9	58-65	görülen	
2-10	66-72	malign	
2-11	73-82	tümörüdür	
2-12	82-83	.	

#Text=Genelde hormon salgılamamakla beraber beta-HCG salgılayabilirler.
3-1	84-91	Genelde	
3-2	92-98	hormon	
3-3	99-113	salgılamamakla	
3-4	114-121	beraber	
3-5	122-130	beta-HCG	
3-6	131-148	salgılayabilirler	
3-7	148-149	.	

#Text=Bizde karında kitle ve karın ağrısı şikâyetleri olan radyolojik görüntüleme ile tespit edilen beta-HCG salgılayan dev boyutlara ulaşmış disgerminom tanılı 3 olguyu inceledik.
4-1	150-155	Bizde	
4-2	156-163	karında	
4-3	164-169	kitle	
4-4	170-172	ve	
4-5	173-178	karın	
4-6	179-185	ağrısı	
4-7	186-197	şikâyetleri	
4-8	198-202	olan	
4-9	203-213	radyolojik	
4-10	214-225	görüntüleme	
4-11	226-229	ile	
4-12	230-236	tespit	
4-13	237-243	edilen	
4-14	244-252	beta-HCG	
4-15	253-263	salgılayan	
4-16	264-267	dev	
4-17	268-277	boyutlara	
4-18	278-285	ulaşmış	
4-19	286-297	disgerminom	
4-20	298-304	tanılı	
4-21	305-306	3	
4-22	307-313	olguyu	
4-23	314-323	inceledik	
4-24	323-324	.	

#Text=Üç olguya da salpingo-ooferektomi ameliyatı yapıldı.
5-1	325-327	Üç	
5-2	328-334	olguya	
5-3	335-337	da	
5-4	338-358	salpingo-ooferektomi	
5-5	359-368	ameliyatı	
5-6	369-376	yapıldı	
5-7	376-377	.	

#Text=Bir olguda komsu lenf nodlarından, peritondan ve karşı overden örnekleme yapıldı.
6-1	378-381	Bir	
6-2	382-388	olguda	
6-3	389-394	komsu	
6-4	395-399	lenf	
6-5	400-411	nodlarından	
6-6	411-412	,	
6-7	413-423	peritondan	
6-8	424-426	ve	
6-9	427-432	karşı	
6-10	433-440	overden	
6-11	441-450	örnekleme	
6-12	451-458	yapıldı	
6-13	458-459	.	

#Text=Bir olgu da üç haftada bir, dört kür kemoterapi verildi.
7-1	460-463	Bir	
7-2	464-468	olgu	
7-3	469-471	da	
7-4	472-474	üç	
7-5	475-482	haftada	
7-6	483-486	bir	
7-7	486-487	,	
7-8	488-492	dört	
7-9	493-496	kür	
7-10	497-507	kemoterapi	
7-11	508-515	verildi	
7-12	515-516	.	

#Text=Bir olguda da 4 kür kemoterapi verilmesi planlandı.
8-1	517-520	Bir	
8-2	521-527	olguda	
8-3	528-530	da	
8-4	531-532	4	
8-5	533-536	kür	
8-6	537-547	kemoterapi	
8-7	548-557	verilmesi	
8-8	558-567	planlandı	
8-9	567-568	.	

#Text=GİRİŞ
9-1	569-574	GİRİŞ	

#Text=Çocukluk çağında malign over tümörleri oldukça nadirdir.
10-1	575-583	Çocukluk	
10-2	584-591	çağında	
10-3	592-598	malign	
10-4	599-603	over	
10-5	604-613	tümörleri	
10-6	614-621	oldukça	
10-7	622-630	nadirdir	
10-8	630-631	.	

#Text=Malign over tümörlerinden en sık disgerminom görülür.
11-1	632-638	Malign	
11-2	639-643	over	
11-3	644-657	tümörlerinden	
11-4	658-660	en	
11-5	661-664	sık	
11-6	665-676	disgerminom	
11-7	677-684	görülür	
11-8	684-685	.	

#Text=Pediatrik malign over tümörlerinin %26,8'ini oluşturur.
12-1	686-695	Pediatrik	
12-2	696-702	malign	
12-3	703-707	over	
12-4	708-720	tümörlerinin	
12-5	721-722	%	
12-6	722-726	26,8	
12-7	726-727	'	
12-8	727-730	ini	
12-9	731-740	oluşturur	
12-10	740-741	.	

#Text=Genç yaşta özellikle 10-30 yaş arasında görülür.
13-1	742-746	Genç	
13-2	747-752	yaşta	
13-3	753-762	özellikle	
13-4	763-765	10	
13-5	765-766	-	
13-6	766-768	30	
13-7	769-772	yaş	
13-8	773-781	arasında	
13-9	782-789	görülür	
13-10	789-790	.	

#Text=%85'i tek taraflıdır.
14-1	791-792	%	
14-2	792-794	85	
14-3	794-795	'	
14-4	795-796	i	
14-5	797-800	tek	
14-6	801-811	taraflıdır	
14-7	811-812	.	

#Text=Genç yaş bayanlarda görülmesi nedeniyle fertilitenin korunması önemlidir.
15-1	813-817	Genç	
15-2	818-821	yaş	
15-3	822-832	bayanlarda	
15-4	833-842	görülmesi	
15-5	843-852	nedeniyle	
15-6	853-865	fertilitenin	
15-7	866-875	korunması	
15-8	876-885	önemlidir	
15-9	885-886	.	

#Text=Germ hücrelerinin anormal çoğalmasıyla oluşur.
16-1	887-891	Germ	
16-2	892-904	hücrelerinin	
16-3	905-912	anormal	
16-4	913-925	çoğalmasıyla	
16-5	926-932	oluşur	
16-6	932-933	.	

#Text=Tümör kitlesi geniş çaplara ulaşabilir.
17-1	934-939	Tümör	
17-2	940-947	kitlesi	
17-3	948-953	geniş	
17-4	954-961	çaplara	
17-5	962-972	ulaşabilir	
17-6	972-973	.	

#Text=Fibröz septalarla birbirinden ayrılan kistik kirli sarı renkte kitlelerdir.
18-1	974-980	Fibröz	
18-2	981-991	septalarla	
18-3	992-1003	birbirinden	
18-4	1004-1011	ayrılan	
18-5	1012-1018	kistik	
18-6	1019-1024	kirli	
18-7	1025-1029	sarı	
18-8	1030-1036	renkte	
18-9	1037-1048	kitlelerdir	
18-10	1048-1049	.	

#Text=Karında oluşan büyük kitleye bağlı olarak batında distansiyon ve karın ağrısı oluşabilir.
19-1	1050-1057	Karında	
19-2	1058-1064	oluşan	
19-3	1065-1070	büyük	
19-4	1071-1078	kitleye	
19-5	1079-1084	bağlı	
19-6	1085-1091	olarak	
19-7	1092-1099	batında	
19-8	1100-1111	distansiyon	
19-9	1112-1114	ve	
19-10	1115-1120	karın	
19-11	1121-1127	ağrısı	
19-12	1128-1138	oluşabilir	
19-13	1138-1139	.	

#Text=Metastaz yapması sonucu yaşamı tehdit eden karaciğer patolojileri saptanabilir.
20-1	1140-1148	Metastaz	
20-2	1149-1156	yapması	
20-3	1157-1163	sonucu	
20-4	1164-1170	yaşamı	
20-5	1171-1177	tehdit	
20-6	1178-1182	eden	
20-7	1183-1192	karaciğer	
20-8	1193-1205	patolojileri	
20-9	1206-1218	saptanabilir	
20-10	1218-1219	.	

#Text=Genelde lenfatik yolla metastaz yapar, kan yoluyla metastazı nadirdir ve peritoneal yayılımda yapabilir.
21-1	1220-1227	Genelde	
21-2	1228-1236	lenfatik	
21-3	1237-1242	yolla	
21-4	1243-1251	metastaz	
21-5	1252-1257	yapar	
21-6	1257-1258	,	
21-7	1259-1262	kan	
21-8	1263-1270	yoluyla	
21-9	1271-1280	metastazı	
21-10	1281-1289	nadirdir	
21-11	1290-1292	ve	
21-12	1293-1303	peritoneal	
21-13	1304-1313	yayılımda	
21-14	1314-1323	yapabilir	
21-15	1323-1324	.	

#Text=Tanı anında %25 metastaz saptanır.
22-1	1325-1329	Tanı	
22-2	1330-1336	anında	
22-3	1337-1338	%	
22-4	1338-1340	25	
22-5	1341-1349	metastaz	
22-6	1350-1358	saptanır	
22-7	1358-1359	.	

#Text=USG kullanımının yaygınlaşması tanı konulan olgu sayısını artırmış tedavinin planlanması ve takibinde yardımcı olmuştur.
23-1	1360-1363	USG	
23-2	1364-1376	kullanımının	
23-3	1377-1390	yaygınlaşması	
23-4	1391-1395	tanı	
23-5	1396-1403	konulan	
23-6	1404-1408	olgu	
23-7	1409-1417	sayısını	
23-8	1418-1426	artırmış	
23-9	1427-1436	tedavinin	
23-10	1437-1448	planlanması	
23-11	1449-1451	ve	
23-12	1452-1461	takibinde	
23-13	1462-1470	yardımcı	
23-14	1471-1479	olmuştur	
23-15	1479-1480	.	

#Text=Disgerminomlar genellikle hormon salgılamazlar ama bazı olgularda Beta-HCG sentezlenir.
24-1	1481-1495	Disgerminomlar	
24-2	1496-1506	genellikle	
24-3	1507-1513	hormon	
24-4	1514-1527	salgılamazlar	
24-5	1528-1531	ama	
24-6	1532-1536	bazı	
24-7	1537-1546	olgularda	
24-8	1547-1555	Beta-HCG	
24-9	1556-1567	sentezlenir	
24-10	1567-1568	.	

#Text=Alfa fetoprotein yüksekliği saptanması disgerminomun başka bir tümörle birlikte olduğunu düşündürmektedir.
25-1	1569-1573	Alfa	
25-2	1574-1585	fetoprotein	
25-3	1586-1596	yüksekliği	
25-4	1597-1607	saptanması	
25-5	1608-1621	disgerminomun	
25-6	1622-1627	başka	
25-7	1628-1631	bir	
25-8	1632-1639	tümörle	
25-9	1640-1648	birlikte	
25-10	1649-1657	olduğunu	
25-11	1658-1674	düşündürmektedir	
25-12	1674-1675	.	

#Text=CA-125 yüksekliği saptanabilir ama tanı için nonspesifiktir.
26-1	1676-1678	CA	
26-2	1678-1679	-	
26-3	1679-1682	125	
26-4	1683-1693	yüksekliği	
26-5	1694-1706	saptanabilir	
26-6	1707-1710	ama	
26-7	1711-1715	tanı	
26-8	1716-1720	için	
26-9	1721-1735	nonspesifiktir	
26-10	1735-1736	.	

#Text=Tedavi esas olarak cerrahidir.
27-1	1737-1743	Tedavi	
27-2	1744-1748	esas	
27-3	1749-1755	olarak	
27-4	1756-1766	cerrahidir	
27-5	1766-1767	.	

#Text=Evreleme içinde cerrahi gereklidir.
28-1	1768-1776	Evreleme	
28-2	1777-1783	içinde	
28-3	1784-1791	cerrahi	
28-4	1792-1802	gereklidir	
28-5	1802-1803	.	

#Text=Tamamı çıkarılan metastaz olmayan malign tümörlerde başka tedaviye gerek yoktur.
29-1	1804-1810	Tamamı	
29-2	1811-1820	çıkarılan	
29-3	1821-1829	metastaz	
29-4	1830-1837	olmayan	
29-5	1838-1844	malign	
29-6	1845-1855	tümörlerde	
29-7	1856-1861	başka	
29-8	1862-1870	tedaviye	
29-9	1871-1876	gerek	
29-10	1877-1883	yoktur	
29-11	1883-1884	.	

#Text=Tamamı çıkarılamayan ve metastaz yapan tümörlerde cerrahiye ilave sisplatinli kemoterapi rejimleri ile genellikle kür sağlanır.
30-1	1885-1891	Tamamı	
30-2	1892-1905	çıkarılamayan	
30-3	1906-1908	ve	
30-4	1909-1917	metastaz	
30-5	1918-1923	yapan	
30-6	1924-1934	tümörlerde	
30-7	1935-1944	cerrahiye	
30-8	1945-1950	ilave	
30-9	1951-1962	sisplatinli	
30-10	1963-1973	kemoterapi	
30-11	1974-1983	rejimleri	
30-12	1984-1987	ile	
30-13	1988-1998	genellikle	
30-14	1999-2002	kür	
30-15	2003-2011	sağlanır	
30-16	2011-2012	.	

#Text=İÇERİK
31-1	2013-2019	İÇERİK	

#Text=1:
32-1	2020-2021	1	
32-2	2021-2022	:	

#Text=14 yaşında kız hasta şiddetli karın ağrısı, kabızlık ve karında kitle nedeniyle başvurdu.
33-1	2023-2025	14	
33-2	2026-2033	yaşında	
33-3	2034-2037	kız	
33-4	2038-2043	hasta	
33-5	2044-2052	şiddetli	
33-6	2053-2058	karın	
33-7	2059-2065	ağrısı	
33-8	2065-2066	,	
33-9	2067-2075	kabızlık	
33-10	2076-2078	ve	
33-11	2079-2086	karında	
33-12	2087-2092	kitle	
33-13	2093-2102	nedeniyle	
33-14	2103-2111	başvurdu	
33-15	2111-2112	.	

#Text=Özgeçmiş ve soygeçmişinde özellik yoktu.
34-1	2113-2121	Özgeçmiş	
34-2	2122-2124	ve	
34-3	2125-2138	soygeçmişinde	
34-4	2139-2146	özellik	
34-5	2147-2152	yoktu	
34-6	2152-2153	.	

#Text=Yapılan batın ultrasonografi (USG) de 13x8 cm boyutlarında kitle mevcuttu.
35-1	2154-2161	Yapılan	
35-2	2162-2167	batın	
35-3	2168-2182	ultrasonografi	
35-4	2183-2184	(	
35-5	2184-2187	USG	
35-6	2187-2188	)	
35-7	2189-2191	de	
35-8	2192-2196	13x8	
35-9	2197-2199	cm	
35-10	2200-2212	boyutlarında	
35-11	2213-2218	kitle	
35-12	2219-2227	mevcuttu	
35-13	2227-2228	.	

#Text=Çekilen kontrastlı batın tomografisi; “batın içi solid organlarda ve ana vasküler yapılarda deplasmana neden olan dev boyutda düzgün sınırlı hipodens heterojen kitle izlenmiştir (Resim 1a, Resim 1b).
36-1	2229-2236	Çekilen	
36-2	2237-2247	kontrastlı	
36-3	2248-2253	batın	
36-4	2254-2265	tomografisi	
36-5	2265-2266	;	
36-6	2267-2268	“	
36-7	2268-2273	batın	
36-8	2274-2277	içi	
36-9	2278-2283	solid	
36-10	2284-2294	organlarda	
36-11	2295-2297	ve	
36-12	2298-2301	ana	
36-13	2302-2310	vasküler	
36-14	2311-2320	yapılarda	
36-15	2321-2331	deplasmana	
36-16	2332-2337	neden	
36-17	2338-2342	olan	
36-18	2343-2346	dev	
36-19	2347-2354	boyutda	
36-20	2355-2361	düzgün	
36-21	2362-2369	sınırlı	
36-22	2370-2378	hipodens	
36-23	2379-2388	heterojen	
36-24	2389-2394	kitle	
36-25	2395-2406	izlenmiştir	
36-26	2407-2408	(	
36-27	2408-2413	Resim	
36-28	2414-2416	1a	
36-29	2416-2417	,	
36-30	2418-2423	Resim	
36-31	2424-2426	1b	
36-32	2426-2427	)	
36-33	2427-2428	.	

#Text=Kitlenin sağ overle sınır ayrımı yapılamamıştır.
37-1	2429-2437	Kitlenin	
37-2	2438-2441	sağ	
37-3	2442-2448	overle	
37-4	2449-2454	sınır	
37-5	2455-2461	ayrımı	
37-6	2462-2476	yapılamamıştır	
37-7	2476-2477	.	

#Text=Overyan kitle? Eşlik eden torsiyon?” şeklinde idi.
38-1	2478-2485	Overyan	
38-2	2486-2491	kitle	
38-3	2491-2492	?	
38-4	2493-2498	Eşlik	
38-5	2499-2503	eden	
38-6	2504-2512	torsiyon	
38-7	2512-2513	?	
38-8	2513-2514	”	
38-9	2515-2523	şeklinde	
38-10	2524-2527	idi	
38-11	2527-2528	.	

#Text=Hastanın beta-HCG: 47,7 mlu/ml(0-5) AFP: 0,457ng/ml (0,5-5,5) olarak geldi.
39-1	2529-2537	Hastanın	
39-2	2538-2546	beta-HCG	
39-3	2546-2547	:	
39-4	2548-2552	47,7	
39-5	2553-2556	mlu	
39-6	2556-2557	/	
39-7	2557-2559	ml	
39-8	2559-2560	(	
39-9	2560-2561	0	
39-10	2561-2562	-	
39-11	2562-2563	5	
39-12	2563-2564	)	
39-13	2565-2568	AFP	
39-14	2568-2569	:	
39-15	2570-2577	0,457ng	
39-16	2577-2578	/	
39-17	2578-2580	ml	
39-18	2581-2582	(	
39-19	2582-2585	0,5	
39-20	2585-2586	-	
39-21	2586-2589	5,5	
39-22	2589-2590	)	
39-23	2591-2597	olarak	
39-24	2598-2603	geldi	
39-25	2603-2604	.	

#Text=Çocuk cerrahisi tarafından opere edildi.
40-1	2605-2610	Çocuk	
40-2	2611-2620	cerrahisi	
40-3	2621-2631	tarafından	
40-4	2632-2637	opere	
40-5	2638-2644	edildi	
40-6	2644-2645	.	

#Text=Sol overden kaynaklanan karaciğere kadar uzanan düzgün ve lobule konturlu üst kısımdan omentuma yapışmış olan kitle sol salpingo-ooferektomi ile çıkarıldı (Şekil 2a, Şekil 2b).
41-1	2646-2649	Sol	
41-2	2650-2657	overden	
41-3	2658-2669	kaynaklanan	
41-4	2670-2680	karaciğere	
41-5	2681-2686	kadar	
41-6	2687-2693	uzanan	
41-7	2694-2700	düzgün	
41-8	2701-2703	ve	
41-9	2704-2710	lobule	
41-10	2711-2719	konturlu	
41-11	2720-2723	üst	
41-12	2724-2732	kısımdan	
41-13	2733-2741	omentuma	
41-14	2742-2750	yapışmış	
41-15	2751-2755	olan	
41-16	2756-2761	kitle	
41-17	2762-2765	sol	
41-18	2766-2786	salpingo-ooferektomi	
41-19	2787-2790	ile	
41-20	2791-2800	çıkarıldı	
41-21	2801-2802	(	
41-22	2802-2807	Şekil	
41-23	2808-2810	2a	
41-24	2810-2811	,	
41-25	2812-2817	Şekil	
41-26	2818-2820	2b	
41-27	2820-2821	)	
41-28	2821-2822	.	

#Text=Sağ overden biyopsi alındı.
42-1	2823-2826	Sağ	
42-2	2827-2834	overden	
42-3	2835-2842	biyopsi	
42-4	2843-2849	alındı	
42-5	2849-2850	.	

#Text=Patoloji raporunda 25 cm uzun çapta disgerminom over kapsülü intakt, invazyon negatif şeklinde geldi.
43-1	2851-2859	Patoloji	
43-2	2860-2869	raporunda	
43-3	2870-2872	25	
43-4	2873-2875	cm	
43-5	2876-2880	uzun	
43-6	2881-2886	çapta	
43-7	2887-2898	disgerminom	
43-8	2899-2903	over	
43-9	2904-2911	kapsülü	
43-10	2912-2918	intakt	
43-11	2918-2919	,	
43-12	2920-2928	invazyon	
43-13	2929-2936	negatif	
43-14	2937-2945	şeklinde	
43-15	2946-2951	geldi	
43-16	2951-2952	.	

#Text=Hastaya BEP (Bleomisin, Etoposid, Sisplatin) kemoterapi protokolü üç haftada bir 4 kür şeklinde kemoterapi verildi.
44-1	2953-2960	Hastaya	
44-2	2961-2964	BEP	
44-3	2965-2966	(	
44-4	2966-2975	Bleomisin	
44-5	2975-2976	,	
44-6	2977-2985	Etoposid	
44-7	2985-2986	,	
44-8	2987-2996	Sisplatin	
44-9	2996-2997	)	
44-10	2998-3008	kemoterapi	
44-11	3009-3018	protokolü	
44-12	3019-3021	üç	
44-13	3022-3029	haftada	
44-14	3030-3033	bir	
44-15	3034-3035	4	
44-16	3036-3039	kür	
44-17	3040-3048	şeklinde	
44-18	3049-3059	kemoterapi	
44-19	3060-3067	verildi	
44-20	3067-3068	.	

#Text=2:
45-1	3069-3070	2	
45-2	3070-3071	:	

#Text=14 yaşında kız hasta 6 aydır büyümekte olan karında şişlik şikayetiyle başvurdu.
46-1	3072-3074	14	
46-2	3075-3082	yaşında	
46-3	3083-3086	kız	
46-4	3087-3092	hasta	
46-5	3093-3094	6	
46-6	3095-3100	aydır	
46-7	3101-3110	büyümekte	
46-8	3111-3115	olan	
46-9	3116-3123	karında	
46-10	3124-3130	şişlik	
46-11	3131-3142	şikayetiyle	
46-12	3143-3151	başvurdu	
46-13	3151-3152	.	

#Text=Hastanın özgeçmişte özellik yoktu.
47-1	3153-3161	Hastanın	
47-2	3162-3172	özgeçmişte	
47-3	3173-3180	özellik	
47-4	3181-3186	yoktu	
47-5	3186-3187	.	

#Text=Soy geçmişte 2,5 yaşında lösemi nedeniyle eks kız kardeş öyküsü mevcuttu.
48-1	3188-3191	Soy	
48-2	3192-3200	geçmişte	
48-3	3201-3204	2,5	
48-4	3205-3212	yaşında	
48-5	3213-3219	lösemi	
48-6	3220-3229	nedeniyle	
48-7	3230-3233	eks	
48-8	3234-3237	kız	
48-9	3238-3244	kardeş	
48-10	3245-3251	öyküsü	
48-11	3252-3260	mevcuttu	
48-12	3260-3261	.	

#Text=Yapılan USG’ de sağ over lojundan başlayıp umblikusa doğru uzanan 16x7 mm boyutlarında heterojen hipoekoik solid lezyon izleniştir.
49-1	3262-3269	Yapılan	
49-2	3270-3273	USG	
49-3	3273-3274	’	
49-4	3275-3277	de	
49-5	3278-3281	sağ	
49-6	3282-3286	over	
49-7	3287-3295	lojundan	
49-8	3296-3304	başlayıp	
49-9	3305-3314	umblikusa	
49-10	3315-3320	doğru	
49-11	3321-3327	uzanan	
49-12	3328-3332	16x7	
49-13	3333-3335	mm	
49-14	3336-3348	boyutlarında	
49-15	3349-3358	heterojen	
49-16	3359-3368	hipoekoik	
49-17	3369-3374	solid	
49-18	3375-3381	lezyon	
49-19	3382-3392	izleniştir	
49-20	3392-3393	.	

#Text=Sağ over ayrı bir yapı olarak değerlendirilememiştir.
50-1	3394-3397	Sağ	
50-2	3398-3402	over	
50-3	3403-3407	ayrı	
50-4	3408-3411	bir	
50-5	3412-3416	yapı	
50-6	3417-3423	olarak	
50-7	3424-3446	değerlendirilememiştir	
50-8	3446-3447	.	

#Text=Hastanın LDH: 2132 u/l beta-HCG: 28 mlu/ml AFP: 0.9 ng/ml olarak geldi.
51-1	3448-3456	Hastanın	
51-2	3457-3460	LDH	
51-3	3460-3461	:	
51-4	3462-3466	2132	
51-5	3467-3468	u	
51-6	3468-3469	/	
51-7	3469-3470	l	
51-8	3471-3479	beta-HCG	
51-9	3479-3480	:	
51-10	3481-3483	28	
51-11	3484-3487	mlu	
51-12	3487-3488	/	
51-13	3488-3490	ml	
51-14	3491-3494	AFP	
51-15	3494-3495	:	
51-16	3496-3499	0.9	
51-17	3500-3502	ng	
51-18	3502-3503	/	
51-19	3503-3505	ml	
51-20	3506-3512	olarak	
51-21	3513-3518	geldi	
51-22	3518-3519	.	

#Text=Hasta çocuk cerrrahisi tarafından opere edildi.
52-1	3520-3525	Hasta	
52-2	3526-3531	çocuk	
52-3	3532-3542	cerrrahisi	
52-4	3543-3553	tarafından	
52-5	3554-3559	opere	
52-6	3560-3566	edildi	
52-7	3566-3567	.	

#Text=Sağ overden kaynaklı sert düzgün kapsüllü lobüle vasküler kitle sağ salpingo-ooferektomi ile çıkarıldı (Resim 3a ve 3b).
53-1	3568-3571	Sağ	
53-2	3572-3579	overden	
53-3	3580-3588	kaynaklı	
53-4	3589-3593	sert	
53-5	3594-3600	düzgün	
53-6	3601-3609	kapsüllü	
53-7	3610-3616	lobüle	
53-8	3617-3625	vasküler	
53-9	3626-3631	kitle	
53-10	3632-3635	sağ	
53-11	3636-3656	salpingo-ooferektomi	
53-12	3657-3660	ile	
53-13	3661-3670	çıkarıldı	
53-14	3671-3672	(	
53-15	3672-3677	Resim	
53-16	3678-3680	3a	
53-17	3681-3683	ve	
53-18	3684-3686	3b	
53-19	3686-3687	)	
53-20	3687-3688	.	

#Text=Sol overden biyopsi alınmadı.
54-1	3689-3692	Sol	
54-2	3693-3700	overden	
54-3	3701-3708	biyopsi	
54-4	3709-3717	alınmadı	
54-5	3717-3718	.	

#Text=Patoloji raporunda 780 gr ağırlığında 18x13x8 cm boyutunda ince fibröz kapsülle çevrili disgerminom olarak geldi.
55-1	3719-3727	Patoloji	
55-2	3728-3737	raporunda	
55-3	3738-3741	780	
55-4	3742-3744	gr	
55-5	3745-3756	ağırlığında	
55-6	3757-3764	18x13x8	
55-7	3765-3767	cm	
55-8	3768-3777	boyutunda	
55-9	3778-3782	ince	
55-10	3783-3789	fibröz	
55-11	3790-3798	kapsülle	
55-12	3799-3806	çevrili	
55-13	3807-3818	disgerminom	
55-14	3819-3825	olarak	
55-15	3826-3831	geldi	
55-16	3831-3832	.	

#Text=Lenvovasküler, perinöral invazyon izlenmedi.
56-1	3833-3846	Lenvovasküler	
56-2	3846-3847	,	
56-3	3848-3857	perinöral	
56-4	3858-3866	invazyon	
56-5	3867-3876	izlenmedi	
56-6	3876-3877	.	

#Text=Hasta evre 1A disgerminom olarak kabul edildi.
57-1	3878-3883	Hasta	
57-2	3884-3888	evre	
57-3	3889-3891	1A	
57-4	3892-3903	disgerminom	
57-5	3904-3910	olarak	
57-6	3911-3916	kabul	
57-7	3917-3923	edildi	
57-8	3923-3924	.	

#Text=Hastaya BEP kemoterapi protokolü 4 kür olarak planlandı.
58-1	3925-3932	Hastaya	
58-2	3933-3936	BEP	
58-3	3937-3947	kemoterapi	
58-4	3948-3957	protokolü	
58-5	3958-3959	4	
58-6	3960-3963	kür	
58-7	3964-3970	olarak	
58-8	3971-3980	planlandı	
58-9	3980-3981	.	

#Text=3:
59-1	3982-3983	3	
59-2	3983-3984	:	

#Text=14 yaşında kız hasta karında kitle şikayetiyle başvurdu.
60-1	3986-3988	14	
60-2	3989-3996	yaşında	
60-3	3997-4000	kız	
60-4	4001-4006	hasta	
60-5	4007-4014	karında	
60-6	4015-4020	kitle	
60-7	4021-4032	şikayetiyle	
60-8	4033-4041	başvurdu	
60-9	4041-4042	.	

#Text=Özgeçmiş ve soygeçmişte özellik yoktu.
61-1	4043-4051	Özgeçmiş	
61-2	4052-4054	ve	
61-3	4055-4066	soygeçmişte	
61-4	4067-4074	özellik	
61-5	4075-4080	yoktu	
61-6	4080-4081	.	

#Text=Yapılan MR da batın alt kadranda gerçek pelvis sol yarısını doldurarak pelvis girişine dek devam eden, boyutları 11.5x8.5x11 cm ölçülen, T1A da genel olarak çizgili kaslara göre hafif hipotens, T2A da hiperintes özellikte, içerisinde Y2A da nekrozu düşündüren sıvı içerikli alanlar seçilen, solid görünümde, iyi sınırlı, İVKM enjeksiyon sonrası septa benzeri yapıların seçildiği,diffüz kontrastlanan, yumuşak doku özelliğinde kitlesel lezyon izlenmiştir.
62-1	4082-4089	Yapılan	
62-2	4090-4092	MR	
62-3	4093-4095	da	
62-4	4096-4101	batın	
62-5	4102-4105	alt	
62-6	4106-4114	kadranda	
62-7	4115-4121	gerçek	
62-8	4122-4128	pelvis	
62-9	4129-4132	sol	
62-10	4133-4141	yarısını	
62-11	4142-4152	doldurarak	
62-12	4153-4159	pelvis	
62-13	4160-4168	girişine	
62-14	4169-4172	dek	
62-15	4173-4178	devam	
62-16	4179-4183	eden	
62-17	4183-4184	,	
62-18	4185-4194	boyutları	
62-19	4195-4206	11.5x8.5x11	
62-20	4207-4209	cm	
62-21	4210-4217	ölçülen	
62-22	4217-4218	,	
62-23	4219-4222	T1A	
62-24	4223-4225	da	
62-25	4226-4231	genel	
62-26	4232-4238	olarak	
62-27	4239-4246	çizgili	
62-28	4247-4254	kaslara	
62-29	4255-4259	göre	
62-30	4260-4265	hafif	
62-31	4266-4274	hipotens	
62-32	4274-4275	,	
62-33	4276-4279	T2A	
62-34	4280-4282	da	
62-35	4283-4293	hiperintes	
62-36	4294-4303	özellikte	
62-37	4303-4304	,	
62-38	4305-4315	içerisinde	
62-39	4316-4319	Y2A	
62-40	4320-4322	da	
62-41	4323-4330	nekrozu	
62-42	4331-4341	düşündüren	
62-43	4342-4346	sıvı	
62-44	4347-4355	içerikli	
62-45	4356-4363	alanlar	
62-46	4364-4371	seçilen	
62-47	4371-4372	,	
62-48	4373-4378	solid	
62-49	4379-4388	görünümde	
62-50	4388-4389	,	
62-51	4390-4393	iyi	
62-52	4394-4401	sınırlı	
62-53	4401-4402	,	
62-54	4403-4407	İVKM	
62-55	4408-4418	enjeksiyon	
62-56	4419-4426	sonrası	
62-57	4427-4432	septa	
62-58	4433-4440	benzeri	
62-59	4441-4450	yapıların	
62-60	4451-4460	seçildiği	
62-61	4460-4461	,	
62-62	4461-4467	diffüz	
62-63	4468-4481	kontrastlanan	
62-64	4481-4482	,	
62-65	4483-4490	yumuşak	
62-66	4491-4495	doku	
62-67	4496-4507	özelliğinde	
62-68	4508-4516	kitlesel	
62-69	4517-4523	lezyon	
62-70	4524-4535	izlenmiştir	
62-71	4535-4536	.	

#Text=Lezyonun periferinde milimetrik birkaç adet kistik yapı izlenmiş olup sağ overe ait olarak değerlendirilmiştir.
63-1	4537-4545	Lezyonun	
63-2	4546-4557	periferinde	
63-3	4558-4568	milimetrik	
63-4	4569-4575	birkaç	
63-5	4576-4580	adet	
63-6	4581-4587	kistik	
63-7	4588-4592	yapı	
63-8	4593-4601	izlenmiş	
63-9	4602-4606	olup	
63-10	4607-4610	sağ	
63-11	4611-4616	overe	
63-12	4617-4620	ait	
63-13	4621-4627	olarak	
63-14	4628-4647	değerlendirilmiştir	
63-15	4647-4648	.	

#Text=Sağ over ayrı bir yapı olarak izlenememiştir.
64-1	4649-4652	Sağ	
64-2	4653-4657	over	
64-3	4658-4662	ayrı	
64-4	4663-4666	bir	
64-5	4667-4671	yapı	
64-6	4672-4678	olarak	
64-7	4679-4693	izlenememiştir	
64-8	4693-4694	.	

#Text=Hastanın beta-HCG: 21.8 mlu/ml AFP: 0,9 ng/ml olarak geldi.
65-1	4695-4703	Hastanın	
65-2	4704-4712	beta-HCG	
65-3	4712-4713	:	
65-4	4714-4718	21.8	
65-5	4719-4722	mlu	
65-6	4722-4723	/	
65-7	4723-4725	ml	
65-8	4726-4729	AFP	
65-9	4729-4730	:	
65-10	4731-4734	0,9	
65-11	4735-4737	ng	
65-12	4737-4738	/	
65-13	4738-4740	ml	
65-14	4741-4747	olarak	
65-15	4748-4753	geldi	
65-16	4753-4754	.	

#Text=Hasta çocuk cerrahi tarafından opere edildi.
66-1	4755-4760	Hasta	
66-2	4761-4766	çocuk	
66-3	4767-4774	cerrahi	
66-4	4775-4785	tarafından	
66-5	4786-4791	opere	
66-6	4792-4798	edildi	
66-7	4798-4799	.	

#Text=Sağ salpingo-ooferektomi yapıldı.
67-1	4800-4803	Sağ	
67-2	4804-4824	salpingo-ooferektomi	
67-3	4825-4832	yapıldı	
67-4	4832-4833	.	

#Text=Komşu paraaortik lenf nodu, periton ve komşu overden örnek alındı.
68-1	4834-4839	Komşu	
68-2	4840-4850	paraaortik	
68-3	4851-4855	lenf	
68-4	4856-4860	nodu	
68-5	4860-4861	,	
68-6	4862-4869	periton	
68-7	4870-4872	ve	
68-8	4873-4878	komşu	
68-9	4879-4886	overden	
68-10	4887-4892	örnek	
68-11	4893-4899	alındı	
68-12	4899-4900	.	

#Text=Patoloji 15*11*7 cm boyutlarında düzgün yüzeyli, solid, homojen, kırmızı beyaz renkli disgerminom olarak geldi.
69-1	4901-4909	Patoloji	
69-2	4910-4912	15	
69-3	4912-4913	*	
69-4	4913-4915	11	
69-5	4915-4916	*	
69-6	4916-4917	7	
69-7	4918-4920	cm	
69-8	4921-4933	boyutlarında	
69-9	4934-4940	düzgün	
69-10	4941-4948	yüzeyli	
69-11	4948-4949	,	
69-12	4950-4955	solid	
69-13	4955-4956	,	
69-14	4957-4964	homojen	
69-15	4964-4965	,	
69-16	4966-4973	kırmızı	
69-17	4974-4979	beyaz	
69-18	4980-4986	renkli	
69-19	4987-4998	disgerminom	
69-20	4999-5005	olarak	
69-21	5006-5011	geldi	
69-22	5011-5012	.	

#Text=Hasta Evre 1A disgerminom olarak kabul edildi.
70-1	5013-5018	Hasta	
70-2	5019-5023	Evre	
70-3	5024-5026	1A	
70-4	5027-5038	disgerminom	
70-5	5039-5045	olarak	
70-6	5046-5051	kabul	
70-7	5052-5058	edildi	
70-8	5058-5059	.	

#Text=Hastaya kemoterapi verilmedi.
71-1	5060-5067	Hastaya	
71-2	5068-5078	kemoterapi	
71-3	5079-5088	verilmedi	
71-4	5088-5089	.	

#Text=Hastanın 19 aylık postop izleminde nüks gözlenmedi.
72-1	5090-5098	Hastanın	
72-2	5099-5101	19	
72-3	5102-5107	aylık	
72-4	5108-5114	postop	
72-5	5115-5124	izleminde	
72-6	5125-5129	nüks	
72-7	5130-5140	gözlenmedi	
72-8	5140-5141	.	

#Text=Çocukluk ve adölesan yaş gruplarında jinekolojik tümörlerden en sık over tümörleri, overin en sık malign tümörü de disgerminomlardır.
73-1	5142-5150	Çocukluk	
73-2	5151-5153	ve	
73-3	5154-5162	adölesan	
73-4	5163-5166	yaş	
73-5	5167-5178	gruplarında	
73-6	5179-5190	jinekolojik	
73-7	5191-5202	tümörlerden	
73-8	5203-5205	en	
73-9	5206-5209	sık	
73-10	5210-5214	over	
73-11	5215-5224	tümörleri	
73-12	5224-5225	,	
73-13	5226-5232	overin	
73-14	5233-5235	en	
73-15	5236-5239	sık	
73-16	5240-5246	malign	
73-17	5247-5253	tümörü	
73-18	5254-5256	de	
73-19	5257-5274	disgerminomlardır	
73-20	5274-5275	.	

#Text=Over tümörleri postmenopozal dönemde daha sık görülmekle birlikte reprodüktif dönemde de görülme ihtimali vardır.
74-1	5276-5280	Over	
74-2	5281-5290	tümörleri	
74-3	5291-5304	postmenopozal	
74-4	5305-5312	dönemde	
74-5	5313-5317	daha	
74-6	5318-5321	sık	
74-7	5322-5332	görülmekle	
74-8	5333-5341	birlikte	
74-9	5342-5353	reprodüktif	
74-10	5354-5361	dönemde	
74-11	5362-5364	de	
74-12	5365-5372	görülme	
74-13	5373-5381	ihtimali	
74-14	5382-5388	vardır	
74-15	5388-5389	.	

#Text=Fertilite korunmaya çalışılırken yapılacak tedavinin kanser tedavisi olduğu unutulmamalı ve fertilitenin korunma çabası tedaviden öncelikli olmamalıdır.
75-1	5390-5399	Fertilite	
75-2	5400-5409	korunmaya	
75-3	5410-5422	çalışılırken	
75-4	5423-5432	yapılacak	
75-5	5433-5442	tedavinin	
75-6	5443-5449	kanser	
75-7	5450-5458	tedavisi	
75-8	5459-5465	olduğu	
75-9	5466-5478	unutulmamalı	
75-10	5479-5481	ve	
75-11	5482-5494	fertilitenin	
75-12	5495-5502	korunma	
75-13	5503-5509	çabası	
75-14	5510-5519	tedaviden	
75-15	5520-5529	öncelikli	
75-16	5530-5541	olmamalıdır	
75-17	5541-5542	.	

#Text=Fertiliteyi koruyacak yaklaşımlar reşit olmayan hastalarda, hasta ve hasta yakınları ayrıntılı şekilde bilgilendirilmelidir.
76-1	5543-5554	Fertiliteyi	
76-2	5555-5564	koruyacak	
76-3	5565-5576	yaklaşımlar	
76-4	5577-5582	reşit	
76-5	5583-5590	olmayan	
76-6	5591-5601	hastalarda	
76-7	5601-5602	,	
76-8	5603-5608	hasta	
76-9	5609-5611	ve	
76-10	5612-5617	hasta	
76-11	5618-5627	yakınları	
76-12	5628-5637	ayrıntılı	
76-13	5638-5645	şekilde	
76-14	5646-5666	bilgilendirilmelidir	
76-15	5666-5667	.	

#Text=Malign ovaryan germ hücre tümörleri (MOGCT), over tümörlerinin yaklaşık % 5’i oranında görülmektedir.
77-1	5668-5674	Malign	
77-2	5675-5682	ovaryan	
77-3	5683-5687	germ	
77-4	5688-5693	hücre	
77-5	5694-5703	tümörleri	
77-6	5704-5705	(	
77-7	5705-5710	MOGCT	
77-8	5710-5711	)	
77-9	5711-5712	,	
77-10	5713-5717	over	
77-11	5718-5730	tümörlerinin	
77-12	5731-5739	yaklaşık	
77-13	5740-5741	%	
77-14	5742-5743	5	
77-15	5743-5744	’	
77-16	5744-5745	i	
77-17	5746-5754	oranında	
77-18	5755-5768	görülmektedir	
77-19	5768-5769	.	

#Text=Disgerminomların % 15 civarında iki taraflı görülebilme sıklığı hariç tutulursa çoğunluğu tek taraflıdır.
78-1	5770-5786	Disgerminomların	
78-2	5787-5788	%	
78-3	5789-5791	15	
78-4	5792-5801	civarında	
78-5	5802-5805	iki	
78-6	5806-5813	taraflı	
78-7	5814-5825	görülebilme	
78-8	5826-5833	sıklığı	
78-9	5834-5839	hariç	
78-10	5840-5849	tutulursa	
78-11	5850-5859	çoğunluğu	
78-12	5860-5863	tek	
78-13	5864-5874	taraflıdır	
78-14	5874-5875	.	

#Text=İleri evre hastalarda dahi tümör tek overde mevcutsa koruyucu cerrahi uygulanabilmektedir.
79-1	5876-5881	İleri	
79-2	5882-5886	evre	
79-3	5887-5897	hastalarda	
79-4	5898-5902	dahi	
79-5	5903-5908	tümör	
79-6	5909-5912	tek	
79-7	5913-5919	overde	
79-8	5920-5928	mevcutsa	
79-9	5929-5937	koruyucu	
79-10	5938-5945	cerrahi	
79-11	5946-5965	uygulanabilmektedir	
79-12	5965-5966	.	

#Text=Zanetta ve ark'ının serisinde 70 disgerminom, 24 miks tümör, 28 endodermal sinüs tümörü ve 47 immatür teratomu bulunduğu 169 MOGCT vakanın 138’ine konservatif cerrahi uygulanmış.
80-1	5967-5974	Zanetta	
80-2	5975-5977	ve	
80-3	5978-5986	ark'ının	
80-4	5987-5996	serisinde	
80-5	5997-5999	70	
80-6	6000-6011	disgerminom	
80-7	6011-6012	,	
80-8	6013-6015	24	
80-9	6016-6020	miks	
80-10	6021-6026	tümör	
80-11	6026-6027	,	
80-12	6028-6030	28	
80-13	6031-6041	endodermal	
80-14	6042-6047	sinüs	
80-15	6048-6054	tümörü	
80-16	6055-6057	ve	
80-17	6058-6060	47	
80-18	6061-6068	immatür	
80-19	6069-6077	teratomu	
80-20	6078-6087	bulunduğu	
80-21	6088-6091	169	
80-22	6092-6097	MOGCT	
80-23	6098-6105	vakanın	
80-24	6106-6109	138	
80-25	6109-6110	’	
80-26	6110-6113	ine	
80-27	6114-6125	konservatif	
80-28	6126-6133	cerrahi	
80-29	6134-6144	uygulanmış	
80-30	6144-6145	.	

#Text=138 vakanın 81’ine postoperatif kemoterapi verilmiştir.
81-1	6146-6149	138	
81-2	6150-6157	vakanın	
81-3	6158-6160	81	
81-4	6160-6161	’	
81-5	6161-6164	ine	
81-6	6165-6177	postoperatif	
81-7	6178-6188	kemoterapi	
81-8	6189-6200	verilmiştir	
81-9	6200-6201	.	

#Text=Postoperatif kemoterapi alan hastaların %80’inde, almayanların %100’ünde gebelik elde edilmiştir.
82-1	6202-6214	Postoperatif	
82-2	6215-6225	kemoterapi	
82-3	6226-6230	alan	
82-4	6231-6241	hastaların	
82-5	6242-6243	%	
82-6	6243-6245	80	
82-7	6245-6246	’	
82-8	6246-6250	inde	
82-9	6250-6251	,	
82-10	6252-6264	almayanların	
82-11	6265-6266	%	
82-12	6266-6269	100	
82-13	6269-6270	’	
82-14	6270-6274	ünde	
82-15	6275-6282	gebelik	
82-16	6283-6287	elde	
82-17	6288-6298	edilmiştir	
82-18	6298-6299	.	

#Text=Yang ve ark'ının çalışmasında 1990-2010 tarihleri arasında over germ hücreli tümörü olan hastaların retrospektif incelenmesinde ortalama 9,5 yaşında olan 137 hastanın %81,8’i karın ağrısı, %58,4’ü abdominal distansiyon şikayetiyle başvurmuştur.
83-1	6300-6304	Yang	
83-2	6305-6307	ve	
83-3	6308-6316	ark'ının	
83-4	6317-6329	çalışmasında	
83-5	6330-6334	1990	
83-6	6334-6335	-	
83-7	6335-6339	2010	
83-8	6340-6349	tarihleri	
83-9	6350-6358	arasında	
83-10	6359-6363	over	
83-11	6364-6368	germ	
83-12	6369-6376	hücreli	
83-13	6377-6383	tümörü	
83-14	6384-6388	olan	
83-15	6389-6399	hastaların	
83-16	6400-6412	retrospektif	
83-17	6413-6427	incelenmesinde	
83-18	6428-6436	ortalama	
83-19	6437-6440	9,5	
83-20	6441-6448	yaşında	
83-21	6449-6453	olan	
83-22	6454-6457	137	
83-23	6458-6466	hastanın	
83-24	6467-6468	%	
83-25	6468-6472	81,8	
83-26	6472-6473	’	
83-27	6473-6474	i	
83-28	6475-6480	karın	
83-29	6481-6487	ağrısı	
83-30	6487-6488	,	
83-31	6489-6490	%	
83-32	6490-6494	58,4	
83-33	6494-6495	’	
83-34	6495-6496	ü	
83-35	6497-6506	abdominal	
83-36	6507-6518	distansiyon	
83-37	6519-6530	şikayetiyle	
83-38	6531-6543	başvurmuştur	
83-39	6543-6544	.	

#Text=Tedaviyi bırakan 16 hasta ölmüş.
84-1	6545-6553	Tedaviyi	
84-2	6554-6561	bırakan	
84-3	6562-6564	16	
84-4	6565-6570	hasta	
84-5	6571-6576	ölmüş	
84-6	6576-6577	.	

#Text=Bunlar dışlandığında 5 yıllık sağ kalım %98,3 olarak tespit edilmiştir.
85-1	6578-6584	Bunlar	
85-2	6585-6598	dışlandığında	
85-3	6599-6600	5	
85-4	6601-6607	yıllık	
85-5	6608-6611	sağ	
85-6	6612-6617	kalım	
85-7	6618-6619	%	
85-8	6619-6623	98,3	
85-9	6624-6630	olarak	
85-10	6631-6637	tespit	
85-11	6638-6648	edilmiştir	
85-12	6648-6649	.	

#Text=Abdominal şikâyetleri olan olgulara batın USG yapılması tanıyı koymada faydalıdır.
86-1	6650-6659	Abdominal	
86-2	6660-6671	şikâyetleri	
86-3	6672-6676	olan	
86-4	6677-6685	olgulara	
86-5	6686-6691	batın	
86-6	6692-6695	USG	
86-7	6696-6705	yapılması	
86-8	6706-6712	tanıyı	
86-9	6713-6720	koymada	
86-10	6721-6731	faydalıdır	
86-11	6731-6732	.	

#Text=Bizim vakalarımızda karın ağrısı ve karında kitle şikâyetleri mevcuttu ve iki vakamızda da yapılan USG ile kitle tespit edildi.
87-1	6733-6738	Bizim	
87-2	6739-6752	vakalarımızda	
87-3	6753-6758	karın	
87-4	6759-6765	ağrısı	
87-5	6766-6768	ve	
87-6	6769-6776	karında	
87-7	6777-6782	kitle	
87-8	6783-6794	şikâyetleri	
87-9	6795-6803	mevcuttu	
87-10	6804-6806	ve	
87-11	6807-6810	iki	
87-12	6811-6820	vakamızda	
87-13	6821-6823	da	
87-14	6824-6831	yapılan	
87-15	6832-6835	USG	
87-16	6836-6839	ile	
87-17	6840-6845	kitle	
87-18	6846-6852	tespit	
87-19	6853-6859	edildi	
87-20	6859-6860	.	

#Text=Yapılan kontrastlı batın tomografide overyan kaynaklı bir kitleden şüphelenildi.
88-1	6861-6868	Yapılan	
88-2	6869-6879	kontrastlı	
88-3	6880-6885	batın	
88-4	6886-6897	tomografide	
88-5	6898-6905	overyan	
88-6	6906-6914	kaynaklı	
88-7	6915-6918	bir	
88-8	6919-6927	kitleden	
88-9	6928-6940	şüphelenildi	
88-10	6940-6941	.	

#Text=Üçüncü vakamızda da USG’ de patoloji net değerlendirilemedi.
89-1	6942-6948	Üçüncü	
89-2	6949-6958	vakamızda	
89-3	6959-6961	da	
89-4	6962-6965	USG	
89-5	6965-6966	’	
89-6	6967-6969	de	
89-7	6970-6978	patoloji	
89-8	6979-6982	net	
89-9	6983-7001	değerlendirilemedi	
89-10	7001-7002	.	

#Text=Kontrastlı batın BT ve kontrastlı MR’da overden kaynaklı kitle olarak değerlendirildi.
90-1	7003-7013	Kontrastlı	
90-2	7014-7019	batın	
90-3	7020-7022	BT	
90-4	7023-7025	ve	
90-5	7026-7036	kontrastlı	
90-6	7037-7039	MR	
90-7	7039-7040	’	
90-8	7040-7042	da	
90-9	7043-7050	overden	
90-10	7051-7059	kaynaklı	
90-11	7060-7065	kitle	
90-12	7066-7072	olarak	
90-13	7073-7088	değerlendirildi	
90-14	7088-7089	.	

#Text=Üç vakada da yapılan cerrahi sonrası dev boyutlarda over kaynaklı unilateral disgerminom tespit edildi.
91-1	7090-7092	Üç	
91-2	7093-7099	vakada	
91-3	7100-7102	da	
91-4	7103-7110	yapılan	
91-5	7111-7118	cerrahi	
91-6	7119-7126	sonrası	
91-7	7127-7130	dev	
91-8	7131-7141	boyutlarda	
91-9	7142-7146	over	
91-10	7147-7155	kaynaklı	
91-11	7156-7166	unilateral	
91-12	7167-7178	disgerminom	
91-13	7179-7185	tespit	
91-14	7186-7192	edildi	
91-15	7192-7193	.	

#Text=Disgerminomlar dev boyutlara ulaşabilen tümörler oluşturabilirler.
92-1	7194-7208	Disgerminomlar	
92-2	7209-7212	dev	
92-3	7213-7222	boyutlara	
92-4	7223-7233	ulaşabilen	
92-5	7234-7242	tümörler	
92-6	7243-7259	oluşturabilirler	
92-7	7259-7260	.	

#Text=Bizim vakalarımızda da uzun çapları 25 cm, 18 cm ve 15 cm olan kirli sarı renkte kitleler mevcuttu.
93-1	7261-7266	Bizim	
93-2	7267-7280	vakalarımızda	
93-3	7281-7283	da	
93-4	7284-7288	uzun	
93-5	7289-7296	çapları	
93-6	7297-7299	25	
93-7	7300-7302	cm	
93-8	7302-7303	,	
93-9	7304-7306	18	
93-10	7307-7309	cm	
93-11	7310-7312	ve	
93-12	7313-7315	15	
93-13	7316-7318	cm	
93-14	7319-7323	olan	
93-15	7324-7329	kirli	
93-16	7330-7334	sarı	
93-17	7335-7341	renkte	
93-18	7342-7350	kitleler	
93-19	7351-7359	mevcuttu	
93-20	7359-7360	.	

#Text=İki vakamızda cerrahi tedaviye ek olarak BEP kemoterapi protokolü uygulandı.
94-1	7361-7364	İki	
94-2	7365-7374	vakamızda	
94-3	7375-7382	cerrahi	
94-4	7383-7391	tedaviye	
94-5	7392-7394	ek	
94-6	7395-7401	olarak	
94-7	7402-7405	BEP	
94-8	7406-7416	kemoterapi	
94-9	7417-7426	protokolü	
94-10	7427-7436	uygulandı	
94-11	7436-7437	.	

#Text=Son vakamızda kitle tam olarak çıkartılmış ve metastaz da saptanmadığı için kemoterapi verilmemiştir.
95-1	7438-7441	Son	
95-2	7442-7451	vakamızda	
95-3	7452-7457	kitle	
95-4	7458-7461	tam	
95-5	7462-7468	olarak	
95-6	7469-7480	çıkartılmış	
95-7	7481-7483	ve	
95-8	7484-7492	metastaz	
95-9	7493-7495	da	
95-10	7496-7508	saptanmadığı	
95-11	7509-7513	için	
95-12	7514-7524	kemoterapi	
95-13	7525-7538	verilmemiştir	
95-14	7538-7539	.	

#Text=Üç olgumuzda da diğer over korunarak hastaların fertilite özelliğinin devam edebilmesi sağlanmaya çalışılmıştır.
96-1	7540-7542	Üç	
96-2	7543-7552	olgumuzda	
96-3	7553-7555	da	
96-4	7556-7561	diğer	
96-5	7562-7566	over	
96-6	7567-7576	korunarak	
96-7	7577-7587	hastaların	
96-8	7588-7597	fertilite	
96-9	7598-7609	özelliğinin	
96-10	7610-7615	devam	
96-11	7616-7626	edebilmesi	
96-12	7627-7637	sağlanmaya	
96-13	7638-7651	çalışılmıştır	
96-14	7651-7652	.	

#Text=Bir vakamızda da kemoterapi devam etmektedir.
97-1	7653-7656	Bir	
97-2	7657-7666	vakamızda	
97-3	7667-7669	da	
97-4	7670-7680	kemoterapi	
97-5	7681-7686	devam	
97-6	7687-7697	etmektedir	
97-7	7697-7698	.	

#Text=Sonuç olarak; ilk iki olgu ile batında dev kitle yapan disgerminom olgularında cerrahiye ek olarak BEP kemoterapi protokolünün kullanılmasının hastada tam kürün sağlanmasında önemi anlaşılmıştır.
98-1	7699-7704	Sonuç	
98-2	7705-7711	olarak	
98-3	7711-7712	;	
98-4	7713-7716	ilk	
98-5	7717-7720	iki	
98-6	7721-7725	olgu	
98-7	7726-7729	ile	
98-8	7730-7737	batında	
98-9	7738-7741	dev	
98-10	7742-7747	kitle	
98-11	7748-7753	yapan	
98-12	7754-7765	disgerminom	
98-13	7766-7777	olgularında	
98-14	7778-7787	cerrahiye	
98-15	7788-7790	ek	
98-16	7791-7797	olarak	
98-17	7798-7801	BEP	
98-18	7802-7812	kemoterapi	
98-19	7813-7825	protokolünün	
98-20	7826-7841	kullanılmasının	
98-21	7842-7849	hastada	
98-22	7850-7853	tam	
98-23	7854-7859	kürün	
98-24	7860-7873	sağlanmasında	
98-25	7874-7879	önemi	
98-26	7880-7893	anlaşılmıştır	
98-27	7893-7894	.	

#Text=Son olgumuzla da tümörün tam çıkartılması sebebiyle kemoterapi almadan tedavi sağlanmış oldu ve 19 aylık postop dönemde nüks saptanmamıştır.
99-1	7895-7898	Son	
99-2	7899-7908	olgumuzla	
99-3	7909-7911	da	
99-4	7912-7919	tümörün	
99-5	7920-7923	tam	
99-6	7924-7936	çıkartılması	
99-7	7937-7946	sebebiyle	
99-8	7947-7957	kemoterapi	
99-9	7958-7965	almadan	
99-10	7966-7972	tedavi	
99-11	7973-7982	sağlanmış	
99-12	7983-7987	oldu	
99-13	7988-7990	ve	
99-14	7991-7993	19	
99-15	7994-7999	aylık	
99-16	8000-8006	postop	
99-17	8007-8014	dönemde	
99-18	8015-8019	nüks	
99-19	8020-8034	saptanmamıştır	
99-20	8034-8035	.	
